"Metier","OT_CRU","OT_REST","TBB_ALL"
"Area fished (10^3 km^2)",131.476611712162,857.984882821984,187.626041844301
"Intensity (indicator 1)",1.44882186840667,2.30247520880391,0.940723076624042
"Aggregation of fishing pressure, smallest prop of grid cells with 90% effort (indicator 4)",0.194879351630134,0.310746187855274,0.422326523099577
"average impact (indicator 6)",0.105823243389961,0.141341070114763,0.141426491011998
"Landings 10^3 tonnes",25.6654743714516,635.338961989821,96.2635844503553
"Value 10^6 euro",116.358521436089,469.35809220821,421.595634755474
"Average impact/landings ratio (10^-2)",0.412317504279878,0.0222465610596422,0.14691587875053
"Average impact/value ratio (10^-2)",0.0909458474410794,0.0301136962292029,0.0335455302078793
