"Metier","OT_CRU","OT_REST","TBB_ALL"
"Area fished (10^3 km^2)",131.476611712162,857.984882821984,187.626041844301
"Intensity (indicator 1)",1.54557136876954,2.31836885421683,0.962956781244554
"Aggregation of fishing pressure, smallest prop of grid cells with 90% effort (indicator 4)",0.207899390842995,0.312846370491505,0.432312764955252
"average impact (indicator 6)",0.112798574069585,0.142301530617119,0.144699934123455
"Landings 10^3 tonnes",25.6036382117551,635.304545109336,96.1651009762283
"Value 10^6 euro",116.207123255471,469.302930085524,421.34920077433
"Average impact/landings ratio (10^-2)",0.44055681906096,0.0223989473572282,0.150470318914577
"Average impact/value ratio (10^-2)",0.0970668328322755,0.0303218926400451,0.0343420454714367
