ID,Longitude,Latitude,M2 bedstress
1,-12.06,47.95,1000000
2,-11.93,47.95,1000000
3,-11.81,47.95,1000000
4,-11.68,47.95,1000000
5,-11.56,47.95,1000000
6,-11.43,47.95,1000000
7,-11.31,47.95,1000000
8,-11.18,47.95,1000000
9,-11.06,47.95,1000000
10,-10.93,47.95,1000000
11,-10.81,47.95,1000000
12,-10.68,47.95,1000000
13,-10.56,47.95,1000000
14,-10.43,47.95,1000000
15,-10.31,47.95,1000000
16,-10.18,47.95,1000000
17,-10.06,47.95,1000000
18,-9.93,47.95,1000000
19,-9.81,47.95,1000000
20,-9.68,47.95,1000000
21,-9.56,47.95,1000000
22,-9.43,47.95,1000000
23,-9.31,47.95,1000000
24,-9.18,47.95,1000000
25,-9.06,47.95,1000000
26,-8.93,47.95,1000000
27,-8.81,47.95,1000000
28,-8.68,47.95,1000000
29,-8.56,47.95,1000000
30,-8.43,47.95,1000000
31,-8.31,47.95,1000000
32,-8.18,47.95,1000000
33,-8.06,47.95,1000000
34,-7.93,47.95,1000000
35,-7.81,47.95,1000000
36,-7.68,47.95,1000000
37,-7.56,47.95,1000000
38,-7.43,47.95,1000000
39,-7.31,47.95,1000000
40,-7.18,47.95,1000000
41,-7.06,47.95,1000000
42,-6.93,47.95,1000000
43,-6.81,47.95,1000000
44,-6.68,47.95,1000000
45,-6.56,47.95,1000000
46,-6.43,47.95,1000000
47,-6.31,47.95,1000000
48,-6.18,47.95,1000000
49,-6.06,47.95,1000000
50,-5.93,47.95,1000000
51,-5.81,47.95,1000000
52,-5.68,47.95,1000000
53,-5.56,47.95,1000000
54,-5.43,47.95,1000000
55,-5.31,47.95,1000000
56,-5.18,47.95,1000000
57,-5.06,47.95,1000000
58,-4.93,47.95,1000000
59,-4.81,47.95,1000000
60,-4.68,47.95,1000000
61,-4.56,47.95,1000000
62,-4.43,47.95,1000000
63,-4.31,47.95,1000000
64,-4.18,47.95,1000000
65,-4.06,47.95,1000000
66,-3.93,47.95,1000000
67,-3.81,47.95,1000000
68,-3.68,47.95,1000000
69,-3.56,47.95,1000000
70,-3.43,47.95,1000000
71,-3.31,47.95,1000000
72,-3.18,47.95,1000000
73,-3.06,47.95,1000000
74,-2.93,47.95,1000000
75,-2.81,47.95,1000000
76,-2.68,47.95,1000000
77,-2.56,47.95,1000000
78,-2.43,47.95,1000000
79,-2.31,47.95,1000000
80,-2.18,47.95,1000000
81,-2.06,47.95,1000000
82,-1.93,47.95,1000000
83,-1.81,47.95,1000000
84,-1.68,47.95,1000000
85,-1.56,47.95,1000000
86,-1.43,47.95,1000000
87,-1.31,47.95,1000000
88,-1.18,47.95,1000000
89,-1.06,47.95,1000000
90,-0.93,47.95,1000000
91,-0.81,47.95,1000000
92,-0.68,47.95,1000000
93,-0.56,47.95,1000000
94,-0.43,47.95,1000000
95,-0.31,47.95,1000000
96,-0.18,47.95,1000000
97,-0.06,47.95,1000000
98,0.06,47.95,1000000
99,0.18,47.95,1000000
100,0.31,47.95,1000000
101,0.43,47.95,1000000
102,0.56,47.95,1000000
103,0.68,47.95,1000000
104,0.81,47.95,1000000
105,0.93,47.95,1000000
106,1.06,47.95,1000000
107,1.18,47.95,1000000
108,1.31,47.95,1000000
109,1.43,47.95,1000000
110,1.56,47.95,1000000
111,1.68,47.95,1000000
112,1.81,47.95,1000000
113,1.93,47.95,1000000
114,2.06,47.95,1000000
115,2.18,47.95,1000000
116,2.31,47.95,1000000
117,2.43,47.95,1000000
118,2.56,47.95,1000000
119,2.68,47.95,1000000
120,2.81,47.95,1000000
121,2.93,47.95,1000000
122,3.06,47.95,1000000
123,3.18,47.95,1000000
124,3.31,47.95,1000000
125,3.43,47.95,1000000
126,3.56,47.95,1000000
127,3.68,47.95,1000000
128,3.81,47.95,1000000
129,3.93,47.95,1000000
130,4.06,47.95,1000000
131,4.18,47.95,1000000
132,4.31,47.95,1000000
133,4.43,47.95,1000000
134,4.56,47.95,1000000
135,4.68,47.95,1000000
136,4.81,47.95,1000000
137,4.93,47.95,1000000
138,5.06,47.95,1000000
139,5.18,47.95,1000000
140,5.31,47.95,1000000
141,5.43,47.95,1000000
142,5.56,47.95,1000000
143,5.68,47.95,1000000
144,5.81,47.95,1000000
145,5.93,47.95,1000000
146,6.06,47.95,1000000
147,6.18,47.95,1000000
148,6.31,47.95,1000000
149,6.43,47.95,1000000
150,6.56,47.95,1000000
151,6.68,47.95,1000000
152,6.81,47.95,1000000
153,6.93,47.95,1000000
154,7.06,47.95,1000000
155,7.18,47.95,1000000
156,7.31,47.95,1000000
157,7.43,47.95,1000000
158,7.56,47.95,1000000
159,7.68,47.95,1000000
160,7.81,47.95,1000000
161,7.93,47.95,1000000
162,8.06,47.95,1000000
163,8.18,47.95,1000000
164,8.31,47.95,1000000
165,8.43,47.95,1000000
166,8.56,47.95,1000000
167,8.68,47.95,1000000
168,8.81,47.95,1000000
169,8.93,47.95,1000000
170,9.06,47.95,1000000
171,9.18,47.95,1000000
172,9.31,47.95,1000000
173,9.43,47.95,1000000
174,9.56,47.95,1000000
175,9.68,47.95,1000000
176,9.81,47.95,1000000
177,9.93,47.95,1000000
178,10.06,47.95,1000000
179,10.18,47.95,1000000
180,10.31,47.95,1000000
181,10.43,47.95,1000000
182,10.56,47.95,1000000
183,10.68,47.95,1000000
184,10.81,47.95,1000000
185,10.93,47.95,1000000
186,11.06,47.95,1000000
187,11.18,47.95,1000000
188,11.31,47.95,1000000
189,11.43,47.95,1000000
190,11.56,47.95,1000000
191,11.68,47.95,1000000
192,11.81,47.95,1000000
193,11.93,47.95,1000000
194,12.06,47.95,1000000
195,12.18,47.95,1000000
196,12.31,47.95,1000000
197,12.43,47.95,1000000
198,12.56,47.95,1000000
199,12.68,47.95,1000000
200,12.81,47.95,1000000
201,12.93,47.95,1000000
202,-12.06,48.04,1000000
203,-11.93,48.04,1000000
204,-11.81,48.04,1000000
205,-11.68,48.04,1000000
206,-11.56,48.04,1000000
207,-11.43,48.04,1000000
208,-11.31,48.04,1000000
209,-11.18,48.04,1000000
210,-11.06,48.04,1000000
211,-10.93,48.04,1000000
212,-10.81,48.04,1000000
213,-10.68,48.04,1000000
214,-10.56,48.04,1000000
215,-10.43,48.04,1000000
216,-10.31,48.04,1000000
217,-10.18,48.04,1000000
218,-10.06,48.04,1000000
219,-9.93,48.04,1000000
220,-9.81,48.04,1000000
221,-9.68,48.04,1000000
222,-9.56,48.04,1000000
223,-9.43,48.04,1000000
224,-9.31,48.04,1000000
225,-9.18,48.04,1000000
226,-9.06,48.04,1000000
227,-8.93,48.04,1000000
228,-8.81,48.04,1000000
229,-8.68,48.04,1000000
230,-8.56,48.04,1000000
231,-8.43,48.04,1000000
232,-8.31,48.04,1000000
233,-8.18,48.04,1000000
234,-8.06,48.04,1000000
235,-7.93,48.04,1000000
236,-7.81,48.04,1000000
237,-7.68,48.04,1000000
238,-7.56,48.04,1000000
239,-7.43,48.04,1000000
240,-7.31,48.04,1000000
241,-7.18,48.04,1000000
242,-7.06,48.04,1000000
243,-6.93,48.04,1000000
244,-6.81,48.04,1000000
245,-6.68,48.04,1000000
246,-6.56,48.04,1000000
247,-6.43,48.04,1000000
248,-6.31,48.04,1000000
249,-6.18,48.04,1000000
250,-6.06,48.04,1000000
251,-5.93,48.04,1000000
252,-5.81,48.04,1000000
253,-5.68,48.04,1000000
254,-5.56,48.04,1000000
255,-5.43,48.04,1000000
256,-5.31,48.04,1000000
257,-5.18,48.04,1000000
258,-5.06,48.04,1000000
259,-4.93,48.04,1000000
260,-4.81,48.04,1000000
261,-4.68,48.04,1000000
262,-4.56,48.04,1000000
263,-4.43,48.04,1000000
264,-4.31,48.04,1000000
265,-4.18,48.04,1000000
266,-4.06,48.04,1000000
267,-3.93,48.04,1000000
268,-3.81,48.04,1000000
269,-3.68,48.04,1000000
270,-3.56,48.04,1000000
271,-3.43,48.04,1000000
272,-3.31,48.04,1000000
273,-3.18,48.04,1000000
274,-3.06,48.04,1000000
275,-2.93,48.04,1000000
276,-2.81,48.04,1000000
277,-2.68,48.04,1000000
278,-2.56,48.04,1000000
279,-2.43,48.04,1000000
280,-2.31,48.04,1000000
281,-2.18,48.04,1000000
282,-2.06,48.04,1000000
283,-1.93,48.04,1000000
284,-1.81,48.04,1000000
285,-1.68,48.04,1000000
286,-1.56,48.04,1000000
287,-1.43,48.04,1000000
288,-1.31,48.04,1000000
289,-1.18,48.04,1000000
290,-1.06,48.04,1000000
291,-0.93,48.04,1000000
292,-0.81,48.04,1000000
293,-0.68,48.04,1000000
294,-0.56,48.04,1000000
295,-0.43,48.04,1000000
296,-0.31,48.04,1000000
297,-0.18,48.04,1000000
298,-0.06,48.04,1000000
299,0.06,48.04,1000000
300,0.18,48.04,1000000
301,0.31,48.04,1000000
302,0.43,48.04,1000000
303,0.56,48.04,1000000
304,0.68,48.04,1000000
305,0.81,48.04,1000000
306,0.93,48.04,1000000
307,1.06,48.04,1000000
308,1.18,48.04,1000000
309,1.31,48.04,1000000
310,1.43,48.04,1000000
311,1.56,48.04,1000000
312,1.68,48.04,1000000
313,1.81,48.04,1000000
314,1.93,48.04,1000000
315,2.06,48.04,1000000
316,2.18,48.04,1000000
317,2.31,48.04,1000000
318,2.43,48.04,1000000
319,2.56,48.04,1000000
320,2.68,48.04,1000000
321,2.81,48.04,1000000
322,2.93,48.04,1000000
323,3.06,48.04,1000000
324,3.18,48.04,1000000
325,3.31,48.04,1000000
326,3.43,48.04,1000000
327,3.56,48.04,1000000
328,3.68,48.04,1000000
329,3.81,48.04,1000000
330,3.93,48.04,1000000
331,4.06,48.04,1000000
332,4.18,48.04,1000000
333,4.31,48.04,1000000
334,4.43,48.04,1000000
335,4.56,48.04,1000000
336,4.68,48.04,1000000
337,4.81,48.04,1000000
338,4.93,48.04,1000000
339,5.06,48.04,1000000
340,5.18,48.04,1000000
341,5.31,48.04,1000000
342,5.43,48.04,1000000
343,5.56,48.04,1000000
344,5.68,48.04,1000000
345,5.81,48.04,1000000
346,5.93,48.04,1000000
347,6.06,48.04,1000000
348,6.18,48.04,1000000
349,6.31,48.04,1000000
350,6.43,48.04,1000000
351,6.56,48.04,1000000
352,6.68,48.04,1000000
353,6.81,48.04,1000000
354,6.93,48.04,1000000
355,7.06,48.04,1000000
356,7.18,48.04,1000000
357,7.31,48.04,1000000
358,7.43,48.04,1000000
359,7.56,48.04,1000000
360,7.68,48.04,1000000
361,7.81,48.04,1000000
362,7.93,48.04,1000000
363,8.06,48.04,1000000
364,8.18,48.04,1000000
365,8.31,48.04,1000000
366,8.43,48.04,1000000
367,8.56,48.04,1000000
368,8.68,48.04,1000000
369,8.81,48.04,1000000
370,8.93,48.04,1000000
371,9.06,48.04,1000000
372,9.18,48.04,1000000
373,9.31,48.04,1000000
374,9.43,48.04,1000000
375,9.56,48.04,1000000
376,9.68,48.04,1000000
377,9.81,48.04,1000000
378,9.93,48.04,1000000
379,10.06,48.04,1000000
380,10.18,48.04,1000000
381,10.31,48.04,1000000
382,10.43,48.04,1000000
383,10.56,48.04,1000000
384,10.68,48.04,1000000
385,10.81,48.04,1000000
386,10.93,48.04,1000000
387,11.06,48.04,1000000
388,11.18,48.04,1000000
389,11.31,48.04,1000000
390,11.43,48.04,1000000
391,11.56,48.04,1000000
392,11.68,48.04,1000000
393,11.81,48.04,1000000
394,11.93,48.04,1000000
395,12.06,48.04,1000000
396,12.18,48.04,1000000
397,12.31,48.04,1000000
398,12.43,48.04,1000000
399,12.56,48.04,1000000
400,12.68,48.04,1000000
401,12.81,48.04,1000000
402,12.93,48.04,1000000
403,-12.06,48.12,1000000
404,-11.93,48.12,1000000
405,-11.81,48.12,0.05
406,-11.68,48.12,0.03
407,-11.56,48.12,0.01
408,-11.43,48.12,0.02
409,-11.31,48.12,0.03
410,-11.18,48.12,0.03
411,-11.06,48.12,0.01
412,-10.93,48.12,6.95E-03
413,-10.81,48.12,3.91E-03
414,-10.68,48.12,5.41E-03
415,-10.56,48.12,7.04E-03
416,-10.43,48.12,0.02
417,-10.31,48.12,0.03
418,-10.18,48.12,0.04
419,-10.06,48.12,0.04
420,-9.93,48.12,0.05
421,-9.81,48.12,0.1
422,-9.68,48.12,0.25
423,-9.56,48.12,0.45
424,-9.43,48.12,0.39
425,-9.31,48.12,0.34
426,-9.18,48.12,0.73
427,-9.06,48.12,0.63
428,-8.93,48.12,0.23
429,-8.81,48.12,0.04
430,-8.68,48.12,0.01
431,-8.56,48.12,0.07
432,-8.43,48.12,0.08
433,-8.31,48.12,0.19
434,-8.18,48.12,0.4
435,-8.06,48.12,0.79
436,-7.93,48.12,1.21
437,-7.81,48.12,1.35
438,-7.68,48.12,1.34
439,-7.56,48.12,1.43
440,-7.43,48.12,1.54
441,-7.31,48.12,1.62
442,-7.18,48.12,1.73
443,-7.06,48.12,1.74
444,-6.93,48.12,1.69
445,-6.81,48.12,1.58
446,-6.68,48.12,1.49
447,-6.56,48.12,1.35
448,-6.43,48.12,1.12
449,-6.31,48.12,0.97
450,-6.18,48.12,0.95
451,-6.06,48.12,0.98
452,-5.93,48.12,0.97
453,-5.81,48.12,0.91
454,-5.68,48.12,0.85
455,-5.56,48.12,0.87
456,-5.43,48.12,0.96
457,-5.31,48.12,1.22
458,-5.18,48.12,0.99
459,-5.06,48.12,0.61
460,-4.93,48.12,0.39
461,-4.81,48.12,0.36
462,-4.68,48.12,0.18
463,-4.56,48.12,0.08
464,-4.43,48.12,0.06
465,-4.31,48.12,0.05
466,-4.18,48.12,1000000
467,-4.06,48.12,1000000
468,-3.93,48.12,1000000
469,-3.81,48.12,1000000
470,-3.68,48.12,1000000
471,-3.56,48.12,1000000
472,-3.43,48.12,1000000
473,-3.31,48.12,1000000
474,-3.18,48.12,1000000
475,-3.06,48.12,1000000
476,-2.93,48.12,1000000
477,-2.81,48.12,1000000
478,-2.68,48.12,1000000
479,-2.56,48.12,1000000
480,-2.43,48.12,1000000
481,-2.31,48.12,1000000
482,-2.18,48.12,1000000
483,-2.06,48.12,1000000
484,-1.93,48.12,1000000
485,-1.81,48.12,1000000
486,-1.68,48.12,1000000
487,-1.56,48.12,1000000
488,-1.43,48.12,1000000
489,-1.31,48.12,1000000
490,-1.18,48.12,1000000
491,-1.06,48.12,1000000
492,-0.93,48.12,1000000
493,-0.81,48.12,1000000
494,-0.68,48.12,1000000
495,-0.56,48.12,1000000
496,-0.43,48.12,1000000
497,-0.31,48.12,1000000
498,-0.18,48.12,1000000
499,-0.06,48.12,1000000
500,0.06,48.12,1000000
501,0.18,48.12,1000000
502,0.31,48.12,1000000
503,0.43,48.12,1000000
504,0.56,48.12,1000000
505,0.68,48.12,1000000
506,0.81,48.12,1000000
507,0.93,48.12,1000000
508,1.06,48.12,1000000
509,1.18,48.12,1000000
510,1.31,48.12,1000000
511,1.43,48.12,1000000
512,1.56,48.12,1000000
513,1.68,48.12,1000000
514,1.81,48.12,1000000
515,1.93,48.12,1000000
516,2.06,48.12,1000000
517,2.18,48.12,1000000
518,2.31,48.12,1000000
519,2.43,48.12,1000000
520,2.56,48.12,1000000
521,2.68,48.12,1000000
522,2.81,48.12,1000000
523,2.93,48.12,1000000
524,3.06,48.12,1000000
525,3.18,48.12,1000000
526,3.31,48.12,1000000
527,3.43,48.12,1000000
528,3.56,48.12,1000000
529,3.68,48.12,1000000
530,3.81,48.12,1000000
531,3.93,48.12,1000000
532,4.06,48.12,1000000
533,4.18,48.12,1000000
534,4.31,48.12,1000000
535,4.43,48.12,1000000
536,4.56,48.12,1000000
537,4.68,48.12,1000000
538,4.81,48.12,1000000
539,4.93,48.12,1000000
540,5.06,48.12,1000000
541,5.18,48.12,1000000
542,5.31,48.12,1000000
543,5.43,48.12,1000000
544,5.56,48.12,1000000
545,5.68,48.12,1000000
546,5.81,48.12,1000000
547,5.93,48.12,1000000
548,6.06,48.12,1000000
549,6.18,48.12,1000000
550,6.31,48.12,1000000
551,6.43,48.12,1000000
552,6.56,48.12,1000000
553,6.68,48.12,1000000
554,6.81,48.12,1000000
555,6.93,48.12,1000000
556,7.06,48.12,1000000
557,7.18,48.12,1000000
558,7.31,48.12,1000000
559,7.43,48.12,1000000
560,7.56,48.12,1000000
561,7.68,48.12,1000000
562,7.81,48.12,1000000
563,7.93,48.12,1000000
564,8.06,48.12,1000000
565,8.18,48.12,1000000
566,8.31,48.12,1000000
567,8.43,48.12,1000000
568,8.56,48.12,1000000
569,8.68,48.12,1000000
570,8.81,48.12,1000000
571,8.93,48.12,1000000
572,9.06,48.12,1000000
573,9.18,48.12,1000000
574,9.31,48.12,1000000
575,9.43,48.12,1000000
576,9.56,48.12,1000000
577,9.68,48.12,1000000
578,9.81,48.12,1000000
579,9.93,48.12,1000000
580,10.06,48.12,1000000
581,10.18,48.12,1000000
582,10.31,48.12,1000000
583,10.43,48.12,1000000
584,10.56,48.12,1000000
585,10.68,48.12,1000000
586,10.81,48.12,1000000
587,10.93,48.12,1000000
588,11.06,48.12,1000000
589,11.18,48.12,1000000
590,11.31,48.12,1000000
591,11.43,48.12,1000000
592,11.56,48.12,1000000
593,11.68,48.12,1000000
594,11.81,48.12,1000000
595,11.93,48.12,1000000
596,12.06,48.12,1000000
597,12.18,48.12,1000000
598,12.31,48.12,1000000
599,12.43,48.12,1000000
600,12.56,48.12,1000000
601,12.68,48.12,1000000
602,12.81,48.12,1000000
603,12.93,48.12,1000000
604,-12.06,48.2,1000000
605,-11.93,48.2,1000000
606,-11.81,48.2,0.09
607,-11.68,48.2,0.05
608,-11.56,48.2,0.02
609,-11.43,48.2,0.02
610,-11.31,48.2,0.03
611,-11.18,48.2,0.02
612,-11.06,48.2,0.01
613,-10.93,48.2,6.20E-03
614,-10.81,48.2,4.54E-03
615,-10.68,48.2,6.31E-03
616,-10.56,48.2,9.66E-03
617,-10.43,48.2,0.01
618,-10.31,48.2,0.02
619,-10.18,48.2,0.03
620,-10.06,48.2,0.03
621,-9.93,48.2,0.04
622,-9.81,48.2,0.08
623,-9.68,48.2,0.2
624,-9.56,48.2,0.36
625,-9.43,48.2,0.34
626,-9.31,48.2,0.27
627,-9.18,48.2,0.48
628,-9.06,48.2,0.52
629,-8.93,48.2,0.25
630,-8.81,48.2,0.08
631,-8.68,48.2,0.09
632,-8.56,48.2,0.17
633,-8.43,48.2,0.2
634,-8.31,48.2,0.3
635,-8.18,48.2,0.46
636,-8.06,48.2,0.76
637,-7.93,48.2,1.05
638,-7.81,48.2,1.17
639,-7.68,48.2,1.23
640,-7.56,48.2,1.34
641,-7.43,48.2,1.43
642,-7.31,48.2,1.52
643,-7.18,48.2,1.61
644,-7.06,48.2,1.61
645,-6.93,48.2,1.54
646,-6.81,48.2,1.41
647,-6.68,48.2,1.3
648,-6.56,48.2,1.15
649,-6.43,48.2,0.97
650,-6.31,48.2,0.88
651,-6.18,48.2,0.9
652,-6.06,48.2,0.95
653,-5.93,48.2,0.94
654,-5.81,48.2,0.9
655,-5.68,48.2,0.89
656,-5.56,48.2,0.92
657,-5.43,48.2,0.96
658,-5.31,48.2,0.96
659,-5.18,48.2,0.71
660,-5.06,48.2,0.51
661,-4.93,48.2,0.46
662,-4.81,48.2,0.65
663,-4.68,48.2,0.45
664,-4.56,48.2,0.16
665,-4.43,48.2,0.11
666,-4.31,48.2,1000000
667,-4.18,48.2,1000000
668,-4.06,48.2,1000000
669,-3.93,48.2,1000000
670,-3.81,48.2,1000000
671,-3.68,48.2,1000000
672,-3.56,48.2,1000000
673,-3.43,48.2,1000000
674,-3.31,48.2,1000000
675,-3.18,48.2,1000000
676,-3.06,48.2,1000000
677,-2.93,48.2,1000000
678,-2.81,48.2,1000000
679,-2.68,48.2,1000000
680,-2.56,48.2,1000000
681,-2.43,48.2,1000000
682,-2.31,48.2,1000000
683,-2.18,48.2,1000000
684,-2.06,48.2,1000000
685,-1.93,48.2,1000000
686,-1.81,48.2,1000000
687,-1.68,48.2,1000000
688,-1.56,48.2,1000000
689,-1.43,48.2,1000000
690,-1.31,48.2,1000000
691,-1.18,48.2,1000000
692,-1.06,48.2,1000000
693,-0.93,48.2,1000000
694,-0.81,48.2,1000000
695,-0.68,48.2,1000000
696,-0.56,48.2,1000000
697,-0.43,48.2,1000000
698,-0.31,48.2,1000000
699,-0.18,48.2,1000000
700,-0.06,48.2,1000000
701,0.06,48.2,1000000
702,0.18,48.2,1000000
703,0.31,48.2,1000000
704,0.43,48.2,1000000
705,0.56,48.2,1000000
706,0.68,48.2,1000000
707,0.81,48.2,1000000
708,0.93,48.2,1000000
709,1.06,48.2,1000000
710,1.18,48.2,1000000
711,1.31,48.2,1000000
712,1.43,48.2,1000000
713,1.56,48.2,1000000
714,1.68,48.2,1000000
715,1.81,48.2,1000000
716,1.93,48.2,1000000
717,2.06,48.2,1000000
718,2.18,48.2,1000000
719,2.31,48.2,1000000
720,2.43,48.2,1000000
721,2.56,48.2,1000000
722,2.68,48.2,1000000
723,2.81,48.2,1000000
724,2.93,48.2,1000000
725,3.06,48.2,1000000
726,3.18,48.2,1000000
727,3.31,48.2,1000000
728,3.43,48.2,1000000
729,3.56,48.2,1000000
730,3.68,48.2,1000000
731,3.81,48.2,1000000
732,3.93,48.2,1000000
733,4.06,48.2,1000000
734,4.18,48.2,1000000
735,4.31,48.2,1000000
736,4.43,48.2,1000000
737,4.56,48.2,1000000
738,4.68,48.2,1000000
739,4.81,48.2,1000000
740,4.93,48.2,1000000
741,5.06,48.2,1000000
742,5.18,48.2,1000000
743,5.31,48.2,1000000
744,5.43,48.2,1000000
745,5.56,48.2,1000000
746,5.68,48.2,1000000
747,5.81,48.2,1000000
748,5.93,48.2,1000000
749,6.06,48.2,1000000
750,6.18,48.2,1000000
751,6.31,48.2,1000000
752,6.43,48.2,1000000
753,6.56,48.2,1000000
754,6.68,48.2,1000000
755,6.81,48.2,1000000
756,6.93,48.2,1000000
757,7.06,48.2,1000000
758,7.18,48.2,1000000
759,7.31,48.2,1000000
760,7.43,48.2,1000000
761,7.56,48.2,1000000
762,7.68,48.2,1000000
763,7.81,48.2,1000000
764,7.93,48.2,1000000
765,8.06,48.2,1000000
766,8.18,48.2,1000000
767,8.31,48.2,1000000
768,8.43,48.2,1000000
769,8.56,48.2,1000000
770,8.68,48.2,1000000
771,8.81,48.2,1000000
772,8.93,48.2,1000000
773,9.06,48.2,1000000
774,9.18,48.2,1000000
775,9.31,48.2,1000000
776,9.43,48.2,1000000
777,9.56,48.2,1000000
778,9.68,48.2,1000000
779,9.81,48.2,1000000
780,9.93,48.2,1000000
781,10.06,48.2,1000000
782,10.18,48.2,1000000
783,10.31,48.2,1000000
784,10.43,48.2,1000000
785,10.56,48.2,1000000
786,10.68,48.2,1000000
787,10.81,48.2,1000000
788,10.93,48.2,1000000
789,11.06,48.2,1000000
790,11.18,48.2,1000000
791,11.31,48.2,1000000
792,11.43,48.2,1000000
793,11.56,48.2,1000000
794,11.68,48.2,1000000
795,11.81,48.2,1000000
796,11.93,48.2,1000000
797,12.06,48.2,1000000
798,12.18,48.2,1000000
799,12.31,48.2,1000000
800,12.43,48.2,1000000
801,12.56,48.2,1000000
802,12.68,48.2,1000000
803,12.81,48.2,1000000
804,12.93,48.2,1000000
805,-12.06,48.29,1000000
806,-11.93,48.29,1000000
807,-11.81,48.29,0.3
808,-11.68,48.29,0.18
809,-11.56,48.29,0.06
810,-11.43,48.29,0.03
811,-11.31,48.29,0.02
812,-11.18,48.29,0.01
813,-11.06,48.29,0.01
814,-10.93,48.29,4.71E-03
815,-10.81,48.29,3.56E-03
816,-10.68,48.29,5.62E-03
817,-10.56,48.29,9.99E-03
818,-10.43,48.29,0.01
819,-10.31,48.29,0.01
820,-10.18,48.29,0.01
821,-10.06,48.29,0.02
822,-9.93,48.29,0.03
823,-9.81,48.29,0.05
824,-9.68,48.29,0.14
825,-9.56,48.29,0.3
826,-9.43,48.29,0.27
827,-9.31,48.29,0.19
828,-9.18,48.29,0.25
829,-9.06,48.29,0.41
830,-8.93,48.29,0.46
831,-8.81,48.29,0.41
832,-8.68,48.29,0.4
833,-8.56,48.29,0.44
834,-8.43,48.29,0.48
835,-8.31,48.29,0.53
836,-8.18,48.29,0.63
837,-8.06,48.29,0.76
838,-7.93,48.29,0.91
839,-7.81,48.29,1.05
840,-7.68,48.29,1.18
841,-7.56,48.29,1.3
842,-7.43,48.29,1.39
843,-7.31,48.29,1.47
844,-7.18,48.29,1.46
845,-7.06,48.29,1.4
846,-6.93,48.29,1.31
847,-6.81,48.29,1.2
848,-6.68,48.29,1.08
849,-6.56,48.29,0.96
850,-6.43,48.29,0.88
851,-6.31,48.29,0.87
852,-6.18,48.29,0.9
853,-6.06,48.29,0.9
854,-5.93,48.29,0.9
855,-5.81,48.29,0.9
856,-5.68,48.29,0.93
857,-5.56,48.29,0.94
858,-5.43,48.29,0.93
859,-5.31,48.29,0.9
860,-5.18,48.29,0.81
861,-5.06,48.29,0.6
862,-4.93,48.29,0.86
863,-4.81,48.29,0.86
864,-4.68,48.29,0.14
865,-4.56,48.29,0.12
866,-4.43,48.29,1000000
867,-4.31,48.29,1000000
868,-4.18,48.29,1000000
869,-4.06,48.29,1000000
870,-3.93,48.29,1000000
871,-3.81,48.29,1000000
872,-3.68,48.29,1000000
873,-3.56,48.29,1000000
874,-3.43,48.29,1000000
875,-3.31,48.29,1000000
876,-3.18,48.29,1000000
877,-3.06,48.29,1000000
878,-2.93,48.29,1000000
879,-2.81,48.29,1000000
880,-2.68,48.29,1000000
881,-2.56,48.29,1000000
882,-2.43,48.29,1000000
883,-2.31,48.29,1000000
884,-2.18,48.29,1000000
885,-2.06,48.29,1000000
886,-1.93,48.29,1000000
887,-1.81,48.29,1000000
888,-1.68,48.29,1000000
889,-1.56,48.29,1000000
890,-1.43,48.29,1000000
891,-1.31,48.29,1000000
892,-1.18,48.29,1000000
893,-1.06,48.29,1000000
894,-0.93,48.29,1000000
895,-0.81,48.29,1000000
896,-0.68,48.29,1000000
897,-0.56,48.29,1000000
898,-0.43,48.29,1000000
899,-0.31,48.29,1000000
900,-0.18,48.29,1000000
901,-0.06,48.29,1000000
902,0.06,48.29,1000000
903,0.18,48.29,1000000
904,0.31,48.29,1000000
905,0.43,48.29,1000000
906,0.56,48.29,1000000
907,0.68,48.29,1000000
908,0.81,48.29,1000000
909,0.93,48.29,1000000
910,1.06,48.29,1000000
911,1.18,48.29,1000000
912,1.31,48.29,1000000
913,1.43,48.29,1000000
914,1.56,48.29,1000000
915,1.68,48.29,1000000
916,1.81,48.29,1000000
917,1.93,48.29,1000000
918,2.06,48.29,1000000
919,2.18,48.29,1000000
920,2.31,48.29,1000000
921,2.43,48.29,1000000
922,2.56,48.29,1000000
923,2.68,48.29,1000000
924,2.81,48.29,1000000
925,2.93,48.29,1000000
926,3.06,48.29,1000000
927,3.18,48.29,1000000
928,3.31,48.29,1000000
929,3.43,48.29,1000000
930,3.56,48.29,1000000
931,3.68,48.29,1000000
932,3.81,48.29,1000000
933,3.93,48.29,1000000
934,4.06,48.29,1000000
935,4.18,48.29,1000000
936,4.31,48.29,1000000
937,4.43,48.29,1000000
938,4.56,48.29,1000000
939,4.68,48.29,1000000
940,4.81,48.29,1000000
941,4.93,48.29,1000000
942,5.06,48.29,1000000
943,5.18,48.29,1000000
944,5.31,48.29,1000000
945,5.43,48.29,1000000
946,5.56,48.29,1000000
947,5.68,48.29,1000000
948,5.81,48.29,1000000
949,5.93,48.29,1000000
950,6.06,48.29,1000000
951,6.18,48.29,1000000
952,6.31,48.29,1000000
953,6.43,48.29,1000000
954,6.56,48.29,1000000
955,6.68,48.29,1000000
956,6.81,48.29,1000000
957,6.93,48.29,1000000
958,7.06,48.29,1000000
959,7.18,48.29,1000000
960,7.31,48.29,1000000
961,7.43,48.29,1000000
962,7.56,48.29,1000000
963,7.68,48.29,1000000
964,7.81,48.29,1000000
965,7.93,48.29,1000000
966,8.06,48.29,1000000
967,8.18,48.29,1000000
968,8.31,48.29,1000000
969,8.43,48.29,1000000
970,8.56,48.29,1000000
971,8.68,48.29,1000000
972,8.81,48.29,1000000
973,8.93,48.29,1000000
974,9.06,48.29,1000000
975,9.18,48.29,1000000
976,9.31,48.29,1000000
977,9.43,48.29,1000000
978,9.56,48.29,1000000
979,9.68,48.29,1000000
980,9.81,48.29,1000000
981,9.93,48.29,1000000
982,10.06,48.29,1000000
983,10.18,48.29,1000000
984,10.31,48.29,1000000
985,10.43,48.29,1000000
986,10.56,48.29,1000000
987,10.68,48.29,1000000
988,10.81,48.29,1000000
989,10.93,48.29,1000000
990,11.06,48.29,1000000
991,11.18,48.29,1000000
992,11.31,48.29,1000000
993,11.43,48.29,1000000
994,11.56,48.29,1000000
995,11.68,48.29,1000000
996,11.81,48.29,1000000
997,11.93,48.29,1000000
998,12.06,48.29,1000000
999,12.18,48.29,1000000
1000,12.31,48.29,1000000
1001,12.43,48.29,1000000
1002,12.56,48.29,1000000
1003,12.68,48.29,1000000
1004,12.81,48.29,1000000
1005,12.93,48.29,1000000
1006,-12.06,48.37,1000000
1007,-11.93,48.37,1000000
1008,-11.81,48.37,0.59
1009,-11.68,48.37,0.33
1010,-11.56,48.37,0.09
1011,-11.43,48.37,0.03
1012,-11.31,48.37,0.02
1013,-11.18,48.37,0.01
1014,-11.06,48.37,6.28E-03
1015,-10.93,48.37,3.31E-03
1016,-10.81,48.37,2.66E-03
1017,-10.68,48.37,4.88E-03
1018,-10.56,48.37,8.80E-03
1019,-10.43,48.37,0.01
1020,-10.31,48.37,0.01
1021,-10.18,48.37,0.01
1022,-10.06,48.37,0.02
1023,-9.93,48.37,0.03
1024,-9.81,48.37,0.06
1025,-9.68,48.37,0.12
1026,-9.56,48.37,0.1
1027,-9.43,48.37,0.05
1028,-9.31,48.37,0.14
1029,-9.18,48.37,0.35
1030,-9.06,48.37,0.65
1031,-8.93,48.37,0.94
1032,-8.81,48.37,0.84
1033,-8.68,48.37,0.7
1034,-8.56,48.37,0.62
1035,-8.43,48.37,0.61
1036,-8.31,48.37,0.66
1037,-8.18,48.37,0.74
1038,-8.06,48.37,0.8
1039,-7.93,48.37,0.92
1040,-7.81,48.37,1.07
1041,-7.68,48.37,1.21
1042,-7.56,48.37,1.3
1043,-7.43,48.37,1.39
1044,-7.31,48.37,1.37
1045,-7.18,48.37,1.28
1046,-7.06,48.37,1.21
1047,-6.93,48.37,1.13
1048,-6.81,48.37,1.03
1049,-6.68,48.37,0.94
1050,-6.56,48.37,0.93
1051,-6.43,48.37,0.96
1052,-6.31,48.37,0.95
1053,-6.18,48.37,0.9
1054,-6.06,48.37,0.87
1055,-5.93,48.37,0.88
1056,-5.81,48.37,0.91
1057,-5.68,48.37,0.94
1058,-5.56,48.37,0.96
1059,-5.43,48.37,0.99
1060,-5.31,48.37,1.09
1061,-5.18,48.37,1.14
1062,-5.06,48.37,1.5
1063,-4.93,48.37,2.08
1064,-4.81,48.37,1.54
1065,-4.68,48.37,1000000
1066,-4.56,48.37,1000000
1067,-4.43,48.37,1000000
1068,-4.31,48.37,1000000
1069,-4.18,48.37,1000000
1070,-4.06,48.37,1000000
1071,-3.93,48.37,1000000
1072,-3.81,48.37,1000000
1073,-3.68,48.37,1000000
1074,-3.56,48.37,1000000
1075,-3.43,48.37,1000000
1076,-3.31,48.37,1000000
1077,-3.18,48.37,1000000
1078,-3.06,48.37,1000000
1079,-2.93,48.37,1000000
1080,-2.81,48.37,1000000
1081,-2.68,48.37,1000000
1082,-2.56,48.37,1000000
1083,-2.43,48.37,1000000
1084,-2.31,48.37,1000000
1085,-2.18,48.37,1000000
1086,-2.06,48.37,1000000
1087,-1.93,48.37,1000000
1088,-1.81,48.37,1000000
1089,-1.68,48.37,1000000
1090,-1.56,48.37,1000000
1091,-1.43,48.37,1000000
1092,-1.31,48.37,1000000
1093,-1.18,48.37,1000000
1094,-1.06,48.37,1000000
1095,-0.93,48.37,1000000
1096,-0.81,48.37,1000000
1097,-0.68,48.37,1000000
1098,-0.56,48.37,1000000
1099,-0.43,48.37,1000000
1100,-0.31,48.37,1000000
1101,-0.18,48.37,1000000
1102,-0.06,48.37,1000000
1103,0.06,48.37,1000000
1104,0.18,48.37,1000000
1105,0.31,48.37,1000000
1106,0.43,48.37,1000000
1107,0.56,48.37,1000000
1108,0.68,48.37,1000000
1109,0.81,48.37,1000000
1110,0.93,48.37,1000000
1111,1.06,48.37,1000000
1112,1.18,48.37,1000000
1113,1.31,48.37,1000000
1114,1.43,48.37,1000000
1115,1.56,48.37,1000000
1116,1.68,48.37,1000000
1117,1.81,48.37,1000000
1118,1.93,48.37,1000000
1119,2.06,48.37,1000000
1120,2.18,48.37,1000000
1121,2.31,48.37,1000000
1122,2.43,48.37,1000000
1123,2.56,48.37,1000000
1124,2.68,48.37,1000000
1125,2.81,48.37,1000000
1126,2.93,48.37,1000000
1127,3.06,48.37,1000000
1128,3.18,48.37,1000000
1129,3.31,48.37,1000000
1130,3.43,48.37,1000000
1131,3.56,48.37,1000000
1132,3.68,48.37,1000000
1133,3.81,48.37,1000000
1134,3.93,48.37,1000000
1135,4.06,48.37,1000000
1136,4.18,48.37,1000000
1137,4.31,48.37,1000000
1138,4.43,48.37,1000000
1139,4.56,48.37,1000000
1140,4.68,48.37,1000000
1141,4.81,48.37,1000000
1142,4.93,48.37,1000000
1143,5.06,48.37,1000000
1144,5.18,48.37,1000000
1145,5.31,48.37,1000000
1146,5.43,48.37,1000000
1147,5.56,48.37,1000000
1148,5.68,48.37,1000000
1149,5.81,48.37,1000000
1150,5.93,48.37,1000000
1151,6.06,48.37,1000000
1152,6.18,48.37,1000000
1153,6.31,48.37,1000000
1154,6.43,48.37,1000000
1155,6.56,48.37,1000000
1156,6.68,48.37,1000000
1157,6.81,48.37,1000000
1158,6.93,48.37,1000000
1159,7.06,48.37,1000000
1160,7.18,48.37,1000000
1161,7.31,48.37,1000000
1162,7.43,48.37,1000000
1163,7.56,48.37,1000000
1164,7.68,48.37,1000000
1165,7.81,48.37,1000000
1166,7.93,48.37,1000000
1167,8.06,48.37,1000000
1168,8.18,48.37,1000000
1169,8.31,48.37,1000000
1170,8.43,48.37,1000000
1171,8.56,48.37,1000000
1172,8.68,48.37,1000000
1173,8.81,48.37,1000000
1174,8.93,48.37,1000000
1175,9.06,48.37,1000000
1176,9.18,48.37,1000000
1177,9.31,48.37,1000000
1178,9.43,48.37,1000000
1179,9.56,48.37,1000000
1180,9.68,48.37,1000000
1181,9.81,48.37,1000000
1182,9.93,48.37,1000000
1183,10.06,48.37,1000000
1184,10.18,48.37,1000000
1185,10.31,48.37,1000000
1186,10.43,48.37,1000000
1187,10.56,48.37,1000000
1188,10.68,48.37,1000000
1189,10.81,48.37,1000000
1190,10.93,48.37,1000000
1191,11.06,48.37,1000000
1192,11.18,48.37,1000000
1193,11.31,48.37,1000000
1194,11.43,48.37,1000000
1195,11.56,48.37,1000000
1196,11.68,48.37,1000000
1197,11.81,48.37,1000000
1198,11.93,48.37,1000000
1199,12.06,48.37,1000000
1200,12.18,48.37,1000000
1201,12.31,48.37,1000000
1202,12.43,48.37,1000000
1203,12.56,48.37,1000000
1204,12.68,48.37,1000000
1205,12.81,48.37,1000000
1206,12.93,48.37,1000000
1207,-12.06,48.45,1000000
1208,-11.93,48.45,1000000
1209,-11.81,48.45,0.62
1210,-11.68,48.45,0.35
1211,-11.56,48.45,0.08
1212,-11.43,48.45,0.02
1213,-11.31,48.45,0.01
1214,-11.18,48.45,9.58E-03
1215,-11.06,48.45,5.37E-03
1216,-10.93,48.45,3.25E-03
1217,-10.81,48.45,2.44E-03
1218,-10.68,48.45,3.65E-03
1219,-10.56,48.45,6.02E-03
1220,-10.43,48.45,8.02E-03
1221,-10.31,48.45,9.14E-03
1222,-10.18,48.45,0.01
1223,-10.06,48.45,0.02
1224,-9.93,48.45,0.07
1225,-9.81,48.45,0.11
1226,-9.68,48.45,0.15
1227,-9.56,48.45,0.11
1228,-9.43,48.45,0.06
1229,-9.31,48.45,0.15
1230,-9.18,48.45,0.45
1231,-9.06,48.45,0.78
1232,-8.93,48.45,0.91
1233,-8.81,48.45,0.86
1234,-8.68,48.45,0.71
1235,-8.56,48.45,0.63
1236,-8.43,48.45,0.61
1237,-8.31,48.45,0.65
1238,-8.18,48.45,0.73
1239,-8.06,48.45,0.83
1240,-7.93,48.45,0.98
1241,-7.81,48.45,1.13
1242,-7.68,48.45,1.22
1243,-7.56,48.45,1.27
1244,-7.43,48.45,1.33
1245,-7.31,48.45,1.31
1246,-7.18,48.45,1.23
1247,-7.06,48.45,1.13
1248,-6.93,48.45,1.05
1249,-6.81,48.45,0.99
1250,-6.68,48.45,0.98
1251,-6.56,48.45,1.05
1252,-6.43,48.45,1.04
1253,-6.31,48.45,0.95
1254,-6.18,48.45,0.87
1255,-6.06,48.45,0.87
1256,-5.93,48.45,0.9
1257,-5.81,48.45,0.93
1258,-5.68,48.45,0.96
1259,-5.56,48.45,1
1260,-5.43,48.45,1.08
1261,-5.31,48.45,1.22
1262,-5.18,48.45,1.67
1263,-5.06,48.45,2.34
1264,-4.93,48.45,1.94
1265,-4.81,48.45,1.55
1266,-4.68,48.45,1000000
1267,-4.56,48.45,1000000
1268,-4.43,48.45,1000000
1269,-4.31,48.45,1000000
1270,-4.18,48.45,1000000
1271,-4.06,48.45,1000000
1272,-3.93,48.45,1000000
1273,-3.81,48.45,1000000
1274,-3.68,48.45,1000000
1275,-3.56,48.45,1000000
1276,-3.43,48.45,1000000
1277,-3.31,48.45,1000000
1278,-3.18,48.45,1000000
1279,-3.06,48.45,1000000
1280,-2.93,48.45,1000000
1281,-2.81,48.45,1000000
1282,-2.68,48.45,1000000
1283,-2.56,48.45,1000000
1284,-2.43,48.45,1000000
1285,-2.31,48.45,1000000
1286,-2.18,48.45,1000000
1287,-2.06,48.45,1000000
1288,-1.93,48.45,1000000
1289,-1.81,48.45,1000000
1290,-1.68,48.45,1000000
1291,-1.56,48.45,1000000
1292,-1.43,48.45,1000000
1293,-1.31,48.45,1000000
1294,-1.18,48.45,1000000
1295,-1.06,48.45,1000000
1296,-0.93,48.45,1000000
1297,-0.81,48.45,1000000
1298,-0.68,48.45,1000000
1299,-0.56,48.45,1000000
1300,-0.43,48.45,1000000
1301,-0.31,48.45,1000000
1302,-0.18,48.45,1000000
1303,-0.06,48.45,1000000
1304,0.06,48.45,1000000
1305,0.18,48.45,1000000
1306,0.31,48.45,1000000
1307,0.43,48.45,1000000
1308,0.56,48.45,1000000
1309,0.68,48.45,1000000
1310,0.81,48.45,1000000
1311,0.93,48.45,1000000
1312,1.06,48.45,1000000
1313,1.18,48.45,1000000
1314,1.31,48.45,1000000
1315,1.43,48.45,1000000
1316,1.56,48.45,1000000
1317,1.68,48.45,1000000
1318,1.81,48.45,1000000
1319,1.93,48.45,1000000
1320,2.06,48.45,1000000
1321,2.18,48.45,1000000
1322,2.31,48.45,1000000
1323,2.43,48.45,1000000
1324,2.56,48.45,1000000
1325,2.68,48.45,1000000
1326,2.81,48.45,1000000
1327,2.93,48.45,1000000
1328,3.06,48.45,1000000
1329,3.18,48.45,1000000
1330,3.31,48.45,1000000
1331,3.43,48.45,1000000
1332,3.56,48.45,1000000
1333,3.68,48.45,1000000
1334,3.81,48.45,1000000
1335,3.93,48.45,1000000
1336,4.06,48.45,1000000
1337,4.18,48.45,1000000
1338,4.31,48.45,1000000
1339,4.43,48.45,1000000
1340,4.56,48.45,1000000
1341,4.68,48.45,1000000
1342,4.81,48.45,1000000
1343,4.93,48.45,1000000
1344,5.06,48.45,1000000
1345,5.18,48.45,1000000
1346,5.31,48.45,1000000
1347,5.43,48.45,1000000
1348,5.56,48.45,1000000
1349,5.68,48.45,1000000
1350,5.81,48.45,1000000
1351,5.93,48.45,1000000
1352,6.06,48.45,1000000
1353,6.18,48.45,1000000
1354,6.31,48.45,1000000
1355,6.43,48.45,1000000
1356,6.56,48.45,1000000
1357,6.68,48.45,1000000
1358,6.81,48.45,1000000
1359,6.93,48.45,1000000
1360,7.06,48.45,1000000
1361,7.18,48.45,1000000
1362,7.31,48.45,1000000
1363,7.43,48.45,1000000
1364,7.56,48.45,1000000
1365,7.68,48.45,1000000
1366,7.81,48.45,1000000
1367,7.93,48.45,1000000
1368,8.06,48.45,1000000
1369,8.18,48.45,1000000
1370,8.31,48.45,1000000
1371,8.43,48.45,1000000
1372,8.56,48.45,1000000
1373,8.68,48.45,1000000
1374,8.81,48.45,1000000
1375,8.93,48.45,1000000
1376,9.06,48.45,1000000
1377,9.18,48.45,1000000
1378,9.31,48.45,1000000
1379,9.43,48.45,1000000
1380,9.56,48.45,1000000
1381,9.68,48.45,1000000
1382,9.81,48.45,1000000
1383,9.93,48.45,1000000
1384,10.06,48.45,1000000
1385,10.18,48.45,1000000
1386,10.31,48.45,1000000
1387,10.43,48.45,1000000
1388,10.56,48.45,1000000
1389,10.68,48.45,1000000
1390,10.81,48.45,1000000
1391,10.93,48.45,1000000
1392,11.06,48.45,1000000
1393,11.18,48.45,1000000
1394,11.31,48.45,1000000
1395,11.43,48.45,1000000
1396,11.56,48.45,1000000
1397,11.68,48.45,1000000
1398,11.81,48.45,1000000
1399,11.93,48.45,1000000
1400,12.06,48.45,1000000
1401,12.18,48.45,1000000
1402,12.31,48.45,1000000
1403,12.43,48.45,1000000
1404,12.56,48.45,1000000
1405,12.68,48.45,1000000
1406,12.81,48.45,1000000
1407,12.93,48.45,1000000
1408,-12.06,48.54,1000000
1409,-11.93,48.54,1000000
1410,-11.81,48.54,0.49
1411,-11.68,48.54,0.26
1412,-11.56,48.54,0.05
1413,-11.43,48.54,0.01
1414,-11.31,48.54,8.75E-03
1415,-11.18,48.54,5.71E-03
1416,-11.06,48.54,4.25E-03
1417,-10.93,48.54,3.49E-03
1418,-10.81,48.54,2.38E-03
1419,-10.68,48.54,2.43E-03
1420,-10.56,48.54,3.73E-03
1421,-10.43,48.54,5.02E-03
1422,-10.31,48.54,8.62E-03
1423,-10.18,48.54,0.01
1424,-10.06,48.54,0.04
1425,-9.93,48.54,0.08
1426,-9.81,48.54,0.12
1427,-9.68,48.54,0.17
1428,-9.56,48.54,0.17
1429,-9.43,48.54,0.17
1430,-9.31,48.54,0.23
1431,-9.18,48.54,0.38
1432,-9.06,48.54,0.54
1433,-8.93,48.54,0.63
1434,-8.81,48.54,0.65
1435,-8.68,48.54,0.62
1436,-8.56,48.54,0.62
1437,-8.43,48.54,0.66
1438,-8.31,48.54,0.72
1439,-8.18,48.54,0.78
1440,-8.06,48.54,0.89
1441,-7.93,48.54,1.04
1442,-7.81,48.54,1.13
1443,-7.68,48.54,1.15
1444,-7.56,48.54,1.19
1445,-7.43,48.54,1.25
1446,-7.31,48.54,1.24
1447,-7.18,48.54,1.16
1448,-7.06,48.54,1.07
1449,-6.93,48.54,1.01
1450,-6.81,48.54,0.99
1451,-6.68,48.54,1.01
1452,-6.56,48.54,1.04
1453,-6.43,48.54,0.9
1454,-6.31,48.54,0.84
1455,-6.18,48.54,0.85
1456,-6.06,48.54,0.89
1457,-5.93,48.54,0.92
1458,-5.81,48.54,0.95
1459,-5.68,48.54,0.97
1460,-5.56,48.54,1.01
1461,-5.43,48.54,1.08
1462,-5.31,48.54,1.21
1463,-5.18,48.54,1.54
1464,-5.06,48.54,1.72
1465,-4.93,48.54,1.57
1466,-4.81,48.54,2.01
1467,-4.68,48.54,1000000
1468,-4.56,48.54,1000000
1469,-4.43,48.54,1000000
1470,-4.31,48.54,1000000
1471,-4.18,48.54,1000000
1472,-4.06,48.54,1000000
1473,-3.93,48.54,1000000
1474,-3.81,48.54,1000000
1475,-3.68,48.54,1000000
1476,-3.56,48.54,1000000
1477,-3.43,48.54,1000000
1478,-3.31,48.54,1000000
1479,-3.18,48.54,1000000
1480,-3.06,48.54,1000000
1481,-2.93,48.54,1000000
1482,-2.81,48.54,1000000
1483,-2.68,48.54,0.52
1484,-2.56,48.54,1000000
1485,-2.43,48.54,1000000
1486,-2.31,48.54,1000000
1487,-2.18,48.54,1000000
1488,-2.06,48.54,1000000
1489,-1.93,48.54,1000000
1490,-1.81,48.54,1000000
1491,-1.68,48.54,1000000
1492,-1.56,48.54,1000000
1493,-1.43,48.54,1000000
1494,-1.31,48.54,1000000
1495,-1.18,48.54,1000000
1496,-1.06,48.54,1000000
1497,-0.93,48.54,1000000
1498,-0.81,48.54,1000000
1499,-0.68,48.54,1000000
1500,-0.56,48.54,1000000
1501,-0.43,48.54,1000000
1502,-0.31,48.54,1000000
1503,-0.18,48.54,1000000
1504,-0.06,48.54,1000000
1505,0.06,48.54,1000000
1506,0.18,48.54,1000000
1507,0.31,48.54,1000000
1508,0.43,48.54,1000000
1509,0.56,48.54,1000000
1510,0.68,48.54,1000000
1511,0.81,48.54,1000000
1512,0.93,48.54,1000000
1513,1.06,48.54,1000000
1514,1.18,48.54,1000000
1515,1.31,48.54,1000000
1516,1.43,48.54,1000000
1517,1.56,48.54,1000000
1518,1.68,48.54,1000000
1519,1.81,48.54,1000000
1520,1.93,48.54,1000000
1521,2.06,48.54,1000000
1522,2.18,48.54,1000000
1523,2.31,48.54,1000000
1524,2.43,48.54,1000000
1525,2.56,48.54,1000000
1526,2.68,48.54,1000000
1527,2.81,48.54,1000000
1528,2.93,48.54,1000000
1529,3.06,48.54,1000000
1530,3.18,48.54,1000000
1531,3.31,48.54,1000000
1532,3.43,48.54,1000000
1533,3.56,48.54,1000000
1534,3.68,48.54,1000000
1535,3.81,48.54,1000000
1536,3.93,48.54,1000000
1537,4.06,48.54,1000000
1538,4.18,48.54,1000000
1539,4.31,48.54,1000000
1540,4.43,48.54,1000000
1541,4.56,48.54,1000000
1542,4.68,48.54,1000000
1543,4.81,48.54,1000000
1544,4.93,48.54,1000000
1545,5.06,48.54,1000000
1546,5.18,48.54,1000000
1547,5.31,48.54,1000000
1548,5.43,48.54,1000000
1549,5.56,48.54,1000000
1550,5.68,48.54,1000000
1551,5.81,48.54,1000000
1552,5.93,48.54,1000000
1553,6.06,48.54,1000000
1554,6.18,48.54,1000000
1555,6.31,48.54,1000000
1556,6.43,48.54,1000000
1557,6.56,48.54,1000000
1558,6.68,48.54,1000000
1559,6.81,48.54,1000000
1560,6.93,48.54,1000000
1561,7.06,48.54,1000000
1562,7.18,48.54,1000000
1563,7.31,48.54,1000000
1564,7.43,48.54,1000000
1565,7.56,48.54,1000000
1566,7.68,48.54,1000000
1567,7.81,48.54,1000000
1568,7.93,48.54,1000000
1569,8.06,48.54,1000000
1570,8.18,48.54,1000000
1571,8.31,48.54,1000000
1572,8.43,48.54,1000000
1573,8.56,48.54,1000000
1574,8.68,48.54,1000000
1575,8.81,48.54,1000000
1576,8.93,48.54,1000000
1577,9.06,48.54,1000000
1578,9.18,48.54,1000000
1579,9.31,48.54,1000000
1580,9.43,48.54,1000000
1581,9.56,48.54,1000000
1582,9.68,48.54,1000000
1583,9.81,48.54,1000000
1584,9.93,48.54,1000000
1585,10.06,48.54,1000000
1586,10.18,48.54,1000000
1587,10.31,48.54,1000000
1588,10.43,48.54,1000000
1589,10.56,48.54,1000000
1590,10.68,48.54,1000000
1591,10.81,48.54,1000000
1592,10.93,48.54,1000000
1593,11.06,48.54,1000000
1594,11.18,48.54,1000000
1595,11.31,48.54,1000000
1596,11.43,48.54,1000000
1597,11.56,48.54,1000000
1598,11.68,48.54,1000000
1599,11.81,48.54,1000000
1600,11.93,48.54,1000000
1601,12.06,48.54,1000000
1602,12.18,48.54,1000000
1603,12.31,48.54,1000000
1604,12.43,48.54,1000000
1605,12.56,48.54,1000000
1606,12.68,48.54,1000000
1607,12.81,48.54,1000000
1608,12.93,48.54,1000000
1609,-12.06,48.62,1000000
1610,-11.93,48.62,1000000
1611,-11.81,48.62,0.35
1612,-11.68,48.62,0.17
1613,-11.56,48.62,0.03
1614,-11.43,48.62,9.65E-03
1615,-11.31,48.62,5.15E-03
1616,-11.18,48.62,2.73E-03
1617,-11.06,48.62,3.42E-03
1618,-10.93,48.62,4.16E-03
1619,-10.81,48.62,4.10E-03
1620,-10.68,48.62,3.86E-03
1621,-10.56,48.62,5.49E-03
1622,-10.43,48.62,8.61E-03
1623,-10.31,48.62,0.01
1624,-10.18,48.62,0.03
1625,-10.06,48.62,0.04
1626,-9.93,48.62,0.05
1627,-9.81,48.62,0.1
1628,-9.68,48.62,0.19
1629,-9.56,48.62,0.23
1630,-9.43,48.62,0.25
1631,-9.31,48.62,0.28
1632,-9.18,48.62,0.36
1633,-9.06,48.62,0.45
1634,-8.93,48.62,0.52
1635,-8.81,48.62,0.57
1636,-8.68,48.62,0.62
1637,-8.56,48.62,0.7
1638,-8.43,48.62,0.81
1639,-8.31,48.62,0.83
1640,-8.18,48.62,0.84
1641,-8.06,48.62,0.91
1642,-7.93,48.62,0.96
1643,-7.81,48.62,1
1644,-7.68,48.62,1.05
1645,-7.56,48.62,1.09
1646,-7.43,48.62,1.12
1647,-7.31,48.62,1.13
1648,-7.18,48.62,1.09
1649,-7.06,48.62,1.05
1650,-6.93,48.62,1.01
1651,-6.81,48.62,0.98
1652,-6.68,48.62,0.96
1653,-6.56,48.62,0.74
1654,-6.43,48.62,0.64
1655,-6.31,48.62,0.77
1656,-6.18,48.62,0.83
1657,-6.06,48.62,0.87
1658,-5.93,48.62,0.9
1659,-5.81,48.62,0.93
1660,-5.68,48.62,0.95
1661,-5.56,48.62,0.97
1662,-5.43,48.62,1.03
1663,-5.31,48.62,1.14
1664,-5.18,48.62,1.33
1665,-5.06,48.62,1.56
1666,-4.93,48.62,1.83
1667,-4.81,48.62,2.43
1668,-4.68,48.62,1.8
1669,-4.56,48.62,1.61
1670,-4.43,48.62,1000000
1671,-4.31,48.62,1000000
1672,-4.18,48.62,1000000
1673,-4.06,48.62,1000000
1674,-3.93,48.62,1000000
1675,-3.81,48.62,1000000
1676,-3.68,48.62,1000000
1677,-3.56,48.62,1000000
1678,-3.43,48.62,1000000
1679,-3.31,48.62,1000000
1680,-3.18,48.62,1000000
1681,-3.06,48.62,1000000
1682,-2.93,48.62,1000000
1683,-2.81,48.62,0.92
1684,-2.68,48.62,0.61
1685,-2.56,48.62,0.12
1686,-2.43,48.62,1000000
1687,-2.31,48.62,1000000
1688,-2.18,48.62,0.8
1689,-2.06,48.62,0.41
1690,-1.93,48.62,1000000
1691,-1.81,48.62,2.56
1692,-1.68,48.62,2.17
1693,-1.56,48.62,1.82
1694,-1.43,48.62,1000000
1695,-1.31,48.62,1000000
1696,-1.18,48.62,1000000
1697,-1.06,48.62,1000000
1698,-0.93,48.62,1000000
1699,-0.81,48.62,1000000
1700,-0.68,48.62,1000000
1701,-0.56,48.62,1000000
1702,-0.43,48.62,1000000
1703,-0.31,48.62,1000000
1704,-0.18,48.62,1000000
1705,-0.06,48.62,1000000
1706,0.06,48.62,1000000
1707,0.18,48.62,1000000
1708,0.31,48.62,1000000
1709,0.43,48.62,1000000
1710,0.56,48.62,1000000
1711,0.68,48.62,1000000
1712,0.81,48.62,1000000
1713,0.93,48.62,1000000
1714,1.06,48.62,1000000
1715,1.18,48.62,1000000
1716,1.31,48.62,1000000
1717,1.43,48.62,1000000
1718,1.56,48.62,1000000
1719,1.68,48.62,1000000
1720,1.81,48.62,1000000
1721,1.93,48.62,1000000
1722,2.06,48.62,1000000
1723,2.18,48.62,1000000
1724,2.31,48.62,1000000
1725,2.43,48.62,1000000
1726,2.56,48.62,1000000
1727,2.68,48.62,1000000
1728,2.81,48.62,1000000
1729,2.93,48.62,1000000
1730,3.06,48.62,1000000
1731,3.18,48.62,1000000
1732,3.31,48.62,1000000
1733,3.43,48.62,1000000
1734,3.56,48.62,1000000
1735,3.68,48.62,1000000
1736,3.81,48.62,1000000
1737,3.93,48.62,1000000
1738,4.06,48.62,1000000
1739,4.18,48.62,1000000
1740,4.31,48.62,1000000
1741,4.43,48.62,1000000
1742,4.56,48.62,1000000
1743,4.68,48.62,1000000
1744,4.81,48.62,1000000
1745,4.93,48.62,1000000
1746,5.06,48.62,1000000
1747,5.18,48.62,1000000
1748,5.31,48.62,1000000
1749,5.43,48.62,1000000
1750,5.56,48.62,1000000
1751,5.68,48.62,1000000
1752,5.81,48.62,1000000
1753,5.93,48.62,1000000
1754,6.06,48.62,1000000
1755,6.18,48.62,1000000
1756,6.31,48.62,1000000
1757,6.43,48.62,1000000
1758,6.56,48.62,1000000
1759,6.68,48.62,1000000
1760,6.81,48.62,1000000
1761,6.93,48.62,1000000
1762,7.06,48.62,1000000
1763,7.18,48.62,1000000
1764,7.31,48.62,1000000
1765,7.43,48.62,1000000
1766,7.56,48.62,1000000
1767,7.68,48.62,1000000
1768,7.81,48.62,1000000
1769,7.93,48.62,1000000
1770,8.06,48.62,1000000
1771,8.18,48.62,1000000
1772,8.31,48.62,1000000
1773,8.43,48.62,1000000
1774,8.56,48.62,1000000
1775,8.68,48.62,1000000
1776,8.81,48.62,1000000
1777,8.93,48.62,1000000
1778,9.06,48.62,1000000
1779,9.18,48.62,1000000
1780,9.31,48.62,1000000
1781,9.43,48.62,1000000
1782,9.56,48.62,1000000
1783,9.68,48.62,1000000
1784,9.81,48.62,1000000
1785,9.93,48.62,1000000
1786,10.06,48.62,1000000
1787,10.18,48.62,1000000
1788,10.31,48.62,1000000
1789,10.43,48.62,1000000
1790,10.56,48.62,1000000
1791,10.68,48.62,1000000
1792,10.81,48.62,1000000
1793,10.93,48.62,1000000
1794,11.06,48.62,1000000
1795,11.18,48.62,1000000
1796,11.31,48.62,1000000
1797,11.43,48.62,1000000
1798,11.56,48.62,1000000
1799,11.68,48.62,1000000
1800,11.81,48.62,1000000
1801,11.93,48.62,1000000
1802,12.06,48.62,1000000
1803,12.18,48.62,1000000
1804,12.31,48.62,1000000
1805,12.43,48.62,1000000
1806,12.56,48.62,1000000
1807,12.68,48.62,1000000
1808,12.81,48.62,1000000
1809,12.93,48.62,1000000
1810,-12.06,48.7,1000000
1811,-11.93,48.7,1000000
1812,-11.81,48.7,0.23
1813,-11.68,48.7,0.11
1814,-11.56,48.7,0.02
1815,-11.43,48.7,0.01
1816,-11.31,48.7,6.38E-03
1817,-11.18,48.7,5.00E-03
1818,-11.06,48.7,4.87E-03
1819,-10.93,48.7,5.20E-03
1820,-10.81,48.7,6.14E-03
1821,-10.68,48.7,7.52E-03
1822,-10.56,48.7,0.01
1823,-10.43,48.7,0.02
1824,-10.31,48.7,0.04
1825,-10.18,48.7,0.06
1826,-10.06,48.7,0.06
1827,-9.93,48.7,0.09
1828,-9.81,48.7,0.18
1829,-9.68,48.7,0.25
1830,-9.56,48.7,0.28
1831,-9.43,48.7,0.29
1832,-9.31,48.7,0.32
1833,-9.18,48.7,0.38
1834,-9.06,48.7,0.45
1835,-8.93,48.7,0.53
1836,-8.81,48.7,0.58
1837,-8.68,48.7,0.64
1838,-8.56,48.7,0.74
1839,-8.43,48.7,0.8
1840,-8.31,48.7,0.8
1841,-8.18,48.7,0.83
1842,-8.06,48.7,0.88
1843,-7.93,48.7,0.89
1844,-7.81,48.7,0.92
1845,-7.68,48.7,0.98
1846,-7.56,48.7,0.99
1847,-7.43,48.7,1.02
1848,-7.31,48.7,1.06
1849,-7.18,48.7,1.07
1850,-7.06,48.7,1.05
1851,-6.93,48.7,0.98
1852,-6.81,48.7,0.92
1853,-6.68,48.7,0.68
1854,-6.56,48.7,0.47
1855,-6.43,48.7,0.62
1856,-6.31,48.7,0.79
1857,-6.18,48.7,0.81
1858,-6.06,48.7,0.84
1859,-5.93,48.7,0.87
1860,-5.81,48.7,0.88
1861,-5.68,48.7,0.89
1862,-5.56,48.7,0.92
1863,-5.43,48.7,1
1864,-5.31,48.7,1.09
1865,-5.18,48.7,1.21
1866,-5.06,48.7,1.35
1867,-4.93,48.7,1.49
1868,-4.81,48.7,1.76
1869,-4.68,48.7,1.8
1870,-4.56,48.7,2.12
1871,-4.43,48.7,2.15
1872,-4.31,48.7,1.81
1873,-4.18,48.7,1.26
1874,-4.06,48.7,0.96
1875,-3.93,48.7,0.88
1876,-3.81,48.7,0.54
1877,-3.68,48.7,0.41
1878,-3.56,48.7,1000000
1879,-3.43,48.7,1000000
1880,-3.31,48.7,1000000
1881,-3.18,48.7,1000000
1882,-3.06,48.7,1000000
1883,-2.93,48.7,1000000
1884,-2.81,48.7,1.35
1885,-2.68,48.7,1.2
1886,-2.56,48.7,0.84
1887,-2.43,48.7,1.34
1888,-2.31,48.7,2.14
1889,-2.18,48.7,2.17
1890,-2.06,48.7,1.39
1891,-1.93,48.7,1.76
1892,-1.81,48.7,3
1893,-1.68,48.7,3
1894,-1.56,48.7,2.52
1895,-1.43,48.7,1000000
1896,-1.31,48.7,1000000
1897,-1.18,48.7,1000000
1898,-1.06,48.7,1000000
1899,-0.93,48.7,1000000
1900,-0.81,48.7,1000000
1901,-0.68,48.7,1000000
1902,-0.56,48.7,1000000
1903,-0.43,48.7,1000000
1904,-0.31,48.7,1000000
1905,-0.18,48.7,1000000
1906,-0.06,48.7,1000000
1907,0.06,48.7,1000000
1908,0.18,48.7,1000000
1909,0.31,48.7,1000000
1910,0.43,48.7,1000000
1911,0.56,48.7,1000000
1912,0.68,48.7,1000000
1913,0.81,48.7,1000000
1914,0.93,48.7,1000000
1915,1.06,48.7,1000000
1916,1.18,48.7,1000000
1917,1.31,48.7,1000000
1918,1.43,48.7,1000000
1919,1.56,48.7,1000000
1920,1.68,48.7,1000000
1921,1.81,48.7,1000000
1922,1.93,48.7,1000000
1923,2.06,48.7,1000000
1924,2.18,48.7,1000000
1925,2.31,48.7,1000000
1926,2.43,48.7,1000000
1927,2.56,48.7,1000000
1928,2.68,48.7,1000000
1929,2.81,48.7,1000000
1930,2.93,48.7,1000000
1931,3.06,48.7,1000000
1932,3.18,48.7,1000000
1933,3.31,48.7,1000000
1934,3.43,48.7,1000000
1935,3.56,48.7,1000000
1936,3.68,48.7,1000000
1937,3.81,48.7,1000000
1938,3.93,48.7,1000000
1939,4.06,48.7,1000000
1940,4.18,48.7,1000000
1941,4.31,48.7,1000000
1942,4.43,48.7,1000000
1943,4.56,48.7,1000000
1944,4.68,48.7,1000000
1945,4.81,48.7,1000000
1946,4.93,48.7,1000000
1947,5.06,48.7,1000000
1948,5.18,48.7,1000000
1949,5.31,48.7,1000000
1950,5.43,48.7,1000000
1951,5.56,48.7,1000000
1952,5.68,48.7,1000000
1953,5.81,48.7,1000000
1954,5.93,48.7,1000000
1955,6.06,48.7,1000000
1956,6.18,48.7,1000000
1957,6.31,48.7,1000000
1958,6.43,48.7,1000000
1959,6.56,48.7,1000000
1960,6.68,48.7,1000000
1961,6.81,48.7,1000000
1962,6.93,48.7,1000000
1963,7.06,48.7,1000000
1964,7.18,48.7,1000000
1965,7.31,48.7,1000000
1966,7.43,48.7,1000000
1967,7.56,48.7,1000000
1968,7.68,48.7,1000000
1969,7.81,48.7,1000000
1970,7.93,48.7,1000000
1971,8.06,48.7,1000000
1972,8.18,48.7,1000000
1973,8.31,48.7,1000000
1974,8.43,48.7,1000000
1975,8.56,48.7,1000000
1976,8.68,48.7,1000000
1977,8.81,48.7,1000000
1978,8.93,48.7,1000000
1979,9.06,48.7,1000000
1980,9.18,48.7,1000000
1981,9.31,48.7,1000000
1982,9.43,48.7,1000000
1983,9.56,48.7,1000000
1984,9.68,48.7,1000000
1985,9.81,48.7,1000000
1986,9.93,48.7,1000000
1987,10.06,48.7,1000000
1988,10.18,48.7,1000000
1989,10.31,48.7,1000000
1990,10.43,48.7,1000000
1991,10.56,48.7,1000000
1992,10.68,48.7,1000000
1993,10.81,48.7,1000000
1994,10.93,48.7,1000000
1995,11.06,48.7,1000000
1996,11.18,48.7,1000000
1997,11.31,48.7,1000000
1998,11.43,48.7,1000000
1999,11.56,48.7,1000000
2000,11.68,48.7,1000000
2001,11.81,48.7,1000000
2002,11.93,48.7,1000000
2003,12.06,48.7,1000000
2004,12.18,48.7,1000000
2005,12.31,48.7,1000000
2006,12.43,48.7,1000000
2007,12.56,48.7,1000000
2008,12.68,48.7,1000000
2009,12.81,48.7,1000000
2010,12.93,48.7,1000000
2011,-12.06,48.79,1000000
2012,-11.93,48.79,1000000
2013,-11.81,48.79,0.17
2014,-11.68,48.79,0.09
2015,-11.56,48.79,0.03
2016,-11.43,48.79,0.01
2017,-11.31,48.79,0.01
2018,-11.18,48.79,7.53E-03
2019,-11.06,48.79,6.78E-03
2020,-10.93,48.79,7.35E-03
2021,-10.81,48.79,8.84E-03
2022,-10.68,48.79,0.01
2023,-10.56,48.79,0.02
2024,-10.43,48.79,0.05
2025,-10.31,48.79,0.09
2026,-10.18,48.79,0.12
2027,-10.06,48.79,0.13
2028,-9.93,48.79,0.22
2029,-9.81,48.79,0.27
2030,-9.68,48.79,0.3
2031,-9.56,48.79,0.31
2032,-9.43,48.79,0.32
2033,-9.31,48.79,0.35
2034,-9.18,48.79,0.39
2035,-9.06,48.79,0.47
2036,-8.93,48.79,0.54
2037,-8.81,48.79,0.59
2038,-8.68,48.79,0.65
2039,-8.56,48.79,0.73
2040,-8.43,48.79,0.75
2041,-8.31,48.79,0.75
2042,-8.18,48.79,0.82
2043,-8.06,48.79,0.87
2044,-7.93,48.79,0.88
2045,-7.81,48.79,0.91
2046,-7.68,48.79,0.95
2047,-7.56,48.79,0.93
2048,-7.43,48.79,0.98
2049,-7.31,48.79,1.02
2050,-7.18,48.79,1.05
2051,-7.06,48.79,0.99
2052,-6.93,48.79,0.89
2053,-6.81,48.79,0.78
2054,-6.68,48.79,0.59
2055,-6.56,48.79,0.63
2056,-6.43,48.79,0.78
2057,-6.31,48.79,0.78
2058,-6.18,48.79,0.79
2059,-6.06,48.79,0.81
2060,-5.93,48.79,0.83
2061,-5.81,48.79,0.84
2062,-5.68,48.79,0.85
2063,-5.56,48.79,0.88
2064,-5.43,48.79,0.94
2065,-5.31,48.79,0.99
2066,-5.18,48.79,1.1
2067,-5.06,48.79,1.23
2068,-4.93,48.79,1.3
2069,-4.81,48.79,1.43
2070,-4.68,48.79,1.61
2071,-4.56,48.79,1.87
2072,-4.43,48.79,1.94
2073,-4.31,48.79,1.75
2074,-4.18,48.79,1.52
2075,-4.06,48.79,1.54
2076,-3.93,48.79,1.38
2077,-3.81,48.79,1.13
2078,-3.68,48.79,1.02
2079,-3.56,48.79,1.07
2080,-3.43,48.79,1000000
2081,-3.31,48.79,1000000
2082,-3.18,48.79,1000000
2083,-3.06,48.79,1000000
2084,-2.93,48.79,2.08
2085,-2.81,48.79,2.37
2086,-2.68,48.79,2.19
2087,-2.56,48.79,1.95
2088,-2.43,48.79,2.05
2089,-2.31,48.79,2.47
2090,-2.18,48.79,2.6
2091,-2.06,48.79,2.11
2092,-1.93,48.79,2.02
2093,-1.81,48.79,2.49
2094,-1.68,48.79,3
2095,-1.56,48.79,1000000
2096,-1.43,48.79,1000000
2097,-1.31,48.79,1000000
2098,-1.18,48.79,1000000
2099,-1.06,48.79,1000000
2100,-0.93,48.79,1000000
2101,-0.81,48.79,1000000
2102,-0.68,48.79,1000000
2103,-0.56,48.79,1000000
2104,-0.43,48.79,1000000
2105,-0.31,48.79,1000000
2106,-0.18,48.79,1000000
2107,-0.06,48.79,1000000
2108,0.06,48.79,1000000
2109,0.18,48.79,1000000
2110,0.31,48.79,1000000
2111,0.43,48.79,1000000
2112,0.56,48.79,1000000
2113,0.68,48.79,1000000
2114,0.81,48.79,1000000
2115,0.93,48.79,1000000
2116,1.06,48.79,1000000
2117,1.18,48.79,1000000
2118,1.31,48.79,1000000
2119,1.43,48.79,1000000
2120,1.56,48.79,1000000
2121,1.68,48.79,1000000
2122,1.81,48.79,1000000
2123,1.93,48.79,1000000
2124,2.06,48.79,1000000
2125,2.18,48.79,1000000
2126,2.31,48.79,1000000
2127,2.43,48.79,1000000
2128,2.56,48.79,1000000
2129,2.68,48.79,1000000
2130,2.81,48.79,1000000
2131,2.93,48.79,1000000
2132,3.06,48.79,1000000
2133,3.18,48.79,1000000
2134,3.31,48.79,1000000
2135,3.43,48.79,1000000
2136,3.56,48.79,1000000
2137,3.68,48.79,1000000
2138,3.81,48.79,1000000
2139,3.93,48.79,1000000
2140,4.06,48.79,1000000
2141,4.18,48.79,1000000
2142,4.31,48.79,1000000
2143,4.43,48.79,1000000
2144,4.56,48.79,1000000
2145,4.68,48.79,1000000
2146,4.81,48.79,1000000
2147,4.93,48.79,1000000
2148,5.06,48.79,1000000
2149,5.18,48.79,1000000
2150,5.31,48.79,1000000
2151,5.43,48.79,1000000
2152,5.56,48.79,1000000
2153,5.68,48.79,1000000
2154,5.81,48.79,1000000
2155,5.93,48.79,1000000
2156,6.06,48.79,1000000
2157,6.18,48.79,1000000
2158,6.31,48.79,1000000
2159,6.43,48.79,1000000
2160,6.56,48.79,1000000
2161,6.68,48.79,1000000
2162,6.81,48.79,1000000
2163,6.93,48.79,1000000
2164,7.06,48.79,1000000
2165,7.18,48.79,1000000
2166,7.31,48.79,1000000
2167,7.43,48.79,1000000
2168,7.56,48.79,1000000
2169,7.68,48.79,1000000
2170,7.81,48.79,1000000
2171,7.93,48.79,1000000
2172,8.06,48.79,1000000
2173,8.18,48.79,1000000
2174,8.31,48.79,1000000
2175,8.43,48.79,1000000
2176,8.56,48.79,1000000
2177,8.68,48.79,1000000
2178,8.81,48.79,1000000
2179,8.93,48.79,1000000
2180,9.06,48.79,1000000
2181,9.18,48.79,1000000
2182,9.31,48.79,1000000
2183,9.43,48.79,1000000
2184,9.56,48.79,1000000
2185,9.68,48.79,1000000
2186,9.81,48.79,1000000
2187,9.93,48.79,1000000
2188,10.06,48.79,1000000
2189,10.18,48.79,1000000
2190,10.31,48.79,1000000
2191,10.43,48.79,1000000
2192,10.56,48.79,1000000
2193,10.68,48.79,1000000
2194,10.81,48.79,1000000
2195,10.93,48.79,1000000
2196,11.06,48.79,1000000
2197,11.18,48.79,1000000
2198,11.31,48.79,1000000
2199,11.43,48.79,1000000
2200,11.56,48.79,1000000
2201,11.68,48.79,1000000
2202,11.81,48.79,1000000
2203,11.93,48.79,1000000
2204,12.06,48.79,1000000
2205,12.18,48.79,1000000
2206,12.31,48.79,1000000
2207,12.43,48.79,1000000
2208,12.56,48.79,1000000
2209,12.68,48.79,1000000
2210,12.81,48.79,1000000
2211,12.93,48.79,1000000
2212,-12.06,48.87,1000000
2213,-11.93,48.87,1000000
2214,-11.81,48.87,0.15
2215,-11.68,48.87,0.1
2216,-11.56,48.87,0.04
2217,-11.43,48.87,0.02
2218,-11.31,48.87,0.01
2219,-11.18,48.87,8.95E-03
2220,-11.06,48.87,8.47E-03
2221,-10.93,48.87,0.01
2222,-10.81,48.87,0.02
2223,-10.68,48.87,0.03
2224,-10.56,48.87,0.06
2225,-10.43,48.87,0.1
2226,-10.31,48.87,0.15
2227,-10.18,48.87,0.2
2228,-10.06,48.87,0.25
2229,-9.93,48.87,0.3
2230,-9.81,48.87,0.31
2231,-9.68,48.87,0.31
2232,-9.56,48.87,0.32
2233,-9.43,48.87,0.34
2234,-9.31,48.87,0.36
2235,-9.18,48.87,0.41
2236,-9.06,48.87,0.47
2237,-8.93,48.87,0.52
2238,-8.81,48.87,0.58
2239,-8.68,48.87,0.65
2240,-8.56,48.87,0.73
2241,-8.43,48.87,0.75
2242,-8.31,48.87,0.77
2243,-8.18,48.87,0.8
2244,-8.06,48.87,0.81
2245,-7.93,48.87,0.83
2246,-7.81,48.87,0.88
2247,-7.68,48.87,0.9
2248,-7.56,48.87,0.9
2249,-7.43,48.87,0.96
2250,-7.31,48.87,1
2251,-7.18,48.87,0.97
2252,-7.06,48.87,0.86
2253,-6.93,48.87,0.78
2254,-6.81,48.87,0.73
2255,-6.68,48.87,0.69
2256,-6.56,48.87,0.75
2257,-6.43,48.87,0.75
2258,-6.31,48.87,0.75
2259,-6.18,48.87,0.76
2260,-6.06,48.87,0.78
2261,-5.93,48.87,0.79
2262,-5.81,48.87,0.8
2263,-5.68,48.87,0.81
2264,-5.56,48.87,0.83
2265,-5.43,48.87,0.87
2266,-5.31,48.87,0.93
2267,-5.18,48.87,1.04
2268,-5.06,48.87,1.12
2269,-4.93,48.87,1.2
2270,-4.81,48.87,1.33
2271,-4.68,48.87,1.43
2272,-4.56,48.87,1.55
2273,-4.43,48.87,1.65
2274,-4.31,48.87,1.59
2275,-4.18,48.87,1.49
2276,-4.06,48.87,1.52
2277,-3.93,48.87,1.52
2278,-3.81,48.87,1.5
2279,-3.68,48.87,1.68
2280,-3.56,48.87,2.06
2281,-3.43,48.87,1.83
2282,-3.31,48.87,1.52
2283,-3.18,48.87,1.22
2284,-3.06,48.87,1.13
2285,-2.93,48.87,3
2286,-2.81,48.87,3
2287,-2.68,48.87,3
2288,-2.56,48.87,2.88
2289,-2.43,48.87,2.94
2290,-2.31,48.87,2.93
2291,-2.18,48.87,2.68
2292,-2.06,48.87,2.1
2293,-1.93,48.87,1.64
2294,-1.81,48.87,1.14
2295,-1.68,48.87,0.99
2296,-1.56,48.87,1000000
2297,-1.43,48.87,1000000
2298,-1.31,48.87,1000000
2299,-1.18,48.87,1000000
2300,-1.06,48.87,1000000
2301,-0.93,48.87,1000000
2302,-0.81,48.87,1000000
2303,-0.68,48.87,1000000
2304,-0.56,48.87,1000000
2305,-0.43,48.87,1000000
2306,-0.31,48.87,1000000
2307,-0.18,48.87,1000000
2308,-0.06,48.87,1000000
2309,0.06,48.87,1000000
2310,0.18,48.87,1000000
2311,0.31,48.87,1000000
2312,0.43,48.87,1000000
2313,0.56,48.87,1000000
2314,0.68,48.87,1000000
2315,0.81,48.87,1000000
2316,0.93,48.87,1000000
2317,1.06,48.87,1000000
2318,1.18,48.87,1000000
2319,1.31,48.87,1000000
2320,1.43,48.87,1000000
2321,1.56,48.87,1000000
2322,1.68,48.87,1000000
2323,1.81,48.87,1000000
2324,1.93,48.87,1000000
2325,2.06,48.87,1000000
2326,2.18,48.87,1000000
2327,2.31,48.87,1000000
2328,2.43,48.87,1000000
2329,2.56,48.87,1000000
2330,2.68,48.87,1000000
2331,2.81,48.87,1000000
2332,2.93,48.87,1000000
2333,3.06,48.87,1000000
2334,3.18,48.87,1000000
2335,3.31,48.87,1000000
2336,3.43,48.87,1000000
2337,3.56,48.87,1000000
2338,3.68,48.87,1000000
2339,3.81,48.87,1000000
2340,3.93,48.87,1000000
2341,4.06,48.87,1000000
2342,4.18,48.87,1000000
2343,4.31,48.87,1000000
2344,4.43,48.87,1000000
2345,4.56,48.87,1000000
2346,4.68,48.87,1000000
2347,4.81,48.87,1000000
2348,4.93,48.87,1000000
2349,5.06,48.87,1000000
2350,5.18,48.87,1000000
2351,5.31,48.87,1000000
2352,5.43,48.87,1000000
2353,5.56,48.87,1000000
2354,5.68,48.87,1000000
2355,5.81,48.87,1000000
2356,5.93,48.87,1000000
2357,6.06,48.87,1000000
2358,6.18,48.87,1000000
2359,6.31,48.87,1000000
2360,6.43,48.87,1000000
2361,6.56,48.87,1000000
2362,6.68,48.87,1000000
2363,6.81,48.87,1000000
2364,6.93,48.87,1000000
2365,7.06,48.87,1000000
2366,7.18,48.87,1000000
2367,7.31,48.87,1000000
2368,7.43,48.87,1000000
2369,7.56,48.87,1000000
2370,7.68,48.87,1000000
2371,7.81,48.87,1000000
2372,7.93,48.87,1000000
2373,8.06,48.87,1000000
2374,8.18,48.87,1000000
2375,8.31,48.87,1000000
2376,8.43,48.87,1000000
2377,8.56,48.87,1000000
2378,8.68,48.87,1000000
2379,8.81,48.87,1000000
2380,8.93,48.87,1000000
2381,9.06,48.87,1000000
2382,9.18,48.87,1000000
2383,9.31,48.87,1000000
2384,9.43,48.87,1000000
2385,9.56,48.87,1000000
2386,9.68,48.87,1000000
2387,9.81,48.87,1000000
2388,9.93,48.87,1000000
2389,10.06,48.87,1000000
2390,10.18,48.87,1000000
2391,10.31,48.87,1000000
2392,10.43,48.87,1000000
2393,10.56,48.87,1000000
2394,10.68,48.87,1000000
2395,10.81,48.87,1000000
2396,10.93,48.87,1000000
2397,11.06,48.87,1000000
2398,11.18,48.87,1000000
2399,11.31,48.87,1000000
2400,11.43,48.87,1000000
2401,11.56,48.87,1000000
2402,11.68,48.87,1000000
2403,11.81,48.87,1000000
2404,11.93,48.87,1000000
2405,12.06,48.87,1000000
2406,12.18,48.87,1000000
2407,12.31,48.87,1000000
2408,12.43,48.87,1000000
2409,12.56,48.87,1000000
2410,12.68,48.87,1000000
2411,12.81,48.87,1000000
2412,12.93,48.87,1000000
2413,-12.06,48.95,1000000
2414,-11.93,48.95,1000000
2415,-11.81,48.95,0.15
2416,-11.68,48.95,0.11
2417,-11.56,48.95,0.05
2418,-11.43,48.95,0.02
2419,-11.31,48.95,0.01
2420,-11.18,48.95,0.01
2421,-11.06,48.95,0.01
2422,-10.93,48.95,0.02
2423,-10.81,48.95,0.05
2424,-10.68,48.95,0.09
2425,-10.56,48.95,0.13
2426,-10.43,48.95,0.15
2427,-10.31,48.95,0.2
2428,-10.18,48.95,0.27
2429,-10.06,48.95,0.32
2430,-9.93,48.95,0.33
2431,-9.81,48.95,0.32
2432,-9.68,48.95,0.32
2433,-9.56,48.95,0.33
2434,-9.43,48.95,0.35
2435,-9.31,48.95,0.37
2436,-9.18,48.95,0.41
2437,-9.06,48.95,0.45
2438,-8.93,48.95,0.5
2439,-8.81,48.95,0.55
2440,-8.68,48.95,0.6
2441,-8.56,48.95,0.66
2442,-8.43,48.95,0.7
2443,-8.31,48.95,0.75
2444,-8.18,48.95,0.77
2445,-8.06,48.95,0.74
2446,-7.93,48.95,0.74
2447,-7.81,48.95,0.81
2448,-7.68,48.95,0.82
2449,-7.56,48.95,0.88
2450,-7.43,48.95,0.92
2451,-7.31,48.95,0.92
2452,-7.18,48.95,0.82
2453,-7.06,48.95,0.73
2454,-6.93,48.95,0.7
2455,-6.81,48.95,0.69
2456,-6.68,48.95,0.67
2457,-6.56,48.95,0.69
2458,-6.43,48.95,0.72
2459,-6.31,48.95,0.72
2460,-6.18,48.95,0.73
2461,-6.06,48.95,0.74
2462,-5.93,48.95,0.74
2463,-5.81,48.95,0.75
2464,-5.68,48.95,0.76
2465,-5.56,48.95,0.78
2466,-5.43,48.95,0.82
2467,-5.31,48.95,0.89
2468,-5.18,48.95,0.97
2469,-5.06,48.95,1.04
2470,-4.93,48.95,1.1
2471,-4.81,48.95,1.16
2472,-4.68,48.95,1.25
2473,-4.56,48.95,1.43
2474,-4.43,48.95,1.5
2475,-4.31,48.95,1.41
2476,-4.18,48.95,1.36
2477,-4.06,48.95,1.41
2478,-3.93,48.95,1.45
2479,-3.81,48.95,1.54
2480,-3.68,48.95,1.78
2481,-3.56,48.95,2.02
2482,-3.43,48.95,2.08
2483,-3.31,48.95,2.29
2484,-3.18,48.95,2.83
2485,-3.06,48.95,3
2486,-2.93,48.95,3
2487,-2.81,48.95,3
2488,-2.68,48.95,3
2489,-2.56,48.95,3
2490,-2.43,48.95,3
2491,-2.31,48.95,3
2492,-2.18,48.95,3
2493,-2.06,48.95,2.15
2494,-1.93,48.95,1.39
2495,-1.81,48.95,0.78
2496,-1.68,48.95,0.52
2497,-1.56,48.95,1000000
2498,-1.43,48.95,1000000
2499,-1.31,48.95,1000000
2500,-1.18,48.95,1000000
2501,-1.06,48.95,1000000
2502,-0.93,48.95,1000000
2503,-0.81,48.95,1000000
2504,-0.68,48.95,1000000
2505,-0.56,48.95,1000000
2506,-0.43,48.95,1000000
2507,-0.31,48.95,1000000
2508,-0.18,48.95,1000000
2509,-0.06,48.95,1000000
2510,0.06,48.95,1000000
2511,0.18,48.95,1000000
2512,0.31,48.95,1000000
2513,0.43,48.95,1000000
2514,0.56,48.95,1000000
2515,0.68,48.95,1000000
2516,0.81,48.95,1000000
2517,0.93,48.95,1000000
2518,1.06,48.95,1000000
2519,1.18,48.95,1000000
2520,1.31,48.95,1000000
2521,1.43,48.95,1000000
2522,1.56,48.95,1000000
2523,1.68,48.95,1000000
2524,1.81,48.95,1000000
2525,1.93,48.95,1000000
2526,2.06,48.95,1000000
2527,2.18,48.95,1000000
2528,2.31,48.95,1000000
2529,2.43,48.95,1000000
2530,2.56,48.95,1000000
2531,2.68,48.95,1000000
2532,2.81,48.95,1000000
2533,2.93,48.95,1000000
2534,3.06,48.95,1000000
2535,3.18,48.95,1000000
2536,3.31,48.95,1000000
2537,3.43,48.95,1000000
2538,3.56,48.95,1000000
2539,3.68,48.95,1000000
2540,3.81,48.95,1000000
2541,3.93,48.95,1000000
2542,4.06,48.95,1000000
2543,4.18,48.95,1000000
2544,4.31,48.95,1000000
2545,4.43,48.95,1000000
2546,4.56,48.95,1000000
2547,4.68,48.95,1000000
2548,4.81,48.95,1000000
2549,4.93,48.95,1000000
2550,5.06,48.95,1000000
2551,5.18,48.95,1000000
2552,5.31,48.95,1000000
2553,5.43,48.95,1000000
2554,5.56,48.95,1000000
2555,5.68,48.95,1000000
2556,5.81,48.95,1000000
2557,5.93,48.95,1000000
2558,6.06,48.95,1000000
2559,6.18,48.95,1000000
2560,6.31,48.95,1000000
2561,6.43,48.95,1000000
2562,6.56,48.95,1000000
2563,6.68,48.95,1000000
2564,6.81,48.95,1000000
2565,6.93,48.95,1000000
2566,7.06,48.95,1000000
2567,7.18,48.95,1000000
2568,7.31,48.95,1000000
2569,7.43,48.95,1000000
2570,7.56,48.95,1000000
2571,7.68,48.95,1000000
2572,7.81,48.95,1000000
2573,7.93,48.95,1000000
2574,8.06,48.95,1000000
2575,8.18,48.95,1000000
2576,8.31,48.95,1000000
2577,8.43,48.95,1000000
2578,8.56,48.95,1000000
2579,8.68,48.95,1000000
2580,8.81,48.95,1000000
2581,8.93,48.95,1000000
2582,9.06,48.95,1000000
2583,9.18,48.95,1000000
2584,9.31,48.95,1000000
2585,9.43,48.95,1000000
2586,9.56,48.95,1000000
2587,9.68,48.95,1000000
2588,9.81,48.95,1000000
2589,9.93,48.95,1000000
2590,10.06,48.95,1000000
2591,10.18,48.95,1000000
2592,10.31,48.95,1000000
2593,10.43,48.95,1000000
2594,10.56,48.95,1000000
2595,10.68,48.95,1000000
2596,10.81,48.95,1000000
2597,10.93,48.95,1000000
2598,11.06,48.95,1000000
2599,11.18,48.95,1000000
2600,11.31,48.95,1000000
2601,11.43,48.95,1000000
2602,11.56,48.95,1000000
2603,11.68,48.95,1000000
2604,11.81,48.95,1000000
2605,11.93,48.95,1000000
2606,12.06,48.95,1000000
2607,12.18,48.95,1000000
2608,12.31,48.95,1000000
2609,12.43,48.95,1000000
2610,12.56,48.95,1000000
2611,12.68,48.95,1000000
2612,12.81,48.95,1000000
2613,12.93,48.95,1000000
2614,-12.06,49.04,1000000
2615,-11.93,49.04,1000000
2616,-11.81,49.04,0.17
2617,-11.68,49.04,0.11
2618,-11.56,49.04,0.04
2619,-11.43,49.04,0.01
2620,-11.31,49.04,9.16E-03
2621,-11.18,49.04,0.01
2622,-11.06,49.04,0.02
2623,-10.93,49.04,0.04
2624,-10.81,49.04,0.09
2625,-10.68,49.04,0.13
2626,-10.56,49.04,0.15
2627,-10.43,49.04,0.18
2628,-10.31,49.04,0.22
2629,-10.18,49.04,0.26
2630,-10.06,49.04,0.31
2631,-9.93,49.04,0.33
2632,-9.81,49.04,0.33
2633,-9.68,49.04,0.33
2634,-9.56,49.04,0.32
2635,-9.43,49.04,0.33
2636,-9.31,49.04,0.36
2637,-9.18,49.04,0.4
2638,-9.06,49.04,0.44
2639,-8.93,49.04,0.47
2640,-8.81,49.04,0.49
2641,-8.68,49.04,0.52
2642,-8.56,49.04,0.56
2643,-8.43,49.04,0.62
2644,-8.31,49.04,0.69
2645,-8.18,49.04,0.73
2646,-8.06,49.04,0.69
2647,-7.93,49.04,0.73
2648,-7.81,49.04,0.76
2649,-7.68,49.04,0.77
2650,-7.56,49.04,0.8
2651,-7.43,49.04,0.8
2652,-7.31,49.04,0.76
2653,-7.18,49.04,0.7
2654,-7.06,49.04,0.69
2655,-6.93,49.04,0.68
2656,-6.81,49.04,0.66
2657,-6.68,49.04,0.66
2658,-6.56,49.04,0.68
2659,-6.43,49.04,0.71
2660,-6.31,49.04,0.71
2661,-6.18,49.04,0.7
2662,-6.06,49.04,0.68
2663,-5.93,49.04,0.69
2664,-5.81,49.04,0.71
2665,-5.68,49.04,0.72
2666,-5.56,49.04,0.74
2667,-5.43,49.04,0.78
2668,-5.31,49.04,0.83
2669,-5.18,49.04,0.89
2670,-5.06,49.04,0.94
2671,-4.93,49.04,0.99
2672,-4.81,49.04,1.05
2673,-4.68,49.04,1.18
2674,-4.56,49.04,1.34
2675,-4.43,49.04,1.33
2676,-4.31,49.04,1.24
2677,-4.18,49.04,1.26
2678,-4.06,49.04,1.31
2679,-3.93,49.04,1.35
2680,-3.81,49.04,1.45
2681,-3.68,49.04,1.6
2682,-3.56,49.04,1.69
2683,-3.43,49.04,1.81
2684,-3.31,49.04,2.05
2685,-3.18,49.04,2.4
2686,-3.06,49.04,2.79
2687,-2.93,49.04,3
2688,-2.81,49.04,3
2689,-2.68,49.04,3
2690,-2.56,49.04,2.98
2691,-2.43,49.04,3
2692,-2.31,49.04,3
2693,-2.18,49.04,3
2694,-2.06,49.04,2.38
2695,-1.93,49.04,1.34
2696,-1.81,49.04,0.64
2697,-1.68,49.04,0.39
2698,-1.56,49.04,1000000
2699,-1.43,49.04,1000000
2700,-1.31,49.04,1000000
2701,-1.18,49.04,1000000
2702,-1.06,49.04,1000000
2703,-0.93,49.04,1000000
2704,-0.81,49.04,1000000
2705,-0.68,49.04,1000000
2706,-0.56,49.04,1000000
2707,-0.43,49.04,1000000
2708,-0.31,49.04,1000000
2709,-0.18,49.04,1000000
2710,-0.06,49.04,1000000
2711,0.06,49.04,1000000
2712,0.18,49.04,1000000
2713,0.31,49.04,1000000
2714,0.43,49.04,1000000
2715,0.56,49.04,1000000
2716,0.68,49.04,1000000
2717,0.81,49.04,1000000
2718,0.93,49.04,1000000
2719,1.06,49.04,1000000
2720,1.18,49.04,1000000
2721,1.31,49.04,1000000
2722,1.43,49.04,1000000
2723,1.56,49.04,1000000
2724,1.68,49.04,1000000
2725,1.81,49.04,1000000
2726,1.93,49.04,1000000
2727,2.06,49.04,1000000
2728,2.18,49.04,1000000
2729,2.31,49.04,1000000
2730,2.43,49.04,1000000
2731,2.56,49.04,1000000
2732,2.68,49.04,1000000
2733,2.81,49.04,1000000
2734,2.93,49.04,1000000
2735,3.06,49.04,1000000
2736,3.18,49.04,1000000
2737,3.31,49.04,1000000
2738,3.43,49.04,1000000
2739,3.56,49.04,1000000
2740,3.68,49.04,1000000
2741,3.81,49.04,1000000
2742,3.93,49.04,1000000
2743,4.06,49.04,1000000
2744,4.18,49.04,1000000
2745,4.31,49.04,1000000
2746,4.43,49.04,1000000
2747,4.56,49.04,1000000
2748,4.68,49.04,1000000
2749,4.81,49.04,1000000
2750,4.93,49.04,1000000
2751,5.06,49.04,1000000
2752,5.18,49.04,1000000
2753,5.31,49.04,1000000
2754,5.43,49.04,1000000
2755,5.56,49.04,1000000
2756,5.68,49.04,1000000
2757,5.81,49.04,1000000
2758,5.93,49.04,1000000
2759,6.06,49.04,1000000
2760,6.18,49.04,1000000
2761,6.31,49.04,1000000
2762,6.43,49.04,1000000
2763,6.56,49.04,1000000
2764,6.68,49.04,1000000
2765,6.81,49.04,1000000
2766,6.93,49.04,1000000
2767,7.06,49.04,1000000
2768,7.18,49.04,1000000
2769,7.31,49.04,1000000
2770,7.43,49.04,1000000
2771,7.56,49.04,1000000
2772,7.68,49.04,1000000
2773,7.81,49.04,1000000
2774,7.93,49.04,1000000
2775,8.06,49.04,1000000
2776,8.18,49.04,1000000
2777,8.31,49.04,1000000
2778,8.43,49.04,1000000
2779,8.56,49.04,1000000
2780,8.68,49.04,1000000
2781,8.81,49.04,1000000
2782,8.93,49.04,1000000
2783,9.06,49.04,1000000
2784,9.18,49.04,1000000
2785,9.31,49.04,1000000
2786,9.43,49.04,1000000
2787,9.56,49.04,1000000
2788,9.68,49.04,1000000
2789,9.81,49.04,1000000
2790,9.93,49.04,1000000
2791,10.06,49.04,1000000
2792,10.18,49.04,1000000
2793,10.31,49.04,1000000
2794,10.43,49.04,1000000
2795,10.56,49.04,1000000
2796,10.68,49.04,1000000
2797,10.81,49.04,1000000
2798,10.93,49.04,1000000
2799,11.06,49.04,1000000
2800,11.18,49.04,1000000
2801,11.31,49.04,1000000
2802,11.43,49.04,1000000
2803,11.56,49.04,1000000
2804,11.68,49.04,1000000
2805,11.81,49.04,1000000
2806,11.93,49.04,1000000
2807,12.06,49.04,1000000
2808,12.18,49.04,1000000
2809,12.31,49.04,1000000
2810,12.43,49.04,1000000
2811,12.56,49.04,1000000
2812,12.68,49.04,1000000
2813,12.81,49.04,1000000
2814,12.93,49.04,1000000
2815,-12.06,49.12,1000000
2816,-11.93,49.12,1000000
2817,-11.81,49.12,0.17
2818,-11.68,49.12,0.1
2819,-11.56,49.12,0.03
2820,-11.43,49.12,0.01
2821,-11.31,49.12,9.37E-03
2822,-11.18,49.12,0.01
2823,-11.06,49.12,0.04
2824,-10.93,49.12,0.08
2825,-10.81,49.12,0.11
2826,-10.68,49.12,0.13
2827,-10.56,49.12,0.15
2828,-10.43,49.12,0.19
2829,-10.31,49.12,0.21
2830,-10.18,49.12,0.23
2831,-10.06,49.12,0.29
2832,-9.93,49.12,0.33
2833,-9.81,49.12,0.33
2834,-9.68,49.12,0.32
2835,-9.56,49.12,0.3
2836,-9.43,49.12,0.31
2837,-9.31,49.12,0.35
2838,-9.18,49.12,0.39
2839,-9.06,49.12,0.42
2840,-8.93,49.12,0.43
2841,-8.81,49.12,0.44
2842,-8.68,49.12,0.47
2843,-8.56,49.12,0.51
2844,-8.43,49.12,0.57
2845,-8.31,49.12,0.65
2846,-8.18,49.12,0.67
2847,-8.06,49.12,0.66
2848,-7.93,49.12,0.7
2849,-7.81,49.12,0.68
2850,-7.68,49.12,0.7
2851,-7.56,49.12,0.72
2852,-7.43,49.12,0.7
2853,-7.31,49.12,0.68
2854,-7.18,49.12,0.71
2855,-7.06,49.12,0.7
2856,-6.93,49.12,0.65
2857,-6.81,49.12,0.63
2858,-6.68,49.12,0.64
2859,-6.56,49.12,0.67
2860,-6.43,49.12,0.68
2861,-6.31,49.12,0.67
2862,-6.18,49.12,0.64
2863,-6.06,49.12,0.63
2864,-5.93,49.12,0.65
2865,-5.81,49.12,0.66
2866,-5.68,49.12,0.67
2867,-5.56,49.12,0.69
2868,-5.43,49.12,0.73
2869,-5.31,49.12,0.78
2870,-5.18,49.12,0.82
2871,-5.06,49.12,0.86
2872,-4.93,49.12,0.91
2873,-4.81,49.12,0.99
2874,-4.68,49.12,1.11
2875,-4.56,49.12,1.2
2876,-4.43,49.12,1.19
2877,-4.31,49.12,1.15
2878,-4.18,49.12,1.16
2879,-4.06,49.12,1.18
2880,-3.93,49.12,1.22
2881,-3.81,49.12,1.31
2882,-3.68,49.12,1.39
2883,-3.56,49.12,1.48
2884,-3.43,49.12,1.61
2885,-3.31,49.12,1.73
2886,-3.18,49.12,1.86
2887,-3.06,49.12,2.06
2888,-2.93,49.12,2.38
2889,-2.81,49.12,2.96
2890,-2.68,49.12,3
2891,-2.56,49.12,2.77
2892,-2.43,49.12,3
2893,-2.31,49.12,3
2894,-2.18,49.12,3
2895,-2.06,49.12,2.25
2896,-1.93,49.12,1.2
2897,-1.81,49.12,0.65
2898,-1.68,49.12,0.51
2899,-1.56,49.12,1000000
2900,-1.43,49.12,1000000
2901,-1.31,49.12,1000000
2902,-1.18,49.12,1000000
2903,-1.06,49.12,1000000
2904,-0.93,49.12,1000000
2905,-0.81,49.12,1000000
2906,-0.68,49.12,1000000
2907,-0.56,49.12,1000000
2908,-0.43,49.12,1000000
2909,-0.31,49.12,1000000
2910,-0.18,49.12,1000000
2911,-0.06,49.12,1000000
2912,0.06,49.12,1000000
2913,0.18,49.12,1000000
2914,0.31,49.12,1000000
2915,0.43,49.12,1000000
2916,0.56,49.12,1000000
2917,0.68,49.12,1000000
2918,0.81,49.12,1000000
2919,0.93,49.12,1000000
2920,1.06,49.12,1000000
2921,1.18,49.12,1000000
2922,1.31,49.12,1000000
2923,1.43,49.12,1000000
2924,1.56,49.12,1000000
2925,1.68,49.12,1000000
2926,1.81,49.12,1000000
2927,1.93,49.12,1000000
2928,2.06,49.12,1000000
2929,2.18,49.12,1000000
2930,2.31,49.12,1000000
2931,2.43,49.12,1000000
2932,2.56,49.12,1000000
2933,2.68,49.12,1000000
2934,2.81,49.12,1000000
2935,2.93,49.12,1000000
2936,3.06,49.12,1000000
2937,3.18,49.12,1000000
2938,3.31,49.12,1000000
2939,3.43,49.12,1000000
2940,3.56,49.12,1000000
2941,3.68,49.12,1000000
2942,3.81,49.12,1000000
2943,3.93,49.12,1000000
2944,4.06,49.12,1000000
2945,4.18,49.12,1000000
2946,4.31,49.12,1000000
2947,4.43,49.12,1000000
2948,4.56,49.12,1000000
2949,4.68,49.12,1000000
2950,4.81,49.12,1000000
2951,4.93,49.12,1000000
2952,5.06,49.12,1000000
2953,5.18,49.12,1000000
2954,5.31,49.12,1000000
2955,5.43,49.12,1000000
2956,5.56,49.12,1000000
2957,5.68,49.12,1000000
2958,5.81,49.12,1000000
2959,5.93,49.12,1000000
2960,6.06,49.12,1000000
2961,6.18,49.12,1000000
2962,6.31,49.12,1000000
2963,6.43,49.12,1000000
2964,6.56,49.12,1000000
2965,6.68,49.12,1000000
2966,6.81,49.12,1000000
2967,6.93,49.12,1000000
2968,7.06,49.12,1000000
2969,7.18,49.12,1000000
2970,7.31,49.12,1000000
2971,7.43,49.12,1000000
2972,7.56,49.12,1000000
2973,7.68,49.12,1000000
2974,7.81,49.12,1000000
2975,7.93,49.12,1000000
2976,8.06,49.12,1000000
2977,8.18,49.12,1000000
2978,8.31,49.12,1000000
2979,8.43,49.12,1000000
2980,8.56,49.12,1000000
2981,8.68,49.12,1000000
2982,8.81,49.12,1000000
2983,8.93,49.12,1000000
2984,9.06,49.12,1000000
2985,9.18,49.12,1000000
2986,9.31,49.12,1000000
2987,9.43,49.12,1000000
2988,9.56,49.12,1000000
2989,9.68,49.12,1000000
2990,9.81,49.12,1000000
2991,9.93,49.12,1000000
2992,10.06,49.12,1000000
2993,10.18,49.12,1000000
2994,10.31,49.12,1000000
2995,10.43,49.12,1000000
2996,10.56,49.12,1000000
2997,10.68,49.12,1000000
2998,10.81,49.12,1000000
2999,10.93,49.12,1000000
3000,11.06,49.12,1000000
3001,11.18,49.12,1000000
3002,11.31,49.12,1000000
3003,11.43,49.12,1000000
3004,11.56,49.12,1000000
3005,11.68,49.12,1000000
3006,11.81,49.12,1000000
3007,11.93,49.12,1000000
3008,12.06,49.12,1000000
3009,12.18,49.12,1000000
3010,12.31,49.12,1000000
3011,12.43,49.12,1000000
3012,12.56,49.12,1000000
3013,12.68,49.12,1000000
3014,12.81,49.12,1000000
3015,12.93,49.12,1000000
3016,-12.06,49.2,1000000
3017,-11.93,49.2,1000000
3018,-11.81,49.2,0.18
3019,-11.68,49.2,0.11
3020,-11.56,49.2,0.04
3021,-11.43,49.2,0.02
3022,-11.31,49.2,0.02
3023,-11.18,49.2,0.04
3024,-11.06,49.2,0.06
3025,-10.93,49.2,0.09
3026,-10.81,49.2,0.11
3027,-10.68,49.2,0.13
3028,-10.56,49.2,0.16
3029,-10.43,49.2,0.19
3030,-10.31,49.2,0.21
3031,-10.18,49.2,0.23
3032,-10.06,49.2,0.27
3033,-9.93,49.2,0.31
3034,-9.81,49.2,0.31
3035,-9.68,49.2,0.3
3036,-9.56,49.2,0.29
3037,-9.43,49.2,0.31
3038,-9.31,49.2,0.35
3039,-9.18,49.2,0.39
3040,-9.06,49.2,0.41
3041,-8.93,49.2,0.41
3042,-8.81,49.2,0.43
3043,-8.68,49.2,0.46
3044,-8.56,49.2,0.5
3045,-8.43,49.2,0.55
3046,-8.31,49.2,0.61
3047,-8.18,49.2,0.61
3048,-8.06,49.2,0.62
3049,-7.93,49.2,0.63
3050,-7.81,49.2,0.64
3051,-7.68,49.2,0.67
3052,-7.56,49.2,0.66
3053,-7.43,49.2,0.65
3054,-7.31,49.2,0.68
3055,-7.18,49.2,0.69
3056,-7.06,49.2,0.65
3057,-6.93,49.2,0.61
3058,-6.81,49.2,0.61
3059,-6.68,49.2,0.62
3060,-6.56,49.2,0.63
3061,-6.43,49.2,0.63
3062,-6.31,49.2,0.62
3063,-6.18,49.2,0.6
3064,-6.06,49.2,0.6
3065,-5.93,49.2,0.61
3066,-5.81,49.2,0.62
3067,-5.68,49.2,0.62
3068,-5.56,49.2,0.65
3069,-5.43,49.2,0.68
3070,-5.31,49.2,0.72
3071,-5.18,49.2,0.75
3072,-5.06,49.2,0.8
3073,-4.93,49.2,0.87
3074,-4.81,49.2,0.93
3075,-4.68,49.2,1.01
3076,-4.56,49.2,1.07
3077,-4.43,49.2,1.08
3078,-4.31,49.2,1.06
3079,-4.18,49.2,1.06
3080,-4.06,49.2,1.07
3081,-3.93,49.2,1.1
3082,-3.81,49.2,1.16
3083,-3.68,49.2,1.22
3084,-3.56,49.2,1.31
3085,-3.43,49.2,1.42
3086,-3.31,49.2,1.48
3087,-3.18,49.2,1.57
3088,-3.06,49.2,1.73
3089,-2.93,49.2,1.93
3090,-2.81,49.2,2.22
3091,-2.68,49.2,2.41
3092,-2.56,49.2,2.17
3093,-2.43,49.2,2.14
3094,-2.31,49.2,2.18
3095,-2.18,49.2,1000000
3096,-2.06,49.2,1000000
3097,-1.93,49.2,1.35
3098,-1.81,49.2,0.92
3099,-1.68,49.2,0.55
3100,-1.56,49.2,1000000
3101,-1.43,49.2,1000000
3102,-1.31,49.2,1000000
3103,-1.18,49.2,1000000
3104,-1.06,49.2,1000000
3105,-0.93,49.2,1000000
3106,-0.81,49.2,1000000
3107,-0.68,49.2,1000000
3108,-0.56,49.2,1000000
3109,-0.43,49.2,1000000
3110,-0.31,49.2,1000000
3111,-0.18,49.2,1000000
3112,-0.06,49.2,1000000
3113,0.06,49.2,1000000
3114,0.18,49.2,1000000
3115,0.31,49.2,1000000
3116,0.43,49.2,1000000
3117,0.56,49.2,1000000
3118,0.68,49.2,1000000
3119,0.81,49.2,1000000
3120,0.93,49.2,1000000
3121,1.06,49.2,1000000
3122,1.18,49.2,1000000
3123,1.31,49.2,1000000
3124,1.43,49.2,1000000
3125,1.56,49.2,1000000
3126,1.68,49.2,1000000
3127,1.81,49.2,1000000
3128,1.93,49.2,1000000
3129,2.06,49.2,1000000
3130,2.18,49.2,1000000
3131,2.31,49.2,1000000
3132,2.43,49.2,1000000
3133,2.56,49.2,1000000
3134,2.68,49.2,1000000
3135,2.81,49.2,1000000
3136,2.93,49.2,1000000
3137,3.06,49.2,1000000
3138,3.18,49.2,1000000
3139,3.31,49.2,1000000
3140,3.43,49.2,1000000
3141,3.56,49.2,1000000
3142,3.68,49.2,1000000
3143,3.81,49.2,1000000
3144,3.93,49.2,1000000
3145,4.06,49.2,1000000
3146,4.18,49.2,1000000
3147,4.31,49.2,1000000
3148,4.43,49.2,1000000
3149,4.56,49.2,1000000
3150,4.68,49.2,1000000
3151,4.81,49.2,1000000
3152,4.93,49.2,1000000
3153,5.06,49.2,1000000
3154,5.18,49.2,1000000
3155,5.31,49.2,1000000
3156,5.43,49.2,1000000
3157,5.56,49.2,1000000
3158,5.68,49.2,1000000
3159,5.81,49.2,1000000
3160,5.93,49.2,1000000
3161,6.06,49.2,1000000
3162,6.18,49.2,1000000
3163,6.31,49.2,1000000
3164,6.43,49.2,1000000
3165,6.56,49.2,1000000
3166,6.68,49.2,1000000
3167,6.81,49.2,1000000
3168,6.93,49.2,1000000
3169,7.06,49.2,1000000
3170,7.18,49.2,1000000
3171,7.31,49.2,1000000
3172,7.43,49.2,1000000
3173,7.56,49.2,1000000
3174,7.68,49.2,1000000
3175,7.81,49.2,1000000
3176,7.93,49.2,1000000
3177,8.06,49.2,1000000
3178,8.18,49.2,1000000
3179,8.31,49.2,1000000
3180,8.43,49.2,1000000
3181,8.56,49.2,1000000
3182,8.68,49.2,1000000
3183,8.81,49.2,1000000
3184,8.93,49.2,1000000
3185,9.06,49.2,1000000
3186,9.18,49.2,1000000
3187,9.31,49.2,1000000
3188,9.43,49.2,1000000
3189,9.56,49.2,1000000
3190,9.68,49.2,1000000
3191,9.81,49.2,1000000
3192,9.93,49.2,1000000
3193,10.06,49.2,1000000
3194,10.18,49.2,1000000
3195,10.31,49.2,1000000
3196,10.43,49.2,1000000
3197,10.56,49.2,1000000
3198,10.68,49.2,1000000
3199,10.81,49.2,1000000
3200,10.93,49.2,1000000
3201,11.06,49.2,1000000
3202,11.18,49.2,1000000
3203,11.31,49.2,1000000
3204,11.43,49.2,1000000
3205,11.56,49.2,1000000
3206,11.68,49.2,1000000
3207,11.81,49.2,1000000
3208,11.93,49.2,1000000
3209,12.06,49.2,1000000
3210,12.18,49.2,1000000
3211,12.31,49.2,1000000
3212,12.43,49.2,1000000
3213,12.56,49.2,1000000
3214,12.68,49.2,1000000
3215,12.81,49.2,1000000
3216,12.93,49.2,1000000
3217,-12.06,49.29,1000000
3218,-11.93,49.29,1000000
3219,-11.81,49.29,0.14
3220,-11.68,49.29,0.1
3221,-11.56,49.29,0.06
3222,-11.43,49.29,0.05
3223,-11.31,49.29,0.05
3224,-11.18,49.29,0.06
3225,-11.06,49.29,0.08
3226,-10.93,49.29,0.1
3227,-10.81,49.29,0.11
3228,-10.68,49.29,0.13
3229,-10.56,49.29,0.17
3230,-10.43,49.29,0.21
3231,-10.31,49.29,0.22
3232,-10.18,49.29,0.24
3233,-10.06,49.29,0.27
3234,-9.93,49.29,0.28
3235,-9.81,49.29,0.29
3236,-9.68,49.29,0.29
3237,-9.56,49.29,0.29
3238,-9.43,49.29,0.31
3239,-9.31,49.29,0.35
3240,-9.18,49.29,0.39
3241,-9.06,49.29,0.41
3242,-8.93,49.29,0.41
3243,-8.81,49.29,0.42
3244,-8.68,49.29,0.45
3245,-8.56,49.29,0.48
3246,-8.43,49.29,0.52
3247,-8.31,49.29,0.55
3248,-8.18,49.29,0.57
3249,-8.06,49.29,0.6
3250,-7.93,49.29,0.59
3251,-7.81,49.29,0.62
3252,-7.68,49.29,0.63
3253,-7.56,49.29,0.62
3254,-7.43,49.29,0.62
3255,-7.31,49.29,0.63
3256,-7.18,49.29,0.63
3257,-7.06,49.29,0.63
3258,-6.93,49.29,0.62
3259,-6.81,49.29,0.61
3260,-6.68,49.29,0.59
3261,-6.56,49.29,0.58
3262,-6.43,49.29,0.57
3263,-6.31,49.29,0.57
3264,-6.18,49.29,0.56
3265,-6.06,49.29,0.56
3266,-5.93,49.29,0.56
3267,-5.81,49.29,0.56
3268,-5.68,49.29,0.58
3269,-5.56,49.29,0.6
3270,-5.43,49.29,0.63
3271,-5.31,49.29,0.67
3272,-5.18,49.29,0.71
3273,-5.06,49.29,0.76
3274,-4.93,49.29,0.81
3275,-4.81,49.29,0.85
3276,-4.68,49.29,0.9
3277,-4.56,49.29,0.94
3278,-4.43,49.29,0.96
3279,-4.31,49.29,0.97
3280,-4.18,49.29,0.98
3281,-4.06,49.29,0.98
3282,-3.93,49.29,0.97
3283,-3.81,49.29,1
3284,-3.68,49.29,1.07
3285,-3.56,49.29,1.16
3286,-3.43,49.29,1.24
3287,-3.31,49.29,1.29
3288,-3.18,49.29,1.31
3289,-3.06,49.29,1.37
3290,-2.93,49.29,1.55
3291,-2.81,49.29,1.84
3292,-2.68,49.29,2.01
3293,-2.56,49.29,1.71
3294,-2.43,49.29,1.56
3295,-2.31,49.29,1.72
3296,-2.18,49.29,1.9
3297,-2.06,49.29,3
3298,-1.93,49.29,3
3299,-1.81,49.29,1.66
3300,-1.68,49.29,0.94
3301,-1.56,49.29,1000000
3302,-1.43,49.29,1000000
3303,-1.31,49.29,1000000
3304,-1.18,49.29,1000000
3305,-1.06,49.29,1000000
3306,-0.93,49.29,1000000
3307,-0.81,49.29,1000000
3308,-0.68,49.29,1000000
3309,-0.56,49.29,1000000
3310,-0.43,49.29,1000000
3311,-0.31,49.29,1000000
3312,-0.18,49.29,0.06
3313,-0.06,49.29,1000000
3314,0.06,49.29,1000000
3315,0.18,49.29,1000000
3316,0.31,49.29,1000000
3317,0.43,49.29,1000000
3318,0.56,49.29,1000000
3319,0.68,49.29,1000000
3320,0.81,49.29,1000000
3321,0.93,49.29,1000000
3322,1.06,49.29,1000000
3323,1.18,49.29,1000000
3324,1.31,49.29,1000000
3325,1.43,49.29,1000000
3326,1.56,49.29,1000000
3327,1.68,49.29,1000000
3328,1.81,49.29,1000000
3329,1.93,49.29,1000000
3330,2.06,49.29,1000000
3331,2.18,49.29,1000000
3332,2.31,49.29,1000000
3333,2.43,49.29,1000000
3334,2.56,49.29,1000000
3335,2.68,49.29,1000000
3336,2.81,49.29,1000000
3337,2.93,49.29,1000000
3338,3.06,49.29,1000000
3339,3.18,49.29,1000000
3340,3.31,49.29,1000000
3341,3.43,49.29,1000000
3342,3.56,49.29,1000000
3343,3.68,49.29,1000000
3344,3.81,49.29,1000000
3345,3.93,49.29,1000000
3346,4.06,49.29,1000000
3347,4.18,49.29,1000000
3348,4.31,49.29,1000000
3349,4.43,49.29,1000000
3350,4.56,49.29,1000000
3351,4.68,49.29,1000000
3352,4.81,49.29,1000000
3353,4.93,49.29,1000000
3354,5.06,49.29,1000000
3355,5.18,49.29,1000000
3356,5.31,49.29,1000000
3357,5.43,49.29,1000000
3358,5.56,49.29,1000000
3359,5.68,49.29,1000000
3360,5.81,49.29,1000000
3361,5.93,49.29,1000000
3362,6.06,49.29,1000000
3363,6.18,49.29,1000000
3364,6.31,49.29,1000000
3365,6.43,49.29,1000000
3366,6.56,49.29,1000000
3367,6.68,49.29,1000000
3368,6.81,49.29,1000000
3369,6.93,49.29,1000000
3370,7.06,49.29,1000000
3371,7.18,49.29,1000000
3372,7.31,49.29,1000000
3373,7.43,49.29,1000000
3374,7.56,49.29,1000000
3375,7.68,49.29,1000000
3376,7.81,49.29,1000000
3377,7.93,49.29,1000000
3378,8.06,49.29,1000000
3379,8.18,49.29,1000000
3380,8.31,49.29,1000000
3381,8.43,49.29,1000000
3382,8.56,49.29,1000000
3383,8.68,49.29,1000000
3384,8.81,49.29,1000000
3385,8.93,49.29,1000000
3386,9.06,49.29,1000000
3387,9.18,49.29,1000000
3388,9.31,49.29,1000000
3389,9.43,49.29,1000000
3390,9.56,49.29,1000000
3391,9.68,49.29,1000000
3392,9.81,49.29,1000000
3393,9.93,49.29,1000000
3394,10.06,49.29,1000000
3395,10.18,49.29,1000000
3396,10.31,49.29,1000000
3397,10.43,49.29,1000000
3398,10.56,49.29,1000000
3399,10.68,49.29,1000000
3400,10.81,49.29,1000000
3401,10.93,49.29,1000000
3402,11.06,49.29,1000000
3403,11.18,49.29,1000000
3404,11.31,49.29,1000000
3405,11.43,49.29,1000000
3406,11.56,49.29,1000000
3407,11.68,49.29,1000000
3408,11.81,49.29,1000000
3409,11.93,49.29,1000000
3410,12.06,49.29,1000000
3411,12.18,49.29,1000000
3412,12.31,49.29,1000000
3413,12.43,49.29,1000000
3414,12.56,49.29,1000000
3415,12.68,49.29,1000000
3416,12.81,49.29,1000000
3417,12.93,49.29,1000000
3418,-12.06,49.37,1000000
3419,-11.93,49.37,1000000
3420,-11.81,49.37,0.1
3421,-11.68,49.37,0.09
3422,-11.56,49.37,0.07
3423,-11.43,49.37,0.06
3424,-11.31,49.37,0.05
3425,-11.18,49.37,0.07
3426,-11.06,49.37,0.08
3427,-10.93,49.37,0.1
3428,-10.81,49.37,0.12
3429,-10.68,49.37,0.14
3430,-10.56,49.37,0.18
3431,-10.43,49.37,0.2
3432,-10.31,49.37,0.23
3433,-10.18,49.37,0.24
3434,-10.06,49.37,0.25
3435,-9.93,49.37,0.25
3436,-9.81,49.37,0.27
3437,-9.68,49.37,0.28
3438,-9.56,49.37,0.3
3439,-9.43,49.37,0.32
3440,-9.31,49.37,0.35
3441,-9.18,49.37,0.39
3442,-9.06,49.37,0.41
3443,-8.93,49.37,0.42
3444,-8.81,49.37,0.43
3445,-8.68,49.37,0.45
3446,-8.56,49.37,0.46
3447,-8.43,49.37,0.48
3448,-8.31,49.37,0.5
3449,-8.18,49.37,0.56
3450,-8.06,49.37,0.57
3451,-7.93,49.37,0.54
3452,-7.81,49.37,0.58
3453,-7.68,49.37,0.62
3454,-7.56,49.37,0.6
3455,-7.43,49.37,0.58
3456,-7.31,49.37,0.58
3457,-7.18,49.37,0.59
3458,-7.06,49.37,0.59
3459,-6.93,49.37,0.6
3460,-6.81,49.37,0.58
3461,-6.68,49.37,0.54
3462,-6.56,49.37,0.52
3463,-6.43,49.37,0.52
3464,-6.31,49.37,0.53
3465,-6.18,49.37,0.52
3466,-6.06,49.37,0.52
3467,-5.93,49.37,0.51
3468,-5.81,49.37,0.51
3469,-5.68,49.37,0.53
3470,-5.56,49.37,0.55
3471,-5.43,49.37,0.58
3472,-5.31,49.37,0.63
3473,-5.18,49.37,0.67
3474,-5.06,49.37,0.72
3475,-4.93,49.37,0.75
3476,-4.81,49.37,0.78
3477,-4.68,49.37,0.82
3478,-4.56,49.37,0.85
3479,-4.43,49.37,0.86
3480,-4.31,49.37,0.88
3481,-4.18,49.37,0.91
3482,-4.06,49.37,0.9
3483,-3.93,49.37,0.87
3484,-3.81,49.37,0.91
3485,-3.68,49.37,0.97
3486,-3.56,49.37,1.01
3487,-3.43,49.37,1.08
3488,-3.31,49.37,1.12
3489,-3.18,49.37,1.1
3490,-3.06,49.37,1.09
3491,-2.93,49.37,1.14
3492,-2.81,49.37,1.65
3493,-2.68,49.37,2.09
3494,-2.56,49.37,1.2
3495,-2.43,49.37,2.83
3496,-2.31,49.37,2.49
3497,-2.18,49.37,1.89
3498,-2.06,49.37,2.79
3499,-1.93,49.37,3
3500,-1.81,49.37,2.6
3501,-1.68,49.37,1000000
3502,-1.56,49.37,1000000
3503,-1.43,49.37,1000000
3504,-1.31,49.37,1000000
3505,-1.18,49.37,1000000
3506,-1.06,49.37,1000000
3507,-0.93,49.37,0.8
3508,-0.81,49.37,0.58
3509,-0.68,49.37,0.67
3510,-0.56,49.37,0.77
3511,-0.43,49.37,0.72
3512,-0.31,49.37,0.55
3513,-0.18,49.37,0.39
3514,-0.06,49.37,0.27
3515,0.06,49.37,0.24
3516,0.18,49.37,1000000
3517,0.31,49.37,1000000
3518,0.43,49.37,1000000
3519,0.56,49.37,1000000
3520,0.68,49.37,1000000
3521,0.81,49.37,1000000
3522,0.93,49.37,1000000
3523,1.06,49.37,1000000
3524,1.18,49.37,1000000
3525,1.31,49.37,1000000
3526,1.43,49.37,1000000
3527,1.56,49.37,1000000
3528,1.68,49.37,1000000
3529,1.81,49.37,1000000
3530,1.93,49.37,1000000
3531,2.06,49.37,1000000
3532,2.18,49.37,1000000
3533,2.31,49.37,1000000
3534,2.43,49.37,1000000
3535,2.56,49.37,1000000
3536,2.68,49.37,1000000
3537,2.81,49.37,1000000
3538,2.93,49.37,1000000
3539,3.06,49.37,1000000
3540,3.18,49.37,1000000
3541,3.31,49.37,1000000
3542,3.43,49.37,1000000
3543,3.56,49.37,1000000
3544,3.68,49.37,1000000
3545,3.81,49.37,1000000
3546,3.93,49.37,1000000
3547,4.06,49.37,1000000
3548,4.18,49.37,1000000
3549,4.31,49.37,1000000
3550,4.43,49.37,1000000
3551,4.56,49.37,1000000
3552,4.68,49.37,1000000
3553,4.81,49.37,1000000
3554,4.93,49.37,1000000
3555,5.06,49.37,1000000
3556,5.18,49.37,1000000
3557,5.31,49.37,1000000
3558,5.43,49.37,1000000
3559,5.56,49.37,1000000
3560,5.68,49.37,1000000
3561,5.81,49.37,1000000
3562,5.93,49.37,1000000
3563,6.06,49.37,1000000
3564,6.18,49.37,1000000
3565,6.31,49.37,1000000
3566,6.43,49.37,1000000
3567,6.56,49.37,1000000
3568,6.68,49.37,1000000
3569,6.81,49.37,1000000
3570,6.93,49.37,1000000
3571,7.06,49.37,1000000
3572,7.18,49.37,1000000
3573,7.31,49.37,1000000
3574,7.43,49.37,1000000
3575,7.56,49.37,1000000
3576,7.68,49.37,1000000
3577,7.81,49.37,1000000
3578,7.93,49.37,1000000
3579,8.06,49.37,1000000
3580,8.18,49.37,1000000
3581,8.31,49.37,1000000
3582,8.43,49.37,1000000
3583,8.56,49.37,1000000
3584,8.68,49.37,1000000
3585,8.81,49.37,1000000
3586,8.93,49.37,1000000
3587,9.06,49.37,1000000
3588,9.18,49.37,1000000
3589,9.31,49.37,1000000
3590,9.43,49.37,1000000
3591,9.56,49.37,1000000
3592,9.68,49.37,1000000
3593,9.81,49.37,1000000
3594,9.93,49.37,1000000
3595,10.06,49.37,1000000
3596,10.18,49.37,1000000
3597,10.31,49.37,1000000
3598,10.43,49.37,1000000
3599,10.56,49.37,1000000
3600,10.68,49.37,1000000
3601,10.81,49.37,1000000
3602,10.93,49.37,1000000
3603,11.06,49.37,1000000
3604,11.18,49.37,1000000
3605,11.31,49.37,1000000
3606,11.43,49.37,1000000
3607,11.56,49.37,1000000
3608,11.68,49.37,1000000
3609,11.81,49.37,1000000
3610,11.93,49.37,1000000
3611,12.06,49.37,1000000
3612,12.18,49.37,1000000
3613,12.31,49.37,1000000
3614,12.43,49.37,1000000
3615,12.56,49.37,1000000
3616,12.68,49.37,1000000
3617,12.81,49.37,1000000
3618,12.93,49.37,1000000
3619,-12.06,49.45,1000000
3620,-11.93,49.45,1000000
3621,-11.81,49.45,0.08
3622,-11.68,49.45,0.09
3623,-11.56,49.45,0.07
3624,-11.43,49.45,0.05
3625,-11.31,49.45,0.05
3626,-11.18,49.45,0.06
3627,-11.06,49.45,0.08
3628,-10.93,49.45,0.1
3629,-10.81,49.45,0.12
3630,-10.68,49.45,0.14
3631,-10.56,49.45,0.16
3632,-10.43,49.45,0.18
3633,-10.31,49.45,0.21
3634,-10.18,49.45,0.23
3635,-10.06,49.45,0.22
3636,-9.93,49.45,0.22
3637,-9.81,49.45,0.24
3638,-9.68,49.45,0.27
3639,-9.56,49.45,0.32
3640,-9.43,49.45,0.35
3641,-9.31,49.45,0.35
3642,-9.18,49.45,0.38
3643,-9.06,49.45,0.41
3644,-8.93,49.45,0.43
3645,-8.81,49.45,0.45
3646,-8.68,49.45,0.46
3647,-8.56,49.45,0.44
3648,-8.43,49.45,0.44
3649,-8.31,49.45,0.49
3650,-8.18,49.45,0.54
3651,-8.06,49.45,0.51
3652,-7.93,49.45,0.51
3653,-7.81,49.45,0.56
3654,-7.68,49.45,0.57
3655,-7.56,49.45,0.54
3656,-7.43,49.45,0.53
3657,-7.31,49.45,0.54
3658,-7.18,49.45,0.53
3659,-7.06,49.45,0.53
3660,-6.93,49.45,0.56
3661,-6.81,49.45,0.54
3662,-6.68,49.45,0.5
3663,-6.56,49.45,0.49
3664,-6.43,49.45,0.5
3665,-6.31,49.45,0.49
3666,-6.18,49.45,0.48
3667,-6.06,49.45,0.47
3668,-5.93,49.45,0.47
3669,-5.81,49.45,0.47
3670,-5.68,49.45,0.48
3671,-5.56,49.45,0.5
3672,-5.43,49.45,0.54
3673,-5.31,49.45,0.59
3674,-5.18,49.45,0.63
3675,-5.06,49.45,0.68
3676,-4.93,49.45,0.71
3677,-4.81,49.45,0.73
3678,-4.68,49.45,0.76
3679,-4.56,49.45,0.76
3680,-4.43,49.45,0.76
3681,-4.31,49.45,0.79
3682,-4.18,49.45,0.83
3683,-4.06,49.45,0.81
3684,-3.93,49.45,0.8
3685,-3.81,49.45,0.84
3686,-3.68,49.45,0.84
3687,-3.56,49.45,0.89
3688,-3.43,49.45,1.01
3689,-3.31,49.45,1.04
3690,-3.18,49.45,0.99
3691,-3.06,49.45,1.03
3692,-2.93,49.45,1.17
3693,-2.81,49.45,1.64
3694,-2.68,49.45,2.2
3695,-2.56,49.45,1000000
3696,-2.43,49.45,3
3697,-2.31,49.45,3
3698,-2.18,49.45,3
3699,-2.06,49.45,3
3700,-1.93,49.45,3
3701,-1.81,49.45,1000000
3702,-1.68,49.45,1000000
3703,-1.56,49.45,1000000
3704,-1.43,49.45,1000000
3705,-1.31,49.45,1000000
3706,-1.18,49.45,0.64
3707,-1.06,49.45,0.82
3708,-0.93,49.45,1.29
3709,-0.81,49.45,1.07
3710,-0.68,49.45,0.93
3711,-0.56,49.45,0.87
3712,-0.43,49.45,0.78
3713,-0.31,49.45,0.63
3714,-0.18,49.45,0.47
3715,-0.06,49.45,0.32
3716,0.06,49.45,0.17
3717,0.18,49.45,0.13
3718,0.31,49.45,1000000
3719,0.43,49.45,1000000
3720,0.56,49.45,1000000
3721,0.68,49.45,1000000
3722,0.81,49.45,1000000
3723,0.93,49.45,1000000
3724,1.06,49.45,1000000
3725,1.18,49.45,1000000
3726,1.31,49.45,1000000
3727,1.43,49.45,1000000
3728,1.56,49.45,1000000
3729,1.68,49.45,1000000
3730,1.81,49.45,1000000
3731,1.93,49.45,1000000
3732,2.06,49.45,1000000
3733,2.18,49.45,1000000
3734,2.31,49.45,1000000
3735,2.43,49.45,1000000
3736,2.56,49.45,1000000
3737,2.68,49.45,1000000
3738,2.81,49.45,1000000
3739,2.93,49.45,1000000
3740,3.06,49.45,1000000
3741,3.18,49.45,1000000
3742,3.31,49.45,1000000
3743,3.43,49.45,1000000
3744,3.56,49.45,1000000
3745,3.68,49.45,1000000
3746,3.81,49.45,1000000
3747,3.93,49.45,1000000
3748,4.06,49.45,1000000
3749,4.18,49.45,1000000
3750,4.31,49.45,1000000
3751,4.43,49.45,1000000
3752,4.56,49.45,1000000
3753,4.68,49.45,1000000
3754,4.81,49.45,1000000
3755,4.93,49.45,1000000
3756,5.06,49.45,1000000
3757,5.18,49.45,1000000
3758,5.31,49.45,1000000
3759,5.43,49.45,1000000
3760,5.56,49.45,1000000
3761,5.68,49.45,1000000
3762,5.81,49.45,1000000
3763,5.93,49.45,1000000
3764,6.06,49.45,1000000
3765,6.18,49.45,1000000
3766,6.31,49.45,1000000
3767,6.43,49.45,1000000
3768,6.56,49.45,1000000
3769,6.68,49.45,1000000
3770,6.81,49.45,1000000
3771,6.93,49.45,1000000
3772,7.06,49.45,1000000
3773,7.18,49.45,1000000
3774,7.31,49.45,1000000
3775,7.43,49.45,1000000
3776,7.56,49.45,1000000
3777,7.68,49.45,1000000
3778,7.81,49.45,1000000
3779,7.93,49.45,1000000
3780,8.06,49.45,1000000
3781,8.18,49.45,1000000
3782,8.31,49.45,1000000
3783,8.43,49.45,1000000
3784,8.56,49.45,1000000
3785,8.68,49.45,1000000
3786,8.81,49.45,1000000
3787,8.93,49.45,1000000
3788,9.06,49.45,1000000
3789,9.18,49.45,1000000
3790,9.31,49.45,1000000
3791,9.43,49.45,1000000
3792,9.56,49.45,1000000
3793,9.68,49.45,1000000
3794,9.81,49.45,1000000
3795,9.93,49.45,1000000
3796,10.06,49.45,1000000
3797,10.18,49.45,1000000
3798,10.31,49.45,1000000
3799,10.43,49.45,1000000
3800,10.56,49.45,1000000
3801,10.68,49.45,1000000
3802,10.81,49.45,1000000
3803,10.93,49.45,1000000
3804,11.06,49.45,1000000
3805,11.18,49.45,1000000
3806,11.31,49.45,1000000
3807,11.43,49.45,1000000
3808,11.56,49.45,1000000
3809,11.68,49.45,1000000
3810,11.81,49.45,1000000
3811,11.93,49.45,1000000
3812,12.06,49.45,1000000
3813,12.18,49.45,1000000
3814,12.31,49.45,1000000
3815,12.43,49.45,1000000
3816,12.56,49.45,1000000
3817,12.68,49.45,1000000
3818,12.81,49.45,1000000
3819,12.93,49.45,1000000
3820,-12.06,49.54,1000000
3821,-11.93,49.54,1000000
3822,-11.81,49.54,0.07
3823,-11.68,49.54,0.09
3824,-11.56,49.54,0.07
3825,-11.43,49.54,0.05
3826,-11.31,49.54,0.05
3827,-11.18,49.54,0.06
3828,-11.06,49.54,0.08
3829,-10.93,49.54,0.09
3830,-10.81,49.54,0.1
3831,-10.68,49.54,0.12
3832,-10.56,49.54,0.14
3833,-10.43,49.54,0.17
3834,-10.31,49.54,0.19
3835,-10.18,49.54,0.21
3836,-10.06,49.54,0.21
3837,-9.93,49.54,0.22
3838,-9.81,49.54,0.23
3839,-9.68,49.54,0.27
3840,-9.56,49.54,0.33
3841,-9.43,49.54,0.35
3842,-9.31,49.54,0.35
3843,-9.18,49.54,0.37
3844,-9.06,49.54,0.4
3845,-8.93,49.54,0.44
3846,-8.81,49.54,0.48
3847,-8.68,49.54,0.45
3848,-8.56,49.54,0.42
3849,-8.43,49.54,0.43
3850,-8.31,49.54,0.48
3851,-8.18,49.54,0.48
3852,-8.06,49.54,0.47
3853,-7.93,49.54,0.52
3854,-7.81,49.54,0.54
3855,-7.68,49.54,0.51
3856,-7.56,49.54,0.48
3857,-7.43,49.54,0.5
3858,-7.31,49.54,0.51
3859,-7.18,49.54,0.5
3860,-7.06,49.54,0.52
3861,-6.93,49.54,0.54
3862,-6.81,49.54,0.51
3863,-6.68,49.54,0.49
3864,-6.56,49.54,0.49
3865,-6.43,49.54,0.48
3866,-6.31,49.54,0.46
3867,-6.18,49.54,0.45
3868,-6.06,49.54,0.43
3869,-5.93,49.54,0.42
3870,-5.81,49.54,0.43
3871,-5.68,49.54,0.44
3872,-5.56,49.54,0.46
3873,-5.43,49.54,0.51
3874,-5.31,49.54,0.55
3875,-5.18,49.54,0.6
3876,-5.06,49.54,0.65
3877,-4.93,49.54,0.67
3878,-4.81,49.54,0.68
3879,-4.68,49.54,0.69
3880,-4.56,49.54,0.68
3881,-4.43,49.54,0.68
3882,-4.31,49.54,0.71
3883,-4.18,49.54,0.74
3884,-4.06,49.54,0.71
3885,-3.93,49.54,0.71
3886,-3.81,49.54,0.76
3887,-3.68,49.54,0.79
3888,-3.56,49.54,0.86
3889,-3.43,49.54,0.99
3890,-3.31,49.54,1.04
3891,-3.18,49.54,1.14
3892,-3.06,49.54,1.26
3893,-2.93,49.54,1.45
3894,-2.81,49.54,2.03
3895,-2.68,49.54,2.99
3896,-2.56,49.54,1.94
3897,-2.43,49.54,2.94
3898,-2.31,49.54,3
3899,-2.18,49.54,3
3900,-2.06,49.54,3
3901,-1.93,49.54,3
3902,-1.81,49.54,1000000
3903,-1.68,49.54,1000000
3904,-1.56,49.54,1000000
3905,-1.43,49.54,1000000
3906,-1.31,49.54,1000000
3907,-1.18,49.54,1.09
3908,-1.06,49.54,1.09
3909,-0.93,49.54,1.36
3910,-0.81,49.54,1.31
3911,-0.68,49.54,1.14
3912,-0.56,49.54,1
3913,-0.43,49.54,0.87
3914,-0.31,49.54,0.72
3915,-0.18,49.54,0.54
3916,-0.06,49.54,0.34
3917,0.06,49.54,0.26
3918,0.18,49.54,1000000
3919,0.31,49.54,1000000
3920,0.43,49.54,1000000
3921,0.56,49.54,1000000
3922,0.68,49.54,1000000
3923,0.81,49.54,1000000
3924,0.93,49.54,1000000
3925,1.06,49.54,1000000
3926,1.18,49.54,1000000
3927,1.31,49.54,1000000
3928,1.43,49.54,1000000
3929,1.56,49.54,1000000
3930,1.68,49.54,1000000
3931,1.81,49.54,1000000
3932,1.93,49.54,1000000
3933,2.06,49.54,1000000
3934,2.18,49.54,1000000
3935,2.31,49.54,1000000
3936,2.43,49.54,1000000
3937,2.56,49.54,1000000
3938,2.68,49.54,1000000
3939,2.81,49.54,1000000
3940,2.93,49.54,1000000
3941,3.06,49.54,1000000
3942,3.18,49.54,1000000
3943,3.31,49.54,1000000
3944,3.43,49.54,1000000
3945,3.56,49.54,1000000
3946,3.68,49.54,1000000
3947,3.81,49.54,1000000
3948,3.93,49.54,1000000
3949,4.06,49.54,1000000
3950,4.18,49.54,1000000
3951,4.31,49.54,1000000
3952,4.43,49.54,1000000
3953,4.56,49.54,1000000
3954,4.68,49.54,1000000
3955,4.81,49.54,1000000
3956,4.93,49.54,1000000
3957,5.06,49.54,1000000
3958,5.18,49.54,1000000
3959,5.31,49.54,1000000
3960,5.43,49.54,1000000
3961,5.56,49.54,1000000
3962,5.68,49.54,1000000
3963,5.81,49.54,1000000
3964,5.93,49.54,1000000
3965,6.06,49.54,1000000
3966,6.18,49.54,1000000
3967,6.31,49.54,1000000
3968,6.43,49.54,1000000
3969,6.56,49.54,1000000
3970,6.68,49.54,1000000
3971,6.81,49.54,1000000
3972,6.93,49.54,1000000
3973,7.06,49.54,1000000
3974,7.18,49.54,1000000
3975,7.31,49.54,1000000
3976,7.43,49.54,1000000
3977,7.56,49.54,1000000
3978,7.68,49.54,1000000
3979,7.81,49.54,1000000
3980,7.93,49.54,1000000
3981,8.06,49.54,1000000
3982,8.18,49.54,1000000
3983,8.31,49.54,1000000
3984,8.43,49.54,1000000
3985,8.56,49.54,1000000
3986,8.68,49.54,1000000
3987,8.81,49.54,1000000
3988,8.93,49.54,1000000
3989,9.06,49.54,1000000
3990,9.18,49.54,1000000
3991,9.31,49.54,1000000
3992,9.43,49.54,1000000
3993,9.56,49.54,1000000
3994,9.68,49.54,1000000
3995,9.81,49.54,1000000
3996,9.93,49.54,1000000
3997,10.06,49.54,1000000
3998,10.18,49.54,1000000
3999,10.31,49.54,1000000
4000,10.43,49.54,1000000
4001,10.56,49.54,1000000
4002,10.68,49.54,1000000
4003,10.81,49.54,1000000
4004,10.93,49.54,1000000
4005,11.06,49.54,1000000
4006,11.18,49.54,1000000
4007,11.31,49.54,1000000
4008,11.43,49.54,1000000
4009,11.56,49.54,1000000
4010,11.68,49.54,1000000
4011,11.81,49.54,1000000
4012,11.93,49.54,1000000
4013,12.06,49.54,1000000
4014,12.18,49.54,1000000
4015,12.31,49.54,1000000
4016,12.43,49.54,1000000
4017,12.56,49.54,1000000
4018,12.68,49.54,1000000
4019,12.81,49.54,1000000
4020,12.93,49.54,1000000
4021,-12.06,49.62,1000000
4022,-11.93,49.62,1000000
4023,-11.81,49.62,0.06
4024,-11.68,49.62,0.08
4025,-11.56,49.62,0.07
4026,-11.43,49.62,0.06
4027,-11.31,49.62,0.05
4028,-11.18,49.62,0.05
4029,-11.06,49.62,0.06
4030,-10.93,49.62,0.06
4031,-10.81,49.62,0.08
4032,-10.68,49.62,0.11
4033,-10.56,49.62,0.13
4034,-10.43,49.62,0.15
4035,-10.31,49.62,0.17
4036,-10.18,49.62,0.19
4037,-10.06,49.62,0.21
4038,-9.93,49.62,0.21
4039,-9.81,49.62,0.22
4040,-9.68,49.62,0.27
4041,-9.56,49.62,0.32
4042,-9.43,49.62,0.35
4043,-9.31,49.62,0.36
4044,-9.18,49.62,0.36
4045,-9.06,49.62,0.38
4046,-8.93,49.62,0.44
4047,-8.81,49.62,0.48
4048,-8.68,49.62,0.44
4049,-8.56,49.62,0.41
4050,-8.43,49.62,0.42
4051,-8.31,49.62,0.42
4052,-8.18,49.62,0.43
4053,-8.06,49.62,0.49
4054,-7.93,49.62,0.54
4055,-7.81,49.62,0.52
4056,-7.68,49.62,0.48
4057,-7.56,49.62,0.48
4058,-7.43,49.62,0.5
4059,-7.31,49.62,0.5
4060,-7.18,49.62,0.5
4061,-7.06,49.62,0.52
4062,-6.93,49.62,0.52
4063,-6.81,49.62,0.52
4064,-6.68,49.62,0.52
4065,-6.56,49.62,0.49
4066,-6.43,49.62,0.46
4067,-6.31,49.62,0.44
4068,-6.18,49.62,0.41
4069,-6.06,49.62,0.4
4070,-5.93,49.62,0.39
4071,-5.81,49.62,0.39
4072,-5.68,49.62,0.41
4073,-5.56,49.62,0.44
4074,-5.43,49.62,0.48
4075,-5.31,49.62,0.53
4076,-5.18,49.62,0.59
4077,-5.06,49.62,0.63
4078,-4.93,49.62,0.64
4079,-4.81,49.62,0.63
4080,-4.68,49.62,0.62
4081,-4.56,49.62,0.6
4082,-4.43,49.62,0.6
4083,-4.31,49.62,0.62
4084,-4.18,49.62,0.65
4085,-4.06,49.62,0.64
4086,-3.93,49.62,0.64
4087,-3.81,49.62,0.71
4088,-3.68,49.62,0.77
4089,-3.56,49.62,0.86
4090,-3.43,49.62,0.98
4091,-3.31,49.62,1.12
4092,-3.18,49.62,1.25
4093,-3.06,49.62,1.29
4094,-2.93,49.62,1.38
4095,-2.81,49.62,1.66
4096,-2.68,49.62,2.26
4097,-2.56,49.62,2.55
4098,-2.43,49.62,3
4099,-2.31,49.62,3
4100,-2.18,49.62,3
4101,-2.06,49.62,3
4102,-1.93,49.62,3
4103,-1.81,49.62,1000000
4104,-1.68,49.62,1000000
4105,-1.56,49.62,1000000
4106,-1.43,49.62,1000000
4107,-1.31,49.62,1000000
4108,-1.18,49.62,2.85
4109,-1.06,49.62,1.86
4110,-0.93,49.62,1.77
4111,-0.81,49.62,1.61
4112,-0.68,49.62,1.4
4113,-0.56,49.62,1.2
4114,-0.43,49.62,1.05
4115,-0.31,49.62,0.89
4116,-0.18,49.62,0.7
4117,-0.06,49.62,0.55
4118,0.06,49.62,0.64
4119,0.18,49.62,1000000
4120,0.31,49.62,1000000
4121,0.43,49.62,1000000
4122,0.56,49.62,1000000
4123,0.68,49.62,1000000
4124,0.81,49.62,1000000
4125,0.93,49.62,1000000
4126,1.06,49.62,1000000
4127,1.18,49.62,1000000
4128,1.31,49.62,1000000
4129,1.43,49.62,1000000
4130,1.56,49.62,1000000
4131,1.68,49.62,1000000
4132,1.81,49.62,1000000
4133,1.93,49.62,1000000
4134,2.06,49.62,1000000
4135,2.18,49.62,1000000
4136,2.31,49.62,1000000
4137,2.43,49.62,1000000
4138,2.56,49.62,1000000
4139,2.68,49.62,1000000
4140,2.81,49.62,1000000
4141,2.93,49.62,1000000
4142,3.06,49.62,1000000
4143,3.18,49.62,1000000
4144,3.31,49.62,1000000
4145,3.43,49.62,1000000
4146,3.56,49.62,1000000
4147,3.68,49.62,1000000
4148,3.81,49.62,1000000
4149,3.93,49.62,1000000
4150,4.06,49.62,1000000
4151,4.18,49.62,1000000
4152,4.31,49.62,1000000
4153,4.43,49.62,1000000
4154,4.56,49.62,1000000
4155,4.68,49.62,1000000
4156,4.81,49.62,1000000
4157,4.93,49.62,1000000
4158,5.06,49.62,1000000
4159,5.18,49.62,1000000
4160,5.31,49.62,1000000
4161,5.43,49.62,1000000
4162,5.56,49.62,1000000
4163,5.68,49.62,1000000
4164,5.81,49.62,1000000
4165,5.93,49.62,1000000
4166,6.06,49.62,1000000
4167,6.18,49.62,1000000
4168,6.31,49.62,1000000
4169,6.43,49.62,1000000
4170,6.56,49.62,1000000
4171,6.68,49.62,1000000
4172,6.81,49.62,1000000
4173,6.93,49.62,1000000
4174,7.06,49.62,1000000
4175,7.18,49.62,1000000
4176,7.31,49.62,1000000
4177,7.43,49.62,1000000
4178,7.56,49.62,1000000
4179,7.68,49.62,1000000
4180,7.81,49.62,1000000
4181,7.93,49.62,1000000
4182,8.06,49.62,1000000
4183,8.18,49.62,1000000
4184,8.31,49.62,1000000
4185,8.43,49.62,1000000
4186,8.56,49.62,1000000
4187,8.68,49.62,1000000
4188,8.81,49.62,1000000
4189,8.93,49.62,1000000
4190,9.06,49.62,1000000
4191,9.18,49.62,1000000
4192,9.31,49.62,1000000
4193,9.43,49.62,1000000
4194,9.56,49.62,1000000
4195,9.68,49.62,1000000
4196,9.81,49.62,1000000
4197,9.93,49.62,1000000
4198,10.06,49.62,1000000
4199,10.18,49.62,1000000
4200,10.31,49.62,1000000
4201,10.43,49.62,1000000
4202,10.56,49.62,1000000
4203,10.68,49.62,1000000
4204,10.81,49.62,1000000
4205,10.93,49.62,1000000
4206,11.06,49.62,1000000
4207,11.18,49.62,1000000
4208,11.31,49.62,1000000
4209,11.43,49.62,1000000
4210,11.56,49.62,1000000
4211,11.68,49.62,1000000
4212,11.81,49.62,1000000
4213,11.93,49.62,1000000
4214,12.06,49.62,1000000
4215,12.18,49.62,1000000
4216,12.31,49.62,1000000
4217,12.43,49.62,1000000
4218,12.56,49.62,1000000
4219,12.68,49.62,1000000
4220,12.81,49.62,1000000
4221,12.93,49.62,1000000
4222,-12.06,49.7,1000000
4223,-11.93,49.7,1000000
4224,-11.81,49.7,0.04
4225,-11.68,49.7,0.06
4226,-11.56,49.7,0.05
4227,-11.43,49.7,0.04
4228,-11.31,49.7,0.03
4229,-11.18,49.7,0.03
4230,-11.06,49.7,0.04
4231,-10.93,49.7,0.05
4232,-10.81,49.7,0.07
4233,-10.68,49.7,0.1
4234,-10.56,49.7,0.12
4235,-10.43,49.7,0.14
4236,-10.31,49.7,0.16
4237,-10.18,49.7,0.18
4238,-10.06,49.7,0.2
4239,-9.93,49.7,0.2
4240,-9.81,49.7,0.22
4241,-9.68,49.7,0.27
4242,-9.56,49.7,0.3
4243,-9.43,49.7,0.33
4244,-9.31,49.7,0.34
4245,-9.18,49.7,0.33
4246,-9.06,49.7,0.36
4247,-8.93,49.7,0.44
4248,-8.81,49.7,0.45
4249,-8.68,49.7,0.41
4250,-8.56,49.7,0.38
4251,-8.43,49.7,0.38
4252,-8.31,49.7,0.38
4253,-8.18,49.7,0.44
4254,-8.06,49.7,0.53
4255,-7.93,49.7,0.55
4256,-7.81,49.7,0.5
4257,-7.68,49.7,0.48
4258,-7.56,49.7,0.49
4259,-7.43,49.7,0.49
4260,-7.31,49.7,0.48
4261,-7.18,49.7,0.48
4262,-7.06,49.7,0.49
4263,-6.93,49.7,0.52
4264,-6.81,49.7,0.56
4265,-6.68,49.7,0.55
4266,-6.56,49.7,0.51
4267,-6.43,49.7,0.44
4268,-6.31,49.7,0.43
4269,-6.18,49.7,0.42
4270,-6.06,49.7,0.39
4271,-5.93,49.7,0.36
4272,-5.81,49.7,0.36
4273,-5.68,49.7,0.38
4274,-5.56,49.7,0.43
4275,-5.43,49.7,0.48
4276,-5.31,49.7,0.54
4277,-5.18,49.7,0.6
4278,-5.06,49.7,0.64
4279,-4.93,49.7,0.61
4280,-4.81,49.7,0.56
4281,-4.68,49.7,0.54
4282,-4.56,49.7,0.53
4283,-4.43,49.7,0.53
4284,-4.31,49.7,0.54
4285,-4.18,49.7,0.56
4286,-4.06,49.7,0.58
4287,-3.93,49.7,0.62
4288,-3.81,49.7,0.69
4289,-3.68,49.7,0.75
4290,-3.56,49.7,0.84
4291,-3.43,49.7,0.95
4292,-3.31,49.7,1.08
4293,-3.18,49.7,1.15
4294,-3.06,49.7,1.15
4295,-2.93,49.7,1.28
4296,-2.81,49.7,1.64
4297,-2.68,49.7,2.13
4298,-2.56,49.7,2.57
4299,-2.43,49.7,3
4300,-2.31,49.7,3
4301,-2.18,49.7,3
4302,-2.06,49.7,3
4303,-1.93,49.7,3
4304,-1.81,49.7,3
4305,-1.68,49.7,3
4306,-1.56,49.7,3
4307,-1.43,49.7,3
4308,-1.31,49.7,3
4309,-1.18,49.7,3
4310,-1.06,49.7,3
4311,-0.93,49.7,2.53
4312,-0.81,49.7,2.07
4313,-0.68,49.7,1.74
4314,-0.56,49.7,1.43
4315,-0.43,49.7,1.26
4316,-0.31,49.7,1.12
4317,-0.18,49.7,0.98
4318,-0.06,49.7,1
4319,0.06,49.7,1.36
4320,0.18,49.7,1.55
4321,0.31,49.7,1000000
4322,0.43,49.7,1000000
4323,0.56,49.7,1000000
4324,0.68,49.7,1000000
4325,0.81,49.7,1000000
4326,0.93,49.7,1000000
4327,1.06,49.7,1000000
4328,1.18,49.7,1000000
4329,1.31,49.7,1000000
4330,1.43,49.7,1000000
4331,1.56,49.7,1000000
4332,1.68,49.7,1000000
4333,1.81,49.7,1000000
4334,1.93,49.7,1000000
4335,2.06,49.7,1000000
4336,2.18,49.7,1000000
4337,2.31,49.7,1000000
4338,2.43,49.7,1000000
4339,2.56,49.7,1000000
4340,2.68,49.7,1000000
4341,2.81,49.7,1000000
4342,2.93,49.7,1000000
4343,3.06,49.7,1000000
4344,3.18,49.7,1000000
4345,3.31,49.7,1000000
4346,3.43,49.7,1000000
4347,3.56,49.7,1000000
4348,3.68,49.7,1000000
4349,3.81,49.7,1000000
4350,3.93,49.7,1000000
4351,4.06,49.7,1000000
4352,4.18,49.7,1000000
4353,4.31,49.7,1000000
4354,4.43,49.7,1000000
4355,4.56,49.7,1000000
4356,4.68,49.7,1000000
4357,4.81,49.7,1000000
4358,4.93,49.7,1000000
4359,5.06,49.7,1000000
4360,5.18,49.7,1000000
4361,5.31,49.7,1000000
4362,5.43,49.7,1000000
4363,5.56,49.7,1000000
4364,5.68,49.7,1000000
4365,5.81,49.7,1000000
4366,5.93,49.7,1000000
4367,6.06,49.7,1000000
4368,6.18,49.7,1000000
4369,6.31,49.7,1000000
4370,6.43,49.7,1000000
4371,6.56,49.7,1000000
4372,6.68,49.7,1000000
4373,6.81,49.7,1000000
4374,6.93,49.7,1000000
4375,7.06,49.7,1000000
4376,7.18,49.7,1000000
4377,7.31,49.7,1000000
4378,7.43,49.7,1000000
4379,7.56,49.7,1000000
4380,7.68,49.7,1000000
4381,7.81,49.7,1000000
4382,7.93,49.7,1000000
4383,8.06,49.7,1000000
4384,8.18,49.7,1000000
4385,8.31,49.7,1000000
4386,8.43,49.7,1000000
4387,8.56,49.7,1000000
4388,8.68,49.7,1000000
4389,8.81,49.7,1000000
4390,8.93,49.7,1000000
4391,9.06,49.7,1000000
4392,9.18,49.7,1000000
4393,9.31,49.7,1000000
4394,9.43,49.7,1000000
4395,9.56,49.7,1000000
4396,9.68,49.7,1000000
4397,9.81,49.7,1000000
4398,9.93,49.7,1000000
4399,10.06,49.7,1000000
4400,10.18,49.7,1000000
4401,10.31,49.7,1000000
4402,10.43,49.7,1000000
4403,10.56,49.7,1000000
4404,10.68,49.7,1000000
4405,10.81,49.7,1000000
4406,10.93,49.7,1000000
4407,11.06,49.7,1000000
4408,11.18,49.7,1000000
4409,11.31,49.7,1000000
4410,11.43,49.7,1000000
4411,11.56,49.7,1000000
4412,11.68,49.7,1000000
4413,11.81,49.7,1000000
4414,11.93,49.7,1000000
4415,12.06,49.7,1000000
4416,12.18,49.7,1000000
4417,12.31,49.7,1000000
4418,12.43,49.7,1000000
4419,12.56,49.7,1000000
4420,12.68,49.7,1000000
4421,12.81,49.7,1000000
4422,12.93,49.7,1000000
4423,-12.06,49.79,1000000
4424,-11.93,49.79,1000000
4425,-11.81,49.79,0.01
4426,-11.68,49.79,0.03
4427,-11.56,49.79,0.03
4428,-11.43,49.79,0.02
4429,-11.31,49.79,0.02
4430,-11.18,49.79,0.02
4431,-11.06,49.79,0.02
4432,-10.93,49.79,0.04
4433,-10.81,49.79,0.06
4434,-10.68,49.79,0.09
4435,-10.56,49.79,0.11
4436,-10.43,49.79,0.14
4437,-10.31,49.79,0.16
4438,-10.18,49.79,0.18
4439,-10.06,49.79,0.19
4440,-9.93,49.79,0.21
4441,-9.81,49.79,0.24
4442,-9.68,49.79,0.26
4443,-9.56,49.79,0.27
4444,-9.43,49.79,0.31
4445,-9.31,49.79,0.32
4446,-9.18,49.79,0.3
4447,-9.06,49.79,0.34
4448,-8.93,49.79,0.4
4449,-8.81,49.79,0.4
4450,-8.68,49.79,0.36
4451,-8.56,49.79,0.35
4452,-8.43,49.79,0.37
4453,-8.31,49.79,0.39
4454,-8.18,49.79,0.47
4455,-8.06,49.79,0.56
4456,-7.93,49.79,0.55
4457,-7.81,49.79,0.5
4458,-7.68,49.79,0.47
4459,-7.56,49.79,0.48
4460,-7.43,49.79,0.46
4461,-7.31,49.79,0.45
4462,-7.18,49.79,0.46
4463,-7.06,49.79,0.47
4464,-6.93,49.79,0.51
4465,-6.81,49.79,0.54
4466,-6.68,49.79,0.54
4467,-6.56,49.79,0.52
4468,-6.43,49.79,0.55
4469,-6.31,49.79,0.56
4470,-6.18,49.79,0.53
4471,-6.06,49.79,0.43
4472,-5.93,49.79,0.35
4473,-5.81,49.79,0.32
4474,-5.68,49.79,0.37
4475,-5.56,49.79,0.42
4476,-5.43,49.79,0.49
4477,-5.31,49.79,0.58
4478,-5.18,49.79,0.67
4479,-5.06,49.79,0.66
4480,-4.93,49.79,0.58
4481,-4.81,49.79,0.49
4482,-4.68,49.79,0.46
4483,-4.56,49.79,0.46
4484,-4.43,49.79,0.46
4485,-4.31,49.79,0.47
4486,-4.18,49.79,0.5
4487,-4.06,49.79,0.54
4488,-3.93,49.79,0.59
4489,-3.81,49.79,0.66
4490,-3.68,49.79,0.72
4491,-3.56,49.79,0.81
4492,-3.43,49.79,0.91
4493,-3.31,49.79,0.99
4494,-3.18,49.79,1
4495,-3.06,49.79,1.06
4496,-2.93,49.79,1.31
4497,-2.81,49.79,1.65
4498,-2.68,49.79,1.99
4499,-2.56,49.79,2.51
4500,-2.43,49.79,3
4501,-2.31,49.79,3
4502,-2.18,49.79,3
4503,-2.06,49.79,3
4504,-1.93,49.79,3
4505,-1.81,49.79,3
4506,-1.68,49.79,3
4507,-1.56,49.79,3
4508,-1.43,49.79,3
4509,-1.31,49.79,3
4510,-1.18,49.79,3
4511,-1.06,49.79,3
4512,-0.93,49.79,2.9
4513,-0.81,49.79,2.39
4514,-0.68,49.79,1.98
4515,-0.56,49.79,1.64
4516,-0.43,49.79,1.45
4517,-0.31,49.79,1.31
4518,-0.18,49.79,1.22
4519,-0.06,49.79,1.3
4520,0.06,49.79,1.59
4521,0.18,49.79,1.87
4522,0.31,49.79,1.39
4523,0.43,49.79,1.37
4524,0.56,49.79,1000000
4525,0.68,49.79,1000000
4526,0.81,49.79,1000000
4527,0.93,49.79,1000000
4528,1.06,49.79,1000000
4529,1.18,49.79,1000000
4530,1.31,49.79,1000000
4531,1.43,49.79,1000000
4532,1.56,49.79,1000000
4533,1.68,49.79,1000000
4534,1.81,49.79,1000000
4535,1.93,49.79,1000000
4536,2.06,49.79,1000000
4537,2.18,49.79,1000000
4538,2.31,49.79,1000000
4539,2.43,49.79,1000000
4540,2.56,49.79,1000000
4541,2.68,49.79,1000000
4542,2.81,49.79,1000000
4543,2.93,49.79,1000000
4544,3.06,49.79,1000000
4545,3.18,49.79,1000000
4546,3.31,49.79,1000000
4547,3.43,49.79,1000000
4548,3.56,49.79,1000000
4549,3.68,49.79,1000000
4550,3.81,49.79,1000000
4551,3.93,49.79,1000000
4552,4.06,49.79,1000000
4553,4.18,49.79,1000000
4554,4.31,49.79,1000000
4555,4.43,49.79,1000000
4556,4.56,49.79,1000000
4557,4.68,49.79,1000000
4558,4.81,49.79,1000000
4559,4.93,49.79,1000000
4560,5.06,49.79,1000000
4561,5.18,49.79,1000000
4562,5.31,49.79,1000000
4563,5.43,49.79,1000000
4564,5.56,49.79,1000000
4565,5.68,49.79,1000000
4566,5.81,49.79,1000000
4567,5.93,49.79,1000000
4568,6.06,49.79,1000000
4569,6.18,49.79,1000000
4570,6.31,49.79,1000000
4571,6.43,49.79,1000000
4572,6.56,49.79,1000000
4573,6.68,49.79,1000000
4574,6.81,49.79,1000000
4575,6.93,49.79,1000000
4576,7.06,49.79,1000000
4577,7.18,49.79,1000000
4578,7.31,49.79,1000000
4579,7.43,49.79,1000000
4580,7.56,49.79,1000000
4581,7.68,49.79,1000000
4582,7.81,49.79,1000000
4583,7.93,49.79,1000000
4584,8.06,49.79,1000000
4585,8.18,49.79,1000000
4586,8.31,49.79,1000000
4587,8.43,49.79,1000000
4588,8.56,49.79,1000000
4589,8.68,49.79,1000000
4590,8.81,49.79,1000000
4591,8.93,49.79,1000000
4592,9.06,49.79,1000000
4593,9.18,49.79,1000000
4594,9.31,49.79,1000000
4595,9.43,49.79,1000000
4596,9.56,49.79,1000000
4597,9.68,49.79,1000000
4598,9.81,49.79,1000000
4599,9.93,49.79,1000000
4600,10.06,49.79,1000000
4601,10.18,49.79,1000000
4602,10.31,49.79,1000000
4603,10.43,49.79,1000000
4604,10.56,49.79,1000000
4605,10.68,49.79,1000000
4606,10.81,49.79,1000000
4607,10.93,49.79,1000000
4608,11.06,49.79,1000000
4609,11.18,49.79,1000000
4610,11.31,49.79,1000000
4611,11.43,49.79,1000000
4612,11.56,49.79,1000000
4613,11.68,49.79,1000000
4614,11.81,49.79,1000000
4615,11.93,49.79,1000000
4616,12.06,49.79,1000000
4617,12.18,49.79,1000000
4618,12.31,49.79,1000000
4619,12.43,49.79,1000000
4620,12.56,49.79,1000000
4621,12.68,49.79,1000000
4622,12.81,49.79,1000000
4623,12.93,49.79,1000000
4624,-12.06,49.87,1000000
4625,-11.93,49.87,1000000
4626,-11.81,49.87,7.51E-03
4627,-11.68,49.87,0.01
4628,-11.56,49.87,0.01
4629,-11.43,49.87,0.01
4630,-11.31,49.87,0.01
4631,-11.18,49.87,0.01
4632,-11.06,49.87,0.02
4633,-10.93,49.87,0.03
4634,-10.81,49.87,0.06
4635,-10.68,49.87,0.08
4636,-10.56,49.87,0.11
4637,-10.43,49.87,0.14
4638,-10.31,49.87,0.16
4639,-10.18,49.87,0.18
4640,-10.06,49.87,0.2
4641,-9.93,49.87,0.22
4642,-9.81,49.87,0.25
4643,-9.68,49.87,0.27
4644,-9.56,49.87,0.3
4645,-9.43,49.87,0.32
4646,-9.31,49.87,0.29
4647,-9.18,49.87,0.29
4648,-9.06,49.87,0.35
4649,-8.93,49.87,0.37
4650,-8.81,49.87,0.35
4651,-8.68,49.87,0.33
4652,-8.56,49.87,0.36
4653,-8.43,49.87,0.38
4654,-8.31,49.87,0.39
4655,-8.18,49.87,0.46
4656,-8.06,49.87,0.52
4657,-7.93,49.87,0.53
4658,-7.81,49.87,0.47
4659,-7.68,49.87,0.45
4660,-7.56,49.87,0.44
4661,-7.43,49.87,0.44
4662,-7.31,49.87,0.44
4663,-7.18,49.87,0.45
4664,-7.06,49.87,0.46
4665,-6.93,49.87,0.49
4666,-6.81,49.87,0.5
4667,-6.68,49.87,0.51
4668,-6.56,49.87,0.6
4669,-6.43,49.87,0.85
4670,-6.31,49.87,0.9
4671,-6.18,49.87,0.76
4672,-6.06,49.87,0.53
4673,-5.93,49.87,0.42
4674,-5.81,49.87,0.38
4675,-5.68,49.87,0.4
4676,-5.56,49.87,0.44
4677,-5.43,49.87,0.52
4678,-5.31,49.87,0.73
4679,-5.18,49.87,0.85
4680,-5.06,49.87,0.79
4681,-4.93,49.87,0.55
4682,-4.81,49.87,0.41
4683,-4.68,49.87,0.39
4684,-4.56,49.87,0.4
4685,-4.43,49.87,0.4
4686,-4.31,49.87,0.41
4687,-4.18,49.87,0.45
4688,-4.06,49.87,0.5
4689,-3.93,49.87,0.56
4690,-3.81,49.87,0.63
4691,-3.68,49.87,0.7
4692,-3.56,49.87,0.79
4693,-3.43,49.87,0.88
4694,-3.31,49.87,0.94
4695,-3.18,49.87,1.01
4696,-3.06,49.87,1.11
4697,-2.93,49.87,1.26
4698,-2.81,49.87,1.48
4699,-2.68,49.87,1.9
4700,-2.56,49.87,2.5
4701,-2.43,49.87,3
4702,-2.31,49.87,3
4703,-2.18,49.87,3
4704,-2.06,49.87,3
4705,-1.93,49.87,3
4706,-1.81,49.87,3
4707,-1.68,49.87,3
4708,-1.56,49.87,3
4709,-1.43,49.87,3
4710,-1.31,49.87,3
4711,-1.18,49.87,3
4712,-1.06,49.87,3
4713,-0.93,49.87,3
4714,-0.81,49.87,2.6
4715,-0.68,49.87,2.18
4716,-0.56,49.87,1.86
4717,-0.43,49.87,1.63
4718,-0.31,49.87,1.46
4719,-0.18,49.87,1.38
4720,-0.06,49.87,1.41
4721,0.06,49.87,1.5
4722,0.18,49.87,1.63
4723,0.31,49.87,1.68
4724,0.43,49.87,1.89
4725,0.56,49.87,1.27
4726,0.68,49.87,1.16
4727,0.81,49.87,1000000
4728,0.93,49.87,1000000
4729,1.06,49.87,1000000
4730,1.18,49.87,1000000
4731,1.31,49.87,1000000
4732,1.43,49.87,1000000
4733,1.56,49.87,1000000
4734,1.68,49.87,1000000
4735,1.81,49.87,1000000
4736,1.93,49.87,1000000
4737,2.06,49.87,1000000
4738,2.18,49.87,1000000
4739,2.31,49.87,1000000
4740,2.43,49.87,1000000
4741,2.56,49.87,1000000
4742,2.68,49.87,1000000
4743,2.81,49.87,1000000
4744,2.93,49.87,1000000
4745,3.06,49.87,1000000
4746,3.18,49.87,1000000
4747,3.31,49.87,1000000
4748,3.43,49.87,1000000
4749,3.56,49.87,1000000
4750,3.68,49.87,1000000
4751,3.81,49.87,1000000
4752,3.93,49.87,1000000
4753,4.06,49.87,1000000
4754,4.18,49.87,1000000
4755,4.31,49.87,1000000
4756,4.43,49.87,1000000
4757,4.56,49.87,1000000
4758,4.68,49.87,1000000
4759,4.81,49.87,1000000
4760,4.93,49.87,1000000
4761,5.06,49.87,1000000
4762,5.18,49.87,1000000
4763,5.31,49.87,1000000
4764,5.43,49.87,1000000
4765,5.56,49.87,1000000
4766,5.68,49.87,1000000
4767,5.81,49.87,1000000
4768,5.93,49.87,1000000
4769,6.06,49.87,1000000
4770,6.18,49.87,1000000
4771,6.31,49.87,1000000
4772,6.43,49.87,1000000
4773,6.56,49.87,1000000
4774,6.68,49.87,1000000
4775,6.81,49.87,1000000
4776,6.93,49.87,1000000
4777,7.06,49.87,1000000
4778,7.18,49.87,1000000
4779,7.31,49.87,1000000
4780,7.43,49.87,1000000
4781,7.56,49.87,1000000
4782,7.68,49.87,1000000
4783,7.81,49.87,1000000
4784,7.93,49.87,1000000
4785,8.06,49.87,1000000
4786,8.18,49.87,1000000
4787,8.31,49.87,1000000
4788,8.43,49.87,1000000
4789,8.56,49.87,1000000
4790,8.68,49.87,1000000
4791,8.81,49.87,1000000
4792,8.93,49.87,1000000
4793,9.06,49.87,1000000
4794,9.18,49.87,1000000
4795,9.31,49.87,1000000
4796,9.43,49.87,1000000
4797,9.56,49.87,1000000
4798,9.68,49.87,1000000
4799,9.81,49.87,1000000
4800,9.93,49.87,1000000
4801,10.06,49.87,1000000
4802,10.18,49.87,1000000
4803,10.31,49.87,1000000
4804,10.43,49.87,1000000
4805,10.56,49.87,1000000
4806,10.68,49.87,1000000
4807,10.81,49.87,1000000
4808,10.93,49.87,1000000
4809,11.06,49.87,1000000
4810,11.18,49.87,1000000
4811,11.31,49.87,1000000
4812,11.43,49.87,1000000
4813,11.56,49.87,1000000
4814,11.68,49.87,1000000
4815,11.81,49.87,1000000
4816,11.93,49.87,1000000
4817,12.06,49.87,1000000
4818,12.18,49.87,1000000
4819,12.31,49.87,1000000
4820,12.43,49.87,1000000
4821,12.56,49.87,1000000
4822,12.68,49.87,1000000
4823,12.81,49.87,1000000
4824,12.93,49.87,1000000
4825,-12.06,49.95,1000000
4826,-11.93,49.95,1000000
4827,-11.81,49.95,2.87E-03
4828,-11.68,49.95,5.94E-03
4829,-11.56,49.95,8.98E-03
4830,-11.43,49.95,0.01
4831,-11.31,49.95,9.60E-03
4832,-11.18,49.95,0.01
4833,-11.06,49.95,0.01
4834,-10.93,49.95,0.03
4835,-10.81,49.95,0.06
4836,-10.68,49.95,0.09
4837,-10.56,49.95,0.12
4838,-10.43,49.95,0.14
4839,-10.31,49.95,0.16
4840,-10.18,49.95,0.18
4841,-10.06,49.95,0.21
4842,-9.93,49.95,0.24
4843,-9.81,49.95,0.26
4844,-9.68,49.95,0.27
4845,-9.56,49.95,0.3
4846,-9.43,49.95,0.3
4847,-9.31,49.95,0.28
4848,-9.18,49.95,0.31
4849,-9.06,49.95,0.34
4850,-8.93,49.95,0.33
4851,-8.81,49.95,0.32
4852,-8.68,49.95,0.33
4853,-8.56,49.95,0.36
4854,-8.43,49.95,0.37
4855,-8.31,49.95,0.37
4856,-8.18,49.95,0.42
4857,-8.06,49.95,0.46
4858,-7.93,49.95,0.45
4859,-7.81,49.95,0.44
4860,-7.68,49.95,0.44
4861,-7.56,49.95,0.42
4862,-7.43,49.95,0.43
4863,-7.31,49.95,0.43
4864,-7.18,49.95,0.44
4865,-7.06,49.95,0.46
4866,-6.93,49.95,0.48
4867,-6.81,49.95,0.49
4868,-6.68,49.95,0.52
4869,-6.56,49.95,0.65
4870,-6.43,49.95,0.89
4871,-6.31,49.95,0.93
4872,-6.18,49.95,0.77
4873,-6.06,49.95,0.67
4874,-5.93,49.95,0.64
4875,-5.81,49.95,0.72
4876,-5.68,49.95,0.71
4877,-5.56,49.95,0.52
4878,-5.43,49.95,0.45
4879,-5.31,49.95,0.91
4880,-5.18,49.95,1.33
4881,-5.06,49.95,1.01
4882,-4.93,49.95,0.48
4883,-4.81,49.95,0.34
4884,-4.68,49.95,0.32
4885,-4.56,49.95,0.32
4886,-4.43,49.95,0.32
4887,-4.31,49.95,0.34
4888,-4.18,49.95,0.39
4889,-4.06,49.95,0.45
4890,-3.93,49.95,0.54
4891,-3.81,49.95,0.63
4892,-3.68,49.95,0.74
4893,-3.56,49.95,0.82
4894,-3.43,49.95,0.87
4895,-3.31,49.95,0.95
4896,-3.18,49.95,1.02
4897,-3.06,49.95,1.1
4898,-2.93,49.95,1.27
4899,-2.81,49.95,1.51
4900,-2.68,49.95,1.88
4901,-2.56,49.95,2.33
4902,-2.43,49.95,2.75
4903,-2.31,49.95,3
4904,-2.18,49.95,3
4905,-2.06,49.95,3
4906,-1.93,49.95,3
4907,-1.81,49.95,3
4908,-1.68,49.95,3
4909,-1.56,49.95,3
4910,-1.43,49.95,3
4911,-1.31,49.95,3
4912,-1.18,49.95,3
4913,-1.06,49.95,3
4914,-0.93,49.95,3
4915,-0.81,49.95,2.76
4916,-0.68,49.95,2.31
4917,-0.56,49.95,2.01
4918,-0.43,49.95,1.79
4919,-0.31,49.95,1.61
4920,-0.18,49.95,1.48
4921,-0.06,49.95,1.47
4922,0.06,49.95,1.5
4923,0.18,49.95,1.55
4924,0.31,49.95,1.59
4925,0.43,49.95,1.59
4926,0.56,49.95,1.46
4927,0.68,49.95,1.67
4928,0.81,49.95,1.4
4929,0.93,49.95,0.97
4930,1.06,49.95,0.94
4931,1.18,49.95,1000000
4932,1.31,49.95,1000000
4933,1.43,49.95,1000000
4934,1.56,49.95,1000000
4935,1.68,49.95,1000000
4936,1.81,49.95,1000000
4937,1.93,49.95,1000000
4938,2.06,49.95,1000000
4939,2.18,49.95,1000000
4940,2.31,49.95,1000000
4941,2.43,49.95,1000000
4942,2.56,49.95,1000000
4943,2.68,49.95,1000000
4944,2.81,49.95,1000000
4945,2.93,49.95,1000000
4946,3.06,49.95,1000000
4947,3.18,49.95,1000000
4948,3.31,49.95,1000000
4949,3.43,49.95,1000000
4950,3.56,49.95,1000000
4951,3.68,49.95,1000000
4952,3.81,49.95,1000000
4953,3.93,49.95,1000000
4954,4.06,49.95,1000000
4955,4.18,49.95,1000000
4956,4.31,49.95,1000000
4957,4.43,49.95,1000000
4958,4.56,49.95,1000000
4959,4.68,49.95,1000000
4960,4.81,49.95,1000000
4961,4.93,49.95,1000000
4962,5.06,49.95,1000000
4963,5.18,49.95,1000000
4964,5.31,49.95,1000000
4965,5.43,49.95,1000000
4966,5.56,49.95,1000000
4967,5.68,49.95,1000000
4968,5.81,49.95,1000000
4969,5.93,49.95,1000000
4970,6.06,49.95,1000000
4971,6.18,49.95,1000000
4972,6.31,49.95,1000000
4973,6.43,49.95,1000000
4974,6.56,49.95,1000000
4975,6.68,49.95,1000000
4976,6.81,49.95,1000000
4977,6.93,49.95,1000000
4978,7.06,49.95,1000000
4979,7.18,49.95,1000000
4980,7.31,49.95,1000000
4981,7.43,49.95,1000000
4982,7.56,49.95,1000000
4983,7.68,49.95,1000000
4984,7.81,49.95,1000000
4985,7.93,49.95,1000000
4986,8.06,49.95,1000000
4987,8.18,49.95,1000000
4988,8.31,49.95,1000000
4989,8.43,49.95,1000000
4990,8.56,49.95,1000000
4991,8.68,49.95,1000000
4992,8.81,49.95,1000000
4993,8.93,49.95,1000000
4994,9.06,49.95,1000000
4995,9.18,49.95,1000000
4996,9.31,49.95,1000000
4997,9.43,49.95,1000000
4998,9.56,49.95,1000000
4999,9.68,49.95,1000000
5000,9.81,49.95,1000000
5001,9.93,49.95,1000000
5002,10.06,49.95,1000000
5003,10.18,49.95,1000000
5004,10.31,49.95,1000000
5005,10.43,49.95,1000000
5006,10.56,49.95,1000000
5007,10.68,49.95,1000000
5008,10.81,49.95,1000000
5009,10.93,49.95,1000000
5010,11.06,49.95,1000000
5011,11.18,49.95,1000000
5012,11.31,49.95,1000000
5013,11.43,49.95,1000000
5014,11.56,49.95,1000000
5015,11.68,49.95,1000000
5016,11.81,49.95,1000000
5017,11.93,49.95,1000000
5018,12.06,49.95,1000000
5019,12.18,49.95,1000000
5020,12.31,49.95,1000000
5021,12.43,49.95,1000000
5022,12.56,49.95,1000000
5023,12.68,49.95,1000000
5024,12.81,49.95,1000000
5025,12.93,49.95,1000000
5026,-12.06,50.04,1000000
5027,-11.93,50.04,1000000
5028,-11.81,50.04,4.17E-03
5029,-11.68,50.04,5.97E-03
5030,-11.56,50.04,7.23E-03
5031,-11.43,50.04,7.34E-03
5032,-11.31,50.04,7.09E-03
5033,-11.18,50.04,9.52E-03
5034,-11.06,50.04,0.02
5035,-10.93,50.04,0.04
5036,-10.81,50.04,0.07
5037,-10.68,50.04,0.1
5038,-10.56,50.04,0.12
5039,-10.43,50.04,0.14
5040,-10.31,50.04,0.16
5041,-10.18,50.04,0.19
5042,-10.06,50.04,0.22
5043,-9.93,50.04,0.24
5044,-9.81,50.04,0.25
5045,-9.68,50.04,0.26
5046,-9.56,50.04,0.28
5047,-9.43,50.04,0.29
5048,-9.31,50.04,0.3
5049,-9.18,50.04,0.3
5050,-9.06,50.04,0.3
5051,-8.93,50.04,0.3
5052,-8.81,50.04,0.3
5053,-8.68,50.04,0.32
5054,-8.56,50.04,0.36
5055,-8.43,50.04,0.36
5056,-8.31,50.04,0.38
5057,-8.18,50.04,0.4
5058,-8.06,50.04,0.4
5059,-7.93,50.04,0.42
5060,-7.81,50.04,0.46
5061,-7.68,50.04,0.44
5062,-7.56,50.04,0.42
5063,-7.43,50.04,0.42
5064,-7.31,50.04,0.42
5065,-7.18,50.04,0.43
5066,-7.06,50.04,0.45
5067,-6.93,50.04,0.47
5068,-6.81,50.04,0.48
5069,-6.68,50.04,0.52
5070,-6.56,50.04,0.6
5071,-6.43,50.04,0.69
5072,-6.31,50.04,0.64
5073,-6.18,50.04,0.69
5074,-6.06,50.04,0.83
5075,-5.93,50.04,0.96
5076,-5.81,50.04,1.32
5077,-5.68,50.04,0.98
5078,-5.56,50.04,0.56
5079,-5.43,50.04,0.19
5080,-5.31,50.04,0.22
5081,-5.18,50.04,1000000
5082,-5.06,50.04,0.46
5083,-4.93,50.04,0.3
5084,-4.81,50.04,0.22
5085,-4.68,50.04,0.22
5086,-4.56,50.04,0.23
5087,-4.43,50.04,0.25
5088,-4.31,50.04,0.27
5089,-4.18,50.04,0.33
5090,-4.06,50.04,0.42
5091,-3.93,50.04,0.56
5092,-3.81,50.04,0.71
5093,-3.68,50.04,0.83
5094,-3.56,50.04,0.87
5095,-3.43,50.04,0.9
5096,-3.31,50.04,0.95
5097,-3.18,50.04,0.99
5098,-3.06,50.04,1.07
5099,-2.93,50.04,1.2
5100,-2.81,50.04,1.38
5101,-2.68,50.04,1.72
5102,-2.56,50.04,2.12
5103,-2.43,50.04,2.53
5104,-2.31,50.04,2.93
5105,-2.18,50.04,3
5106,-2.06,50.04,3
5107,-1.93,50.04,3
5108,-1.81,50.04,3
5109,-1.68,50.04,3
5110,-1.56,50.04,3
5111,-1.43,50.04,3
5112,-1.31,50.04,3
5113,-1.18,50.04,3
5114,-1.06,50.04,3
5115,-0.93,50.04,3
5116,-0.81,50.04,2.81
5117,-0.68,50.04,2.38
5118,-0.56,50.04,2.1
5119,-0.43,50.04,1.91
5120,-0.31,50.04,1.71
5121,-0.18,50.04,1.54
5122,-0.06,50.04,1.49
5123,0.06,50.04,1.49
5124,0.18,50.04,1.49
5125,0.31,50.04,1.47
5126,0.43,50.04,1.41
5127,0.56,50.04,1.31
5128,0.68,50.04,1.31
5129,0.81,50.04,1.29
5130,0.93,50.04,1.21
5131,1.06,50.04,1.24
5132,1.18,50.04,0.81
5133,1.31,50.04,0.63
5134,1.43,50.04,1000000
5135,1.56,50.04,1000000
5136,1.68,50.04,1000000
5137,1.81,50.04,1000000
5138,1.93,50.04,1000000
5139,2.06,50.04,1000000
5140,2.18,50.04,1000000
5141,2.31,50.04,1000000
5142,2.43,50.04,1000000
5143,2.56,50.04,1000000
5144,2.68,50.04,1000000
5145,2.81,50.04,1000000
5146,2.93,50.04,1000000
5147,3.06,50.04,1000000
5148,3.18,50.04,1000000
5149,3.31,50.04,1000000
5150,3.43,50.04,1000000
5151,3.56,50.04,1000000
5152,3.68,50.04,1000000
5153,3.81,50.04,1000000
5154,3.93,50.04,1000000
5155,4.06,50.04,1000000
5156,4.18,50.04,1000000
5157,4.31,50.04,1000000
5158,4.43,50.04,1000000
5159,4.56,50.04,1000000
5160,4.68,50.04,1000000
5161,4.81,50.04,1000000
5162,4.93,50.04,1000000
5163,5.06,50.04,1000000
5164,5.18,50.04,1000000
5165,5.31,50.04,1000000
5166,5.43,50.04,1000000
5167,5.56,50.04,1000000
5168,5.68,50.04,1000000
5169,5.81,50.04,1000000
5170,5.93,50.04,1000000
5171,6.06,50.04,1000000
5172,6.18,50.04,1000000
5173,6.31,50.04,1000000
5174,6.43,50.04,1000000
5175,6.56,50.04,1000000
5176,6.68,50.04,1000000
5177,6.81,50.04,1000000
5178,6.93,50.04,1000000
5179,7.06,50.04,1000000
5180,7.18,50.04,1000000
5181,7.31,50.04,1000000
5182,7.43,50.04,1000000
5183,7.56,50.04,1000000
5184,7.68,50.04,1000000
5185,7.81,50.04,1000000
5186,7.93,50.04,1000000
5187,8.06,50.04,1000000
5188,8.18,50.04,1000000
5189,8.31,50.04,1000000
5190,8.43,50.04,1000000
5191,8.56,50.04,1000000
5192,8.68,50.04,1000000
5193,8.81,50.04,1000000
5194,8.93,50.04,1000000
5195,9.06,50.04,1000000
5196,9.18,50.04,1000000
5197,9.31,50.04,1000000
5198,9.43,50.04,1000000
5199,9.56,50.04,1000000
5200,9.68,50.04,1000000
5201,9.81,50.04,1000000
5202,9.93,50.04,1000000
5203,10.06,50.04,1000000
5204,10.18,50.04,1000000
5205,10.31,50.04,1000000
5206,10.43,50.04,1000000
5207,10.56,50.04,1000000
5208,10.68,50.04,1000000
5209,10.81,50.04,1000000
5210,10.93,50.04,1000000
5211,11.06,50.04,1000000
5212,11.18,50.04,1000000
5213,11.31,50.04,1000000
5214,11.43,50.04,1000000
5215,11.56,50.04,1000000
5216,11.68,50.04,1000000
5217,11.81,50.04,1000000
5218,11.93,50.04,1000000
5219,12.06,50.04,1000000
5220,12.18,50.04,1000000
5221,12.31,50.04,1000000
5222,12.43,50.04,1000000
5223,12.56,50.04,1000000
5224,12.68,50.04,1000000
5225,12.81,50.04,1000000
5226,12.93,50.04,1000000
5227,-12.06,50.12,1000000
5228,-11.93,50.12,1000000
5229,-11.81,50.12,3.26E-03
5230,-11.68,50.12,5.37E-03
5231,-11.56,50.12,6.21E-03
5232,-11.43,50.12,6.32E-03
5233,-11.31,50.12,6.93E-03
5234,-11.18,50.12,0.01
5235,-11.06,50.12,0.02
5236,-10.93,50.12,0.05
5237,-10.81,50.12,0.07
5238,-10.68,50.12,0.1
5239,-10.56,50.12,0.12
5240,-10.43,50.12,0.14
5241,-10.31,50.12,0.16
5242,-10.18,50.12,0.19
5243,-10.06,50.12,0.22
5244,-9.93,50.12,0.24
5245,-9.81,50.12,0.24
5246,-9.68,50.12,0.25
5247,-9.56,50.12,0.26
5248,-9.43,50.12,0.27
5249,-9.31,50.12,0.27
5250,-9.18,50.12,0.27
5251,-9.06,50.12,0.29
5252,-8.93,50.12,0.3
5253,-8.81,50.12,0.3
5254,-8.68,50.12,0.32
5255,-8.56,50.12,0.36
5256,-8.43,50.12,0.39
5257,-8.31,50.12,0.4
5258,-8.18,50.12,0.37
5259,-8.06,50.12,0.38
5260,-7.93,50.12,0.46
5261,-7.81,50.12,0.51
5262,-7.68,50.12,0.45
5263,-7.56,50.12,0.42
5264,-7.43,50.12,0.42
5265,-7.31,50.12,0.43
5266,-7.18,50.12,0.44
5267,-7.06,50.12,0.45
5268,-6.93,50.12,0.46
5269,-6.81,50.12,0.48
5270,-6.68,50.12,0.53
5271,-6.56,50.12,0.58
5272,-6.43,50.12,0.6
5273,-6.31,50.12,0.59
5274,-6.18,50.12,0.72
5275,-6.06,50.12,0.91
5276,-5.93,50.12,1.24
5277,-5.81,50.12,1.86
5278,-5.68,50.12,1000000
5279,-5.56,50.12,1000000
5280,-5.43,50.12,1000000
5281,-5.31,50.12,1000000
5282,-5.18,50.12,1000000
5283,-5.06,50.12,0.27
5284,-4.93,50.12,0.08
5285,-4.81,50.12,0.11
5286,-4.68,50.12,0.14
5287,-4.56,50.12,0.16
5288,-4.43,50.12,0.18
5289,-4.31,50.12,0.21
5290,-4.18,50.12,0.26
5291,-4.06,50.12,0.39
5292,-3.93,50.12,0.68
5293,-3.81,50.12,0.9
5294,-3.68,50.12,1.05
5295,-3.56,50.12,1.08
5296,-3.43,50.12,1
5297,-3.31,50.12,0.93
5298,-3.18,50.12,0.93
5299,-3.06,50.12,0.99
5300,-2.93,50.12,1.06
5301,-2.81,50.12,1.26
5302,-2.68,50.12,1.61
5303,-2.56,50.12,1.98
5304,-2.43,50.12,2.35
5305,-2.31,50.12,2.72
5306,-2.18,50.12,3
5307,-2.06,50.12,3
5308,-1.93,50.12,3
5309,-1.81,50.12,3
5310,-1.68,50.12,3
5311,-1.56,50.12,3
5312,-1.43,50.12,3
5313,-1.31,50.12,3
5314,-1.18,50.12,3
5315,-1.06,50.12,3
5316,-0.93,50.12,3
5317,-0.81,50.12,2.75
5318,-0.68,50.12,2.4
5319,-0.56,50.12,2.19
5320,-0.43,50.12,1.99
5321,-0.31,50.12,1.73
5322,-0.18,50.12,1.53
5323,-0.06,50.12,1.45
5324,0.06,50.12,1.43
5325,0.18,50.12,1.41
5326,0.31,50.12,1.38
5327,0.43,50.12,1.31
5328,0.56,50.12,1.19
5329,0.68,50.12,1.16
5330,0.81,50.12,1.18
5331,0.93,50.12,1.11
5332,1.06,50.12,0.99
5333,1.18,50.12,0.75
5334,1.31,50.12,0.55
5335,1.43,50.12,0.47
5336,1.56,50.12,1000000
5337,1.68,50.12,1000000
5338,1.81,50.12,1000000
5339,1.93,50.12,1000000
5340,2.06,50.12,1000000
5341,2.18,50.12,1000000
5342,2.31,50.12,1000000
5343,2.43,50.12,1000000
5344,2.56,50.12,1000000
5345,2.68,50.12,1000000
5346,2.81,50.12,1000000
5347,2.93,50.12,1000000
5348,3.06,50.12,1000000
5349,3.18,50.12,1000000
5350,3.31,50.12,1000000
5351,3.43,50.12,1000000
5352,3.56,50.12,1000000
5353,3.68,50.12,1000000
5354,3.81,50.12,1000000
5355,3.93,50.12,1000000
5356,4.06,50.12,1000000
5357,4.18,50.12,1000000
5358,4.31,50.12,1000000
5359,4.43,50.12,1000000
5360,4.56,50.12,1000000
5361,4.68,50.12,1000000
5362,4.81,50.12,1000000
5363,4.93,50.12,1000000
5364,5.06,50.12,1000000
5365,5.18,50.12,1000000
5366,5.31,50.12,1000000
5367,5.43,50.12,1000000
5368,5.56,50.12,1000000
5369,5.68,50.12,1000000
5370,5.81,50.12,1000000
5371,5.93,50.12,1000000
5372,6.06,50.12,1000000
5373,6.18,50.12,1000000
5374,6.31,50.12,1000000
5375,6.43,50.12,1000000
5376,6.56,50.12,1000000
5377,6.68,50.12,1000000
5378,6.81,50.12,1000000
5379,6.93,50.12,1000000
5380,7.06,50.12,1000000
5381,7.18,50.12,1000000
5382,7.31,50.12,1000000
5383,7.43,50.12,1000000
5384,7.56,50.12,1000000
5385,7.68,50.12,1000000
5386,7.81,50.12,1000000
5387,7.93,50.12,1000000
5388,8.06,50.12,1000000
5389,8.18,50.12,1000000
5390,8.31,50.12,1000000
5391,8.43,50.12,1000000
5392,8.56,50.12,1000000
5393,8.68,50.12,1000000
5394,8.81,50.12,1000000
5395,8.93,50.12,1000000
5396,9.06,50.12,1000000
5397,9.18,50.12,1000000
5398,9.31,50.12,1000000
5399,9.43,50.12,1000000
5400,9.56,50.12,1000000
5401,9.68,50.12,1000000
5402,9.81,50.12,1000000
5403,9.93,50.12,1000000
5404,10.06,50.12,1000000
5405,10.18,50.12,1000000
5406,10.31,50.12,1000000
5407,10.43,50.12,1000000
5408,10.56,50.12,1000000
5409,10.68,50.12,1000000
5410,10.81,50.12,1000000
5411,10.93,50.12,1000000
5412,11.06,50.12,1000000
5413,11.18,50.12,1000000
5414,11.31,50.12,1000000
5415,11.43,50.12,1000000
5416,11.56,50.12,1000000
5417,11.68,50.12,1000000
5418,11.81,50.12,1000000
5419,11.93,50.12,1000000
5420,12.06,50.12,1000000
5421,12.18,50.12,1000000
5422,12.31,50.12,1000000
5423,12.43,50.12,1000000
5424,12.56,50.12,1000000
5425,12.68,50.12,1000000
5426,12.81,50.12,1000000
5427,12.93,50.12,1000000
5428,-12.06,50.2,1000000
5429,-11.93,50.2,1000000
5430,-11.81,50.2,2.06E-03
5431,-11.68,50.2,4.04E-03
5432,-11.56,50.2,5.27E-03
5433,-11.43,50.2,6.04E-03
5434,-11.31,50.2,7.80E-03
5435,-11.18,50.2,0.01
5436,-11.06,50.2,0.02
5437,-10.93,50.2,0.05
5438,-10.81,50.2,0.07
5439,-10.68,50.2,0.1
5440,-10.56,50.2,0.12
5441,-10.43,50.2,0.14
5442,-10.31,50.2,0.16
5443,-10.18,50.2,0.19
5444,-10.06,50.2,0.21
5445,-9.93,50.2,0.23
5446,-9.81,50.2,0.23
5447,-9.68,50.2,0.23
5448,-9.56,50.2,0.24
5449,-9.43,50.2,0.24
5450,-9.31,50.2,0.23
5451,-9.18,50.2,0.26
5452,-9.06,50.2,0.29
5453,-8.93,50.2,0.31
5454,-8.81,50.2,0.32
5455,-8.68,50.2,0.33
5456,-8.56,50.2,0.36
5457,-8.43,50.2,0.39
5458,-8.31,50.2,0.38
5459,-8.18,50.2,0.35
5460,-8.06,50.2,0.39
5461,-7.93,50.2,0.49
5462,-7.81,50.2,0.49
5463,-7.68,50.2,0.43
5464,-7.56,50.2,0.43
5465,-7.43,50.2,0.45
5466,-7.31,50.2,0.44
5467,-7.18,50.2,0.43
5468,-7.06,50.2,0.44
5469,-6.93,50.2,0.45
5470,-6.81,50.2,0.47
5471,-6.68,50.2,0.5
5472,-6.56,50.2,0.54
5473,-6.43,50.2,0.58
5474,-6.31,50.2,0.61
5475,-6.18,50.2,0.73
5476,-6.06,50.2,0.92
5477,-5.93,50.2,1.43
5478,-5.81,50.2,2.9
5479,-5.68,50.2,2.18
5480,-5.56,50.2,1.37
5481,-5.43,50.2,0.84
5482,-5.31,50.2,1000000
5483,-5.18,50.2,1000000
5484,-5.06,50.2,1000000
5485,-4.93,50.2,0.06
5486,-4.81,50.2,0.08
5487,-4.68,50.2,0.11
5488,-4.56,50.2,0.1
5489,-4.43,50.2,0.12
5490,-4.31,50.2,0.14
5491,-4.18,50.2,0.17
5492,-4.06,50.2,0.28
5493,-3.93,50.2,0.75
5494,-3.81,50.2,1.1
5495,-3.68,50.2,1.17
5496,-3.56,50.2,1.23
5497,-3.43,50.2,1.01
5498,-3.31,50.2,0.83
5499,-3.18,50.2,0.81
5500,-3.06,50.2,0.85
5501,-2.93,50.2,0.94
5502,-2.81,50.2,1.2
5503,-2.68,50.2,1.51
5504,-2.56,50.2,1.81
5505,-2.43,50.2,2.15
5506,-2.31,50.2,2.54
5507,-2.18,50.2,2.93
5508,-2.06,50.2,3
5509,-1.93,50.2,3
5510,-1.81,50.2,3
5511,-1.68,50.2,3
5512,-1.56,50.2,3
5513,-1.43,50.2,3
5514,-1.31,50.2,3
5515,-1.18,50.2,3
5516,-1.06,50.2,3
5517,-0.93,50.2,3
5518,-0.81,50.2,2.71
5519,-0.68,50.2,2.51
5520,-0.56,50.2,2.3
5521,-0.43,50.2,2
5522,-0.31,50.2,1.7
5523,-0.18,50.2,1.47
5524,-0.06,50.2,1.37
5525,0.06,50.2,1.35
5526,0.18,50.2,1.35
5527,0.31,50.2,1.32
5528,0.43,50.2,1.2
5529,0.56,50.2,1.08
5530,0.68,50.2,1.06
5531,0.81,50.2,1.06
5532,0.93,50.2,0.99
5533,1.06,50.2,0.84
5534,1.18,50.2,0.64
5535,1.31,50.2,0.5
5536,1.43,50.2,0.63
5537,1.56,50.2,0.62
5538,1.68,50.2,1000000
5539,1.81,50.2,1000000
5540,1.93,50.2,1000000
5541,2.06,50.2,1000000
5542,2.18,50.2,1000000
5543,2.31,50.2,1000000
5544,2.43,50.2,1000000
5545,2.56,50.2,1000000
5546,2.68,50.2,1000000
5547,2.81,50.2,1000000
5548,2.93,50.2,1000000
5549,3.06,50.2,1000000
5550,3.18,50.2,1000000
5551,3.31,50.2,1000000
5552,3.43,50.2,1000000
5553,3.56,50.2,1000000
5554,3.68,50.2,1000000
5555,3.81,50.2,1000000
5556,3.93,50.2,1000000
5557,4.06,50.2,1000000
5558,4.18,50.2,1000000
5559,4.31,50.2,1000000
5560,4.43,50.2,1000000
5561,4.56,50.2,1000000
5562,4.68,50.2,1000000
5563,4.81,50.2,1000000
5564,4.93,50.2,1000000
5565,5.06,50.2,1000000
5566,5.18,50.2,1000000
5567,5.31,50.2,1000000
5568,5.43,50.2,1000000
5569,5.56,50.2,1000000
5570,5.68,50.2,1000000
5571,5.81,50.2,1000000
5572,5.93,50.2,1000000
5573,6.06,50.2,1000000
5574,6.18,50.2,1000000
5575,6.31,50.2,1000000
5576,6.43,50.2,1000000
5577,6.56,50.2,1000000
5578,6.68,50.2,1000000
5579,6.81,50.2,1000000
5580,6.93,50.2,1000000
5581,7.06,50.2,1000000
5582,7.18,50.2,1000000
5583,7.31,50.2,1000000
5584,7.43,50.2,1000000
5585,7.56,50.2,1000000
5586,7.68,50.2,1000000
5587,7.81,50.2,1000000
5588,7.93,50.2,1000000
5589,8.06,50.2,1000000
5590,8.18,50.2,1000000
5591,8.31,50.2,1000000
5592,8.43,50.2,1000000
5593,8.56,50.2,1000000
5594,8.68,50.2,1000000
5595,8.81,50.2,1000000
5596,8.93,50.2,1000000
5597,9.06,50.2,1000000
5598,9.18,50.2,1000000
5599,9.31,50.2,1000000
5600,9.43,50.2,1000000
5601,9.56,50.2,1000000
5602,9.68,50.2,1000000
5603,9.81,50.2,1000000
5604,9.93,50.2,1000000
5605,10.06,50.2,1000000
5606,10.18,50.2,1000000
5607,10.31,50.2,1000000
5608,10.43,50.2,1000000
5609,10.56,50.2,1000000
5610,10.68,50.2,1000000
5611,10.81,50.2,1000000
5612,10.93,50.2,1000000
5613,11.06,50.2,1000000
5614,11.18,50.2,1000000
5615,11.31,50.2,1000000
5616,11.43,50.2,1000000
5617,11.56,50.2,1000000
5618,11.68,50.2,1000000
5619,11.81,50.2,1000000
5620,11.93,50.2,1000000
5621,12.06,50.2,1000000
5622,12.18,50.2,1000000
5623,12.31,50.2,1000000
5624,12.43,50.2,1000000
5625,12.56,50.2,1000000
5626,12.68,50.2,1000000
5627,12.81,50.2,1000000
5628,12.93,50.2,1000000
5629,-12.06,50.29,1000000
5630,-11.93,50.29,1000000
5631,-11.81,50.29,2.53E-03
5632,-11.68,50.29,3.77E-03
5633,-11.56,50.29,4.89E-03
5634,-11.43,50.29,6.23E-03
5635,-11.31,50.29,8.63E-03
5636,-11.18,50.29,0.01
5637,-11.06,50.29,0.02
5638,-10.93,50.29,0.04
5639,-10.81,50.29,0.07
5640,-10.68,50.29,0.11
5641,-10.56,50.29,0.13
5642,-10.43,50.29,0.15
5643,-10.31,50.29,0.17
5644,-10.18,50.29,0.18
5645,-10.06,50.29,0.2
5646,-9.93,50.29,0.22
5647,-9.81,50.29,0.22
5648,-9.68,50.29,0.23
5649,-9.56,50.29,0.24
5650,-9.43,50.29,0.23
5651,-9.31,50.29,0.23
5652,-9.18,50.29,0.25
5653,-9.06,50.29,0.3
5654,-8.93,50.29,0.33
5655,-8.81,50.29,0.33
5656,-8.68,50.29,0.33
5657,-8.56,50.29,0.34
5658,-8.43,50.29,0.36
5659,-8.31,50.29,0.36
5660,-8.18,50.29,0.35
5661,-8.06,50.29,0.38
5662,-7.93,50.29,0.41
5663,-7.81,50.29,0.41
5664,-7.68,50.29,0.43
5665,-7.56,50.29,0.46
5666,-7.43,50.29,0.45
5667,-7.31,50.29,0.42
5668,-7.18,50.29,0.42
5669,-7.06,50.29,0.4
5670,-6.93,50.29,0.41
5671,-6.81,50.29,0.44
5672,-6.68,50.29,0.47
5673,-6.56,50.29,0.52
5674,-6.43,50.29,0.55
5675,-6.31,50.29,0.6
5676,-6.18,50.29,0.7
5677,-6.06,50.29,0.85
5678,-5.93,50.29,1.26
5679,-5.81,50.29,1.91
5680,-5.68,50.29,1.74
5681,-5.56,50.29,1.4
5682,-5.43,50.29,0.58
5683,-5.31,50.29,0.42
5684,-5.18,50.29,1000000
5685,-5.06,50.29,1000000
5686,-4.93,50.29,1000000
5687,-4.81,50.29,1000000
5688,-4.68,50.29,0.06
5689,-4.56,50.29,0.05
5690,-4.43,50.29,0.07
5691,-4.31,50.29,0.09
5692,-4.18,50.29,0.12
5693,-4.06,50.29,0.18
5694,-3.93,50.29,0.27
5695,-3.81,50.29,1000000
5696,-3.68,50.29,1000000
5697,-3.56,50.29,0.9
5698,-3.43,50.29,0.78
5699,-3.31,50.29,0.61
5700,-3.18,50.29,0.61
5701,-3.06,50.29,0.69
5702,-2.93,50.29,0.83
5703,-2.81,50.29,1.05
5704,-2.68,50.29,1.32
5705,-2.56,50.29,1.65
5706,-2.43,50.29,2.04
5707,-2.31,50.29,2.47
5708,-2.18,50.29,2.89
5709,-2.06,50.29,3
5710,-1.93,50.29,3
5711,-1.81,50.29,3
5712,-1.68,50.29,3
5713,-1.56,50.29,3
5714,-1.43,50.29,3
5715,-1.31,50.29,3
5716,-1.18,50.29,3
5717,-1.06,50.29,3
5718,-0.93,50.29,3
5719,-0.81,50.29,2.75
5720,-0.68,50.29,2.57
5721,-0.56,50.29,2.29
5722,-0.43,50.29,1.94
5723,-0.31,50.29,1.61
5724,-0.18,50.29,1.38
5725,-0.06,50.29,1.29
5726,0.06,50.29,1.28
5727,0.18,50.29,1.3
5728,0.31,50.29,1.22
5729,0.43,50.29,1.08
5730,0.56,50.29,0.98
5731,0.68,50.29,0.95
5732,0.81,50.29,0.92
5733,0.93,50.29,0.84
5734,1.06,50.29,0.72
5735,1.18,50.29,0.57
5736,1.31,50.29,0.55
5737,1.43,50.29,0.58
5738,1.56,50.29,0.41
5739,1.68,50.29,1000000
5740,1.81,50.29,1000000
5741,1.93,50.29,1000000
5742,2.06,50.29,1000000
5743,2.18,50.29,1000000
5744,2.31,50.29,1000000
5745,2.43,50.29,1000000
5746,2.56,50.29,1000000
5747,2.68,50.29,1000000
5748,2.81,50.29,1000000
5749,2.93,50.29,1000000
5750,3.06,50.29,1000000
5751,3.18,50.29,1000000
5752,3.31,50.29,1000000
5753,3.43,50.29,1000000
5754,3.56,50.29,1000000
5755,3.68,50.29,1000000
5756,3.81,50.29,1000000
5757,3.93,50.29,1000000
5758,4.06,50.29,1000000
5759,4.18,50.29,1000000
5760,4.31,50.29,1000000
5761,4.43,50.29,1000000
5762,4.56,50.29,1000000
5763,4.68,50.29,1000000
5764,4.81,50.29,1000000
5765,4.93,50.29,1000000
5766,5.06,50.29,1000000
5767,5.18,50.29,1000000
5768,5.31,50.29,1000000
5769,5.43,50.29,1000000
5770,5.56,50.29,1000000
5771,5.68,50.29,1000000
5772,5.81,50.29,1000000
5773,5.93,50.29,1000000
5774,6.06,50.29,1000000
5775,6.18,50.29,1000000
5776,6.31,50.29,1000000
5777,6.43,50.29,1000000
5778,6.56,50.29,1000000
5779,6.68,50.29,1000000
5780,6.81,50.29,1000000
5781,6.93,50.29,1000000
5782,7.06,50.29,1000000
5783,7.18,50.29,1000000
5784,7.31,50.29,1000000
5785,7.43,50.29,1000000
5786,7.56,50.29,1000000
5787,7.68,50.29,1000000
5788,7.81,50.29,1000000
5789,7.93,50.29,1000000
5790,8.06,50.29,1000000
5791,8.18,50.29,1000000
5792,8.31,50.29,1000000
5793,8.43,50.29,1000000
5794,8.56,50.29,1000000
5795,8.68,50.29,1000000
5796,8.81,50.29,1000000
5797,8.93,50.29,1000000
5798,9.06,50.29,1000000
5799,9.18,50.29,1000000
5800,9.31,50.29,1000000
5801,9.43,50.29,1000000
5802,9.56,50.29,1000000
5803,9.68,50.29,1000000
5804,9.81,50.29,1000000
5805,9.93,50.29,1000000
5806,10.06,50.29,1000000
5807,10.18,50.29,1000000
5808,10.31,50.29,1000000
5809,10.43,50.29,1000000
5810,10.56,50.29,1000000
5811,10.68,50.29,1000000
5812,10.81,50.29,1000000
5813,10.93,50.29,1000000
5814,11.06,50.29,1000000
5815,11.18,50.29,1000000
5816,11.31,50.29,1000000
5817,11.43,50.29,1000000
5818,11.56,50.29,1000000
5819,11.68,50.29,1000000
5820,11.81,50.29,1000000
5821,11.93,50.29,1000000
5822,12.06,50.29,1000000
5823,12.18,50.29,1000000
5824,12.31,50.29,1000000
5825,12.43,50.29,1000000
5826,12.56,50.29,1000000
5827,12.68,50.29,1000000
5828,12.81,50.29,1000000
5829,12.93,50.29,1000000
5830,-12.06,50.37,1000000
5831,-11.93,50.37,1000000
5832,-11.81,50.37,1.65E-03
5833,-11.68,50.37,2.73E-03
5834,-11.56,50.37,4.51E-03
5835,-11.43,50.37,6.56E-03
5836,-11.31,50.37,9.00E-03
5837,-11.18,50.37,0.01
5838,-11.06,50.37,0.02
5839,-10.93,50.37,0.04
5840,-10.81,50.37,0.08
5841,-10.68,50.37,0.12
5842,-10.56,50.37,0.14
5843,-10.43,50.37,0.16
5844,-10.31,50.37,0.17
5845,-10.18,50.37,0.18
5846,-10.06,50.37,0.2
5847,-9.93,50.37,0.21
5848,-9.81,50.37,0.22
5849,-9.68,50.37,0.24
5850,-9.56,50.37,0.24
5851,-9.43,50.37,0.23
5852,-9.31,50.37,0.22
5853,-9.18,50.37,0.25
5854,-9.06,50.37,0.3
5855,-8.93,50.37,0.33
5856,-8.81,50.37,0.32
5857,-8.68,50.37,0.3
5858,-8.56,50.37,0.32
5859,-8.43,50.37,0.36
5860,-8.31,50.37,0.37
5861,-8.18,50.37,0.35
5862,-8.06,50.37,0.34
5863,-7.93,50.37,0.36
5864,-7.81,50.37,0.38
5865,-7.68,50.37,0.41
5866,-7.56,50.37,0.42
5867,-7.43,50.37,0.41
5868,-7.31,50.37,0.4
5869,-7.18,50.37,0.38
5870,-7.06,50.37,0.36
5871,-6.93,50.37,0.39
5872,-6.81,50.37,0.43
5873,-6.68,50.37,0.46
5874,-6.56,50.37,0.5
5875,-6.43,50.37,0.53
5876,-6.31,50.37,0.59
5877,-6.18,50.37,0.67
5878,-6.06,50.37,0.77
5879,-5.93,50.37,1.05
5880,-5.81,50.37,1.33
5881,-5.68,50.37,1.18
5882,-5.56,50.37,0.92
5883,-5.43,50.37,0.6
5884,-5.31,50.37,0.5
5885,-5.18,50.37,0.55
5886,-5.06,50.37,1000000
5887,-4.93,50.37,1000000
5888,-4.81,50.37,1000000
5889,-4.68,50.37,1000000
5890,-4.56,50.37,1000000
5891,-4.43,50.37,1000000
5892,-4.31,50.37,1000000
5893,-4.18,50.37,1000000
5894,-4.06,50.37,1000000
5895,-3.93,50.37,1000000
5896,-3.81,50.37,1000000
5897,-3.68,50.37,1000000
5898,-3.56,50.37,1000000
5899,-3.43,50.37,0.36
5900,-3.31,50.37,0.33
5901,-3.18,50.37,0.4
5902,-3.06,50.37,0.52
5903,-2.93,50.37,0.67
5904,-2.81,50.37,0.89
5905,-2.68,50.37,1.17
5906,-2.56,50.37,1.55
5907,-2.43,50.37,2.01
5908,-2.31,50.37,2.48
5909,-2.18,50.37,2.93
5910,-2.06,50.37,3
5911,-1.93,50.37,3
5912,-1.81,50.37,3
5913,-1.68,50.37,3
5914,-1.56,50.37,3
5915,-1.43,50.37,3
5916,-1.31,50.37,3
5917,-1.18,50.37,3
5918,-1.06,50.37,3
5919,-0.93,50.37,3
5920,-0.81,50.37,2.75
5921,-0.68,50.37,2.53
5922,-0.56,50.37,2.17
5923,-0.43,50.37,1.79
5924,-0.31,50.37,1.48
5925,-0.18,50.37,1.28
5926,-0.06,50.37,1.22
5927,0.06,50.37,1.23
5928,0.18,50.37,1.22
5929,0.31,50.37,1.12
5930,0.43,50.37,0.99
5931,0.56,50.37,0.9
5932,0.68,50.37,0.85
5933,0.81,50.37,0.79
5934,0.93,50.37,0.72
5935,1.06,50.37,0.62
5936,1.18,50.37,0.53
5937,1.31,50.37,0.55
5938,1.43,50.37,0.52
5939,1.56,50.37,0.37
5940,1.68,50.37,1000000
5941,1.81,50.37,1000000
5942,1.93,50.37,1000000
5943,2.06,50.37,1000000
5944,2.18,50.37,1000000
5945,2.31,50.37,1000000
5946,2.43,50.37,1000000
5947,2.56,50.37,1000000
5948,2.68,50.37,1000000
5949,2.81,50.37,1000000
5950,2.93,50.37,1000000
5951,3.06,50.37,1000000
5952,3.18,50.37,1000000
5953,3.31,50.37,1000000
5954,3.43,50.37,1000000
5955,3.56,50.37,1000000
5956,3.68,50.37,1000000
5957,3.81,50.37,1000000
5958,3.93,50.37,1000000
5959,4.06,50.37,1000000
5960,4.18,50.37,1000000
5961,4.31,50.37,1000000
5962,4.43,50.37,1000000
5963,4.56,50.37,1000000
5964,4.68,50.37,1000000
5965,4.81,50.37,1000000
5966,4.93,50.37,1000000
5967,5.06,50.37,1000000
5968,5.18,50.37,1000000
5969,5.31,50.37,1000000
5970,5.43,50.37,1000000
5971,5.56,50.37,1000000
5972,5.68,50.37,1000000
5973,5.81,50.37,1000000
5974,5.93,50.37,1000000
5975,6.06,50.37,1000000
5976,6.18,50.37,1000000
5977,6.31,50.37,1000000
5978,6.43,50.37,1000000
5979,6.56,50.37,1000000
5980,6.68,50.37,1000000
5981,6.81,50.37,1000000
5982,6.93,50.37,1000000
5983,7.06,50.37,1000000
5984,7.18,50.37,1000000
5985,7.31,50.37,1000000
5986,7.43,50.37,1000000
5987,7.56,50.37,1000000
5988,7.68,50.37,1000000
5989,7.81,50.37,1000000
5990,7.93,50.37,1000000
5991,8.06,50.37,1000000
5992,8.18,50.37,1000000
5993,8.31,50.37,1000000
5994,8.43,50.37,1000000
5995,8.56,50.37,1000000
5996,8.68,50.37,1000000
5997,8.81,50.37,1000000
5998,8.93,50.37,1000000
5999,9.06,50.37,1000000
6000,9.18,50.37,1000000
6001,9.31,50.37,1000000
6002,9.43,50.37,1000000
6003,9.56,50.37,1000000
6004,9.68,50.37,1000000
6005,9.81,50.37,1000000
6006,9.93,50.37,1000000
6007,10.06,50.37,1000000
6008,10.18,50.37,1000000
6009,10.31,50.37,1000000
6010,10.43,50.37,1000000
6011,10.56,50.37,1000000
6012,10.68,50.37,1000000
6013,10.81,50.37,1000000
6014,10.93,50.37,1000000
6015,11.06,50.37,1000000
6016,11.18,50.37,1000000
6017,11.31,50.37,1000000
6018,11.43,50.37,1000000
6019,11.56,50.37,1000000
6020,11.68,50.37,1000000
6021,11.81,50.37,1000000
6022,11.93,50.37,1000000
6023,12.06,50.37,1000000
6024,12.18,50.37,1000000
6025,12.31,50.37,1000000
6026,12.43,50.37,1000000
6027,12.56,50.37,1000000
6028,12.68,50.37,1000000
6029,12.81,50.37,1000000
6030,12.93,50.37,1000000
6031,-12.06,50.45,1000000
6032,-11.93,50.45,1000000
6033,-11.81,50.45,3.64E-03
6034,-11.68,50.45,3.93E-03
6035,-11.56,50.45,5.76E-03
6036,-11.43,50.45,7.44E-03
6037,-11.31,50.45,9.31E-03
6038,-11.18,50.45,0.01
6039,-11.06,50.45,0.02
6040,-10.93,50.45,0.05
6041,-10.81,50.45,0.09
6042,-10.68,50.45,0.13
6043,-10.56,50.45,0.15
6044,-10.43,50.45,0.16
6045,-10.31,50.45,0.17
6046,-10.18,50.45,0.18
6047,-10.06,50.45,0.19
6048,-9.93,50.45,0.21
6049,-9.81,50.45,0.22
6050,-9.68,50.45,0.24
6051,-9.56,50.45,0.24
6052,-9.43,50.45,0.22
6053,-9.31,50.45,0.22
6054,-9.18,50.45,0.25
6055,-9.06,50.45,0.31
6056,-8.93,50.45,0.32
6057,-8.81,50.45,0.3
6058,-8.68,50.45,0.3
6059,-8.56,50.45,0.33
6060,-8.43,50.45,0.37
6061,-8.31,50.45,0.37
6062,-8.18,50.45,0.34
6063,-8.06,50.45,0.33
6064,-7.93,50.45,0.34
6065,-7.81,50.45,0.36
6066,-7.68,50.45,0.37
6067,-7.56,50.45,0.38
6068,-7.43,50.45,0.38
6069,-7.31,50.45,0.36
6070,-7.18,50.45,0.36
6071,-7.06,50.45,0.37
6072,-6.93,50.45,0.4
6073,-6.81,50.45,0.42
6074,-6.68,50.45,0.45
6075,-6.56,50.45,0.48
6076,-6.43,50.45,0.52
6077,-6.31,50.45,0.58
6078,-6.18,50.45,0.62
6079,-6.06,50.45,0.68
6080,-5.93,50.45,0.88
6081,-5.81,50.45,1
6082,-5.68,50.45,0.94
6083,-5.56,50.45,0.78
6084,-5.43,50.45,0.6
6085,-5.31,50.45,0.59
6086,-5.18,50.45,0.59
6087,-5.06,50.45,0.58
6088,-4.93,50.45,1000000
6089,-4.81,50.45,1000000
6090,-4.68,50.45,1000000
6091,-4.56,50.45,1000000
6092,-4.43,50.45,1000000
6093,-4.31,50.45,1000000
6094,-4.18,50.45,1000000
6095,-4.06,50.45,1000000
6096,-3.93,50.45,1000000
6097,-3.81,50.45,1000000
6098,-3.68,50.45,1000000
6099,-3.56,50.45,1000000
6100,-3.43,50.45,0.13
6101,-3.31,50.45,0.17
6102,-3.18,50.45,0.27
6103,-3.06,50.45,0.4
6104,-2.93,50.45,0.55
6105,-2.81,50.45,0.72
6106,-2.68,50.45,1.05
6107,-2.56,50.45,1.6
6108,-2.43,50.45,2.22
6109,-2.31,50.45,2.71
6110,-2.18,50.45,3
6111,-2.06,50.45,3
6112,-1.93,50.45,3
6113,-1.81,50.45,3
6114,-1.68,50.45,3
6115,-1.56,50.45,3
6116,-1.43,50.45,3
6117,-1.31,50.45,3
6118,-1.18,50.45,3
6119,-1.06,50.45,3
6120,-0.93,50.45,2.83
6121,-0.81,50.45,2.53
6122,-0.68,50.45,2.29
6123,-0.56,50.45,1.9
6124,-0.43,50.45,1.56
6125,-0.31,50.45,1.31
6126,-0.18,50.45,1.18
6127,-0.06,50.45,1.15
6128,0.06,50.45,1.15
6129,0.18,50.45,1.1
6130,0.31,50.45,1.02
6131,0.43,50.45,0.93
6132,0.56,50.45,0.84
6133,0.68,50.45,0.77
6134,0.81,50.45,0.71
6135,0.93,50.45,0.64
6136,1.06,50.45,0.54
6137,1.18,50.45,0.49
6138,1.31,50.45,0.53
6139,1.43,50.45,0.57
6140,1.56,50.45,0.54
6141,1.68,50.45,1000000
6142,1.81,50.45,1000000
6143,1.93,50.45,1000000
6144,2.06,50.45,1000000
6145,2.18,50.45,1000000
6146,2.31,50.45,1000000
6147,2.43,50.45,1000000
6148,2.56,50.45,1000000
6149,2.68,50.45,1000000
6150,2.81,50.45,1000000
6151,2.93,50.45,1000000
6152,3.06,50.45,1000000
6153,3.18,50.45,1000000
6154,3.31,50.45,1000000
6155,3.43,50.45,1000000
6156,3.56,50.45,1000000
6157,3.68,50.45,1000000
6158,3.81,50.45,1000000
6159,3.93,50.45,1000000
6160,4.06,50.45,1000000
6161,4.18,50.45,1000000
6162,4.31,50.45,1000000
6163,4.43,50.45,1000000
6164,4.56,50.45,1000000
6165,4.68,50.45,1000000
6166,4.81,50.45,1000000
6167,4.93,50.45,1000000
6168,5.06,50.45,1000000
6169,5.18,50.45,1000000
6170,5.31,50.45,1000000
6171,5.43,50.45,1000000
6172,5.56,50.45,1000000
6173,5.68,50.45,1000000
6174,5.81,50.45,1000000
6175,5.93,50.45,1000000
6176,6.06,50.45,1000000
6177,6.18,50.45,1000000
6178,6.31,50.45,1000000
6179,6.43,50.45,1000000
6180,6.56,50.45,1000000
6181,6.68,50.45,1000000
6182,6.81,50.45,1000000
6183,6.93,50.45,1000000
6184,7.06,50.45,1000000
6185,7.18,50.45,1000000
6186,7.31,50.45,1000000
6187,7.43,50.45,1000000
6188,7.56,50.45,1000000
6189,7.68,50.45,1000000
6190,7.81,50.45,1000000
6191,7.93,50.45,1000000
6192,8.06,50.45,1000000
6193,8.18,50.45,1000000
6194,8.31,50.45,1000000
6195,8.43,50.45,1000000
6196,8.56,50.45,1000000
6197,8.68,50.45,1000000
6198,8.81,50.45,1000000
6199,8.93,50.45,1000000
6200,9.06,50.45,1000000
6201,9.18,50.45,1000000
6202,9.31,50.45,1000000
6203,9.43,50.45,1000000
6204,9.56,50.45,1000000
6205,9.68,50.45,1000000
6206,9.81,50.45,1000000
6207,9.93,50.45,1000000
6208,10.06,50.45,1000000
6209,10.18,50.45,1000000
6210,10.31,50.45,1000000
6211,10.43,50.45,1000000
6212,10.56,50.45,1000000
6213,10.68,50.45,1000000
6214,10.81,50.45,1000000
6215,10.93,50.45,1000000
6216,11.06,50.45,1000000
6217,11.18,50.45,1000000
6218,11.31,50.45,1000000
6219,11.43,50.45,1000000
6220,11.56,50.45,1000000
6221,11.68,50.45,1000000
6222,11.81,50.45,1000000
6223,11.93,50.45,1000000
6224,12.06,50.45,1000000
6225,12.18,50.45,1000000
6226,12.31,50.45,1000000
6227,12.43,50.45,1000000
6228,12.56,50.45,1000000
6229,12.68,50.45,1000000
6230,12.81,50.45,1000000
6231,12.93,50.45,1000000
6232,-12.06,50.54,1000000
6233,-11.93,50.54,1000000
6234,-11.81,50.54,9.82E-03
6235,-11.68,50.54,9.57E-03
6236,-11.56,50.54,9.27E-03
6237,-11.43,50.54,9.07E-03
6238,-11.31,50.54,0.01
6239,-11.18,50.54,0.01
6240,-11.06,50.54,0.03
6241,-10.93,50.54,0.06
6242,-10.81,50.54,0.12
6243,-10.68,50.54,0.14
6244,-10.56,50.54,0.15
6245,-10.43,50.54,0.16
6246,-10.31,50.54,0.17
6247,-10.18,50.54,0.18
6248,-10.06,50.54,0.19
6249,-9.93,50.54,0.2
6250,-9.81,50.54,0.22
6251,-9.68,50.54,0.24
6252,-9.56,50.54,0.25
6253,-9.43,50.54,0.22
6254,-9.31,50.54,0.22
6255,-9.18,50.54,0.26
6256,-9.06,50.54,0.3
6257,-8.93,50.54,0.31
6258,-8.81,50.54,0.3
6259,-8.68,50.54,0.31
6260,-8.56,50.54,0.33
6261,-8.43,50.54,0.34
6262,-8.31,50.54,0.34
6263,-8.18,50.54,0.34
6264,-8.06,50.54,0.33
6265,-7.93,50.54,0.34
6266,-7.81,50.54,0.34
6267,-7.68,50.54,0.35
6268,-7.56,50.54,0.35
6269,-7.43,50.54,0.35
6270,-7.31,50.54,0.35
6271,-7.18,50.54,0.36
6272,-7.06,50.54,0.38
6273,-6.93,50.54,0.39
6274,-6.81,50.54,0.41
6275,-6.68,50.54,0.43
6276,-6.56,50.54,0.45
6277,-6.43,50.54,0.5
6278,-6.31,50.54,0.55
6279,-6.18,50.54,0.56
6280,-6.06,50.54,0.64
6281,-5.93,50.54,0.77
6282,-5.81,50.54,0.82
6283,-5.68,50.54,0.78
6284,-5.56,50.54,0.68
6285,-5.43,50.54,0.61
6286,-5.31,50.54,0.64
6287,-5.18,50.54,0.69
6288,-5.06,50.54,0.75
6289,-4.93,50.54,1000000
6290,-4.81,50.54,1000000
6291,-4.68,50.54,1000000
6292,-4.56,50.54,1000000
6293,-4.43,50.54,1000000
6294,-4.31,50.54,1000000
6295,-4.18,50.54,1000000
6296,-4.06,50.54,1000000
6297,-3.93,50.54,1000000
6298,-3.81,50.54,1000000
6299,-3.68,50.54,1000000
6300,-3.56,50.54,1000000
6301,-3.43,50.54,0.09
6302,-3.31,50.54,0.13
6303,-3.18,50.54,0.19
6304,-3.06,50.54,0.28
6305,-2.93,50.54,0.4
6306,-2.81,50.54,0.55
6307,-2.68,50.54,0.98
6308,-2.56,50.54,1.61
6309,-2.43,50.54,2.29
6310,-2.31,50.54,2.41
6311,-2.18,50.54,2.56
6312,-2.06,50.54,3
6313,-1.93,50.54,3
6314,-1.81,50.54,2.8
6315,-1.68,50.54,2.18
6316,-1.56,50.54,2.09
6317,-1.43,50.54,3
6318,-1.31,50.54,3
6319,-1.18,50.54,3
6320,-1.06,50.54,3
6321,-0.93,50.54,2.26
6322,-0.81,50.54,2.13
6323,-0.68,50.54,1.86
6324,-0.56,50.54,1.52
6325,-0.43,50.54,1.3
6326,-0.31,50.54,1.15
6327,-0.18,50.54,1.05
6328,-0.06,50.54,1.01
6329,0.06,50.54,1.03
6330,0.18,50.54,1.03
6331,0.31,50.54,1.01
6332,0.43,50.54,0.96
6333,0.56,50.54,0.84
6334,0.68,50.54,0.72
6335,0.81,50.54,0.63
6336,0.93,50.54,0.55
6337,1.06,50.54,0.48
6338,1.18,50.54,0.49
6339,1.31,50.54,0.57
6340,1.43,50.54,0.67
6341,1.56,50.54,0.7
6342,1.68,50.54,1000000
6343,1.81,50.54,1000000
6344,1.93,50.54,1000000
6345,2.06,50.54,1000000
6346,2.18,50.54,1000000
6347,2.31,50.54,1000000
6348,2.43,50.54,1000000
6349,2.56,50.54,1000000
6350,2.68,50.54,1000000
6351,2.81,50.54,1000000
6352,2.93,50.54,1000000
6353,3.06,50.54,1000000
6354,3.18,50.54,1000000
6355,3.31,50.54,1000000
6356,3.43,50.54,1000000
6357,3.56,50.54,1000000
6358,3.68,50.54,1000000
6359,3.81,50.54,1000000
6360,3.93,50.54,1000000
6361,4.06,50.54,1000000
6362,4.18,50.54,1000000
6363,4.31,50.54,1000000
6364,4.43,50.54,1000000
6365,4.56,50.54,1000000
6366,4.68,50.54,1000000
6367,4.81,50.54,1000000
6368,4.93,50.54,1000000
6369,5.06,50.54,1000000
6370,5.18,50.54,1000000
6371,5.31,50.54,1000000
6372,5.43,50.54,1000000
6373,5.56,50.54,1000000
6374,5.68,50.54,1000000
6375,5.81,50.54,1000000
6376,5.93,50.54,1000000
6377,6.06,50.54,1000000
6378,6.18,50.54,1000000
6379,6.31,50.54,1000000
6380,6.43,50.54,1000000
6381,6.56,50.54,1000000
6382,6.68,50.54,1000000
6383,6.81,50.54,1000000
6384,6.93,50.54,1000000
6385,7.06,50.54,1000000
6386,7.18,50.54,1000000
6387,7.31,50.54,1000000
6388,7.43,50.54,1000000
6389,7.56,50.54,1000000
6390,7.68,50.54,1000000
6391,7.81,50.54,1000000
6392,7.93,50.54,1000000
6393,8.06,50.54,1000000
6394,8.18,50.54,1000000
6395,8.31,50.54,1000000
6396,8.43,50.54,1000000
6397,8.56,50.54,1000000
6398,8.68,50.54,1000000
6399,8.81,50.54,1000000
6400,8.93,50.54,1000000
6401,9.06,50.54,1000000
6402,9.18,50.54,1000000
6403,9.31,50.54,1000000
6404,9.43,50.54,1000000
6405,9.56,50.54,1000000
6406,9.68,50.54,1000000
6407,9.81,50.54,1000000
6408,9.93,50.54,1000000
6409,10.06,50.54,1000000
6410,10.18,50.54,1000000
6411,10.31,50.54,1000000
6412,10.43,50.54,1000000
6413,10.56,50.54,1000000
6414,10.68,50.54,1000000
6415,10.81,50.54,1000000
6416,10.93,50.54,1000000
6417,11.06,50.54,1000000
6418,11.18,50.54,1000000
6419,11.31,50.54,1000000
6420,11.43,50.54,1000000
6421,11.56,50.54,1000000
6422,11.68,50.54,1000000
6423,11.81,50.54,1000000
6424,11.93,50.54,1000000
6425,12.06,50.54,1000000
6426,12.18,50.54,1000000
6427,12.31,50.54,1000000
6428,12.43,50.54,1000000
6429,12.56,50.54,1000000
6430,12.68,50.54,1000000
6431,12.81,50.54,1000000
6432,12.93,50.54,1000000
6433,-12.06,50.62,1000000
6434,-11.93,50.62,1000000
6435,-11.81,50.62,0.01
6436,-11.68,50.62,0.01
6437,-11.56,50.62,0.01
6438,-11.43,50.62,0.01
6439,-11.31,50.62,0.01
6440,-11.18,50.62,0.01
6441,-11.06,50.62,0.03
6442,-10.93,50.62,0.08
6443,-10.81,50.62,0.13
6444,-10.68,50.62,0.15
6445,-10.56,50.62,0.15
6446,-10.43,50.62,0.16
6447,-10.31,50.62,0.17
6448,-10.18,50.62,0.18
6449,-10.06,50.62,0.19
6450,-9.93,50.62,0.2
6451,-9.81,50.62,0.21
6452,-9.68,50.62,0.23
6453,-9.56,50.62,0.23
6454,-9.43,50.62,0.22
6455,-9.31,50.62,0.23
6456,-9.18,50.62,0.27
6457,-9.06,50.62,0.29
6458,-8.93,50.62,0.29
6459,-8.81,50.62,0.3
6460,-8.68,50.62,0.31
6461,-8.56,50.62,0.32
6462,-8.43,50.62,0.31
6463,-8.31,50.62,0.3
6464,-8.18,50.62,0.31
6465,-8.06,50.62,0.34
6466,-7.93,50.62,0.33
6467,-7.81,50.62,0.31
6468,-7.68,50.62,0.33
6469,-7.56,50.62,0.34
6470,-7.43,50.62,0.34
6471,-7.31,50.62,0.35
6472,-7.18,50.62,0.35
6473,-7.06,50.62,0.36
6474,-6.93,50.62,0.37
6475,-6.81,50.62,0.39
6476,-6.68,50.62,0.4
6477,-6.56,50.62,0.43
6478,-6.43,50.62,0.48
6479,-6.31,50.62,0.5
6480,-6.18,50.62,0.51
6481,-6.06,50.62,0.58
6482,-5.93,50.62,0.65
6483,-5.81,50.62,0.67
6484,-5.68,50.62,0.66
6485,-5.56,50.62,0.64
6486,-5.43,50.62,0.64
6487,-5.31,50.62,0.72
6488,-5.18,50.62,0.88
6489,-5.06,50.62,1.13
6490,-4.93,50.62,0.72
6491,-4.81,50.62,0.51
6492,-4.68,50.62,1000000
6493,-4.56,50.62,1000000
6494,-4.43,50.62,1000000
6495,-4.31,50.62,1000000
6496,-4.18,50.62,1000000
6497,-4.06,50.62,1000000
6498,-3.93,50.62,1000000
6499,-3.81,50.62,1000000
6500,-3.68,50.62,1000000
6501,-3.56,50.62,1000000
6502,-3.43,50.62,1000000
6503,-3.31,50.62,0.1
6504,-3.18,50.62,0.12
6505,-3.06,50.62,0.2
6506,-2.93,50.62,0.24
6507,-2.81,50.62,0.28
6508,-2.68,50.62,0.48
6509,-2.56,50.62,1000000
6510,-2.43,50.62,0.58
6511,-2.31,50.62,0.53
6512,-2.18,50.62,1000000
6513,-2.06,50.62,1000000
6514,-1.93,50.62,1.4
6515,-1.81,50.62,1.07
6516,-1.68,50.62,1.21
6517,-1.56,50.62,1.19
6518,-1.43,50.62,1.06
6519,-1.31,50.62,1000000
6520,-1.18,50.62,1000000
6521,-1.06,50.62,1.03
6522,-0.93,50.62,1.08
6523,-0.81,50.62,1.46
6524,-0.68,50.62,1.35
6525,-0.56,50.62,1.21
6526,-0.43,50.62,1.03
6527,-0.31,50.62,0.89
6528,-0.18,50.62,0.79
6529,-0.06,50.62,0.82
6530,0.06,50.62,0.96
6531,0.18,50.62,1.02
6532,0.31,50.62,1.04
6533,0.43,50.62,0.94
6534,0.56,50.62,0.76
6535,0.68,50.62,0.65
6536,0.81,50.62,0.56
6537,0.93,50.62,0.48
6538,1.06,50.62,0.46
6539,1.18,50.62,0.51
6540,1.31,50.62,0.6
6541,1.43,50.62,0.73
6542,1.56,50.62,0.83
6543,1.68,50.62,1000000
6544,1.81,50.62,1000000
6545,1.93,50.62,1000000
6546,2.06,50.62,1000000
6547,2.18,50.62,1000000
6548,2.31,50.62,1000000
6549,2.43,50.62,1000000
6550,2.56,50.62,1000000
6551,2.68,50.62,1000000
6552,2.81,50.62,1000000
6553,2.93,50.62,1000000
6554,3.06,50.62,1000000
6555,3.18,50.62,1000000
6556,3.31,50.62,1000000
6557,3.43,50.62,1000000
6558,3.56,50.62,1000000
6559,3.68,50.62,1000000
6560,3.81,50.62,1000000
6561,3.93,50.62,1000000
6562,4.06,50.62,1000000
6563,4.18,50.62,1000000
6564,4.31,50.62,1000000
6565,4.43,50.62,1000000
6566,4.56,50.62,1000000
6567,4.68,50.62,1000000
6568,4.81,50.62,1000000
6569,4.93,50.62,1000000
6570,5.06,50.62,1000000
6571,5.18,50.62,1000000
6572,5.31,50.62,1000000
6573,5.43,50.62,1000000
6574,5.56,50.62,1000000
6575,5.68,50.62,1000000
6576,5.81,50.62,1000000
6577,5.93,50.62,1000000
6578,6.06,50.62,1000000
6579,6.18,50.62,1000000
6580,6.31,50.62,1000000
6581,6.43,50.62,1000000
6582,6.56,50.62,1000000
6583,6.68,50.62,1000000
6584,6.81,50.62,1000000
6585,6.93,50.62,1000000
6586,7.06,50.62,1000000
6587,7.18,50.62,1000000
6588,7.31,50.62,1000000
6589,7.43,50.62,1000000
6590,7.56,50.62,1000000
6591,7.68,50.62,1000000
6592,7.81,50.62,1000000
6593,7.93,50.62,1000000
6594,8.06,50.62,1000000
6595,8.18,50.62,1000000
6596,8.31,50.62,1000000
6597,8.43,50.62,1000000
6598,8.56,50.62,1000000
6599,8.68,50.62,1000000
6600,8.81,50.62,1000000
6601,8.93,50.62,1000000
6602,9.06,50.62,1000000
6603,9.18,50.62,1000000
6604,9.31,50.62,1000000
6605,9.43,50.62,1000000
6606,9.56,50.62,1000000
6607,9.68,50.62,1000000
6608,9.81,50.62,1000000
6609,9.93,50.62,1000000
6610,10.06,50.62,1000000
6611,10.18,50.62,1000000
6612,10.31,50.62,1000000
6613,10.43,50.62,1000000
6614,10.56,50.62,1000000
6615,10.68,50.62,1000000
6616,10.81,50.62,1000000
6617,10.93,50.62,1000000
6618,11.06,50.62,1000000
6619,11.18,50.62,1000000
6620,11.31,50.62,1000000
6621,11.43,50.62,1000000
6622,11.56,50.62,1000000
6623,11.68,50.62,1000000
6624,11.81,50.62,1000000
6625,11.93,50.62,1000000
6626,12.06,50.62,1000000
6627,12.18,50.62,1000000
6628,12.31,50.62,1000000
6629,12.43,50.62,1000000
6630,12.56,50.62,1000000
6631,12.68,50.62,1000000
6632,12.81,50.62,1000000
6633,12.93,50.62,1000000
6634,-12.06,50.7,1000000
6635,-11.93,50.7,1000000
6636,-11.81,50.7,8.02E-03
6637,-11.68,50.7,9.81E-03
6638,-11.56,50.7,0.01
6639,-11.43,50.7,0.01
6640,-11.31,50.7,0.01
6641,-11.18,50.7,0.02
6642,-11.06,50.7,0.04
6643,-10.93,50.7,0.1
6644,-10.81,50.7,0.14
6645,-10.68,50.7,0.15
6646,-10.56,50.7,0.15
6647,-10.43,50.7,0.16
6648,-10.31,50.7,0.17
6649,-10.18,50.7,0.18
6650,-10.06,50.7,0.19
6651,-9.93,50.7,0.2
6652,-9.81,50.7,0.21
6653,-9.68,50.7,0.22
6654,-9.56,50.7,0.23
6655,-9.43,50.7,0.23
6656,-9.31,50.7,0.23
6657,-9.18,50.7,0.25
6658,-9.06,50.7,0.27
6659,-8.93,50.7,0.29
6660,-8.81,50.7,0.3
6661,-8.68,50.7,0.3
6662,-8.56,50.7,0.29
6663,-8.43,50.7,0.28
6664,-8.31,50.7,0.29
6665,-8.18,50.7,0.31
6666,-8.06,50.7,0.3
6667,-7.93,50.7,0.29
6668,-7.81,50.7,0.32
6669,-7.68,50.7,0.34
6670,-7.56,50.7,0.32
6671,-7.43,50.7,0.32
6672,-7.31,50.7,0.33
6673,-7.18,50.7,0.33
6674,-7.06,50.7,0.34
6675,-6.93,50.7,0.35
6676,-6.81,50.7,0.36
6677,-6.68,50.7,0.38
6678,-6.56,50.7,0.42
6679,-6.43,50.7,0.45
6680,-6.31,50.7,0.46
6681,-6.18,50.7,0.47
6682,-6.06,50.7,0.52
6683,-5.93,50.7,0.56
6684,-5.81,50.7,0.57
6685,-5.68,50.7,0.6
6686,-5.56,50.7,0.61
6687,-5.43,50.7,0.62
6688,-5.31,50.7,0.73
6689,-5.18,50.7,0.81
6690,-5.06,50.7,0.82
6691,-4.93,50.7,0.64
6692,-4.81,50.7,0.47
6693,-4.68,50.7,0.38
6694,-4.56,50.7,1000000
6695,-4.43,50.7,1000000
6696,-4.31,50.7,1000000
6697,-4.18,50.7,1000000
6698,-4.06,50.7,1000000
6699,-3.93,50.7,1000000
6700,-3.81,50.7,1000000
6701,-3.68,50.7,1000000
6702,-3.56,50.7,1000000
6703,-3.43,50.7,1000000
6704,-3.31,50.7,1000000
6705,-3.18,50.7,1000000
6706,-3.06,50.7,1000000
6707,-2.93,50.7,0.06
6708,-2.81,50.7,0.1
6709,-2.68,50.7,1000000
6710,-2.56,50.7,1000000
6711,-2.43,50.7,1000000
6712,-2.31,50.7,1000000
6713,-2.18,50.7,1000000
6714,-2.06,50.7,1000000
6715,-1.93,50.7,0.6
6716,-1.81,50.7,0.65
6717,-1.68,50.7,1.1
6718,-1.56,50.7,1.49
6719,-1.43,50.7,2.76
6720,-1.31,50.7,1000000
6721,-1.18,50.7,1000000
6722,-1.06,50.7,0.43
6723,-0.93,50.7,0.79
6724,-0.81,50.7,1.18
6725,-0.68,50.7,1.17
6726,-0.56,50.7,1.1
6727,-0.43,50.7,0.67
6728,-0.31,50.7,0.53
6729,-0.18,50.7,0.49
6730,-0.06,50.7,0.6
6731,0.06,50.7,0.83
6732,0.18,50.7,0.92
6733,0.31,50.7,1.01
6734,0.43,50.7,1.03
6735,0.56,50.7,0.71
6736,0.68,50.7,0.59
6737,0.81,50.7,0.44
6738,0.93,50.7,0.39
6739,1.06,50.7,0.43
6740,1.18,50.7,0.51
6741,1.31,50.7,0.63
6742,1.43,50.7,0.82
6743,1.56,50.7,0.98
6744,1.68,50.7,1000000
6745,1.81,50.7,1000000
6746,1.93,50.7,1000000
6747,2.06,50.7,1000000
6748,2.18,50.7,1000000
6749,2.31,50.7,1000000
6750,2.43,50.7,1000000
6751,2.56,50.7,1000000
6752,2.68,50.7,1000000
6753,2.81,50.7,1000000
6754,2.93,50.7,1000000
6755,3.06,50.7,1000000
6756,3.18,50.7,1000000
6757,3.31,50.7,1000000
6758,3.43,50.7,1000000
6759,3.56,50.7,1000000
6760,3.68,50.7,1000000
6761,3.81,50.7,1000000
6762,3.93,50.7,1000000
6763,4.06,50.7,1000000
6764,4.18,50.7,1000000
6765,4.31,50.7,1000000
6766,4.43,50.7,1000000
6767,4.56,50.7,1000000
6768,4.68,50.7,1000000
6769,4.81,50.7,1000000
6770,4.93,50.7,1000000
6771,5.06,50.7,1000000
6772,5.18,50.7,1000000
6773,5.31,50.7,1000000
6774,5.43,50.7,1000000
6775,5.56,50.7,1000000
6776,5.68,50.7,1000000
6777,5.81,50.7,1000000
6778,5.93,50.7,1000000
6779,6.06,50.7,1000000
6780,6.18,50.7,1000000
6781,6.31,50.7,1000000
6782,6.43,50.7,1000000
6783,6.56,50.7,1000000
6784,6.68,50.7,1000000
6785,6.81,50.7,1000000
6786,6.93,50.7,1000000
6787,7.06,50.7,1000000
6788,7.18,50.7,1000000
6789,7.31,50.7,1000000
6790,7.43,50.7,1000000
6791,7.56,50.7,1000000
6792,7.68,50.7,1000000
6793,7.81,50.7,1000000
6794,7.93,50.7,1000000
6795,8.06,50.7,1000000
6796,8.18,50.7,1000000
6797,8.31,50.7,1000000
6798,8.43,50.7,1000000
6799,8.56,50.7,1000000
6800,8.68,50.7,1000000
6801,8.81,50.7,1000000
6802,8.93,50.7,1000000
6803,9.06,50.7,1000000
6804,9.18,50.7,1000000
6805,9.31,50.7,1000000
6806,9.43,50.7,1000000
6807,9.56,50.7,1000000
6808,9.68,50.7,1000000
6809,9.81,50.7,1000000
6810,9.93,50.7,1000000
6811,10.06,50.7,1000000
6812,10.18,50.7,1000000
6813,10.31,50.7,1000000
6814,10.43,50.7,1000000
6815,10.56,50.7,1000000
6816,10.68,50.7,1000000
6817,10.81,50.7,1000000
6818,10.93,50.7,1000000
6819,11.06,50.7,1000000
6820,11.18,50.7,1000000
6821,11.31,50.7,1000000
6822,11.43,50.7,1000000
6823,11.56,50.7,1000000
6824,11.68,50.7,1000000
6825,11.81,50.7,1000000
6826,11.93,50.7,1000000
6827,12.06,50.7,1000000
6828,12.18,50.7,1000000
6829,12.31,50.7,1000000
6830,12.43,50.7,1000000
6831,12.56,50.7,1000000
6832,12.68,50.7,1000000
6833,12.81,50.7,1000000
6834,12.93,50.7,1000000
6835,-12.06,50.79,1000000
6836,-11.93,50.79,1000000
6837,-11.81,50.79,3.68E-03
6838,-11.68,50.79,7.75E-03
6839,-11.56,50.79,0.01
6840,-11.43,50.79,0.01
6841,-11.31,50.79,0.01
6842,-11.18,50.79,0.03
6843,-11.06,50.79,0.06
6844,-10.93,50.79,0.12
6845,-10.81,50.79,0.14
6846,-10.68,50.79,0.14
6847,-10.56,50.79,0.15
6848,-10.43,50.79,0.16
6849,-10.31,50.79,0.17
6850,-10.18,50.79,0.18
6851,-10.06,50.79,0.19
6852,-9.93,50.79,0.21
6853,-9.81,50.79,0.22
6854,-9.68,50.79,0.23
6855,-9.56,50.79,0.24
6856,-9.43,50.79,0.23
6857,-9.31,50.79,0.23
6858,-9.18,50.79,0.25
6859,-9.06,50.79,0.27
6860,-8.93,50.79,0.29
6861,-8.81,50.79,0.29
6862,-8.68,50.79,0.29
6863,-8.56,50.79,0.27
6864,-8.43,50.79,0.26
6865,-8.31,50.79,0.28
6866,-8.18,50.79,0.29
6867,-8.06,50.79,0.28
6868,-7.93,50.79,0.32
6869,-7.81,50.79,0.34
6870,-7.68,50.79,0.31
6871,-7.56,50.79,0.29
6872,-7.43,50.79,0.31
6873,-7.31,50.79,0.31
6874,-7.18,50.79,0.31
6875,-7.06,50.79,0.32
6876,-6.93,50.79,0.33
6877,-6.81,50.79,0.34
6878,-6.68,50.79,0.37
6879,-6.56,50.79,0.4
6880,-6.43,50.79,0.42
6881,-6.31,50.79,0.41
6882,-6.18,50.79,0.42
6883,-6.06,50.79,0.45
6884,-5.93,50.79,0.48
6885,-5.81,50.79,0.5
6886,-5.68,50.79,0.55
6887,-5.56,50.79,0.57
6888,-5.43,50.79,0.64
6889,-5.31,50.79,0.75
6890,-5.18,50.79,0.75
6891,-5.06,50.79,0.73
6892,-4.93,50.79,0.62
6893,-4.81,50.79,0.51
6894,-4.68,50.79,0.44
6895,-4.56,50.79,1000000
6896,-4.43,50.79,1000000
6897,-4.31,50.79,1000000
6898,-4.18,50.79,1000000
6899,-4.06,50.79,1000000
6900,-3.93,50.79,1000000
6901,-3.81,50.79,1000000
6902,-3.68,50.79,1000000
6903,-3.56,50.79,1000000
6904,-3.43,50.79,1000000
6905,-3.31,50.79,1000000
6906,-3.18,50.79,1000000
6907,-3.06,50.79,1000000
6908,-2.93,50.79,1000000
6909,-2.81,50.79,1000000
6910,-2.68,50.79,1000000
6911,-2.56,50.79,1000000
6912,-2.43,50.79,1000000
6913,-2.31,50.79,1000000
6914,-2.18,50.79,1000000
6915,-2.06,50.79,1000000
6916,-1.93,50.79,1000000
6917,-1.81,50.79,1000000
6918,-1.68,50.79,1000000
6919,-1.56,50.79,1000000
6920,-1.43,50.79,3
6921,-1.31,50.79,2.2
6922,-1.18,50.79,1.65
6923,-1.06,50.79,1.11
6924,-0.93,50.79,0.6
6925,-0.81,50.79,1000000
6926,-0.68,50.79,1000000
6927,-0.56,50.79,0.57
6928,-0.43,50.79,0.33
6929,-0.31,50.79,0.27
6930,-0.18,50.79,0.19
6931,-0.06,50.79,0.17
6932,0.06,50.79,1000000
6933,0.18,50.79,1000000
6934,0.31,50.79,1000000
6935,0.43,50.79,0.62
6936,0.56,50.79,0.46
6937,0.68,50.79,0.43
6938,0.81,50.79,0.27
6939,0.93,50.79,0.29
6940,1.06,50.79,0.42
6941,1.18,50.79,0.52
6942,1.31,50.79,0.69
6943,1.43,50.79,1.01
6944,1.56,50.79,1.31
6945,1.68,50.79,1000000
6946,1.81,50.79,1000000
6947,1.93,50.79,1000000
6948,2.06,50.79,1000000
6949,2.18,50.79,1000000
6950,2.31,50.79,1000000
6951,2.43,50.79,1000000
6952,2.56,50.79,1000000
6953,2.68,50.79,1000000
6954,2.81,50.79,1000000
6955,2.93,50.79,1000000
6956,3.06,50.79,1000000
6957,3.18,50.79,1000000
6958,3.31,50.79,1000000
6959,3.43,50.79,1000000
6960,3.56,50.79,1000000
6961,3.68,50.79,1000000
6962,3.81,50.79,1000000
6963,3.93,50.79,1000000
6964,4.06,50.79,1000000
6965,4.18,50.79,1000000
6966,4.31,50.79,1000000
6967,4.43,50.79,1000000
6968,4.56,50.79,1000000
6969,4.68,50.79,1000000
6970,4.81,50.79,1000000
6971,4.93,50.79,1000000
6972,5.06,50.79,1000000
6973,5.18,50.79,1000000
6974,5.31,50.79,1000000
6975,5.43,50.79,1000000
6976,5.56,50.79,1000000
6977,5.68,50.79,1000000
6978,5.81,50.79,1000000
6979,5.93,50.79,1000000
6980,6.06,50.79,1000000
6981,6.18,50.79,1000000
6982,6.31,50.79,1000000
6983,6.43,50.79,1000000
6984,6.56,50.79,1000000
6985,6.68,50.79,1000000
6986,6.81,50.79,1000000
6987,6.93,50.79,1000000
6988,7.06,50.79,1000000
6989,7.18,50.79,1000000
6990,7.31,50.79,1000000
6991,7.43,50.79,1000000
6992,7.56,50.79,1000000
6993,7.68,50.79,1000000
6994,7.81,50.79,1000000
6995,7.93,50.79,1000000
6996,8.06,50.79,1000000
6997,8.18,50.79,1000000
6998,8.31,50.79,1000000
6999,8.43,50.79,1000000
7000,8.56,50.79,1000000
7001,8.68,50.79,1000000
7002,8.81,50.79,1000000
7003,8.93,50.79,1000000
7004,9.06,50.79,1000000
7005,9.18,50.79,1000000
7006,9.31,50.79,1000000
7007,9.43,50.79,1000000
7008,9.56,50.79,1000000
7009,9.68,50.79,1000000
7010,9.81,50.79,1000000
7011,9.93,50.79,1000000
7012,10.06,50.79,1000000
7013,10.18,50.79,1000000
7014,10.31,50.79,1000000
7015,10.43,50.79,1000000
7016,10.56,50.79,1000000
7017,10.68,50.79,1000000
7018,10.81,50.79,1000000
7019,10.93,50.79,1000000
7020,11.06,50.79,1000000
7021,11.18,50.79,1000000
7022,11.31,50.79,1000000
7023,11.43,50.79,1000000
7024,11.56,50.79,1000000
7025,11.68,50.79,1000000
7026,11.81,50.79,1000000
7027,11.93,50.79,1000000
7028,12.06,50.79,1000000
7029,12.18,50.79,1000000
7030,12.31,50.79,1000000
7031,12.43,50.79,1000000
7032,12.56,50.79,1000000
7033,12.68,50.79,1000000
7034,12.81,50.79,1000000
7035,12.93,50.79,1000000
7036,-12.06,50.87,1000000
7037,-11.93,50.87,1000000
7038,-11.81,50.87,4.76E-03
7039,-11.68,50.87,9.94E-03
7040,-11.56,50.87,0.01
7041,-11.43,50.87,0.01
7042,-11.31,50.87,0.02
7043,-11.18,50.87,0.04
7044,-11.06,50.87,0.09
7045,-10.93,50.87,0.12
7046,-10.81,50.87,0.13
7047,-10.68,50.87,0.13
7048,-10.56,50.87,0.15
7049,-10.43,50.87,0.16
7050,-10.31,50.87,0.16
7051,-10.18,50.87,0.17
7052,-10.06,50.87,0.19
7053,-9.93,50.87,0.21
7054,-9.81,50.87,0.22
7055,-9.68,50.87,0.22
7056,-9.56,50.87,0.23
7057,-9.43,50.87,0.23
7058,-9.31,50.87,0.24
7059,-9.18,50.87,0.25
7060,-9.06,50.87,0.26
7061,-8.93,50.87,0.27
7062,-8.81,50.87,0.28
7063,-8.68,50.87,0.28
7064,-8.56,50.87,0.26
7065,-8.43,50.87,0.26
7066,-8.31,50.87,0.28
7067,-8.18,50.87,0.28
7068,-8.06,50.87,0.29
7069,-7.93,50.87,0.3
7070,-7.81,50.87,0.29
7071,-7.68,50.87,0.28
7072,-7.56,50.87,0.29
7073,-7.43,50.87,0.29
7074,-7.31,50.87,0.29
7075,-7.18,50.87,0.3
7076,-7.06,50.87,0.31
7077,-6.93,50.87,0.31
7078,-6.81,50.87,0.33
7079,-6.68,50.87,0.36
7080,-6.56,50.87,0.38
7081,-6.43,50.87,0.37
7082,-6.31,50.87,0.36
7083,-6.18,50.87,0.36
7084,-6.06,50.87,0.39
7085,-5.93,50.87,0.42
7086,-5.81,50.87,0.46
7087,-5.68,50.87,0.52
7088,-5.56,50.87,0.57
7089,-5.43,50.87,0.67
7090,-5.31,50.87,0.72
7091,-5.18,50.87,0.72
7092,-5.06,50.87,0.72
7093,-4.93,50.87,0.7
7094,-4.81,50.87,0.74
7095,-4.68,50.87,0.87
7096,-4.56,50.87,1000000
7097,-4.43,50.87,1000000
7098,-4.31,50.87,1000000
7099,-4.18,50.87,1000000
7100,-4.06,50.87,1000000
7101,-3.93,50.87,1000000
7102,-3.81,50.87,1000000
7103,-3.68,50.87,1000000
7104,-3.56,50.87,1000000
7105,-3.43,50.87,1000000
7106,-3.31,50.87,1000000
7107,-3.18,50.87,1000000
7108,-3.06,50.87,1000000
7109,-2.93,50.87,1000000
7110,-2.81,50.87,1000000
7111,-2.68,50.87,1000000
7112,-2.56,50.87,1000000
7113,-2.43,50.87,1000000
7114,-2.31,50.87,1000000
7115,-2.18,50.87,1000000
7116,-2.06,50.87,1000000
7117,-1.93,50.87,1000000
7118,-1.81,50.87,1000000
7119,-1.68,50.87,1000000
7120,-1.56,50.87,1000000
7121,-1.43,50.87,1000000
7122,-1.31,50.87,0.03
7123,-1.18,50.87,1000000
7124,-1.06,50.87,1000000
7125,-0.93,50.87,1000000
7126,-0.81,50.87,1000000
7127,-0.68,50.87,1000000
7128,-0.56,50.87,1000000
7129,-0.43,50.87,1000000
7130,-0.31,50.87,1000000
7131,-0.18,50.87,1000000
7132,-0.06,50.87,1000000
7133,0.06,50.87,1000000
7134,0.18,50.87,1000000
7135,0.31,50.87,1000000
7136,0.43,50.87,1000000
7137,0.56,50.87,1000000
7138,0.68,50.87,0.22
7139,0.81,50.87,0.14
7140,0.93,50.87,0.27
7141,1.06,50.87,0.5
7142,1.18,50.87,0.55
7143,1.31,50.87,0.84
7144,1.43,50.87,1.41
7145,1.56,50.87,2.19
7146,1.68,50.87,1000000
7147,1.81,50.87,1000000
7148,1.93,50.87,1000000
7149,2.06,50.87,1000000
7150,2.18,50.87,1000000
7151,2.31,50.87,1000000
7152,2.43,50.87,1000000
7153,2.56,50.87,1000000
7154,2.68,50.87,1000000
7155,2.81,50.87,1000000
7156,2.93,50.87,1000000
7157,3.06,50.87,1000000
7158,3.18,50.87,1000000
7159,3.31,50.87,1000000
7160,3.43,50.87,1000000
7161,3.56,50.87,1000000
7162,3.68,50.87,1000000
7163,3.81,50.87,1000000
7164,3.93,50.87,1000000
7165,4.06,50.87,1000000
7166,4.18,50.87,1000000
7167,4.31,50.87,1000000
7168,4.43,50.87,1000000
7169,4.56,50.87,1000000
7170,4.68,50.87,1000000
7171,4.81,50.87,1000000
7172,4.93,50.87,1000000
7173,5.06,50.87,1000000
7174,5.18,50.87,1000000
7175,5.31,50.87,1000000
7176,5.43,50.87,1000000
7177,5.56,50.87,1000000
7178,5.68,50.87,1000000
7179,5.81,50.87,1000000
7180,5.93,50.87,1000000
7181,6.06,50.87,1000000
7182,6.18,50.87,1000000
7183,6.31,50.87,1000000
7184,6.43,50.87,1000000
7185,6.56,50.87,1000000
7186,6.68,50.87,1000000
7187,6.81,50.87,1000000
7188,6.93,50.87,1000000
7189,7.06,50.87,1000000
7190,7.18,50.87,1000000
7191,7.31,50.87,1000000
7192,7.43,50.87,1000000
7193,7.56,50.87,1000000
7194,7.68,50.87,1000000
7195,7.81,50.87,1000000
7196,7.93,50.87,1000000
7197,8.06,50.87,1000000
7198,8.18,50.87,1000000
7199,8.31,50.87,1000000
7200,8.43,50.87,1000000
7201,8.56,50.87,1000000
7202,8.68,50.87,1000000
7203,8.81,50.87,1000000
7204,8.93,50.87,1000000
7205,9.06,50.87,1000000
7206,9.18,50.87,1000000
7207,9.31,50.87,1000000
7208,9.43,50.87,1000000
7209,9.56,50.87,1000000
7210,9.68,50.87,1000000
7211,9.81,50.87,1000000
7212,9.93,50.87,1000000
7213,10.06,50.87,1000000
7214,10.18,50.87,1000000
7215,10.31,50.87,1000000
7216,10.43,50.87,1000000
7217,10.56,50.87,1000000
7218,10.68,50.87,1000000
7219,10.81,50.87,1000000
7220,10.93,50.87,1000000
7221,11.06,50.87,1000000
7222,11.18,50.87,1000000
7223,11.31,50.87,1000000
7224,11.43,50.87,1000000
7225,11.56,50.87,1000000
7226,11.68,50.87,1000000
7227,11.81,50.87,1000000
7228,11.93,50.87,1000000
7229,12.06,50.87,1000000
7230,12.18,50.87,1000000
7231,12.31,50.87,1000000
7232,12.43,50.87,1000000
7233,12.56,50.87,1000000
7234,12.68,50.87,1000000
7235,12.81,50.87,1000000
7236,12.93,50.87,1000000
7237,-12.06,50.95,1000000
7238,-11.93,50.95,1000000
7239,-11.81,50.95,7.11E-03
7240,-11.68,50.95,0.01
7241,-11.56,50.95,0.01
7242,-11.43,50.95,0.01
7243,-11.31,50.95,0.03
7244,-11.18,50.95,0.06
7245,-11.06,50.95,0.09
7246,-10.93,50.95,0.11
7247,-10.81,50.95,0.11
7248,-10.68,50.95,0.12
7249,-10.56,50.95,0.14
7250,-10.43,50.95,0.15
7251,-10.31,50.95,0.15
7252,-10.18,50.95,0.16
7253,-10.06,50.95,0.18
7254,-9.93,50.95,0.21
7255,-9.81,50.95,0.22
7256,-9.68,50.95,0.22
7257,-9.56,50.95,0.22
7258,-9.43,50.95,0.23
7259,-9.31,50.95,0.24
7260,-9.18,50.95,0.25
7261,-9.06,50.95,0.25
7262,-8.93,50.95,0.27
7263,-8.81,50.95,0.28
7264,-8.68,50.95,0.27
7265,-8.56,50.95,0.26
7266,-8.43,50.95,0.26
7267,-8.31,50.95,0.27
7268,-8.18,50.95,0.27
7269,-8.06,50.95,0.27
7270,-7.93,50.95,0.28
7271,-7.81,50.95,0.28
7272,-7.68,50.95,0.27
7273,-7.56,50.95,0.28
7274,-7.43,50.95,0.28
7275,-7.31,50.95,0.28
7276,-7.18,50.95,0.28
7277,-7.06,50.95,0.29
7278,-6.93,50.95,0.31
7279,-6.81,50.95,0.33
7280,-6.68,50.95,0.34
7281,-6.56,50.95,0.33
7282,-6.43,50.95,0.32
7283,-6.31,50.95,0.31
7284,-6.18,50.95,0.32
7285,-6.06,50.95,0.35
7286,-5.93,50.95,0.38
7287,-5.81,50.95,0.44
7288,-5.68,50.95,0.5
7289,-5.56,50.95,0.56
7290,-5.43,50.95,0.64
7291,-5.31,50.95,0.69
7292,-5.18,50.95,0.73
7293,-5.06,50.95,0.74
7294,-4.93,50.95,0.82
7295,-4.81,50.95,1.06
7296,-4.68,50.95,1.46
7297,-4.56,50.95,1.72
7298,-4.43,50.95,1000000
7299,-4.31,50.95,1000000
7300,-4.18,50.95,1000000
7301,-4.06,50.95,1000000
7302,-3.93,50.95,1000000
7303,-3.81,50.95,1000000
7304,-3.68,50.95,1000000
7305,-3.56,50.95,1000000
7306,-3.43,50.95,1000000
7307,-3.31,50.95,1000000
7308,-3.18,50.95,1000000
7309,-3.06,50.95,1000000
7310,-2.93,50.95,1000000
7311,-2.81,50.95,1000000
7312,-2.68,50.95,1000000
7313,-2.56,50.95,1000000
7314,-2.43,50.95,1000000
7315,-2.31,50.95,1000000
7316,-2.18,50.95,1000000
7317,-2.06,50.95,1000000
7318,-1.93,50.95,1000000
7319,-1.81,50.95,1000000
7320,-1.68,50.95,1000000
7321,-1.56,50.95,1000000
7322,-1.43,50.95,1000000
7323,-1.31,50.95,1000000
7324,-1.18,50.95,1000000
7325,-1.06,50.95,1000000
7326,-0.93,50.95,1000000
7327,-0.81,50.95,1000000
7328,-0.68,50.95,1000000
7329,-0.56,50.95,1000000
7330,-0.43,50.95,1000000
7331,-0.31,50.95,1000000
7332,-0.18,50.95,1000000
7333,-0.06,50.95,1000000
7334,0.06,50.95,1000000
7335,0.18,50.95,1000000
7336,0.31,50.95,1000000
7337,0.43,50.95,1000000
7338,0.56,50.95,1000000
7339,0.68,50.95,1000000
7340,0.81,50.95,1000000
7341,0.93,50.95,1000000
7342,1.06,50.95,0.31
7343,1.18,50.95,0.52
7344,1.31,50.95,1.12
7345,1.43,50.95,2.09
7346,1.56,50.95,3
7347,1.68,50.95,2.47
7348,1.81,50.95,2.3
7349,1.93,50.95,1000000
7350,2.06,50.95,1000000
7351,2.18,50.95,1000000
7352,2.31,50.95,1000000
7353,2.43,50.95,1000000
7354,2.56,50.95,1000000
7355,2.68,50.95,1000000
7356,2.81,50.95,1000000
7357,2.93,50.95,1000000
7358,3.06,50.95,1000000
7359,3.18,50.95,1000000
7360,3.31,50.95,1000000
7361,3.43,50.95,1000000
7362,3.56,50.95,1000000
7363,3.68,50.95,1000000
7364,3.81,50.95,1000000
7365,3.93,50.95,1000000
7366,4.06,50.95,1000000
7367,4.18,50.95,1000000
7368,4.31,50.95,1000000
7369,4.43,50.95,1000000
7370,4.56,50.95,1000000
7371,4.68,50.95,1000000
7372,4.81,50.95,1000000
7373,4.93,50.95,1000000
7374,5.06,50.95,1000000
7375,5.18,50.95,1000000
7376,5.31,50.95,1000000
7377,5.43,50.95,1000000
7378,5.56,50.95,1000000
7379,5.68,50.95,1000000
7380,5.81,50.95,1000000
7381,5.93,50.95,1000000
7382,6.06,50.95,1000000
7383,6.18,50.95,1000000
7384,6.31,50.95,1000000
7385,6.43,50.95,1000000
7386,6.56,50.95,1000000
7387,6.68,50.95,1000000
7388,6.81,50.95,1000000
7389,6.93,50.95,1000000
7390,7.06,50.95,1000000
7391,7.18,50.95,1000000
7392,7.31,50.95,1000000
7393,7.43,50.95,1000000
7394,7.56,50.95,1000000
7395,7.68,50.95,1000000
7396,7.81,50.95,1000000
7397,7.93,50.95,1000000
7398,8.06,50.95,1000000
7399,8.18,50.95,1000000
7400,8.31,50.95,1000000
7401,8.43,50.95,1000000
7402,8.56,50.95,1000000
7403,8.68,50.95,1000000
7404,8.81,50.95,1000000
7405,8.93,50.95,1000000
7406,9.06,50.95,1000000
7407,9.18,50.95,1000000
7408,9.31,50.95,1000000
7409,9.43,50.95,1000000
7410,9.56,50.95,1000000
7411,9.68,50.95,1000000
7412,9.81,50.95,1000000
7413,9.93,50.95,1000000
7414,10.06,50.95,1000000
7415,10.18,50.95,1000000
7416,10.31,50.95,1000000
7417,10.43,50.95,1000000
7418,10.56,50.95,1000000
7419,10.68,50.95,1000000
7420,10.81,50.95,1000000
7421,10.93,50.95,1000000
7422,11.06,50.95,1000000
7423,11.18,50.95,1000000
7424,11.31,50.95,1000000
7425,11.43,50.95,1000000
7426,11.56,50.95,1000000
7427,11.68,50.95,1000000
7428,11.81,50.95,1000000
7429,11.93,50.95,1000000
7430,12.06,50.95,1000000
7431,12.18,50.95,1000000
7432,12.31,50.95,1000000
7433,12.43,50.95,1000000
7434,12.56,50.95,1000000
7435,12.68,50.95,1000000
7436,12.81,50.95,1000000
7437,12.93,50.95,1000000
7438,-12.06,51.04,1000000
7439,-11.93,51.04,1000000
7440,-11.81,51.04,8.90E-03
7441,-11.68,51.04,0.01
7442,-11.56,51.04,0.02
7443,-11.43,51.04,0.02
7444,-11.31,51.04,0.04
7445,-11.18,51.04,0.06
7446,-11.06,51.04,0.09
7447,-10.93,51.04,0.09
7448,-10.81,51.04,0.09
7449,-10.68,51.04,0.11
7450,-10.56,51.04,0.13
7451,-10.43,51.04,0.13
7452,-10.31,51.04,0.13
7453,-10.18,51.04,0.15
7454,-10.06,51.04,0.17
7455,-9.93,51.04,0.19
7456,-9.81,51.04,0.21
7457,-9.68,51.04,0.22
7458,-9.56,51.04,0.22
7459,-9.43,51.04,0.23
7460,-9.31,51.04,0.24
7461,-9.18,51.04,0.25
7462,-9.06,51.04,0.25
7463,-8.93,51.04,0.27
7464,-8.81,51.04,0.27
7465,-8.68,51.04,0.26
7466,-8.56,51.04,0.26
7467,-8.43,51.04,0.25
7468,-8.31,51.04,0.25
7469,-8.18,51.04,0.26
7470,-8.06,51.04,0.27
7471,-7.93,51.04,0.27
7472,-7.81,51.04,0.26
7473,-7.68,51.04,0.26
7474,-7.56,51.04,0.27
7475,-7.43,51.04,0.27
7476,-7.31,51.04,0.27
7477,-7.18,51.04,0.26
7478,-7.06,51.04,0.27
7479,-6.93,51.04,0.29
7480,-6.81,51.04,0.31
7481,-6.68,51.04,0.3
7482,-6.56,51.04,0.29
7483,-6.43,51.04,0.28
7484,-6.31,51.04,0.28
7485,-6.18,51.04,0.29
7486,-6.06,51.04,0.31
7487,-5.93,51.04,0.35
7488,-5.81,51.04,0.4
7489,-5.68,51.04,0.46
7490,-5.56,51.04,0.53
7491,-5.43,51.04,0.62
7492,-5.31,51.04,0.68
7493,-5.18,51.04,0.73
7494,-5.06,51.04,0.78
7495,-4.93,51.04,0.92
7496,-4.81,51.04,1.22
7497,-4.68,51.04,1.8
7498,-4.56,51.04,2.46
7499,-4.43,51.04,1.21
7500,-4.31,51.04,0.59
7501,-4.18,51.04,1000000
7502,-4.06,51.04,1000000
7503,-3.93,51.04,1000000
7504,-3.81,51.04,1000000
7505,-3.68,51.04,1000000
7506,-3.56,51.04,1000000
7507,-3.43,51.04,1000000
7508,-3.31,51.04,1000000
7509,-3.18,51.04,1000000
7510,-3.06,51.04,1000000
7511,-2.93,51.04,1000000
7512,-2.81,51.04,1000000
7513,-2.68,51.04,1000000
7514,-2.56,51.04,1000000
7515,-2.43,51.04,1000000
7516,-2.31,51.04,1000000
7517,-2.18,51.04,1000000
7518,-2.06,51.04,1000000
7519,-1.93,51.04,1000000
7520,-1.81,51.04,1000000
7521,-1.68,51.04,1000000
7522,-1.56,51.04,1000000
7523,-1.43,51.04,1000000
7524,-1.31,51.04,1000000
7525,-1.18,51.04,1000000
7526,-1.06,51.04,1000000
7527,-0.93,51.04,1000000
7528,-0.81,51.04,1000000
7529,-0.68,51.04,1000000
7530,-0.56,51.04,1000000
7531,-0.43,51.04,1000000
7532,-0.31,51.04,1000000
7533,-0.18,51.04,1000000
7534,-0.06,51.04,1000000
7535,0.06,51.04,1000000
7536,0.18,51.04,1000000
7537,0.31,51.04,1000000
7538,0.43,51.04,1000000
7539,0.56,51.04,1000000
7540,0.68,51.04,1000000
7541,0.81,51.04,1000000
7542,0.93,51.04,1000000
7543,1.06,51.04,0.3
7544,1.18,51.04,0.69
7545,1.31,51.04,1.46
7546,1.43,51.04,2.48
7547,1.56,51.04,3
7548,1.68,51.04,2.95
7549,1.81,51.04,3
7550,1.93,51.04,2.75
7551,2.06,51.04,1.78
7552,2.18,51.04,1.03
7553,2.31,51.04,1.01
7554,2.43,51.04,1000000
7555,2.56,51.04,1000000
7556,2.68,51.04,1000000
7557,2.81,51.04,1000000
7558,2.93,51.04,1000000
7559,3.06,51.04,1000000
7560,3.18,51.04,1000000
7561,3.31,51.04,1000000
7562,3.43,51.04,1000000
7563,3.56,51.04,1000000
7564,3.68,51.04,1000000
7565,3.81,51.04,1000000
7566,3.93,51.04,1000000
7567,4.06,51.04,1000000
7568,4.18,51.04,1000000
7569,4.31,51.04,1000000
7570,4.43,51.04,1000000
7571,4.56,51.04,1000000
7572,4.68,51.04,1000000
7573,4.81,51.04,1000000
7574,4.93,51.04,1000000
7575,5.06,51.04,1000000
7576,5.18,51.04,1000000
7577,5.31,51.04,1000000
7578,5.43,51.04,1000000
7579,5.56,51.04,1000000
7580,5.68,51.04,1000000
7581,5.81,51.04,1000000
7582,5.93,51.04,1000000
7583,6.06,51.04,1000000
7584,6.18,51.04,1000000
7585,6.31,51.04,1000000
7586,6.43,51.04,1000000
7587,6.56,51.04,1000000
7588,6.68,51.04,1000000
7589,6.81,51.04,1000000
7590,6.93,51.04,1000000
7591,7.06,51.04,1000000
7592,7.18,51.04,1000000
7593,7.31,51.04,1000000
7594,7.43,51.04,1000000
7595,7.56,51.04,1000000
7596,7.68,51.04,1000000
7597,7.81,51.04,1000000
7598,7.93,51.04,1000000
7599,8.06,51.04,1000000
7600,8.18,51.04,1000000
7601,8.31,51.04,1000000
7602,8.43,51.04,1000000
7603,8.56,51.04,1000000
7604,8.68,51.04,1000000
7605,8.81,51.04,1000000
7606,8.93,51.04,1000000
7607,9.06,51.04,1000000
7608,9.18,51.04,1000000
7609,9.31,51.04,1000000
7610,9.43,51.04,1000000
7611,9.56,51.04,1000000
7612,9.68,51.04,1000000
7613,9.81,51.04,1000000
7614,9.93,51.04,1000000
7615,10.06,51.04,1000000
7616,10.18,51.04,1000000
7617,10.31,51.04,1000000
7618,10.43,51.04,1000000
7619,10.56,51.04,1000000
7620,10.68,51.04,1000000
7621,10.81,51.04,1000000
7622,10.93,51.04,1000000
7623,11.06,51.04,1000000
7624,11.18,51.04,1000000
7625,11.31,51.04,1000000
7626,11.43,51.04,1000000
7627,11.56,51.04,1000000
7628,11.68,51.04,1000000
7629,11.81,51.04,1000000
7630,11.93,51.04,1000000
7631,12.06,51.04,1000000
7632,12.18,51.04,1000000
7633,12.31,51.04,1000000
7634,12.43,51.04,1000000
7635,12.56,51.04,1000000
7636,12.68,51.04,1000000
7637,12.81,51.04,1000000
7638,12.93,51.04,1000000
7639,-12.06,51.12,1000000
7640,-11.93,51.12,1000000
7641,-11.81,51.12,0.01
7642,-11.68,51.12,0.02
7643,-11.56,51.12,0.02
7644,-11.43,51.12,0.03
7645,-11.31,51.12,0.04
7646,-11.18,51.12,0.06
7647,-11.06,51.12,0.07
7648,-10.93,51.12,0.07
7649,-10.81,51.12,0.07
7650,-10.68,51.12,0.09
7651,-10.56,51.12,0.11
7652,-10.43,51.12,0.11
7653,-10.31,51.12,0.12
7654,-10.18,51.12,0.13
7655,-10.06,51.12,0.15
7656,-9.93,51.12,0.18
7657,-9.81,51.12,0.21
7658,-9.68,51.12,0.22
7659,-9.56,51.12,0.22
7660,-9.43,51.12,0.24
7661,-9.31,51.12,0.26
7662,-9.18,51.12,0.26
7663,-9.06,51.12,0.26
7664,-8.93,51.12,0.26
7665,-8.81,51.12,0.26
7666,-8.68,51.12,0.26
7667,-8.56,51.12,0.25
7668,-8.43,51.12,0.25
7669,-8.31,51.12,0.25
7670,-8.18,51.12,0.25
7671,-8.06,51.12,0.25
7672,-7.93,51.12,0.25
7673,-7.81,51.12,0.24
7674,-7.68,51.12,0.24
7675,-7.56,51.12,0.25
7676,-7.43,51.12,0.25
7677,-7.31,51.12,0.24
7678,-7.18,51.12,0.24
7679,-7.06,51.12,0.26
7680,-6.93,51.12,0.27
7681,-6.81,51.12,0.27
7682,-6.68,51.12,0.26
7683,-6.56,51.12,0.26
7684,-6.43,51.12,0.26
7685,-6.31,51.12,0.25
7686,-6.18,51.12,0.25
7687,-6.06,51.12,0.27
7688,-5.93,51.12,0.31
7689,-5.81,51.12,0.36
7690,-5.68,51.12,0.42
7691,-5.56,51.12,0.5
7692,-5.43,51.12,0.59
7693,-5.31,51.12,0.67
7694,-5.18,51.12,0.73
7695,-5.06,51.12,0.82
7696,-4.93,51.12,0.99
7697,-4.81,51.12,1.31
7698,-4.68,51.12,1.82
7699,-4.56,51.12,1.92
7700,-4.43,51.12,1.14
7701,-4.31,51.12,0.98
7702,-4.18,51.12,1000000
7703,-4.06,51.12,1000000
7704,-3.93,51.12,1000000
7705,-3.81,51.12,1000000
7706,-3.68,51.12,1000000
7707,-3.56,51.12,1000000
7708,-3.43,51.12,1000000
7709,-3.31,51.12,1000000
7710,-3.18,51.12,1000000
7711,-3.06,51.12,1000000
7712,-2.93,51.12,1000000
7713,-2.81,51.12,1000000
7714,-2.68,51.12,1000000
7715,-2.56,51.12,1000000
7716,-2.43,51.12,1000000
7717,-2.31,51.12,1000000
7718,-2.18,51.12,1000000
7719,-2.06,51.12,1000000
7720,-1.93,51.12,1000000
7721,-1.81,51.12,1000000
7722,-1.68,51.12,1000000
7723,-1.56,51.12,1000000
7724,-1.43,51.12,1000000
7725,-1.31,51.12,1000000
7726,-1.18,51.12,1000000
7727,-1.06,51.12,1000000
7728,-0.93,51.12,1000000
7729,-0.81,51.12,1000000
7730,-0.68,51.12,1000000
7731,-0.56,51.12,1000000
7732,-0.43,51.12,1000000
7733,-0.31,51.12,1000000
7734,-0.18,51.12,1000000
7735,-0.06,51.12,1000000
7736,0.06,51.12,1000000
7737,0.18,51.12,1000000
7738,0.31,51.12,1000000
7739,0.43,51.12,1000000
7740,0.56,51.12,1000000
7741,0.68,51.12,1000000
7742,0.81,51.12,1000000
7743,0.93,51.12,1000000
7744,1.06,51.12,1000000
7745,1.18,51.12,1000000
7746,1.31,51.12,1.6
7747,1.43,51.12,2.63
7748,1.56,51.12,3
7749,1.68,51.12,3
7750,1.81,51.12,3
7751,1.93,51.12,2.33
7752,2.06,51.12,1.69
7753,2.18,51.12,1.28
7754,2.31,51.12,1.47
7755,2.43,51.12,1.02
7756,2.56,51.12,0.96
7757,2.68,51.12,1000000
7758,2.81,51.12,1000000
7759,2.93,51.12,1000000
7760,3.06,51.12,1000000
7761,3.18,51.12,1000000
7762,3.31,51.12,1000000
7763,3.43,51.12,1000000
7764,3.56,51.12,1000000
7765,3.68,51.12,1000000
7766,3.81,51.12,1000000
7767,3.93,51.12,1000000
7768,4.06,51.12,1000000
7769,4.18,51.12,1000000
7770,4.31,51.12,1000000
7771,4.43,51.12,1000000
7772,4.56,51.12,1000000
7773,4.68,51.12,1000000
7774,4.81,51.12,1000000
7775,4.93,51.12,1000000
7776,5.06,51.12,1000000
7777,5.18,51.12,1000000
7778,5.31,51.12,1000000
7779,5.43,51.12,1000000
7780,5.56,51.12,1000000
7781,5.68,51.12,1000000
7782,5.81,51.12,1000000
7783,5.93,51.12,1000000
7784,6.06,51.12,1000000
7785,6.18,51.12,1000000
7786,6.31,51.12,1000000
7787,6.43,51.12,1000000
7788,6.56,51.12,1000000
7789,6.68,51.12,1000000
7790,6.81,51.12,1000000
7791,6.93,51.12,1000000
7792,7.06,51.12,1000000
7793,7.18,51.12,1000000
7794,7.31,51.12,1000000
7795,7.43,51.12,1000000
7796,7.56,51.12,1000000
7797,7.68,51.12,1000000
7798,7.81,51.12,1000000
7799,7.93,51.12,1000000
7800,8.06,51.12,1000000
7801,8.18,51.12,1000000
7802,8.31,51.12,1000000
7803,8.43,51.12,1000000
7804,8.56,51.12,1000000
7805,8.68,51.12,1000000
7806,8.81,51.12,1000000
7807,8.93,51.12,1000000
7808,9.06,51.12,1000000
7809,9.18,51.12,1000000
7810,9.31,51.12,1000000
7811,9.43,51.12,1000000
7812,9.56,51.12,1000000
7813,9.68,51.12,1000000
7814,9.81,51.12,1000000
7815,9.93,51.12,1000000
7816,10.06,51.12,1000000
7817,10.18,51.12,1000000
7818,10.31,51.12,1000000
7819,10.43,51.12,1000000
7820,10.56,51.12,1000000
7821,10.68,51.12,1000000
7822,10.81,51.12,1000000
7823,10.93,51.12,1000000
7824,11.06,51.12,1000000
7825,11.18,51.12,1000000
7826,11.31,51.12,1000000
7827,11.43,51.12,1000000
7828,11.56,51.12,1000000
7829,11.68,51.12,1000000
7830,11.81,51.12,1000000
7831,11.93,51.12,1000000
7832,12.06,51.12,1000000
7833,12.18,51.12,1000000
7834,12.31,51.12,1000000
7835,12.43,51.12,1000000
7836,12.56,51.12,1000000
7837,12.68,51.12,1000000
7838,12.81,51.12,1000000
7839,12.93,51.12,1000000
7840,-12.06,51.2,1000000
7841,-11.93,51.2,1000000
7842,-11.81,51.2,0.01
7843,-11.68,51.2,0.02
7844,-11.56,51.2,0.02
7845,-11.43,51.2,0.02
7846,-11.31,51.2,0.03
7847,-11.18,51.2,0.04
7848,-11.06,51.2,0.05
7849,-10.93,51.2,0.05
7850,-10.81,51.2,0.06
7851,-10.68,51.2,0.07
7852,-10.56,51.2,0.08
7853,-10.43,51.2,0.09
7854,-10.31,51.2,0.1
7855,-10.18,51.2,0.12
7856,-10.06,51.2,0.15
7857,-9.93,51.2,0.18
7858,-9.81,51.2,0.21
7859,-9.68,51.2,0.23
7860,-9.56,51.2,0.25
7861,-9.43,51.2,0.27
7862,-9.31,51.2,0.29
7863,-9.18,51.2,0.29
7864,-9.06,51.2,0.27
7865,-8.93,51.2,0.25
7866,-8.81,51.2,0.25
7867,-8.68,51.2,0.26
7868,-8.56,51.2,0.25
7869,-8.43,51.2,0.24
7870,-8.31,51.2,0.24
7871,-8.18,51.2,0.24
7872,-8.06,51.2,0.23
7873,-7.93,51.2,0.23
7874,-7.81,51.2,0.23
7875,-7.68,51.2,0.23
7876,-7.56,51.2,0.23
7877,-7.43,51.2,0.24
7878,-7.31,51.2,0.23
7879,-7.18,51.2,0.22
7880,-7.06,51.2,0.23
7881,-6.93,51.2,0.24
7882,-6.81,51.2,0.24
7883,-6.68,51.2,0.24
7884,-6.56,51.2,0.24
7885,-6.43,51.2,0.23
7886,-6.31,51.2,0.22
7887,-6.18,51.2,0.22
7888,-6.06,51.2,0.24
7889,-5.93,51.2,0.27
7890,-5.81,51.2,0.32
7891,-5.68,51.2,0.38
7892,-5.56,51.2,0.47
7893,-5.43,51.2,0.58
7894,-5.31,51.2,0.67
7895,-5.18,51.2,0.74
7896,-5.06,51.2,0.84
7897,-4.93,51.2,1
7898,-4.81,51.2,1.29
7899,-4.68,51.2,1.65
7900,-4.56,51.2,1.84
7901,-4.43,51.2,2.03
7902,-4.31,51.2,2.69
7903,-4.18,51.2,3
7904,-4.06,51.2,1000000
7905,-3.93,51.2,1000000
7906,-3.81,51.2,1000000
7907,-3.68,51.2,1000000
7908,-3.56,51.2,1000000
7909,-3.43,51.2,3
7910,-3.31,51.2,3
7911,-3.18,51.2,2.04
7912,-3.06,51.2,1.34
7913,-2.93,51.2,1000000
7914,-2.81,51.2,1000000
7915,-2.68,51.2,1000000
7916,-2.56,51.2,1000000
7917,-2.43,51.2,1000000
7918,-2.31,51.2,1000000
7919,-2.18,51.2,1000000
7920,-2.06,51.2,1000000
7921,-1.93,51.2,1000000
7922,-1.81,51.2,1000000
7923,-1.68,51.2,1000000
7924,-1.56,51.2,1000000
7925,-1.43,51.2,1000000
7926,-1.31,51.2,1000000
7927,-1.18,51.2,1000000
7928,-1.06,51.2,1000000
7929,-0.93,51.2,1000000
7930,-0.81,51.2,1000000
7931,-0.68,51.2,1000000
7932,-0.56,51.2,1000000
7933,-0.43,51.2,1000000
7934,-0.31,51.2,1000000
7935,-0.18,51.2,1000000
7936,-0.06,51.2,1000000
7937,0.06,51.2,1000000
7938,0.18,51.2,1000000
7939,0.31,51.2,1000000
7940,0.43,51.2,1000000
7941,0.56,51.2,1000000
7942,0.68,51.2,1000000
7943,0.81,51.2,1000000
7944,0.93,51.2,1000000
7945,1.06,51.2,1000000
7946,1.18,51.2,1000000
7947,1.31,51.2,1000000
7948,1.43,51.2,1.76
7949,1.56,51.2,2.58
7950,1.68,51.2,3
7951,1.81,51.2,2.97
7952,1.93,51.2,2.21
7953,2.06,51.2,1.57
7954,2.18,51.2,1.31
7955,2.31,51.2,1.32
7956,2.43,51.2,1.13
7957,2.56,51.2,1.24
7958,2.68,51.2,0.85
7959,2.81,51.2,0.78
7960,2.93,51.2,1000000
7961,3.06,51.2,1000000
7962,3.18,51.2,1000000
7963,3.31,51.2,1000000
7964,3.43,51.2,1000000
7965,3.56,51.2,1000000
7966,3.68,51.2,1000000
7967,3.81,51.2,1000000
7968,3.93,51.2,1000000
7969,4.06,51.2,1000000
7970,4.18,51.2,1000000
7971,4.31,51.2,1000000
7972,4.43,51.2,1000000
7973,4.56,51.2,1000000
7974,4.68,51.2,1000000
7975,4.81,51.2,1000000
7976,4.93,51.2,1000000
7977,5.06,51.2,1000000
7978,5.18,51.2,1000000
7979,5.31,51.2,1000000
7980,5.43,51.2,1000000
7981,5.56,51.2,1000000
7982,5.68,51.2,1000000
7983,5.81,51.2,1000000
7984,5.93,51.2,1000000
7985,6.06,51.2,1000000
7986,6.18,51.2,1000000
7987,6.31,51.2,1000000
7988,6.43,51.2,1000000
7989,6.56,51.2,1000000
7990,6.68,51.2,1000000
7991,6.81,51.2,1000000
7992,6.93,51.2,1000000
7993,7.06,51.2,1000000
7994,7.18,51.2,1000000
7995,7.31,51.2,1000000
7996,7.43,51.2,1000000
7997,7.56,51.2,1000000
7998,7.68,51.2,1000000
7999,7.81,51.2,1000000
8000,7.93,51.2,1000000
8001,8.06,51.2,1000000
8002,8.18,51.2,1000000
8003,8.31,51.2,1000000
8004,8.43,51.2,1000000
8005,8.56,51.2,1000000
8006,8.68,51.2,1000000
8007,8.81,51.2,1000000
8008,8.93,51.2,1000000
8009,9.06,51.2,1000000
8010,9.18,51.2,1000000
8011,9.31,51.2,1000000
8012,9.43,51.2,1000000
8013,9.56,51.2,1000000
8014,9.68,51.2,1000000
8015,9.81,51.2,1000000
8016,9.93,51.2,1000000
8017,10.06,51.2,1000000
8018,10.18,51.2,1000000
8019,10.31,51.2,1000000
8020,10.43,51.2,1000000
8021,10.56,51.2,1000000
8022,10.68,51.2,1000000
8023,10.81,51.2,1000000
8024,10.93,51.2,1000000
8025,11.06,51.2,1000000
8026,11.18,51.2,1000000
8027,11.31,51.2,1000000
8028,11.43,51.2,1000000
8029,11.56,51.2,1000000
8030,11.68,51.2,1000000
8031,11.81,51.2,1000000
8032,11.93,51.2,1000000
8033,12.06,51.2,1000000
8034,12.18,51.2,1000000
8035,12.31,51.2,1000000
8036,12.43,51.2,1000000
8037,12.56,51.2,1000000
8038,12.68,51.2,1000000
8039,12.81,51.2,1000000
8040,12.93,51.2,1000000
8041,-12.06,51.29,1000000
8042,-11.93,51.29,1000000
8043,-11.81,51.29,0.01
8044,-11.68,51.29,0.02
8045,-11.56,51.29,0.01
8046,-11.43,51.29,0.01
8047,-11.31,51.29,0.02
8048,-11.18,51.29,0.03
8049,-11.06,51.29,0.03
8050,-10.93,51.29,0.04
8051,-10.81,51.29,0.04
8052,-10.68,51.29,0.05
8053,-10.56,51.29,0.06
8054,-10.43,51.29,0.07
8055,-10.31,51.29,0.09
8056,-10.18,51.29,0.11
8057,-10.06,51.29,0.14
8058,-9.93,51.29,0.19
8059,-9.81,51.29,0.27
8060,-9.68,51.29,0.29
8061,-9.56,51.29,0.28
8062,-9.43,51.29,0.32
8063,-9.31,51.29,0.35
8064,-9.18,51.29,0.3
8065,-9.06,51.29,0.26
8066,-8.93,51.29,0.25
8067,-8.81,51.29,0.26
8068,-8.68,51.29,0.26
8069,-8.56,51.29,0.25
8070,-8.43,51.29,0.24
8071,-8.31,51.29,0.23
8072,-8.18,51.29,0.23
8073,-8.06,51.29,0.22
8074,-7.93,51.29,0.23
8075,-7.81,51.29,0.23
8076,-7.68,51.29,0.22
8077,-7.56,51.29,0.22
8078,-7.43,51.29,0.22
8079,-7.31,51.29,0.21
8080,-7.18,51.29,0.2
8081,-7.06,51.29,0.2
8082,-6.93,51.29,0.2
8083,-6.81,51.29,0.22
8084,-6.68,51.29,0.22
8085,-6.56,51.29,0.21
8086,-6.43,51.29,0.21
8087,-6.31,51.29,0.2
8088,-6.18,51.29,0.2
8089,-6.06,51.29,0.22
8090,-5.93,51.29,0.23
8091,-5.81,51.29,0.27
8092,-5.68,51.29,0.35
8093,-5.56,51.29,0.45
8094,-5.43,51.29,0.58
8095,-5.31,51.29,0.67
8096,-5.18,51.29,0.77
8097,-5.06,51.29,0.9
8098,-4.93,51.29,1.03
8099,-4.81,51.29,1.25
8100,-4.68,51.29,1.68
8101,-4.56,51.29,2.34
8102,-4.43,51.29,2.89
8103,-4.31,51.29,3
8104,-4.18,51.29,3
8105,-4.06,51.29,3
8106,-3.93,51.29,3
8107,-3.81,51.29,3
8108,-3.68,51.29,3
8109,-3.56,51.29,3
8110,-3.43,51.29,3
8111,-3.31,51.29,3
8112,-3.18,51.29,3
8113,-3.06,51.29,3
8114,-2.93,51.29,1000000
8115,-2.81,51.29,1000000
8116,-2.68,51.29,1000000
8117,-2.56,51.29,1000000
8118,-2.43,51.29,1000000
8119,-2.31,51.29,1000000
8120,-2.18,51.29,1000000
8121,-2.06,51.29,1000000
8122,-1.93,51.29,1000000
8123,-1.81,51.29,1000000
8124,-1.68,51.29,1000000
8125,-1.56,51.29,1000000
8126,-1.43,51.29,1000000
8127,-1.31,51.29,1000000
8128,-1.18,51.29,1000000
8129,-1.06,51.29,1000000
8130,-0.93,51.29,1000000
8131,-0.81,51.29,1000000
8132,-0.68,51.29,1000000
8133,-0.56,51.29,1000000
8134,-0.43,51.29,1000000
8135,-0.31,51.29,1000000
8136,-0.18,51.29,1000000
8137,-0.06,51.29,1000000
8138,0.06,51.29,1000000
8139,0.18,51.29,1000000
8140,0.31,51.29,1000000
8141,0.43,51.29,1000000
8142,0.56,51.29,1000000
8143,0.68,51.29,1000000
8144,0.81,51.29,1000000
8145,0.93,51.29,1000000
8146,1.06,51.29,1000000
8147,1.18,51.29,1000000
8148,1.31,51.29,1000000
8149,1.43,51.29,1.25
8150,1.56,51.29,1.9
8151,1.68,51.29,2.7
8152,1.81,51.29,2.31
8153,1.93,51.29,1.76
8154,2.06,51.29,1.42
8155,2.18,51.29,1.3
8156,2.31,51.29,1.24
8157,2.43,51.29,1.12
8158,2.56,51.29,1.08
8159,2.68,51.29,0.94
8160,2.81,51.29,1.05
8161,2.93,51.29,0.76
8162,3.06,51.29,0.75
8163,3.18,51.29,1000000
8164,3.31,51.29,1000000
8165,3.43,51.29,1000000
8166,3.56,51.29,1000000
8167,3.68,51.29,1000000
8168,3.81,51.29,1000000
8169,3.93,51.29,1000000
8170,4.06,51.29,1000000
8171,4.18,51.29,1000000
8172,4.31,51.29,1000000
8173,4.43,51.29,1000000
8174,4.56,51.29,1000000
8175,4.68,51.29,1000000
8176,4.81,51.29,1000000
8177,4.93,51.29,1000000
8178,5.06,51.29,1000000
8179,5.18,51.29,1000000
8180,5.31,51.29,1000000
8181,5.43,51.29,1000000
8182,5.56,51.29,1000000
8183,5.68,51.29,1000000
8184,5.81,51.29,1000000
8185,5.93,51.29,1000000
8186,6.06,51.29,1000000
8187,6.18,51.29,1000000
8188,6.31,51.29,1000000
8189,6.43,51.29,1000000
8190,6.56,51.29,1000000
8191,6.68,51.29,1000000
8192,6.81,51.29,1000000
8193,6.93,51.29,1000000
8194,7.06,51.29,1000000
8195,7.18,51.29,1000000
8196,7.31,51.29,1000000
8197,7.43,51.29,1000000
8198,7.56,51.29,1000000
8199,7.68,51.29,1000000
8200,7.81,51.29,1000000
8201,7.93,51.29,1000000
8202,8.06,51.29,1000000
8203,8.18,51.29,1000000
8204,8.31,51.29,1000000
8205,8.43,51.29,1000000
8206,8.56,51.29,1000000
8207,8.68,51.29,1000000
8208,8.81,51.29,1000000
8209,8.93,51.29,1000000
8210,9.06,51.29,1000000
8211,9.18,51.29,1000000
8212,9.31,51.29,1000000
8213,9.43,51.29,1000000
8214,9.56,51.29,1000000
8215,9.68,51.29,1000000
8216,9.81,51.29,1000000
8217,9.93,51.29,1000000
8218,10.06,51.29,1000000
8219,10.18,51.29,1000000
8220,10.31,51.29,1000000
8221,10.43,51.29,1000000
8222,10.56,51.29,1000000
8223,10.68,51.29,1000000
8224,10.81,51.29,1000000
8225,10.93,51.29,1000000
8226,11.06,51.29,1000000
8227,11.18,51.29,1000000
8228,11.31,51.29,1000000
8229,11.43,51.29,1000000
8230,11.56,51.29,1000000
8231,11.68,51.29,1000000
8232,11.81,51.29,1000000
8233,11.93,51.29,1000000
8234,12.06,51.29,1000000
8235,12.18,51.29,1000000
8236,12.31,51.29,1000000
8237,12.43,51.29,1000000
8238,12.56,51.29,1000000
8239,12.68,51.29,1000000
8240,12.81,51.29,1000000
8241,12.93,51.29,1000000
8242,-12.06,51.37,1000000
8243,-11.93,51.37,1000000
8244,-11.81,51.37,0.01
8245,-11.68,51.37,0.01
8246,-11.56,51.37,6.77E-03
8247,-11.43,51.37,8.03E-03
8248,-11.31,51.37,0.01
8249,-11.18,51.37,0.02
8250,-11.06,51.37,0.03
8251,-10.93,51.37,0.03
8252,-10.81,51.37,0.03
8253,-10.68,51.37,0.04
8254,-10.56,51.37,0.04
8255,-10.43,51.37,0.06
8256,-10.31,51.37,0.08
8257,-10.18,51.37,0.11
8258,-10.06,51.37,0.16
8259,-9.93,51.37,0.2
8260,-9.81,51.37,0.27
8261,-9.68,51.37,0.37
8262,-9.56,51.37,0.38
8263,-9.43,51.37,0.41
8264,-9.31,51.37,0.42
8265,-9.18,51.37,0.33
8266,-9.06,51.37,0.28
8267,-8.93,51.37,0.26
8268,-8.81,51.37,0.25
8269,-8.68,51.37,0.24
8270,-8.56,51.37,0.24
8271,-8.43,51.37,0.24
8272,-8.31,51.37,0.23
8273,-8.18,51.37,0.22
8274,-8.06,51.37,0.21
8275,-7.93,51.37,0.22
8276,-7.81,51.37,0.22
8277,-7.68,51.37,0.2
8278,-7.56,51.37,0.2
8279,-7.43,51.37,0.19
8280,-7.31,51.37,0.18
8281,-7.18,51.37,0.17
8282,-7.06,51.37,0.17
8283,-6.93,51.37,0.18
8284,-6.81,51.37,0.2
8285,-6.68,51.37,0.2
8286,-6.56,51.37,0.2
8287,-6.43,51.37,0.2
8288,-6.31,51.37,0.19
8289,-6.18,51.37,0.21
8290,-6.06,51.37,0.22
8291,-5.93,51.37,0.2
8292,-5.81,51.37,0.25
8293,-5.68,51.37,0.35
8294,-5.56,51.37,0.46
8295,-5.43,51.37,0.59
8296,-5.31,51.37,0.72
8297,-5.18,51.37,0.84
8298,-5.06,51.37,0.97
8299,-4.93,51.37,1.11
8300,-4.81,51.37,1.36
8301,-4.68,51.37,1.9
8302,-4.56,51.37,2.49
8303,-4.43,51.37,2.69
8304,-4.31,51.37,2.93
8305,-4.18,51.37,3
8306,-4.06,51.37,2.99
8307,-3.93,51.37,3
8308,-3.81,51.37,3
8309,-3.68,51.37,3
8310,-3.56,51.37,3
8311,-3.43,51.37,3
8312,-3.31,51.37,3
8313,-3.18,51.37,3
8314,-3.06,51.37,3
8315,-2.93,51.37,1000000
8316,-2.81,51.37,1000000
8317,-2.68,51.37,1000000
8318,-2.56,51.37,1000000
8319,-2.43,51.37,1000000
8320,-2.31,51.37,1000000
8321,-2.18,51.37,1000000
8322,-2.06,51.37,1000000
8323,-1.93,51.37,1000000
8324,-1.81,51.37,1000000
8325,-1.68,51.37,1000000
8326,-1.56,51.37,1000000
8327,-1.43,51.37,1000000
8328,-1.31,51.37,1000000
8329,-1.18,51.37,1000000
8330,-1.06,51.37,1000000
8331,-0.93,51.37,1000000
8332,-0.81,51.37,1000000
8333,-0.68,51.37,1000000
8334,-0.56,51.37,1000000
8335,-0.43,51.37,1000000
8336,-0.31,51.37,1000000
8337,-0.18,51.37,1000000
8338,-0.06,51.37,1000000
8339,0.06,51.37,1000000
8340,0.18,51.37,1000000
8341,0.31,51.37,1000000
8342,0.43,51.37,1000000
8343,0.56,51.37,1000000
8344,0.68,51.37,1000000
8345,0.81,51.37,1000000
8346,0.93,51.37,0.21
8347,1.06,51.37,0.31
8348,1.18,51.37,0.59
8349,1.31,51.37,1000000
8350,1.43,51.37,0.63
8351,1.56,51.37,1
8352,1.68,51.37,1.5
8353,1.81,51.37,1.45
8354,1.93,51.37,1.39
8355,2.06,51.37,1.33
8356,2.18,51.37,1.24
8357,2.31,51.37,1.16
8358,2.43,51.37,1.09
8359,2.56,51.37,1.05
8360,2.68,51.37,1.01
8361,2.81,51.37,1.06
8362,2.93,51.37,0.96
8363,3.06,51.37,1.05
8364,3.18,51.37,0.63
8365,3.31,51.37,0.47
8366,3.43,51.37,1000000
8367,3.56,51.37,1000000
8368,3.68,51.37,1000000
8369,3.81,51.37,1000000
8370,3.93,51.37,1000000
8371,4.06,51.37,1000000
8372,4.18,51.37,1000000
8373,4.31,51.37,1000000
8374,4.43,51.37,1000000
8375,4.56,51.37,1000000
8376,4.68,51.37,1000000
8377,4.81,51.37,1000000
8378,4.93,51.37,1000000
8379,5.06,51.37,1000000
8380,5.18,51.37,1000000
8381,5.31,51.37,1000000
8382,5.43,51.37,1000000
8383,5.56,51.37,1000000
8384,5.68,51.37,1000000
8385,5.81,51.37,1000000
8386,5.93,51.37,1000000
8387,6.06,51.37,1000000
8388,6.18,51.37,1000000
8389,6.31,51.37,1000000
8390,6.43,51.37,1000000
8391,6.56,51.37,1000000
8392,6.68,51.37,1000000
8393,6.81,51.37,1000000
8394,6.93,51.37,1000000
8395,7.06,51.37,1000000
8396,7.18,51.37,1000000
8397,7.31,51.37,1000000
8398,7.43,51.37,1000000
8399,7.56,51.37,1000000
8400,7.68,51.37,1000000
8401,7.81,51.37,1000000
8402,7.93,51.37,1000000
8403,8.06,51.37,1000000
8404,8.18,51.37,1000000
8405,8.31,51.37,1000000
8406,8.43,51.37,1000000
8407,8.56,51.37,1000000
8408,8.68,51.37,1000000
8409,8.81,51.37,1000000
8410,8.93,51.37,1000000
8411,9.06,51.37,1000000
8412,9.18,51.37,1000000
8413,9.31,51.37,1000000
8414,9.43,51.37,1000000
8415,9.56,51.37,1000000
8416,9.68,51.37,1000000
8417,9.81,51.37,1000000
8418,9.93,51.37,1000000
8419,10.06,51.37,1000000
8420,10.18,51.37,1000000
8421,10.31,51.37,1000000
8422,10.43,51.37,1000000
8423,10.56,51.37,1000000
8424,10.68,51.37,1000000
8425,10.81,51.37,1000000
8426,10.93,51.37,1000000
8427,11.06,51.37,1000000
8428,11.18,51.37,1000000
8429,11.31,51.37,1000000
8430,11.43,51.37,1000000
8431,11.56,51.37,1000000
8432,11.68,51.37,1000000
8433,11.81,51.37,1000000
8434,11.93,51.37,1000000
8435,12.06,51.37,1000000
8436,12.18,51.37,1000000
8437,12.31,51.37,1000000
8438,12.43,51.37,1000000
8439,12.56,51.37,1000000
8440,12.68,51.37,1000000
8441,12.81,51.37,1000000
8442,12.93,51.37,1000000
8443,-12.06,51.45,1000000
8444,-11.93,51.45,1000000
8445,-11.81,51.45,0.02
8446,-11.68,51.45,0.01
8447,-11.56,51.45,7.77E-03
8448,-11.43,51.45,9.96E-03
8449,-11.31,51.45,0.01
8450,-11.18,51.45,0.02
8451,-11.06,51.45,0.03
8452,-10.93,51.45,0.03
8453,-10.81,51.45,0.03
8454,-10.68,51.45,0.03
8455,-10.56,51.45,0.04
8456,-10.43,51.45,0.05
8457,-10.31,51.45,0.07
8458,-10.18,51.45,0.12
8459,-10.06,51.45,0.16
8460,-9.93,51.45,0.17
8461,-9.81,51.45,0.21
8462,-9.68,51.45,0.44
8463,-9.56,51.45,0.56
8464,-9.43,51.45,0.62
8465,-9.31,51.45,0.48
8466,-9.18,51.45,0.33
8467,-9.06,51.45,0.3
8468,-8.93,51.45,0.24
8469,-8.81,51.45,0.23
8470,-8.68,51.45,0.25
8471,-8.56,51.45,0.24
8472,-8.43,51.45,0.23
8473,-8.31,51.45,0.22
8474,-8.18,51.45,0.21
8475,-8.06,51.45,0.21
8476,-7.93,51.45,0.22
8477,-7.81,51.45,0.2
8478,-7.68,51.45,0.18
8479,-7.56,51.45,0.17
8480,-7.43,51.45,0.16
8481,-7.31,51.45,0.15
8482,-7.18,51.45,0.14
8483,-7.06,51.45,0.15
8484,-6.93,51.45,0.17
8485,-6.81,51.45,0.18
8486,-6.68,51.45,0.18
8487,-6.56,51.45,0.18
8488,-6.43,51.45,0.18
8489,-6.31,51.45,0.21
8490,-6.18,51.45,0.25
8491,-6.06,51.45,0.26
8492,-5.93,51.45,0.27
8493,-5.81,51.45,0.33
8494,-5.68,51.45,0.44
8495,-5.56,51.45,0.54
8496,-5.43,51.45,0.62
8497,-5.31,51.45,0.77
8498,-5.18,51.45,0.93
8499,-5.06,51.45,1.14
8500,-4.93,51.45,1.37
8501,-4.81,51.45,1.72
8502,-4.68,51.45,2.04
8503,-4.56,51.45,2.16
8504,-4.43,51.45,2.23
8505,-4.31,51.45,2.3
8506,-4.18,51.45,2.09
8507,-4.06,51.45,1.98
8508,-3.93,51.45,2.09
8509,-3.81,51.45,2.3
8510,-3.68,51.45,2.84
8511,-3.56,51.45,1000000
8512,-3.43,51.45,1000000
8513,-3.31,51.45,1000000
8514,-3.18,51.45,1000000
8515,-3.06,51.45,3
8516,-2.93,51.45,3
8517,-2.81,51.45,1000000
8518,-2.68,51.45,1000000
8519,-2.56,51.45,1000000
8520,-2.43,51.45,1000000
8521,-2.31,51.45,1000000
8522,-2.18,51.45,1000000
8523,-2.06,51.45,1000000
8524,-1.93,51.45,1000000
8525,-1.81,51.45,1000000
8526,-1.68,51.45,1000000
8527,-1.56,51.45,1000000
8528,-1.43,51.45,1000000
8529,-1.31,51.45,1000000
8530,-1.18,51.45,1000000
8531,-1.06,51.45,1000000
8532,-0.93,51.45,1000000
8533,-0.81,51.45,1000000
8534,-0.68,51.45,1000000
8535,-0.56,51.45,1000000
8536,-0.43,51.45,1000000
8537,-0.31,51.45,1000000
8538,-0.18,51.45,1000000
8539,-0.06,51.45,1000000
8540,0.06,51.45,1000000
8541,0.18,51.45,1000000
8542,0.31,51.45,1000000
8543,0.43,51.45,1000000
8544,0.56,51.45,1000000
8545,0.68,51.45,0.85
8546,0.81,51.45,0.68
8547,0.93,51.45,0.8
8548,1.06,51.45,0.94
8549,1.18,51.45,1.39
8550,1.31,51.45,1.28
8551,1.43,51.45,0.78
8552,1.56,51.45,0.59
8553,1.68,51.45,0.88
8554,1.81,51.45,1.1
8555,1.93,51.45,1.24
8556,2.06,51.45,1.29
8557,2.18,51.45,1.23
8558,2.31,51.45,1.17
8559,2.43,51.45,1.11
8560,2.56,51.45,1.08
8561,2.68,51.45,1.13
8562,2.81,51.45,1.19
8563,2.93,51.45,1.15
8564,3.06,51.45,1.06
8565,3.18,51.45,0.71
8566,3.31,51.45,0.64
8567,3.43,51.45,0.47
8568,3.56,51.45,0.09
8569,3.68,51.45,1000000
8570,3.81,51.45,1000000
8571,3.93,51.45,1000000
8572,4.06,51.45,1000000
8573,4.18,51.45,1000000
8574,4.31,51.45,1000000
8575,4.43,51.45,1000000
8576,4.56,51.45,1000000
8577,4.68,51.45,1000000
8578,4.81,51.45,1000000
8579,4.93,51.45,1000000
8580,5.06,51.45,1000000
8581,5.18,51.45,1000000
8582,5.31,51.45,1000000
8583,5.43,51.45,1000000
8584,5.56,51.45,1000000
8585,5.68,51.45,1000000
8586,5.81,51.45,1000000
8587,5.93,51.45,1000000
8588,6.06,51.45,1000000
8589,6.18,51.45,1000000
8590,6.31,51.45,1000000
8591,6.43,51.45,1000000
8592,6.56,51.45,1000000
8593,6.68,51.45,1000000
8594,6.81,51.45,1000000
8595,6.93,51.45,1000000
8596,7.06,51.45,1000000
8597,7.18,51.45,1000000
8598,7.31,51.45,1000000
8599,7.43,51.45,1000000
8600,7.56,51.45,1000000
8601,7.68,51.45,1000000
8602,7.81,51.45,1000000
8603,7.93,51.45,1000000
8604,8.06,51.45,1000000
8605,8.18,51.45,1000000
8606,8.31,51.45,1000000
8607,8.43,51.45,1000000
8608,8.56,51.45,1000000
8609,8.68,51.45,1000000
8610,8.81,51.45,1000000
8611,8.93,51.45,1000000
8612,9.06,51.45,1000000
8613,9.18,51.45,1000000
8614,9.31,51.45,1000000
8615,9.43,51.45,1000000
8616,9.56,51.45,1000000
8617,9.68,51.45,1000000
8618,9.81,51.45,1000000
8619,9.93,51.45,1000000
8620,10.06,51.45,1000000
8621,10.18,51.45,1000000
8622,10.31,51.45,1000000
8623,10.43,51.45,1000000
8624,10.56,51.45,1000000
8625,10.68,51.45,1000000
8626,10.81,51.45,1000000
8627,10.93,51.45,1000000
8628,11.06,51.45,1000000
8629,11.18,51.45,1000000
8630,11.31,51.45,1000000
8631,11.43,51.45,1000000
8632,11.56,51.45,1000000
8633,11.68,51.45,1000000
8634,11.81,51.45,1000000
8635,11.93,51.45,1000000
8636,12.06,51.45,1000000
8637,12.18,51.45,1000000
8638,12.31,51.45,1000000
8639,12.43,51.45,1000000
8640,12.56,51.45,1000000
8641,12.68,51.45,1000000
8642,12.81,51.45,1000000
8643,12.93,51.45,1000000
8644,-12.06,51.54,1000000
8645,-11.93,51.54,1000000
8646,-11.81,51.54,0.02
8647,-11.68,51.54,0.02
8648,-11.56,51.54,0.01
8649,-11.43,51.54,0.02
8650,-11.31,51.54,0.03
8651,-11.18,51.54,0.03
8652,-11.06,51.54,0.02
8653,-10.93,51.54,0.03
8654,-10.81,51.54,0.03
8655,-10.68,51.54,0.03
8656,-10.56,51.54,0.03
8657,-10.43,51.54,0.05
8658,-10.31,51.54,0.09
8659,-10.18,51.54,0.19
8660,-10.06,51.54,0.18
8661,-9.93,51.54,0.13
8662,-9.81,51.54,0.07
8663,-9.68,51.54,0.11
8664,-9.56,51.54,1000000
8665,-9.43,51.54,0.05
8666,-9.31,51.54,1000000
8667,-9.18,51.54,1000000
8668,-9.06,51.54,0.18
8669,-8.93,51.54,0.18
8670,-8.81,51.54,0.25
8671,-8.68,51.54,0.27
8672,-8.56,51.54,0.24
8673,-8.43,51.54,0.22
8674,-8.31,51.54,0.23
8675,-8.18,51.54,0.22
8676,-8.06,51.54,0.2
8677,-7.93,51.54,0.19
8678,-7.81,51.54,0.17
8679,-7.68,51.54,0.15
8680,-7.56,51.54,0.14
8681,-7.43,51.54,0.13
8682,-7.31,51.54,0.13
8683,-7.18,51.54,0.12
8684,-7.06,51.54,0.13
8685,-6.93,51.54,0.16
8686,-6.81,51.54,0.16
8687,-6.68,51.54,0.16
8688,-6.56,51.54,0.17
8689,-6.43,51.54,0.19
8690,-6.31,51.54,0.24
8691,-6.18,51.54,0.29
8692,-6.06,51.54,0.32
8693,-5.93,51.54,0.37
8694,-5.81,51.54,0.46
8695,-5.68,51.54,0.58
8696,-5.56,51.54,0.66
8697,-5.43,51.54,0.76
8698,-5.31,51.54,0.91
8699,-5.18,51.54,1.18
8700,-5.06,51.54,1.59
8701,-4.93,51.54,1.83
8702,-4.81,51.54,2.38
8703,-4.68,51.54,1.8
8704,-4.56,51.54,1.47
8705,-4.43,51.54,1.48
8706,-4.31,51.54,1.83
8707,-4.18,51.54,1.66
8708,-4.06,51.54,1.37
8709,-3.93,51.54,1.1
8710,-3.81,51.54,1.19
8711,-3.68,51.54,1000000
8712,-3.56,51.54,1000000
8713,-3.43,51.54,1000000
8714,-3.31,51.54,1000000
8715,-3.18,51.54,1000000
8716,-3.06,51.54,1000000
8717,-2.93,51.54,3
8718,-2.81,51.54,0.83
8719,-2.68,51.54,0.49
8720,-2.56,51.54,1000000
8721,-2.43,51.54,1000000
8722,-2.31,51.54,1000000
8723,-2.18,51.54,1000000
8724,-2.06,51.54,1000000
8725,-1.93,51.54,1000000
8726,-1.81,51.54,1000000
8727,-1.68,51.54,1000000
8728,-1.56,51.54,1000000
8729,-1.43,51.54,1000000
8730,-1.31,51.54,1000000
8731,-1.18,51.54,1000000
8732,-1.06,51.54,1000000
8733,-0.93,51.54,1000000
8734,-0.81,51.54,1000000
8735,-0.68,51.54,1000000
8736,-0.56,51.54,1000000
8737,-0.43,51.54,1000000
8738,-0.31,51.54,1000000
8739,-0.18,51.54,1000000
8740,-0.06,51.54,1000000
8741,0.06,51.54,1000000
8742,0.18,51.54,1000000
8743,0.31,51.54,1000000
8744,0.43,51.54,0.53
8745,0.56,51.54,1.15
8746,0.68,51.54,1.9
8747,0.81,51.54,1.21
8748,0.93,51.54,1.16
8749,1.06,51.54,1.25
8750,1.18,51.54,1.31
8751,1.31,51.54,1.1
8752,1.43,51.54,0.91
8753,1.56,51.54,0.9
8754,1.68,51.54,1.02
8755,1.81,51.54,1.12
8756,1.93,51.54,1.25
8757,2.06,51.54,1.35
8758,2.18,51.54,1.31
8759,2.31,51.54,1.25
8760,2.43,51.54,1.19
8761,2.56,51.54,1.19
8762,2.68,51.54,1.23
8763,2.81,51.54,1.24
8764,2.93,51.54,1.21
8765,3.06,51.54,1.11
8766,3.18,51.54,0.97
8767,3.31,51.54,0.85
8768,3.43,51.54,0.82
8769,3.56,51.54,1000000
8770,3.68,51.54,1000000
8771,3.81,51.54,1000000
8772,3.93,51.54,1000000
8773,4.06,51.54,1000000
8774,4.18,51.54,1000000
8775,4.31,51.54,1000000
8776,4.43,51.54,1000000
8777,4.56,51.54,1000000
8778,4.68,51.54,1000000
8779,4.81,51.54,1000000
8780,4.93,51.54,1000000
8781,5.06,51.54,1000000
8782,5.18,51.54,1000000
8783,5.31,51.54,1000000
8784,5.43,51.54,1000000
8785,5.56,51.54,1000000
8786,5.68,51.54,1000000
8787,5.81,51.54,1000000
8788,5.93,51.54,1000000
8789,6.06,51.54,1000000
8790,6.18,51.54,1000000
8791,6.31,51.54,1000000
8792,6.43,51.54,1000000
8793,6.56,51.54,1000000
8794,6.68,51.54,1000000
8795,6.81,51.54,1000000
8796,6.93,51.54,1000000
8797,7.06,51.54,1000000
8798,7.18,51.54,1000000
8799,7.31,51.54,1000000
8800,7.43,51.54,1000000
8801,7.56,51.54,1000000
8802,7.68,51.54,1000000
8803,7.81,51.54,1000000
8804,7.93,51.54,1000000
8805,8.06,51.54,1000000
8806,8.18,51.54,1000000
8807,8.31,51.54,1000000
8808,8.43,51.54,1000000
8809,8.56,51.54,1000000
8810,8.68,51.54,1000000
8811,8.81,51.54,1000000
8812,8.93,51.54,1000000
8813,9.06,51.54,1000000
8814,9.18,51.54,1000000
8815,9.31,51.54,1000000
8816,9.43,51.54,1000000
8817,9.56,51.54,1000000
8818,9.68,51.54,1000000
8819,9.81,51.54,1000000
8820,9.93,51.54,1000000
8821,10.06,51.54,1000000
8822,10.18,51.54,1000000
8823,10.31,51.54,1000000
8824,10.43,51.54,1000000
8825,10.56,51.54,1000000
8826,10.68,51.54,1000000
8827,10.81,51.54,1000000
8828,10.93,51.54,1000000
8829,11.06,51.54,1000000
8830,11.18,51.54,1000000
8831,11.31,51.54,1000000
8832,11.43,51.54,1000000
8833,11.56,51.54,1000000
8834,11.68,51.54,1000000
8835,11.81,51.54,1000000
8836,11.93,51.54,1000000
8837,12.06,51.54,1000000
8838,12.18,51.54,1000000
8839,12.31,51.54,1000000
8840,12.43,51.54,1000000
8841,12.56,51.54,1000000
8842,12.68,51.54,1000000
8843,12.81,51.54,1000000
8844,12.93,51.54,1000000
8845,-12.06,51.62,1000000
8846,-11.93,51.62,1000000
8847,-11.81,51.62,0.01
8848,-11.68,51.62,0.02
8849,-11.56,51.62,0.03
8850,-11.43,51.62,0.03
8851,-11.31,51.62,0.03
8852,-11.18,51.62,0.03
8853,-11.06,51.62,0.03
8854,-10.93,51.62,0.03
8855,-10.81,51.62,0.03
8856,-10.68,51.62,0.03
8857,-10.56,51.62,0.04
8858,-10.43,51.62,0.05
8859,-10.31,51.62,0.06
8860,-10.18,51.62,0.11
8861,-10.06,51.62,1000000
8862,-9.93,51.62,0.03
8863,-9.81,51.62,0.01
8864,-9.68,51.62,0.02
8865,-9.56,51.62,1000000
8866,-9.43,51.62,1000000
8867,-9.31,51.62,1000000
8868,-9.18,51.62,1000000
8869,-9.06,51.62,1000000
8870,-8.93,51.62,1000000
8871,-8.81,51.62,1000000
8872,-8.68,51.62,0.22
8873,-8.56,51.62,0.2
8874,-8.43,51.62,0.23
8875,-8.31,51.62,0.31
8876,-8.18,51.62,0.21
8877,-8.06,51.62,0.18
8878,-7.93,51.62,0.16
8879,-7.81,51.62,0.14
8880,-7.68,51.62,0.12
8881,-7.56,51.62,0.12
8882,-7.43,51.62,0.11
8883,-7.31,51.62,0.11
8884,-7.18,51.62,0.11
8885,-7.06,51.62,0.12
8886,-6.93,51.62,0.14
8887,-6.81,51.62,0.14
8888,-6.68,51.62,0.15
8889,-6.56,51.62,0.17
8890,-6.43,51.62,0.2
8891,-6.31,51.62,0.27
8892,-6.18,51.62,0.34
8893,-6.06,51.62,0.41
8894,-5.93,51.62,0.49
8895,-5.81,51.62,0.6
8896,-5.68,51.62,0.82
8897,-5.56,51.62,0.84
8898,-5.43,51.62,1.02
8899,-5.31,51.62,1.28
8900,-5.18,51.62,1.16
8901,-5.06,51.62,0.9
8902,-4.93,51.62,1000000
8903,-4.81,51.62,1.43
8904,-4.68,51.62,1.03
8905,-4.56,51.62,0.82
8906,-4.43,51.62,0.61
8907,-4.31,51.62,0.82
8908,-4.18,51.62,1000000
8909,-4.06,51.62,1000000
8910,-3.93,51.62,0.29
8911,-3.81,51.62,1000000
8912,-3.68,51.62,1000000
8913,-3.56,51.62,1000000
8914,-3.43,51.62,1000000
8915,-3.31,51.62,1000000
8916,-3.18,51.62,1000000
8917,-3.06,51.62,1000000
8918,-2.93,51.62,1000000
8919,-2.81,51.62,1000000
8920,-2.68,51.62,1000000
8921,-2.56,51.62,1000000
8922,-2.43,51.62,1000000
8923,-2.31,51.62,1000000
8924,-2.18,51.62,1000000
8925,-2.06,51.62,1000000
8926,-1.93,51.62,1000000
8927,-1.81,51.62,1000000
8928,-1.68,51.62,1000000
8929,-1.56,51.62,1000000
8930,-1.43,51.62,1000000
8931,-1.31,51.62,1000000
8932,-1.18,51.62,1000000
8933,-1.06,51.62,1000000
8934,-0.93,51.62,1000000
8935,-0.81,51.62,1000000
8936,-0.68,51.62,1000000
8937,-0.56,51.62,1000000
8938,-0.43,51.62,1000000
8939,-0.31,51.62,1000000
8940,-0.18,51.62,1000000
8941,-0.06,51.62,1000000
8942,0.06,51.62,1000000
8943,0.18,51.62,1000000
8944,0.31,51.62,1000000
8945,0.43,51.62,1000000
8946,0.56,51.62,1000000
8947,0.68,51.62,1000000
8948,0.81,51.62,1000000
8949,0.93,51.62,0.92
8950,1.06,51.62,1.21
8951,1.18,51.62,1.18
8952,1.31,51.62,1.17
8953,1.43,51.62,1.26
8954,1.56,51.62,1.31
8955,1.68,51.62,1.29
8956,1.81,51.62,1.25
8957,1.93,51.62,1.38
8958,2.06,51.62,1.48
8959,2.18,51.62,1.43
8960,2.31,51.62,1.37
8961,2.43,51.62,1.33
8962,2.56,51.62,1.33
8963,2.68,51.62,1.3
8964,2.81,51.62,1.25
8965,2.93,51.62,1.2
8966,3.06,51.62,1.16
8967,3.18,51.62,1.22
8968,3.31,51.62,1.21
8969,3.43,51.62,1.36
8970,3.56,51.62,0.82
8971,3.68,51.62,0.41
8972,3.81,51.62,0.06
8973,3.93,51.62,1000000
8974,4.06,51.62,1000000
8975,4.18,51.62,1000000
8976,4.31,51.62,1000000
8977,4.43,51.62,1000000
8978,4.56,51.62,1000000
8979,4.68,51.62,1000000
8980,4.81,51.62,1000000
8981,4.93,51.62,1000000
8982,5.06,51.62,1000000
8983,5.18,51.62,1000000
8984,5.31,51.62,1000000
8985,5.43,51.62,1000000
8986,5.56,51.62,1000000
8987,5.68,51.62,1000000
8988,5.81,51.62,1000000
8989,5.93,51.62,1000000
8990,6.06,51.62,1000000
8991,6.18,51.62,1000000
8992,6.31,51.62,1000000
8993,6.43,51.62,1000000
8994,6.56,51.62,1000000
8995,6.68,51.62,1000000
8996,6.81,51.62,1000000
8997,6.93,51.62,1000000
8998,7.06,51.62,1000000
8999,7.18,51.62,1000000
9000,7.31,51.62,1000000
9001,7.43,51.62,1000000
9002,7.56,51.62,1000000
9003,7.68,51.62,1000000
9004,7.81,51.62,1000000
9005,7.93,51.62,1000000
9006,8.06,51.62,1000000
9007,8.18,51.62,1000000
9008,8.31,51.62,1000000
9009,8.43,51.62,1000000
9010,8.56,51.62,1000000
9011,8.68,51.62,1000000
9012,8.81,51.62,1000000
9013,8.93,51.62,1000000
9014,9.06,51.62,1000000
9015,9.18,51.62,1000000
9016,9.31,51.62,1000000
9017,9.43,51.62,1000000
9018,9.56,51.62,1000000
9019,9.68,51.62,1000000
9020,9.81,51.62,1000000
9021,9.93,51.62,1000000
9022,10.06,51.62,1000000
9023,10.18,51.62,1000000
9024,10.31,51.62,1000000
9025,10.43,51.62,1000000
9026,10.56,51.62,1000000
9027,10.68,51.62,1000000
9028,10.81,51.62,1000000
9029,10.93,51.62,1000000
9030,11.06,51.62,1000000
9031,11.18,51.62,1000000
9032,11.31,51.62,1000000
9033,11.43,51.62,1000000
9034,11.56,51.62,1000000
9035,11.68,51.62,1000000
9036,11.81,51.62,1000000
9037,11.93,51.62,1000000
9038,12.06,51.62,1000000
9039,12.18,51.62,1000000
9040,12.31,51.62,1000000
9041,12.43,51.62,1000000
9042,12.56,51.62,1000000
9043,12.68,51.62,1000000
9044,12.81,51.62,1000000
9045,12.93,51.62,1000000
9046,-12.06,51.7,1000000
9047,-11.93,51.7,1000000
9048,-11.81,51.7,0.01
9049,-11.68,51.7,0.02
9050,-11.56,51.7,0.02
9051,-11.43,51.7,0.02
9052,-11.31,51.7,0.03
9053,-11.18,51.7,0.03
9054,-11.06,51.7,0.03
9055,-10.93,51.7,0.03
9056,-10.81,51.7,0.03
9057,-10.68,51.7,0.03
9058,-10.56,51.7,0.04
9059,-10.43,51.7,0.06
9060,-10.31,51.7,0.04
9061,-10.18,51.7,0.03
9062,-10.06,51.7,1.59E-03
9063,-9.93,51.7,1000000
9064,-9.81,51.7,1000000
9065,-9.68,51.7,1000000
9066,-9.56,51.7,1000000
9067,-9.43,51.7,1000000
9068,-9.31,51.7,1000000
9069,-9.18,51.7,1000000
9070,-9.06,51.7,1000000
9071,-8.93,51.7,1000000
9072,-8.81,51.7,1000000
9073,-8.68,51.7,1000000
9074,-8.56,51.7,1000000
9075,-8.43,51.7,1000000
9076,-8.31,51.7,0.18
9077,-8.18,51.7,0.14
9078,-8.06,51.7,0.14
9079,-7.93,51.7,0.13
9080,-7.81,51.7,0.11
9081,-7.68,51.7,0.11
9082,-7.56,51.7,0.1
9083,-7.43,51.7,0.1
9084,-7.31,51.7,0.09
9085,-7.18,51.7,0.09
9086,-7.06,51.7,0.1
9087,-6.93,51.7,0.12
9088,-6.81,51.7,0.13
9089,-6.68,51.7,0.14
9090,-6.56,51.7,0.18
9091,-6.43,51.7,0.24
9092,-6.31,51.7,0.33
9093,-6.18,51.7,0.42
9094,-6.06,51.7,0.52
9095,-5.93,51.7,0.63
9096,-5.81,51.7,0.78
9097,-5.68,51.7,1.06
9098,-5.56,51.7,1.38
9099,-5.43,51.7,1.47
9100,-5.31,51.7,1.91
9101,-5.18,51.7,1.65
9102,-5.06,51.7,0.85
9103,-4.93,51.7,1000000
9104,-4.81,51.7,1000000
9105,-4.68,51.7,0.55
9106,-4.56,51.7,0.32
9107,-4.43,51.7,0.17
9108,-4.31,51.7,1000000
9109,-4.18,51.7,1000000
9110,-4.06,51.7,1000000
9111,-3.93,51.7,1000000
9112,-3.81,51.7,1000000
9113,-3.68,51.7,1000000
9114,-3.56,51.7,1000000
9115,-3.43,51.7,1000000
9116,-3.31,51.7,1000000
9117,-3.18,51.7,1000000
9118,-3.06,51.7,1000000
9119,-2.93,51.7,1000000
9120,-2.81,51.7,1000000
9121,-2.68,51.7,1000000
9122,-2.56,51.7,1000000
9123,-2.43,51.7,1000000
9124,-2.31,51.7,1000000
9125,-2.18,51.7,1000000
9126,-2.06,51.7,1000000
9127,-1.93,51.7,1000000
9128,-1.81,51.7,1000000
9129,-1.68,51.7,1000000
9130,-1.56,51.7,1000000
9131,-1.43,51.7,1000000
9132,-1.31,51.7,1000000
9133,-1.18,51.7,1000000
9134,-1.06,51.7,1000000
9135,-0.93,51.7,1000000
9136,-0.81,51.7,1000000
9137,-0.68,51.7,1000000
9138,-0.56,51.7,1000000
9139,-0.43,51.7,1000000
9140,-0.31,51.7,1000000
9141,-0.18,51.7,1000000
9142,-0.06,51.7,1000000
9143,0.06,51.7,1000000
9144,0.18,51.7,1000000
9145,0.31,51.7,1000000
9146,0.43,51.7,1000000
9147,0.56,51.7,1000000
9148,0.68,51.7,1000000
9149,0.81,51.7,1000000
9150,0.93,51.7,1000000
9151,1.06,51.7,0.56
9152,1.18,51.7,0.86
9153,1.31,51.7,1.46
9154,1.43,51.7,1.64
9155,1.56,51.7,1.49
9156,1.68,51.7,1.39
9157,1.81,51.7,1.43
9158,1.93,51.7,1.56
9159,2.06,51.7,1.65
9160,2.18,51.7,1.61
9161,2.31,51.7,1.51
9162,2.43,51.7,1.45
9163,2.56,51.7,1.41
9164,2.68,51.7,1.32
9165,2.81,51.7,1.25
9166,2.93,51.7,1.21
9167,3.06,51.7,1.21
9168,3.18,51.7,1.26
9169,3.31,51.7,1.24
9170,3.43,51.7,1.18
9171,3.56,51.7,0.81
9172,3.68,51.7,0.79
9173,3.81,51.7,1000000
9174,3.93,51.7,1000000
9175,4.06,51.7,1000000
9176,4.18,51.7,1000000
9177,4.31,51.7,1000000
9178,4.43,51.7,1000000
9179,4.56,51.7,1000000
9180,4.68,51.7,1000000
9181,4.81,51.7,1000000
9182,4.93,51.7,1000000
9183,5.06,51.7,1000000
9184,5.18,51.7,1000000
9185,5.31,51.7,1000000
9186,5.43,51.7,1000000
9187,5.56,51.7,1000000
9188,5.68,51.7,1000000
9189,5.81,51.7,1000000
9190,5.93,51.7,1000000
9191,6.06,51.7,1000000
9192,6.18,51.7,1000000
9193,6.31,51.7,1000000
9194,6.43,51.7,1000000
9195,6.56,51.7,1000000
9196,6.68,51.7,1000000
9197,6.81,51.7,1000000
9198,6.93,51.7,1000000
9199,7.06,51.7,1000000
9200,7.18,51.7,1000000
9201,7.31,51.7,1000000
9202,7.43,51.7,1000000
9203,7.56,51.7,1000000
9204,7.68,51.7,1000000
9205,7.81,51.7,1000000
9206,7.93,51.7,1000000
9207,8.06,51.7,1000000
9208,8.18,51.7,1000000
9209,8.31,51.7,1000000
9210,8.43,51.7,1000000
9211,8.56,51.7,1000000
9212,8.68,51.7,1000000
9213,8.81,51.7,1000000
9214,8.93,51.7,1000000
9215,9.06,51.7,1000000
9216,9.18,51.7,1000000
9217,9.31,51.7,1000000
9218,9.43,51.7,1000000
9219,9.56,51.7,1000000
9220,9.68,51.7,1000000
9221,9.81,51.7,1000000
9222,9.93,51.7,1000000
9223,10.06,51.7,1000000
9224,10.18,51.7,1000000
9225,10.31,51.7,1000000
9226,10.43,51.7,1000000
9227,10.56,51.7,1000000
9228,10.68,51.7,1000000
9229,10.81,51.7,1000000
9230,10.93,51.7,1000000
9231,11.06,51.7,1000000
9232,11.18,51.7,1000000
9233,11.31,51.7,1000000
9234,11.43,51.7,1000000
9235,11.56,51.7,1000000
9236,11.68,51.7,1000000
9237,11.81,51.7,1000000
9238,11.93,51.7,1000000
9239,12.06,51.7,1000000
9240,12.18,51.7,1000000
9241,12.31,51.7,1000000
9242,12.43,51.7,1000000
9243,12.56,51.7,1000000
9244,12.68,51.7,1000000
9245,12.81,51.7,1000000
9246,12.93,51.7,1000000
9247,-12.06,51.79,1000000
9248,-11.93,51.79,1000000
9249,-11.81,51.79,0.01
9250,-11.68,51.79,0.02
9251,-11.56,51.79,0.02
9252,-11.43,51.79,0.03
9253,-11.31,51.79,0.03
9254,-11.18,51.79,0.03
9255,-11.06,51.79,0.04
9256,-10.93,51.79,0.04
9257,-10.81,51.79,0.04
9258,-10.68,51.79,0.05
9259,-10.56,51.79,0.06
9260,-10.43,51.79,0.09
9261,-10.31,51.79,0.05
9262,-10.18,51.79,0.02
9263,-10.06,51.79,1000000
9264,-9.93,51.79,1000000
9265,-9.81,51.79,1000000
9266,-9.68,51.79,1000000
9267,-9.56,51.79,1000000
9268,-9.43,51.79,1000000
9269,-9.31,51.79,1000000
9270,-9.18,51.79,1000000
9271,-9.06,51.79,1000000
9272,-8.93,51.79,1000000
9273,-8.81,51.79,1000000
9274,-8.68,51.79,1000000
9275,-8.56,51.79,1000000
9276,-8.43,51.79,1000000
9277,-8.31,51.79,0.11
9278,-8.18,51.79,0.1
9279,-8.06,51.79,0.11
9280,-7.93,51.79,0.11
9281,-7.81,51.79,0.1
9282,-7.68,51.79,0.1
9283,-7.56,51.79,0.09
9284,-7.43,51.79,0.08
9285,-7.31,51.79,0.07
9286,-7.18,51.79,0.07
9287,-7.06,51.79,0.08
9288,-6.93,51.79,0.1
9289,-6.81,51.79,0.12
9290,-6.68,51.79,0.15
9291,-6.56,51.79,0.21
9292,-6.43,51.79,0.31
9293,-6.31,51.79,0.43
9294,-6.18,51.79,0.55
9295,-6.06,51.79,0.65
9296,-5.93,51.79,0.79
9297,-5.81,51.79,0.96
9298,-5.68,51.79,1.2
9299,-5.56,51.79,1.63
9300,-5.43,51.79,2.24
9301,-5.31,51.79,2.56
9302,-5.18,51.79,1.76
9303,-5.06,51.79,1000000
9304,-4.93,51.79,1000000
9305,-4.81,51.79,1000000
9306,-4.68,51.79,1000000
9307,-4.56,51.79,1000000
9308,-4.43,51.79,1000000
9309,-4.31,51.79,1000000
9310,-4.18,51.79,1000000
9311,-4.06,51.79,1000000
9312,-3.93,51.79,1000000
9313,-3.81,51.79,1000000
9314,-3.68,51.79,1000000
9315,-3.56,51.79,1000000
9316,-3.43,51.79,1000000
9317,-3.31,51.79,1000000
9318,-3.18,51.79,1000000
9319,-3.06,51.79,1000000
9320,-2.93,51.79,1000000
9321,-2.81,51.79,1000000
9322,-2.68,51.79,1000000
9323,-2.56,51.79,1000000
9324,-2.43,51.79,1000000
9325,-2.31,51.79,1000000
9326,-2.18,51.79,1000000
9327,-2.06,51.79,1000000
9328,-1.93,51.79,1000000
9329,-1.81,51.79,1000000
9330,-1.68,51.79,1000000
9331,-1.56,51.79,1000000
9332,-1.43,51.79,1000000
9333,-1.31,51.79,1000000
9334,-1.18,51.79,1000000
9335,-1.06,51.79,1000000
9336,-0.93,51.79,1000000
9337,-0.81,51.79,1000000
9338,-0.68,51.79,1000000
9339,-0.56,51.79,1000000
9340,-0.43,51.79,1000000
9341,-0.31,51.79,1000000
9342,-0.18,51.79,1000000
9343,-0.06,51.79,1000000
9344,0.06,51.79,1000000
9345,0.18,51.79,1000000
9346,0.31,51.79,1000000
9347,0.43,51.79,1000000
9348,0.56,51.79,1000000
9349,0.68,51.79,1000000
9350,0.81,51.79,1000000
9351,0.93,51.79,0.16
9352,1.06,51.79,0.4
9353,1.18,51.79,1.19
9354,1.31,51.79,2.04
9355,1.43,51.79,1.75
9356,1.56,51.79,1.53
9357,1.68,51.79,1.57
9358,1.81,51.79,1.67
9359,1.93,51.79,1.73
9360,2.06,51.79,1.83
9361,2.18,51.79,1.73
9362,2.31,51.79,1.6
9363,2.43,51.79,1.52
9364,2.56,51.79,1.42
9365,2.68,51.79,1.32
9366,2.81,51.79,1.27
9367,2.93,51.79,1.25
9368,3.06,51.79,1.26
9369,3.18,51.79,1.3
9370,3.31,51.79,1.35
9371,3.43,51.79,1.36
9372,3.56,51.79,1.21
9373,3.68,51.79,1.43
9374,3.81,51.79,0.81
9375,3.93,51.79,0.54
9376,4.06,51.79,1000000
9377,4.18,51.79,1000000
9378,4.31,51.79,1000000
9379,4.43,51.79,1000000
9380,4.56,51.79,1000000
9381,4.68,51.79,1000000
9382,4.81,51.79,1000000
9383,4.93,51.79,1000000
9384,5.06,51.79,1000000
9385,5.18,51.79,1000000
9386,5.31,51.79,1000000
9387,5.43,51.79,1000000
9388,5.56,51.79,1000000
9389,5.68,51.79,1000000
9390,5.81,51.79,1000000
9391,5.93,51.79,1000000
9392,6.06,51.79,1000000
9393,6.18,51.79,1000000
9394,6.31,51.79,1000000
9395,6.43,51.79,1000000
9396,6.56,51.79,1000000
9397,6.68,51.79,1000000
9398,6.81,51.79,1000000
9399,6.93,51.79,1000000
9400,7.06,51.79,1000000
9401,7.18,51.79,1000000
9402,7.31,51.79,1000000
9403,7.43,51.79,1000000
9404,7.56,51.79,1000000
9405,7.68,51.79,1000000
9406,7.81,51.79,1000000
9407,7.93,51.79,1000000
9408,8.06,51.79,1000000
9409,8.18,51.79,1000000
9410,8.31,51.79,1000000
9411,8.43,51.79,1000000
9412,8.56,51.79,1000000
9413,8.68,51.79,1000000
9414,8.81,51.79,1000000
9415,8.93,51.79,1000000
9416,9.06,51.79,1000000
9417,9.18,51.79,1000000
9418,9.31,51.79,1000000
9419,9.43,51.79,1000000
9420,9.56,51.79,1000000
9421,9.68,51.79,1000000
9422,9.81,51.79,1000000
9423,9.93,51.79,1000000
9424,10.06,51.79,1000000
9425,10.18,51.79,1000000
9426,10.31,51.79,1000000
9427,10.43,51.79,1000000
9428,10.56,51.79,1000000
9429,10.68,51.79,1000000
9430,10.81,51.79,1000000
9431,10.93,51.79,1000000
9432,11.06,51.79,1000000
9433,11.18,51.79,1000000
9434,11.31,51.79,1000000
9435,11.43,51.79,1000000
9436,11.56,51.79,1000000
9437,11.68,51.79,1000000
9438,11.81,51.79,1000000
9439,11.93,51.79,1000000
9440,12.06,51.79,1000000
9441,12.18,51.79,1000000
9442,12.31,51.79,1000000
9443,12.43,51.79,1000000
9444,12.56,51.79,1000000
9445,12.68,51.79,1000000
9446,12.81,51.79,1000000
9447,12.93,51.79,1000000
9448,-12.06,51.87,1000000
9449,-11.93,51.87,1000000
9450,-11.81,51.87,0.01
9451,-11.68,51.87,0.02
9452,-11.56,51.87,0.03
9453,-11.43,51.87,0.03
9454,-11.31,51.87,0.03
9455,-11.18,51.87,0.04
9456,-11.06,51.87,0.04
9457,-10.93,51.87,0.05
9458,-10.81,51.87,0.06
9459,-10.68,51.87,0.06
9460,-10.56,51.87,0.06
9461,-10.43,51.87,0.09
9462,-10.31,51.87,1000000
9463,-10.18,51.87,1000000
9464,-10.06,51.87,1000000
9465,-9.93,51.87,1000000
9466,-9.81,51.87,1000000
9467,-9.68,51.87,1000000
9468,-9.56,51.87,1000000
9469,-9.43,51.87,1000000
9470,-9.31,51.87,1000000
9471,-9.18,51.87,1000000
9472,-9.06,51.87,1000000
9473,-8.93,51.87,1000000
9474,-8.81,51.87,1000000
9475,-8.68,51.87,1000000
9476,-8.56,51.87,1000000
9477,-8.43,51.87,1000000
9478,-8.31,51.87,1000000
9479,-8.18,51.87,1000000
9480,-8.06,51.87,1000000
9481,-7.93,51.87,0.08
9482,-7.81,51.87,0.08
9483,-7.68,51.87,0.1
9484,-7.56,51.87,0.07
9485,-7.43,51.87,0.06
9486,-7.31,51.87,0.05
9487,-7.18,51.87,0.05
9488,-7.06,51.87,0.06
9489,-6.93,51.87,0.09
9490,-6.81,51.87,0.12
9491,-6.68,51.87,0.18
9492,-6.56,51.87,0.28
9493,-6.43,51.87,0.43
9494,-6.31,51.87,0.57
9495,-6.18,51.87,0.66
9496,-6.06,51.87,0.78
9497,-5.93,51.87,0.95
9498,-5.81,51.87,1.12
9499,-5.68,51.87,1.32
9500,-5.56,51.87,1.54
9501,-5.43,51.87,2.48
9502,-5.31,51.87,3
9503,-5.18,51.87,1000000
9504,-5.06,51.87,1000000
9505,-4.93,51.87,1000000
9506,-4.81,51.87,1000000
9507,-4.68,51.87,1000000
9508,-4.56,51.87,1000000
9509,-4.43,51.87,1000000
9510,-4.31,51.87,1000000
9511,-4.18,51.87,1000000
9512,-4.06,51.87,1000000
9513,-3.93,51.87,1000000
9514,-3.81,51.87,1000000
9515,-3.68,51.87,1000000
9516,-3.56,51.87,1000000
9517,-3.43,51.87,1000000
9518,-3.31,51.87,1000000
9519,-3.18,51.87,1000000
9520,-3.06,51.87,1000000
9521,-2.93,51.87,1000000
9522,-2.81,51.87,1000000
9523,-2.68,51.87,1000000
9524,-2.56,51.87,1000000
9525,-2.43,51.87,1000000
9526,-2.31,51.87,1000000
9527,-2.18,51.87,1000000
9528,-2.06,51.87,1000000
9529,-1.93,51.87,1000000
9530,-1.81,51.87,1000000
9531,-1.68,51.87,1000000
9532,-1.56,51.87,1000000
9533,-1.43,51.87,1000000
9534,-1.31,51.87,1000000
9535,-1.18,51.87,1000000
9536,-1.06,51.87,1000000
9537,-0.93,51.87,1000000
9538,-0.81,51.87,1000000
9539,-0.68,51.87,1000000
9540,-0.56,51.87,1000000
9541,-0.43,51.87,1000000
9542,-0.31,51.87,1000000
9543,-0.18,51.87,1000000
9544,-0.06,51.87,1000000
9545,0.06,51.87,1000000
9546,0.18,51.87,1000000
9547,0.31,51.87,1000000
9548,0.43,51.87,1000000
9549,0.56,51.87,1000000
9550,0.68,51.87,1000000
9551,0.81,51.87,1000000
9552,0.93,51.87,1000000
9553,1.06,51.87,1000000
9554,1.18,51.87,1000000
9555,1.31,51.87,1.08
9556,1.43,51.87,1.16
9557,1.56,51.87,1.54
9558,1.68,51.87,1.87
9559,1.81,51.87,2
9560,1.93,51.87,1.95
9561,2.06,51.87,1.94
9562,2.18,51.87,1.77
9563,2.31,51.87,1.64
9564,2.43,51.87,1.53
9565,2.56,51.87,1.45
9566,2.68,51.87,1.38
9567,2.81,51.87,1.32
9568,2.93,51.87,1.28
9569,3.06,51.87,1.28
9570,3.18,51.87,1.32
9571,3.31,51.87,1.32
9572,3.43,51.87,1.3
9573,3.56,51.87,1.26
9574,3.68,51.87,1.29
9575,3.81,51.87,0.9
9576,3.93,51.87,0.64
9577,4.06,51.87,0.4
9578,4.18,51.87,1000000
9579,4.31,51.87,1000000
9580,4.43,51.87,1000000
9581,4.56,51.87,1000000
9582,4.68,51.87,1000000
9583,4.81,51.87,1000000
9584,4.93,51.87,1000000
9585,5.06,51.87,1000000
9586,5.18,51.87,1000000
9587,5.31,51.87,1000000
9588,5.43,51.87,1000000
9589,5.56,51.87,1000000
9590,5.68,51.87,1000000
9591,5.81,51.87,1000000
9592,5.93,51.87,1000000
9593,6.06,51.87,1000000
9594,6.18,51.87,1000000
9595,6.31,51.87,1000000
9596,6.43,51.87,1000000
9597,6.56,51.87,1000000
9598,6.68,51.87,1000000
9599,6.81,51.87,1000000
9600,6.93,51.87,1000000
9601,7.06,51.87,1000000
9602,7.18,51.87,1000000
9603,7.31,51.87,1000000
9604,7.43,51.87,1000000
9605,7.56,51.87,1000000
9606,7.68,51.87,1000000
9607,7.81,51.87,1000000
9608,7.93,51.87,1000000
9609,8.06,51.87,1000000
9610,8.18,51.87,1000000
9611,8.31,51.87,1000000
9612,8.43,51.87,1000000
9613,8.56,51.87,1000000
9614,8.68,51.87,1000000
9615,8.81,51.87,1000000
9616,8.93,51.87,1000000
9617,9.06,51.87,1000000
9618,9.18,51.87,1000000
9619,9.31,51.87,1000000
9620,9.43,51.87,1000000
9621,9.56,51.87,1000000
9622,9.68,51.87,1000000
9623,9.81,51.87,1000000
9624,9.93,51.87,1000000
9625,10.06,51.87,1000000
9626,10.18,51.87,1000000
9627,10.31,51.87,1000000
9628,10.43,51.87,1000000
9629,10.56,51.87,1000000
9630,10.68,51.87,1000000
9631,10.81,51.87,1000000
9632,10.93,51.87,1000000
9633,11.06,51.87,1000000
9634,11.18,51.87,1000000
9635,11.31,51.87,1000000
9636,11.43,51.87,1000000
9637,11.56,51.87,1000000
9638,11.68,51.87,1000000
9639,11.81,51.87,1000000
9640,11.93,51.87,1000000
9641,12.06,51.87,1000000
9642,12.18,51.87,1000000
9643,12.31,51.87,1000000
9644,12.43,51.87,1000000
9645,12.56,51.87,1000000
9646,12.68,51.87,1000000
9647,12.81,51.87,1000000
9648,12.93,51.87,1000000
9649,-12.06,51.95,1000000
9650,-11.93,51.95,1000000
9651,-11.81,51.95,0.01
9652,-11.68,51.95,0.02
9653,-11.56,51.95,0.02
9654,-11.43,51.95,0.03
9655,-11.31,51.95,0.04
9656,-11.18,51.95,0.05
9657,-11.06,51.95,0.05
9658,-10.93,51.95,0.06
9659,-10.81,51.95,0.07
9660,-10.68,51.95,0.08
9661,-10.56,51.95,0.08
9662,-10.43,51.95,0.07
9663,-10.31,51.95,0.06
9664,-10.18,51.95,1000000
9665,-10.06,51.95,1000000
9666,-9.93,51.95,1000000
9667,-9.81,51.95,1000000
9668,-9.68,51.95,1000000
9669,-9.56,51.95,1000000
9670,-9.43,51.95,1000000
9671,-9.31,51.95,1000000
9672,-9.18,51.95,1000000
9673,-9.06,51.95,1000000
9674,-8.93,51.95,1000000
9675,-8.81,51.95,1000000
9676,-8.68,51.95,1000000
9677,-8.56,51.95,1000000
9678,-8.43,51.95,1000000
9679,-8.31,51.95,1000000
9680,-8.18,51.95,1000000
9681,-8.06,51.95,1000000
9682,-7.93,51.95,1000000
9683,-7.81,51.95,1000000
9684,-7.68,51.95,0.07
9685,-7.56,51.95,0.06
9686,-7.43,51.95,0.03
9687,-7.31,51.95,0.03
9688,-7.18,51.95,0.03
9689,-7.06,51.95,0.05
9690,-6.93,51.95,0.09
9691,-6.81,51.95,0.14
9692,-6.68,51.95,0.23
9693,-6.56,51.95,0.39
9694,-6.43,51.95,0.59
9695,-6.31,51.95,0.71
9696,-6.18,51.95,0.76
9697,-6.06,51.95,0.96
9698,-5.93,51.95,1.13
9699,-5.81,51.95,1.29
9700,-5.68,51.95,1.47
9701,-5.56,51.95,1.75
9702,-5.43,51.95,2.49
9703,-5.31,51.95,3
9704,-5.18,51.95,2.94
9705,-5.06,51.95,1000000
9706,-4.93,51.95,1000000
9707,-4.81,51.95,1000000
9708,-4.68,51.95,1000000
9709,-4.56,51.95,1000000
9710,-4.43,51.95,1000000
9711,-4.31,51.95,1000000
9712,-4.18,51.95,1000000
9713,-4.06,51.95,1000000
9714,-3.93,51.95,1000000
9715,-3.81,51.95,1000000
9716,-3.68,51.95,1000000
9717,-3.56,51.95,1000000
9718,-3.43,51.95,1000000
9719,-3.31,51.95,1000000
9720,-3.18,51.95,1000000
9721,-3.06,51.95,1000000
9722,-2.93,51.95,1000000
9723,-2.81,51.95,1000000
9724,-2.68,51.95,1000000
9725,-2.56,51.95,1000000
9726,-2.43,51.95,1000000
9727,-2.31,51.95,1000000
9728,-2.18,51.95,1000000
9729,-2.06,51.95,1000000
9730,-1.93,51.95,1000000
9731,-1.81,51.95,1000000
9732,-1.68,51.95,1000000
9733,-1.56,51.95,1000000
9734,-1.43,51.95,1000000
9735,-1.31,51.95,1000000
9736,-1.18,51.95,1000000
9737,-1.06,51.95,1000000
9738,-0.93,51.95,1000000
9739,-0.81,51.95,1000000
9740,-0.68,51.95,1000000
9741,-0.56,51.95,1000000
9742,-0.43,51.95,1000000
9743,-0.31,51.95,1000000
9744,-0.18,51.95,1000000
9745,-0.06,51.95,1000000
9746,0.06,51.95,1000000
9747,0.18,51.95,1000000
9748,0.31,51.95,1000000
9749,0.43,51.95,1000000
9750,0.56,51.95,1000000
9751,0.68,51.95,1000000
9752,0.81,51.95,1000000
9753,0.93,51.95,1000000
9754,1.06,51.95,1000000
9755,1.18,51.95,1000000
9756,1.31,51.95,0.74
9757,1.43,51.95,1.15
9758,1.56,51.95,2.01
9759,1.68,51.95,2.39
9760,1.81,51.95,2.35
9761,1.93,51.95,2.06
9762,2.06,51.95,1.91
9763,2.18,51.95,1.79
9764,2.31,51.95,1.67
9765,2.43,51.95,1.57
9766,2.56,51.95,1.51
9767,2.68,51.95,1.44
9768,2.81,51.95,1.35
9769,2.93,51.95,1.3
9770,3.06,51.95,1.29
9771,3.18,51.95,1.31
9772,3.31,51.95,1.27
9773,3.43,51.95,1.23
9774,3.56,51.95,1.2
9775,3.68,51.95,1.18
9776,3.81,51.95,1.03
9777,3.93,51.95,0.78
9778,4.06,51.95,0.5
9779,4.18,51.95,1000000
9780,4.31,51.95,1000000
9781,4.43,51.95,1000000
9782,4.56,51.95,1000000
9783,4.68,51.95,1000000
9784,4.81,51.95,1000000
9785,4.93,51.95,1000000
9786,5.06,51.95,1000000
9787,5.18,51.95,1000000
9788,5.31,51.95,1000000
9789,5.43,51.95,1000000
9790,5.56,51.95,1000000
9791,5.68,51.95,1000000
9792,5.81,51.95,1000000
9793,5.93,51.95,1000000
9794,6.06,51.95,1000000
9795,6.18,51.95,1000000
9796,6.31,51.95,1000000
9797,6.43,51.95,1000000
9798,6.56,51.95,1000000
9799,6.68,51.95,1000000
9800,6.81,51.95,1000000
9801,6.93,51.95,1000000
9802,7.06,51.95,1000000
9803,7.18,51.95,1000000
9804,7.31,51.95,1000000
9805,7.43,51.95,1000000
9806,7.56,51.95,1000000
9807,7.68,51.95,1000000
9808,7.81,51.95,1000000
9809,7.93,51.95,1000000
9810,8.06,51.95,1000000
9811,8.18,51.95,1000000
9812,8.31,51.95,1000000
9813,8.43,51.95,1000000
9814,8.56,51.95,1000000
9815,8.68,51.95,1000000
9816,8.81,51.95,1000000
9817,8.93,51.95,1000000
9818,9.06,51.95,1000000
9819,9.18,51.95,1000000
9820,9.31,51.95,1000000
9821,9.43,51.95,1000000
9822,9.56,51.95,1000000
9823,9.68,51.95,1000000
9824,9.81,51.95,1000000
9825,9.93,51.95,1000000
9826,10.06,51.95,1000000
9827,10.18,51.95,1000000
9828,10.31,51.95,1000000
9829,10.43,51.95,1000000
9830,10.56,51.95,1000000
9831,10.68,51.95,1000000
9832,10.81,51.95,1000000
9833,10.93,51.95,1000000
9834,11.06,51.95,1000000
9835,11.18,51.95,1000000
9836,11.31,51.95,1000000
9837,11.43,51.95,1000000
9838,11.56,51.95,1000000
9839,11.68,51.95,1000000
9840,11.81,51.95,1000000
9841,11.93,51.95,1000000
9842,12.06,51.95,1000000
9843,12.18,51.95,1000000
9844,12.31,51.95,1000000
9845,12.43,51.95,1000000
9846,12.56,51.95,1000000
9847,12.68,51.95,1000000
9848,12.81,51.95,1000000
9849,12.93,51.95,1000000
9850,-12.06,52.04,1000000
9851,-11.93,52.04,1000000
9852,-11.81,52.04,0.01
9853,-11.68,52.04,0.02
9854,-11.56,52.04,0.03
9855,-11.43,52.04,0.04
9856,-11.31,52.04,0.05
9857,-11.18,52.04,0.06
9858,-11.06,52.04,0.07
9859,-10.93,52.04,0.08
9860,-10.81,52.04,0.09
9861,-10.68,52.04,0.13
9862,-10.56,52.04,0.19
9863,-10.43,52.04,0.04
9864,-10.31,52.04,0.04
9865,-10.18,52.04,0.03
9866,-10.06,52.04,1000000
9867,-9.93,52.04,1000000
9868,-9.81,52.04,1000000
9869,-9.68,52.04,1000000
9870,-9.56,52.04,1000000
9871,-9.43,52.04,1000000
9872,-9.31,52.04,1000000
9873,-9.18,52.04,1000000
9874,-9.06,52.04,1000000
9875,-8.93,52.04,1000000
9876,-8.81,52.04,1000000
9877,-8.68,52.04,1000000
9878,-8.56,52.04,1000000
9879,-8.43,52.04,1000000
9880,-8.31,52.04,1000000
9881,-8.18,52.04,1000000
9882,-8.06,52.04,1000000
9883,-7.93,52.04,1000000
9884,-7.81,52.04,1000000
9885,-7.68,52.04,1000000
9886,-7.56,52.04,0.03
9887,-7.43,52.04,0.01
9888,-7.31,52.04,0.01
9889,-7.18,52.04,0.02
9890,-7.06,52.04,0.05
9891,-6.93,52.04,0.1
9892,-6.81,52.04,0.16
9893,-6.68,52.04,0.29
9894,-6.56,52.04,0.54
9895,-6.43,52.04,0.83
9896,-6.31,52.04,0.9
9897,-6.18,52.04,0.99
9898,-6.06,52.04,1.2
9899,-5.93,52.04,1.33
9900,-5.81,52.04,1.45
9901,-5.68,52.04,1.66
9902,-5.56,52.04,1.96
9903,-5.43,52.04,2.35
9904,-5.31,52.04,2.94
9905,-5.18,52.04,2.65
9906,-5.06,52.04,1.41
9907,-4.93,52.04,1.05
9908,-4.81,52.04,1000000
9909,-4.68,52.04,1000000
9910,-4.56,52.04,1000000
9911,-4.43,52.04,1000000
9912,-4.31,52.04,1000000
9913,-4.18,52.04,1000000
9914,-4.06,52.04,1000000
9915,-3.93,52.04,1000000
9916,-3.81,52.04,1000000
9917,-3.68,52.04,1000000
9918,-3.56,52.04,1000000
9919,-3.43,52.04,1000000
9920,-3.31,52.04,1000000
9921,-3.18,52.04,1000000
9922,-3.06,52.04,1000000
9923,-2.93,52.04,1000000
9924,-2.81,52.04,1000000
9925,-2.68,52.04,1000000
9926,-2.56,52.04,1000000
9927,-2.43,52.04,1000000
9928,-2.31,52.04,1000000
9929,-2.18,52.04,1000000
9930,-2.06,52.04,1000000
9931,-1.93,52.04,1000000
9932,-1.81,52.04,1000000
9933,-1.68,52.04,1000000
9934,-1.56,52.04,1000000
9935,-1.43,52.04,1000000
9936,-1.31,52.04,1000000
9937,-1.18,52.04,1000000
9938,-1.06,52.04,1000000
9939,-0.93,52.04,1000000
9940,-0.81,52.04,1000000
9941,-0.68,52.04,1000000
9942,-0.56,52.04,1000000
9943,-0.43,52.04,1000000
9944,-0.31,52.04,1000000
9945,-0.18,52.04,1000000
9946,-0.06,52.04,1000000
9947,0.06,52.04,1000000
9948,0.18,52.04,1000000
9949,0.31,52.04,1000000
9950,0.43,52.04,1000000
9951,0.56,52.04,1000000
9952,0.68,52.04,1000000
9953,0.81,52.04,1000000
9954,0.93,52.04,1000000
9955,1.06,52.04,1000000
9956,1.18,52.04,1000000
9957,1.31,52.04,1000000
9958,1.43,52.04,1000000
9959,1.56,52.04,1.98
9960,1.68,52.04,2.68
9961,1.81,52.04,2.37
9962,1.93,52.04,1.98
9963,2.06,52.04,1.87
9964,2.18,52.04,1.81
9965,2.31,52.04,1.7
9966,2.43,52.04,1.62
9967,2.56,52.04,1.54
9968,2.68,52.04,1.44
9969,2.81,52.04,1.36
9970,2.93,52.04,1.31
9971,3.06,52.04,1.32
9972,3.18,52.04,1.33
9973,3.31,52.04,1.26
9974,3.43,52.04,1.2
9975,3.56,52.04,1.17
9976,3.68,52.04,1.13
9977,3.81,52.04,1.07
9978,3.93,52.04,0.99
9979,4.06,52.04,0.93
9980,4.18,52.04,1000000
9981,4.31,52.04,1000000
9982,4.43,52.04,1000000
9983,4.56,52.04,1000000
9984,4.68,52.04,1000000
9985,4.81,52.04,1000000
9986,4.93,52.04,1000000
9987,5.06,52.04,1000000
9988,5.18,52.04,1000000
9989,5.31,52.04,1000000
9990,5.43,52.04,1000000
9991,5.56,52.04,1000000
9992,5.68,52.04,1000000
9993,5.81,52.04,1000000
9994,5.93,52.04,1000000
9995,6.06,52.04,1000000
9996,6.18,52.04,1000000
9997,6.31,52.04,1000000
9998,6.43,52.04,1000000
9999,6.56,52.04,1000000
10000,6.68,52.04,1000000
10001,6.81,52.04,1000000
10002,6.93,52.04,1000000
10003,7.06,52.04,1000000
10004,7.18,52.04,1000000
10005,7.31,52.04,1000000
10006,7.43,52.04,1000000
10007,7.56,52.04,1000000
10008,7.68,52.04,1000000
10009,7.81,52.04,1000000
10010,7.93,52.04,1000000
10011,8.06,52.04,1000000
10012,8.18,52.04,1000000
10013,8.31,52.04,1000000
10014,8.43,52.04,1000000
10015,8.56,52.04,1000000
10016,8.68,52.04,1000000
10017,8.81,52.04,1000000
10018,8.93,52.04,1000000
10019,9.06,52.04,1000000
10020,9.18,52.04,1000000
10021,9.31,52.04,1000000
10022,9.43,52.04,1000000
10023,9.56,52.04,1000000
10024,9.68,52.04,1000000
10025,9.81,52.04,1000000
10026,9.93,52.04,1000000
10027,10.06,52.04,1000000
10028,10.18,52.04,1000000
10029,10.31,52.04,1000000
10030,10.43,52.04,1000000
10031,10.56,52.04,1000000
10032,10.68,52.04,1000000
10033,10.81,52.04,1000000
10034,10.93,52.04,1000000
10035,11.06,52.04,1000000
10036,11.18,52.04,1000000
10037,11.31,52.04,1000000
10038,11.43,52.04,1000000
10039,11.56,52.04,1000000
10040,11.68,52.04,1000000
10041,11.81,52.04,1000000
10042,11.93,52.04,1000000
10043,12.06,52.04,1000000
10044,12.18,52.04,1000000
10045,12.31,52.04,1000000
10046,12.43,52.04,1000000
10047,12.56,52.04,1000000
10048,12.68,52.04,1000000
10049,12.81,52.04,1000000
10050,12.93,52.04,1000000
10051,-12.06,52.12,1000000
10052,-11.93,52.12,1000000
10053,-11.81,52.12,0.03
10054,-11.68,52.12,0.04
10055,-11.56,52.12,0.04
10056,-11.43,52.12,0.05
10057,-11.31,52.12,0.06
10058,-11.18,52.12,0.07
10059,-11.06,52.12,0.08
10060,-10.93,52.12,0.09
10061,-10.81,52.12,0.11
10062,-10.68,52.12,0.17
10063,-10.56,52.12,0.28
10064,-10.43,52.12,1000000
10065,-10.31,52.12,0.03
10066,-10.18,52.12,0.05
10067,-10.06,52.12,0.05
10068,-9.93,52.12,0.05
10069,-9.81,52.12,1000000
10070,-9.68,52.12,1000000
10071,-9.56,52.12,1000000
10072,-9.43,52.12,1000000
10073,-9.31,52.12,1000000
10074,-9.18,52.12,1000000
10075,-9.06,52.12,1000000
10076,-8.93,52.12,1000000
10077,-8.81,52.12,1000000
10078,-8.68,52.12,1000000
10079,-8.56,52.12,1000000
10080,-8.43,52.12,1000000
10081,-8.31,52.12,1000000
10082,-8.18,52.12,1000000
10083,-8.06,52.12,1000000
10084,-7.93,52.12,1000000
10085,-7.81,52.12,1000000
10086,-7.68,52.12,1000000
10087,-7.56,52.12,1000000
10088,-7.43,52.12,8.19E-03
10089,-7.31,52.12,7.13E-03
10090,-7.18,52.12,0.02
10091,-7.06,52.12,0.06
10092,-6.93,52.12,0.12
10093,-6.81,52.12,0.13
10094,-6.68,52.12,0.36
10095,-6.56,52.12,0.83
10096,-6.43,52.12,1.14
10097,-6.31,52.12,1.43
10098,-6.18,52.12,1.69
10099,-6.06,52.12,1.68
10100,-5.93,52.12,1.61
10101,-5.81,52.12,1.66
10102,-5.68,52.12,1.79
10103,-5.56,52.12,1.91
10104,-5.43,52.12,2
10105,-5.31,52.12,1.96
10106,-5.18,52.12,1.64
10107,-5.06,52.12,1.27
10108,-4.93,52.12,0.99
10109,-4.81,52.12,0.97
10110,-4.68,52.12,1000000
10111,-4.56,52.12,1000000
10112,-4.43,52.12,1000000
10113,-4.31,52.12,1000000
10114,-4.18,52.12,1000000
10115,-4.06,52.12,1000000
10116,-3.93,52.12,1000000
10117,-3.81,52.12,1000000
10118,-3.68,52.12,1000000
10119,-3.56,52.12,1000000
10120,-3.43,52.12,1000000
10121,-3.31,52.12,1000000
10122,-3.18,52.12,1000000
10123,-3.06,52.12,1000000
10124,-2.93,52.12,1000000
10125,-2.81,52.12,1000000
10126,-2.68,52.12,1000000
10127,-2.56,52.12,1000000
10128,-2.43,52.12,1000000
10129,-2.31,52.12,1000000
10130,-2.18,52.12,1000000
10131,-2.06,52.12,1000000
10132,-1.93,52.12,1000000
10133,-1.81,52.12,1000000
10134,-1.68,52.12,1000000
10135,-1.56,52.12,1000000
10136,-1.43,52.12,1000000
10137,-1.31,52.12,1000000
10138,-1.18,52.12,1000000
10139,-1.06,52.12,1000000
10140,-0.93,52.12,1000000
10141,-0.81,52.12,1000000
10142,-0.68,52.12,1000000
10143,-0.56,52.12,1000000
10144,-0.43,52.12,1000000
10145,-0.31,52.12,1000000
10146,-0.18,52.12,1000000
10147,-0.06,52.12,1000000
10148,0.06,52.12,1000000
10149,0.18,52.12,1000000
10150,0.31,52.12,1000000
10151,0.43,52.12,1000000
10152,0.56,52.12,1000000
10153,0.68,52.12,1000000
10154,0.81,52.12,1000000
10155,0.93,52.12,1000000
10156,1.06,52.12,1000000
10157,1.18,52.12,1000000
10158,1.31,52.12,1000000
10159,1.43,52.12,1000000
10160,1.56,52.12,1000000
10161,1.68,52.12,1.89
10162,1.81,52.12,2.03
10163,1.93,52.12,1.89
10164,2.06,52.12,1.86
10165,2.18,52.12,1.83
10166,2.31,52.12,1.75
10167,2.43,52.12,1.66
10168,2.56,52.12,1.57
10169,2.68,52.12,1.47
10170,2.81,52.12,1.39
10171,2.93,52.12,1.36
10172,3.06,52.12,1.35
10173,3.18,52.12,1.3
10174,3.31,52.12,1.24
10175,3.43,52.12,1.19
10176,3.56,52.12,1.14
10177,3.68,52.12,1.12
10178,3.81,52.12,1.13
10179,3.93,52.12,1.19
10180,4.06,52.12,1.29
10181,4.18,52.12,1.06
10182,4.31,52.12,1000000
10183,4.43,52.12,1000000
10184,4.56,52.12,1000000
10185,4.68,52.12,1000000
10186,4.81,52.12,1000000
10187,4.93,52.12,1000000
10188,5.06,52.12,1000000
10189,5.18,52.12,1000000
10190,5.31,52.12,1000000
10191,5.43,52.12,1000000
10192,5.56,52.12,1000000
10193,5.68,52.12,1000000
10194,5.81,52.12,1000000
10195,5.93,52.12,1000000
10196,6.06,52.12,1000000
10197,6.18,52.12,1000000
10198,6.31,52.12,1000000
10199,6.43,52.12,1000000
10200,6.56,52.12,1000000
10201,6.68,52.12,1000000
10202,6.81,52.12,1000000
10203,6.93,52.12,1000000
10204,7.06,52.12,1000000
10205,7.18,52.12,1000000
10206,7.31,52.12,1000000
10207,7.43,52.12,1000000
10208,7.56,52.12,1000000
10209,7.68,52.12,1000000
10210,7.81,52.12,1000000
10211,7.93,52.12,1000000
10212,8.06,52.12,1000000
10213,8.18,52.12,1000000
10214,8.31,52.12,1000000
10215,8.43,52.12,1000000
10216,8.56,52.12,1000000
10217,8.68,52.12,1000000
10218,8.81,52.12,1000000
10219,8.93,52.12,1000000
10220,9.06,52.12,1000000
10221,9.18,52.12,1000000
10222,9.31,52.12,1000000
10223,9.43,52.12,1000000
10224,9.56,52.12,1000000
10225,9.68,52.12,1000000
10226,9.81,52.12,1000000
10227,9.93,52.12,1000000
10228,10.06,52.12,1000000
10229,10.18,52.12,1000000
10230,10.31,52.12,1000000
10231,10.43,52.12,1000000
10232,10.56,52.12,1000000
10233,10.68,52.12,1000000
10234,10.81,52.12,1000000
10235,10.93,52.12,1000000
10236,11.06,52.12,1000000
10237,11.18,52.12,1000000
10238,11.31,52.12,1000000
10239,11.43,52.12,1000000
10240,11.56,52.12,1000000
10241,11.68,52.12,1000000
10242,11.81,52.12,1000000
10243,11.93,52.12,1000000
10244,12.06,52.12,1000000
10245,12.18,52.12,1000000
10246,12.31,52.12,1000000
10247,12.43,52.12,1000000
10248,12.56,52.12,1000000
10249,12.68,52.12,1000000
10250,12.81,52.12,1000000
10251,12.93,52.12,1000000
10252,-12.06,52.2,1000000
10253,-11.93,52.2,1000000
10254,-11.81,52.2,0.04
10255,-11.68,52.2,0.05
10256,-11.56,52.2,0.05
10257,-11.43,52.2,0.06
10258,-11.31,52.2,0.07
10259,-11.18,52.2,0.08
10260,-11.06,52.2,0.09
10261,-10.93,52.2,0.1
10262,-10.81,52.2,0.12
10263,-10.68,52.2,0.16
10264,-10.56,52.2,0.21
10265,-10.43,52.2,0.16
10266,-10.31,52.2,1000000
10267,-10.18,52.2,1000000
10268,-10.06,52.2,1000000
10269,-9.93,52.2,1000000
10270,-9.81,52.2,1000000
10271,-9.68,52.2,1000000
10272,-9.56,52.2,1000000
10273,-9.43,52.2,1000000
10274,-9.31,52.2,1000000
10275,-9.18,52.2,1000000
10276,-9.06,52.2,1000000
10277,-8.93,52.2,1000000
10278,-8.81,52.2,1000000
10279,-8.68,52.2,1000000
10280,-8.56,52.2,1000000
10281,-8.43,52.2,1000000
10282,-8.31,52.2,1000000
10283,-8.18,52.2,1000000
10284,-8.06,52.2,1000000
10285,-7.93,52.2,1000000
10286,-7.81,52.2,1000000
10287,-7.68,52.2,1000000
10288,-7.56,52.2,1000000
10289,-7.43,52.2,1000000
10290,-7.31,52.2,1000000
10291,-7.18,52.2,1000000
10292,-7.06,52.2,1000000
10293,-6.93,52.2,1000000
10294,-6.81,52.2,0.03
10295,-6.68,52.2,0.08
10296,-6.56,52.2,1000000
10297,-6.43,52.2,1000000
10298,-6.31,52.2,2.18
10299,-6.18,52.2,2.52
10300,-6.06,52.2,2.1
10301,-5.93,52.2,1.84
10302,-5.81,52.2,1.77
10303,-5.68,52.2,1.73
10304,-5.56,52.2,1.77
10305,-5.43,52.2,1.79
10306,-5.31,52.2,1.68
10307,-5.18,52.2,1.54
10308,-5.06,52.2,1.29
10309,-4.93,52.2,1.11
10310,-4.81,52.2,1.16
10311,-4.68,52.2,0.65
10312,-4.56,52.2,0.3
10313,-4.43,52.2,0.26
10314,-4.31,52.2,1000000
10315,-4.18,52.2,1000000
10316,-4.06,52.2,1000000
10317,-3.93,52.2,1000000
10318,-3.81,52.2,1000000
10319,-3.68,52.2,1000000
10320,-3.56,52.2,1000000
10321,-3.43,52.2,1000000
10322,-3.31,52.2,1000000
10323,-3.18,52.2,1000000
10324,-3.06,52.2,1000000
10325,-2.93,52.2,1000000
10326,-2.81,52.2,1000000
10327,-2.68,52.2,1000000
10328,-2.56,52.2,1000000
10329,-2.43,52.2,1000000
10330,-2.31,52.2,1000000
10331,-2.18,52.2,1000000
10332,-2.06,52.2,1000000
10333,-1.93,52.2,1000000
10334,-1.81,52.2,1000000
10335,-1.68,52.2,1000000
10336,-1.56,52.2,1000000
10337,-1.43,52.2,1000000
10338,-1.31,52.2,1000000
10339,-1.18,52.2,1000000
10340,-1.06,52.2,1000000
10341,-0.93,52.2,1000000
10342,-0.81,52.2,1000000
10343,-0.68,52.2,1000000
10344,-0.56,52.2,1000000
10345,-0.43,52.2,1000000
10346,-0.31,52.2,1000000
10347,-0.18,52.2,1000000
10348,-0.06,52.2,1000000
10349,0.06,52.2,1000000
10350,0.18,52.2,1000000
10351,0.31,52.2,1000000
10352,0.43,52.2,1000000
10353,0.56,52.2,1000000
10354,0.68,52.2,1000000
10355,0.81,52.2,1000000
10356,0.93,52.2,1000000
10357,1.06,52.2,1000000
10358,1.18,52.2,1000000
10359,1.31,52.2,1000000
10360,1.43,52.2,1000000
10361,1.56,52.2,1000000
10362,1.68,52.2,1.2
10363,1.81,52.2,1.89
10364,1.93,52.2,1.93
10365,2.06,52.2,1.92
10366,2.18,52.2,1.91
10367,2.31,52.2,1.84
10368,2.43,52.2,1.73
10369,2.56,52.2,1.61
10370,2.68,52.2,1.49
10371,2.81,52.2,1.39
10372,2.93,52.2,1.33
10373,3.06,52.2,1.26
10374,3.18,52.2,1.2
10375,3.31,52.2,1.17
10376,3.43,52.2,1.14
10377,3.56,52.2,1.12
10378,3.68,52.2,1.13
10379,3.81,52.2,1.14
10380,3.93,52.2,1.15
10381,4.06,52.2,1.14
10382,4.18,52.2,1
10383,4.31,52.2,0.86
10384,4.43,52.2,1000000
10385,4.56,52.2,1000000
10386,4.68,52.2,1000000
10387,4.81,52.2,1000000
10388,4.93,52.2,1000000
10389,5.06,52.2,1000000
10390,5.18,52.2,1000000
10391,5.31,52.2,1000000
10392,5.43,52.2,1000000
10393,5.56,52.2,1000000
10394,5.68,52.2,1000000
10395,5.81,52.2,1000000
10396,5.93,52.2,1000000
10397,6.06,52.2,1000000
10398,6.18,52.2,1000000
10399,6.31,52.2,1000000
10400,6.43,52.2,1000000
10401,6.56,52.2,1000000
10402,6.68,52.2,1000000
10403,6.81,52.2,1000000
10404,6.93,52.2,1000000
10405,7.06,52.2,1000000
10406,7.18,52.2,1000000
10407,7.31,52.2,1000000
10408,7.43,52.2,1000000
10409,7.56,52.2,1000000
10410,7.68,52.2,1000000
10411,7.81,52.2,1000000
10412,7.93,52.2,1000000
10413,8.06,52.2,1000000
10414,8.18,52.2,1000000
10415,8.31,52.2,1000000
10416,8.43,52.2,1000000
10417,8.56,52.2,1000000
10418,8.68,52.2,1000000
10419,8.81,52.2,1000000
10420,8.93,52.2,1000000
10421,9.06,52.2,1000000
10422,9.18,52.2,1000000
10423,9.31,52.2,1000000
10424,9.43,52.2,1000000
10425,9.56,52.2,1000000
10426,9.68,52.2,1000000
10427,9.81,52.2,1000000
10428,9.93,52.2,1000000
10429,10.06,52.2,1000000
10430,10.18,52.2,1000000
10431,10.31,52.2,1000000
10432,10.43,52.2,1000000
10433,10.56,52.2,1000000
10434,10.68,52.2,1000000
10435,10.81,52.2,1000000
10436,10.93,52.2,1000000
10437,11.06,52.2,1000000
10438,11.18,52.2,1000000
10439,11.31,52.2,1000000
10440,11.43,52.2,1000000
10441,11.56,52.2,1000000
10442,11.68,52.2,1000000
10443,11.81,52.2,1000000
10444,11.93,52.2,1000000
10445,12.06,52.2,1000000
10446,12.18,52.2,1000000
10447,12.31,52.2,1000000
10448,12.43,52.2,1000000
10449,12.56,52.2,1000000
10450,12.68,52.2,1000000
10451,12.81,52.2,1000000
10452,12.93,52.2,1000000
10453,-12.06,52.29,1000000
10454,-11.93,52.29,1000000
10455,-11.81,52.29,0.04
10456,-11.68,52.29,0.05
10457,-11.56,52.29,0.06
10458,-11.43,52.29,0.07
10459,-11.31,52.29,0.08
10460,-11.18,52.29,0.08
10461,-11.06,52.29,0.09
10462,-10.93,52.29,0.1
10463,-10.81,52.29,0.12
10464,-10.68,52.29,0.12
10465,-10.56,52.29,0.14
10466,-10.43,52.29,0.17
10467,-10.31,52.29,0.12
10468,-10.18,52.29,0.09
10469,-10.06,52.29,0.07
10470,-9.93,52.29,0.06
10471,-9.81,52.29,1000000
10472,-9.68,52.29,1000000
10473,-9.56,52.29,1000000
10474,-9.43,52.29,1000000
10475,-9.31,52.29,1000000
10476,-9.18,52.29,1000000
10477,-9.06,52.29,1000000
10478,-8.93,52.29,1000000
10479,-8.81,52.29,1000000
10480,-8.68,52.29,1000000
10481,-8.56,52.29,1000000
10482,-8.43,52.29,1000000
10483,-8.31,52.29,1000000
10484,-8.18,52.29,1000000
10485,-8.06,52.29,1000000
10486,-7.93,52.29,1000000
10487,-7.81,52.29,1000000
10488,-7.68,52.29,1000000
10489,-7.56,52.29,1000000
10490,-7.43,52.29,1000000
10491,-7.31,52.29,1000000
10492,-7.18,52.29,1000000
10493,-7.06,52.29,1000000
10494,-6.93,52.29,1000000
10495,-6.81,52.29,1000000
10496,-6.68,52.29,1000000
10497,-6.56,52.29,1000000
10498,-6.43,52.29,1000000
10499,-6.31,52.29,1.35
10500,-6.18,52.29,1.95
10501,-6.06,52.29,1.97
10502,-5.93,52.29,1.88
10503,-5.81,52.29,1.8
10504,-5.68,52.29,1.85
10505,-5.56,52.29,1.94
10506,-5.43,52.29,1.93
10507,-5.31,52.29,1.81
10508,-5.18,52.29,1.64
10509,-5.06,52.29,1.39
10510,-4.93,52.29,1.16
10511,-4.81,52.29,0.82
10512,-4.68,52.29,0.44
10513,-4.56,52.29,0.32
10514,-4.43,52.29,0.33
10515,-4.31,52.29,0.22
10516,-4.18,52.29,0.13
10517,-4.06,52.29,1000000
10518,-3.93,52.29,1000000
10519,-3.81,52.29,1000000
10520,-3.68,52.29,1000000
10521,-3.56,52.29,1000000
10522,-3.43,52.29,1000000
10523,-3.31,52.29,1000000
10524,-3.18,52.29,1000000
10525,-3.06,52.29,1000000
10526,-2.93,52.29,1000000
10527,-2.81,52.29,1000000
10528,-2.68,52.29,1000000
10529,-2.56,52.29,1000000
10530,-2.43,52.29,1000000
10531,-2.31,52.29,1000000
10532,-2.18,52.29,1000000
10533,-2.06,52.29,1000000
10534,-1.93,52.29,1000000
10535,-1.81,52.29,1000000
10536,-1.68,52.29,1000000
10537,-1.56,52.29,1000000
10538,-1.43,52.29,1000000
10539,-1.31,52.29,1000000
10540,-1.18,52.29,1000000
10541,-1.06,52.29,1000000
10542,-0.93,52.29,1000000
10543,-0.81,52.29,1000000
10544,-0.68,52.29,1000000
10545,-0.56,52.29,1000000
10546,-0.43,52.29,1000000
10547,-0.31,52.29,1000000
10548,-0.18,52.29,1000000
10549,-0.06,52.29,1000000
10550,0.06,52.29,1000000
10551,0.18,52.29,1000000
10552,0.31,52.29,1000000
10553,0.43,52.29,1000000
10554,0.56,52.29,1000000
10555,0.68,52.29,1000000
10556,0.81,52.29,1000000
10557,0.93,52.29,1000000
10558,1.06,52.29,1000000
10559,1.18,52.29,1000000
10560,1.31,52.29,1000000
10561,1.43,52.29,1000000
10562,1.56,52.29,1000000
10563,1.68,52.29,1.33
10564,1.81,52.29,2.37
10565,1.93,52.29,2.14
10566,2.06,52.29,2.02
10567,2.18,52.29,1.97
10568,2.31,52.29,1.88
10569,2.43,52.29,1.71
10570,2.56,52.29,1.55
10571,2.68,52.29,1.42
10572,2.81,52.29,1.32
10573,2.93,52.29,1.24
10574,3.06,52.29,1.16
10575,3.18,52.29,1.13
10576,3.31,52.29,1.12
10577,3.43,52.29,1.11
10578,3.56,52.29,1.11
10579,3.68,52.29,1.11
10580,3.81,52.29,1.1
10581,3.93,52.29,1.08
10582,4.06,52.29,1.03
10583,4.18,52.29,0.95
10584,4.31,52.29,0.77
10585,4.43,52.29,0.53
10586,4.56,52.29,1000000
10587,4.68,52.29,1000000
10588,4.81,52.29,1000000
10589,4.93,52.29,1000000
10590,5.06,52.29,1000000
10591,5.18,52.29,1000000
10592,5.31,52.29,1000000
10593,5.43,52.29,1000000
10594,5.56,52.29,1000000
10595,5.68,52.29,1000000
10596,5.81,52.29,1000000
10597,5.93,52.29,1000000
10598,6.06,52.29,1000000
10599,6.18,52.29,1000000
10600,6.31,52.29,1000000
10601,6.43,52.29,1000000
10602,6.56,52.29,1000000
10603,6.68,52.29,1000000
10604,6.81,52.29,1000000
10605,6.93,52.29,1000000
10606,7.06,52.29,1000000
10607,7.18,52.29,1000000
10608,7.31,52.29,1000000
10609,7.43,52.29,1000000
10610,7.56,52.29,1000000
10611,7.68,52.29,1000000
10612,7.81,52.29,1000000
10613,7.93,52.29,1000000
10614,8.06,52.29,1000000
10615,8.18,52.29,1000000
10616,8.31,52.29,1000000
10617,8.43,52.29,1000000
10618,8.56,52.29,1000000
10619,8.68,52.29,1000000
10620,8.81,52.29,1000000
10621,8.93,52.29,1000000
10622,9.06,52.29,1000000
10623,9.18,52.29,1000000
10624,9.31,52.29,1000000
10625,9.43,52.29,1000000
10626,9.56,52.29,1000000
10627,9.68,52.29,1000000
10628,9.81,52.29,1000000
10629,9.93,52.29,1000000
10630,10.06,52.29,1000000
10631,10.18,52.29,1000000
10632,10.31,52.29,1000000
10633,10.43,52.29,1000000
10634,10.56,52.29,1000000
10635,10.68,52.29,1000000
10636,10.81,52.29,1000000
10637,10.93,52.29,1000000
10638,11.06,52.29,1000000
10639,11.18,52.29,1000000
10640,11.31,52.29,1000000
10641,11.43,52.29,1000000
10642,11.56,52.29,1000000
10643,11.68,52.29,1000000
10644,11.81,52.29,1000000
10645,11.93,52.29,1000000
10646,12.06,52.29,1000000
10647,12.18,52.29,1000000
10648,12.31,52.29,1000000
10649,12.43,52.29,1000000
10650,12.56,52.29,1000000
10651,12.68,52.29,1000000
10652,12.81,52.29,1000000
10653,12.93,52.29,1000000
10654,-12.06,52.37,1000000
10655,-11.93,52.37,1000000
10656,-11.81,52.37,0.02
10657,-11.68,52.37,0.05
10658,-11.56,52.37,0.06
10659,-11.43,52.37,0.07
10660,-11.31,52.37,0.08
10661,-11.18,52.37,0.08
10662,-11.06,52.37,0.09
10663,-10.93,52.37,0.1
10664,-10.81,52.37,0.1
10665,-10.68,52.37,0.1
10666,-10.56,52.37,0.11
10667,-10.43,52.37,0.11
10668,-10.31,52.37,0.09
10669,-10.18,52.37,0.07
10670,-10.06,52.37,0.06
10671,-9.93,52.37,0.05
10672,-9.81,52.37,1000000
10673,-9.68,52.37,1000000
10674,-9.56,52.37,1000000
10675,-9.43,52.37,1000000
10676,-9.31,52.37,1000000
10677,-9.18,52.37,1000000
10678,-9.06,52.37,1000000
10679,-8.93,52.37,1000000
10680,-8.81,52.37,1000000
10681,-8.68,52.37,1000000
10682,-8.56,52.37,1000000
10683,-8.43,52.37,1000000
10684,-8.31,52.37,1000000
10685,-8.18,52.37,1000000
10686,-8.06,52.37,1000000
10687,-7.93,52.37,1000000
10688,-7.81,52.37,1000000
10689,-7.68,52.37,1000000
10690,-7.56,52.37,1000000
10691,-7.43,52.37,1000000
10692,-7.31,52.37,1000000
10693,-7.18,52.37,1000000
10694,-7.06,52.37,1000000
10695,-6.93,52.37,1000000
10696,-6.81,52.37,1000000
10697,-6.68,52.37,1000000
10698,-6.56,52.37,1000000
10699,-6.43,52.37,1000000
10700,-6.31,52.37,0.57
10701,-6.18,52.37,1.27
10702,-6.06,52.37,1.61
10703,-5.93,52.37,1.74
10704,-5.81,52.37,1.82
10705,-5.68,52.37,1.98
10706,-5.56,52.37,2
10707,-5.43,52.37,1.95
10708,-5.31,52.37,1.88
10709,-5.18,52.37,1.74
10710,-5.06,52.37,1.45
10711,-4.93,52.37,1.1
10712,-4.81,52.37,0.71
10713,-4.68,52.37,0.41
10714,-4.56,52.37,0.3
10715,-4.43,52.37,0.26
10716,-4.31,52.37,0.19
10717,-4.18,52.37,0.13
10718,-4.06,52.37,1000000
10719,-3.93,52.37,1000000
10720,-3.81,52.37,1000000
10721,-3.68,52.37,1000000
10722,-3.56,52.37,1000000
10723,-3.43,52.37,1000000
10724,-3.31,52.37,1000000
10725,-3.18,52.37,1000000
10726,-3.06,52.37,1000000
10727,-2.93,52.37,1000000
10728,-2.81,52.37,1000000
10729,-2.68,52.37,1000000
10730,-2.56,52.37,1000000
10731,-2.43,52.37,1000000
10732,-2.31,52.37,1000000
10733,-2.18,52.37,1000000
10734,-2.06,52.37,1000000
10735,-1.93,52.37,1000000
10736,-1.81,52.37,1000000
10737,-1.68,52.37,1000000
10738,-1.56,52.37,1000000
10739,-1.43,52.37,1000000
10740,-1.31,52.37,1000000
10741,-1.18,52.37,1000000
10742,-1.06,52.37,1000000
10743,-0.93,52.37,1000000
10744,-0.81,52.37,1000000
10745,-0.68,52.37,1000000
10746,-0.56,52.37,1000000
10747,-0.43,52.37,1000000
10748,-0.31,52.37,1000000
10749,-0.18,52.37,1000000
10750,-0.06,52.37,1000000
10751,0.06,52.37,1000000
10752,0.18,52.37,1000000
10753,0.31,52.37,1000000
10754,0.43,52.37,1000000
10755,0.56,52.37,1000000
10756,0.68,52.37,1000000
10757,0.81,52.37,1000000
10758,0.93,52.37,1000000
10759,1.06,52.37,1000000
10760,1.18,52.37,1000000
10761,1.31,52.37,1000000
10762,1.43,52.37,1000000
10763,1.56,52.37,1000000
10764,1.68,52.37,1000000
10765,1.81,52.37,2.23
10766,1.93,52.37,2.13
10767,2.06,52.37,2
10768,2.18,52.37,1.93
10769,2.31,52.37,1.79
10770,2.43,52.37,1.61
10771,2.56,52.37,1.46
10772,2.68,52.37,1.36
10773,2.81,52.37,1.27
10774,2.93,52.37,1.19
10775,3.06,52.37,1.13
10776,3.18,52.37,1.11
10777,3.31,52.37,1.09
10778,3.43,52.37,1.09
10779,3.56,52.37,1.08
10780,3.68,52.37,1.05
10781,3.81,52.37,1.01
10782,3.93,52.37,0.98
10783,4.06,52.37,0.94
10784,4.18,52.37,0.86
10785,4.31,52.37,0.69
10786,4.43,52.37,0.52
10787,4.56,52.37,1000000
10788,4.68,52.37,1000000
10789,4.81,52.37,1000000
10790,4.93,52.37,1000000
10791,5.06,52.37,1000000
10792,5.18,52.37,1000000
10793,5.31,52.37,1000000
10794,5.43,52.37,1000000
10795,5.56,52.37,1000000
10796,5.68,52.37,1000000
10797,5.81,52.37,1000000
10798,5.93,52.37,1000000
10799,6.06,52.37,1000000
10800,6.18,52.37,1000000
10801,6.31,52.37,1000000
10802,6.43,52.37,1000000
10803,6.56,52.37,1000000
10804,6.68,52.37,1000000
10805,6.81,52.37,1000000
10806,6.93,52.37,1000000
10807,7.06,52.37,1000000
10808,7.18,52.37,1000000
10809,7.31,52.37,1000000
10810,7.43,52.37,1000000
10811,7.56,52.37,1000000
10812,7.68,52.37,1000000
10813,7.81,52.37,1000000
10814,7.93,52.37,1000000
10815,8.06,52.37,1000000
10816,8.18,52.37,1000000
10817,8.31,52.37,1000000
10818,8.43,52.37,1000000
10819,8.56,52.37,1000000
10820,8.68,52.37,1000000
10821,8.81,52.37,1000000
10822,8.93,52.37,1000000
10823,9.06,52.37,1000000
10824,9.18,52.37,1000000
10825,9.31,52.37,1000000
10826,9.43,52.37,1000000
10827,9.56,52.37,1000000
10828,9.68,52.37,1000000
10829,9.81,52.37,1000000
10830,9.93,52.37,1000000
10831,10.06,52.37,1000000
10832,10.18,52.37,1000000
10833,10.31,52.37,1000000
10834,10.43,52.37,1000000
10835,10.56,52.37,1000000
10836,10.68,52.37,1000000
10837,10.81,52.37,1000000
10838,10.93,52.37,1000000
10839,11.06,52.37,1000000
10840,11.18,52.37,1000000
10841,11.31,52.37,1000000
10842,11.43,52.37,1000000
10843,11.56,52.37,1000000
10844,11.68,52.37,1000000
10845,11.81,52.37,1000000
10846,11.93,52.37,1000000
10847,12.06,52.37,1000000
10848,12.18,52.37,1000000
10849,12.31,52.37,1000000
10850,12.43,52.37,1000000
10851,12.56,52.37,1000000
10852,12.68,52.37,1000000
10853,12.81,52.37,1000000
10854,12.93,52.37,1000000
10855,-12.06,52.45,1000000
10856,-11.93,52.45,1000000
10857,-11.81,52.45,0.03
10858,-11.68,52.45,0.04
10859,-11.56,52.45,0.05
10860,-11.43,52.45,0.07
10861,-11.31,52.45,0.07
10862,-11.18,52.45,0.08
10863,-11.06,52.45,0.08
10864,-10.93,52.45,0.09
10865,-10.81,52.45,0.09
10866,-10.68,52.45,0.09
10867,-10.56,52.45,0.09
10868,-10.43,52.45,0.09
10869,-10.31,52.45,0.08
10870,-10.18,52.45,0.07
10871,-10.06,52.45,0.07
10872,-9.93,52.45,0.05
10873,-9.81,52.45,0.03
10874,-9.68,52.45,1000000
10875,-9.56,52.45,1000000
10876,-9.43,52.45,1000000
10877,-9.31,52.45,1000000
10878,-9.18,52.45,1000000
10879,-9.06,52.45,1000000
10880,-8.93,52.45,1000000
10881,-8.81,52.45,1000000
10882,-8.68,52.45,1000000
10883,-8.56,52.45,1000000
10884,-8.43,52.45,1000000
10885,-8.31,52.45,1000000
10886,-8.18,52.45,1000000
10887,-8.06,52.45,1000000
10888,-7.93,52.45,1000000
10889,-7.81,52.45,1000000
10890,-7.68,52.45,1000000
10891,-7.56,52.45,1000000
10892,-7.43,52.45,1000000
10893,-7.31,52.45,1000000
10894,-7.18,52.45,1000000
10895,-7.06,52.45,1000000
10896,-6.93,52.45,1000000
10897,-6.81,52.45,1000000
10898,-6.68,52.45,1000000
10899,-6.56,52.45,1000000
10900,-6.43,52.45,1000000
10901,-6.31,52.45,0.52
10902,-6.18,52.45,1.18
10903,-6.06,52.45,1.53
10904,-5.93,52.45,1.73
10905,-5.81,52.45,1.84
10906,-5.68,52.45,1.89
10907,-5.56,52.45,1.84
10908,-5.43,52.45,1.81
10909,-5.31,52.45,1.83
10910,-5.18,52.45,1.56
10911,-5.06,52.45,1.26
10912,-4.93,52.45,1.02
10913,-4.81,52.45,0.77
10914,-4.68,52.45,0.49
10915,-4.56,52.45,0.34
10916,-4.43,52.45,0.26
10917,-4.31,52.45,0.23
10918,-4.18,52.45,0.21
10919,-4.06,52.45,1000000
10920,-3.93,52.45,1000000
10921,-3.81,52.45,1000000
10922,-3.68,52.45,1000000
10923,-3.56,52.45,1000000
10924,-3.43,52.45,1000000
10925,-3.31,52.45,1000000
10926,-3.18,52.45,1000000
10927,-3.06,52.45,1000000
10928,-2.93,52.45,1000000
10929,-2.81,52.45,1000000
10930,-2.68,52.45,1000000
10931,-2.56,52.45,1000000
10932,-2.43,52.45,1000000
10933,-2.31,52.45,1000000
10934,-2.18,52.45,1000000
10935,-2.06,52.45,1000000
10936,-1.93,52.45,1000000
10937,-1.81,52.45,1000000
10938,-1.68,52.45,1000000
10939,-1.56,52.45,1000000
10940,-1.43,52.45,1000000
10941,-1.31,52.45,1000000
10942,-1.18,52.45,1000000
10943,-1.06,52.45,1000000
10944,-0.93,52.45,1000000
10945,-0.81,52.45,1000000
10946,-0.68,52.45,1000000
10947,-0.56,52.45,1000000
10948,-0.43,52.45,1000000
10949,-0.31,52.45,1000000
10950,-0.18,52.45,1000000
10951,-0.06,52.45,1000000
10952,0.06,52.45,1000000
10953,0.18,52.45,1000000
10954,0.31,52.45,1000000
10955,0.43,52.45,1000000
10956,0.56,52.45,1000000
10957,0.68,52.45,1000000
10958,0.81,52.45,1000000
10959,0.93,52.45,1000000
10960,1.06,52.45,1000000
10961,1.18,52.45,1000000
10962,1.31,52.45,1000000
10963,1.43,52.45,1000000
10964,1.56,52.45,1000000
10965,1.68,52.45,1000000
10966,1.81,52.45,2.21
10967,1.93,52.45,2.18
10968,2.06,52.45,2
10969,2.18,52.45,1.84
10970,2.31,52.45,1.66
10971,2.43,52.45,1.51
10972,2.56,52.45,1.42
10973,2.68,52.45,1.34
10974,2.81,52.45,1.25
10975,2.93,52.45,1.18
10976,3.06,52.45,1.12
10977,3.18,52.45,1.08
10978,3.31,52.45,1.06
10979,3.43,52.45,1.05
10980,3.56,52.45,1.02
10981,3.68,52.45,0.97
10982,3.81,52.45,0.94
10983,3.93,52.45,0.91
10984,4.06,52.45,0.88
10985,4.18,52.45,0.83
10986,4.31,52.45,0.76
10987,4.43,52.45,0.76
10988,4.56,52.45,0.53
10989,4.68,52.45,1000000
10990,4.81,52.45,1000000
10991,4.93,52.45,1000000
10992,5.06,52.45,1000000
10993,5.18,52.45,1000000
10994,5.31,52.45,1000000
10995,5.43,52.45,1000000
10996,5.56,52.45,1000000
10997,5.68,52.45,1000000
10998,5.81,52.45,1000000
10999,5.93,52.45,1000000
11000,6.06,52.45,1000000
11001,6.18,52.45,1000000
11002,6.31,52.45,1000000
11003,6.43,52.45,1000000
11004,6.56,52.45,1000000
11005,6.68,52.45,1000000
11006,6.81,52.45,1000000
11007,6.93,52.45,1000000
11008,7.06,52.45,1000000
11009,7.18,52.45,1000000
11010,7.31,52.45,1000000
11011,7.43,52.45,1000000
11012,7.56,52.45,1000000
11013,7.68,52.45,1000000
11014,7.81,52.45,1000000
11015,7.93,52.45,1000000
11016,8.06,52.45,1000000
11017,8.18,52.45,1000000
11018,8.31,52.45,1000000
11019,8.43,52.45,1000000
11020,8.56,52.45,1000000
11021,8.68,52.45,1000000
11022,8.81,52.45,1000000
11023,8.93,52.45,1000000
11024,9.06,52.45,1000000
11025,9.18,52.45,1000000
11026,9.31,52.45,1000000
11027,9.43,52.45,1000000
11028,9.56,52.45,1000000
11029,9.68,52.45,1000000
11030,9.81,52.45,1000000
11031,9.93,52.45,1000000
11032,10.06,52.45,1000000
11033,10.18,52.45,1000000
11034,10.31,52.45,1000000
11035,10.43,52.45,1000000
11036,10.56,52.45,1000000
11037,10.68,52.45,1000000
11038,10.81,52.45,1000000
11039,10.93,52.45,1000000
11040,11.06,52.45,1000000
11041,11.18,52.45,1000000
11042,11.31,52.45,1000000
11043,11.43,52.45,1000000
11044,11.56,52.45,1000000
11045,11.68,52.45,1000000
11046,11.81,52.45,1000000
11047,11.93,52.45,1000000
11048,12.06,52.45,1000000
11049,12.18,52.45,1000000
11050,12.31,52.45,1000000
11051,12.43,52.45,1000000
11052,12.56,52.45,1000000
11053,12.68,52.45,1000000
11054,12.81,52.45,1000000
11055,12.93,52.45,1000000
11056,-12.06,52.54,1000000
11057,-11.93,52.54,1000000
11058,-11.81,52.54,0.03
11059,-11.68,52.54,0.04
11060,-11.56,52.54,0.06
11061,-11.43,52.54,0.06
11062,-11.31,52.54,0.07
11063,-11.18,52.54,0.07
11064,-11.06,52.54,0.08
11065,-10.93,52.54,0.07
11066,-10.81,52.54,0.07
11067,-10.68,52.54,0.07
11068,-10.56,52.54,0.07
11069,-10.43,52.54,0.07
11070,-10.31,52.54,0.06
11071,-10.18,52.54,0.06
11072,-10.06,52.54,0.05
11073,-9.93,52.54,0.03
11074,-9.81,52.54,0.02
11075,-9.68,52.54,0.02
11076,-9.56,52.54,1000000
11077,-9.43,52.54,1000000
11078,-9.31,52.54,1000000
11079,-9.18,52.54,1000000
11080,-9.06,52.54,1000000
11081,-8.93,52.54,1000000
11082,-8.81,52.54,1000000
11083,-8.68,52.54,1000000
11084,-8.56,52.54,1000000
11085,-8.43,52.54,1000000
11086,-8.31,52.54,1000000
11087,-8.18,52.54,1000000
11088,-8.06,52.54,1000000
11089,-7.93,52.54,1000000
11090,-7.81,52.54,1000000
11091,-7.68,52.54,1000000
11092,-7.56,52.54,1000000
11093,-7.43,52.54,1000000
11094,-7.31,52.54,1000000
11095,-7.18,52.54,1000000
11096,-7.06,52.54,1000000
11097,-6.93,52.54,1000000
11098,-6.81,52.54,1000000
11099,-6.68,52.54,1000000
11100,-6.56,52.54,1000000
11101,-6.43,52.54,1000000
11102,-6.31,52.54,1000000
11103,-6.18,52.54,1.1
11104,-6.06,52.54,1.63
11105,-5.93,52.54,1.77
11106,-5.81,52.54,1.87
11107,-5.68,52.54,1.87
11108,-5.56,52.54,1.89
11109,-5.43,52.54,1.9
11110,-5.31,52.54,1.68
11111,-5.18,52.54,1.4
11112,-5.06,52.54,1.31
11113,-4.93,52.54,1.24
11114,-4.81,52.54,0.98
11115,-4.68,52.54,0.63
11116,-4.56,52.54,0.42
11117,-4.43,52.54,0.26
11118,-4.31,52.54,0.25
11119,-4.18,52.54,0.24
11120,-4.06,52.54,0.09
11121,-3.93,52.54,1000000
11122,-3.81,52.54,1000000
11123,-3.68,52.54,1000000
11124,-3.56,52.54,1000000
11125,-3.43,52.54,1000000
11126,-3.31,52.54,1000000
11127,-3.18,52.54,1000000
11128,-3.06,52.54,1000000
11129,-2.93,52.54,1000000
11130,-2.81,52.54,1000000
11131,-2.68,52.54,1000000
11132,-2.56,52.54,1000000
11133,-2.43,52.54,1000000
11134,-2.31,52.54,1000000
11135,-2.18,52.54,1000000
11136,-2.06,52.54,1000000
11137,-1.93,52.54,1000000
11138,-1.81,52.54,1000000
11139,-1.68,52.54,1000000
11140,-1.56,52.54,1000000
11141,-1.43,52.54,1000000
11142,-1.31,52.54,1000000
11143,-1.18,52.54,1000000
11144,-1.06,52.54,1000000
11145,-0.93,52.54,1000000
11146,-0.81,52.54,1000000
11147,-0.68,52.54,1000000
11148,-0.56,52.54,1000000
11149,-0.43,52.54,1000000
11150,-0.31,52.54,1000000
11151,-0.18,52.54,1000000
11152,-0.06,52.54,1000000
11153,0.06,52.54,1000000
11154,0.18,52.54,1000000
11155,0.31,52.54,1000000
11156,0.43,52.54,1000000
11157,0.56,52.54,1000000
11158,0.68,52.54,1000000
11159,0.81,52.54,1000000
11160,0.93,52.54,1000000
11161,1.06,52.54,1000000
11162,1.18,52.54,1000000
11163,1.31,52.54,1000000
11164,1.43,52.54,1000000
11165,1.56,52.54,1000000
11166,1.68,52.54,1000000
11167,1.81,52.54,2.63
11168,1.93,52.54,2.52
11169,2.06,52.54,2.12
11170,2.18,52.54,1.75
11171,2.31,52.54,1.53
11172,2.43,52.54,1.45
11173,2.56,52.54,1.4
11174,2.68,52.54,1.3
11175,2.81,52.54,1.21
11176,2.93,52.54,1.15
11177,3.06,52.54,1.09
11178,3.18,52.54,1.06
11179,3.31,52.54,1.03
11180,3.43,52.54,0.99
11181,3.56,52.54,0.95
11182,3.68,52.54,0.9
11183,3.81,52.54,0.87
11184,3.93,52.54,0.85
11185,4.06,52.54,0.83
11186,4.18,52.54,0.81
11187,4.31,52.54,0.77
11188,4.43,52.54,0.73
11189,4.56,52.54,0.49
11190,4.68,52.54,1000000
11191,4.81,52.54,1000000
11192,4.93,52.54,1000000
11193,5.06,52.54,1000000
11194,5.18,52.54,1000000
11195,5.31,52.54,1000000
11196,5.43,52.54,1000000
11197,5.56,52.54,1000000
11198,5.68,52.54,1000000
11199,5.81,52.54,1000000
11200,5.93,52.54,1000000
11201,6.06,52.54,1000000
11202,6.18,52.54,1000000
11203,6.31,52.54,1000000
11204,6.43,52.54,1000000
11205,6.56,52.54,1000000
11206,6.68,52.54,1000000
11207,6.81,52.54,1000000
11208,6.93,52.54,1000000
11209,7.06,52.54,1000000
11210,7.18,52.54,1000000
11211,7.31,52.54,1000000
11212,7.43,52.54,1000000
11213,7.56,52.54,1000000
11214,7.68,52.54,1000000
11215,7.81,52.54,1000000
11216,7.93,52.54,1000000
11217,8.06,52.54,1000000
11218,8.18,52.54,1000000
11219,8.31,52.54,1000000
11220,8.43,52.54,1000000
11221,8.56,52.54,1000000
11222,8.68,52.54,1000000
11223,8.81,52.54,1000000
11224,8.93,52.54,1000000
11225,9.06,52.54,1000000
11226,9.18,52.54,1000000
11227,9.31,52.54,1000000
11228,9.43,52.54,1000000
11229,9.56,52.54,1000000
11230,9.68,52.54,1000000
11231,9.81,52.54,1000000
11232,9.93,52.54,1000000
11233,10.06,52.54,1000000
11234,10.18,52.54,1000000
11235,10.31,52.54,1000000
11236,10.43,52.54,1000000
11237,10.56,52.54,1000000
11238,10.68,52.54,1000000
11239,10.81,52.54,1000000
11240,10.93,52.54,1000000
11241,11.06,52.54,1000000
11242,11.18,52.54,1000000
11243,11.31,52.54,1000000
11244,11.43,52.54,1000000
11245,11.56,52.54,1000000
11246,11.68,52.54,1000000
11247,11.81,52.54,1000000
11248,11.93,52.54,1000000
11249,12.06,52.54,1000000
11250,12.18,52.54,1000000
11251,12.31,52.54,1000000
11252,12.43,52.54,1000000
11253,12.56,52.54,1000000
11254,12.68,52.54,1000000
11255,12.81,52.54,1000000
11256,12.93,52.54,1000000
11257,-12.06,52.62,1000000
11258,-11.93,52.62,1000000
11259,-11.81,52.62,0.05
11260,-11.68,52.62,0.05
11261,-11.56,52.62,0.06
11262,-11.43,52.62,0.06
11263,-11.31,52.62,0.06
11264,-11.18,52.62,0.07
11265,-11.06,52.62,0.07
11266,-10.93,52.62,0.06
11267,-10.81,52.62,0.06
11268,-10.68,52.62,0.06
11269,-10.56,52.62,0.05
11270,-10.43,52.62,0.05
11271,-10.31,52.62,0.05
11272,-10.18,52.62,0.05
11273,-10.06,52.62,0.04
11274,-9.93,52.62,0.04
11275,-9.81,52.62,0.05
11276,-9.68,52.62,1000000
11277,-9.56,52.62,1000000
11278,-9.43,52.62,1000000
11279,-9.31,52.62,1000000
11280,-9.18,52.62,1000000
11281,-9.06,52.62,1000000
11282,-8.93,52.62,1000000
11283,-8.81,52.62,1000000
11284,-8.68,52.62,1000000
11285,-8.56,52.62,1000000
11286,-8.43,52.62,1000000
11287,-8.31,52.62,1000000
11288,-8.18,52.62,1000000
11289,-8.06,52.62,1000000
11290,-7.93,52.62,1000000
11291,-7.81,52.62,1000000
11292,-7.68,52.62,1000000
11293,-7.56,52.62,1000000
11294,-7.43,52.62,1000000
11295,-7.31,52.62,1000000
11296,-7.18,52.62,1000000
11297,-7.06,52.62,1000000
11298,-6.93,52.62,1000000
11299,-6.81,52.62,1000000
11300,-6.68,52.62,1000000
11301,-6.56,52.62,1000000
11302,-6.43,52.62,1000000
11303,-6.31,52.62,1000000
11304,-6.18,52.62,0.76
11305,-6.06,52.62,1.38
11306,-5.93,52.62,1.57
11307,-5.81,52.62,1.91
11308,-5.68,52.62,2.11
11309,-5.56,52.62,2.25
11310,-5.43,52.62,2.27
11311,-5.31,52.62,1.85
11312,-5.18,52.62,1.79
11313,-5.06,52.62,1.66
11314,-4.93,52.62,1.49
11315,-4.81,52.62,1.24
11316,-4.68,52.62,0.73
11317,-4.56,52.62,0.53
11318,-4.43,52.62,0.36
11319,-4.31,52.62,0.23
11320,-4.18,52.62,0.23
11321,-4.06,52.62,1000000
11322,-3.93,52.62,1000000
11323,-3.81,52.62,1000000
11324,-3.68,52.62,1000000
11325,-3.56,52.62,1000000
11326,-3.43,52.62,1000000
11327,-3.31,52.62,1000000
11328,-3.18,52.62,1000000
11329,-3.06,52.62,1000000
11330,-2.93,52.62,1000000
11331,-2.81,52.62,1000000
11332,-2.68,52.62,1000000
11333,-2.56,52.62,1000000
11334,-2.43,52.62,1000000
11335,-2.31,52.62,1000000
11336,-2.18,52.62,1000000
11337,-2.06,52.62,1000000
11338,-1.93,52.62,1000000
11339,-1.81,52.62,1000000
11340,-1.68,52.62,1000000
11341,-1.56,52.62,1000000
11342,-1.43,52.62,1000000
11343,-1.31,52.62,1000000
11344,-1.18,52.62,1000000
11345,-1.06,52.62,1000000
11346,-0.93,52.62,1000000
11347,-0.81,52.62,1000000
11348,-0.68,52.62,1000000
11349,-0.56,52.62,1000000
11350,-0.43,52.62,1000000
11351,-0.31,52.62,1000000
11352,-0.18,52.62,1000000
11353,-0.06,52.62,1000000
11354,0.06,52.62,1000000
11355,0.18,52.62,1000000
11356,0.31,52.62,1000000
11357,0.43,52.62,1000000
11358,0.56,52.62,1000000
11359,0.68,52.62,1000000
11360,0.81,52.62,1000000
11361,0.93,52.62,1000000
11362,1.06,52.62,1000000
11363,1.18,52.62,1000000
11364,1.31,52.62,1000000
11365,1.43,52.62,1000000
11366,1.56,52.62,1000000
11367,1.68,52.62,1000000
11368,1.81,52.62,3
11369,1.93,52.62,3
11370,2.06,52.62,2.6
11371,2.18,52.62,2.03
11372,2.31,52.62,1.63
11373,2.43,52.62,1.46
11374,2.56,52.62,1.34
11375,2.68,52.62,1.25
11376,2.81,52.62,1.18
11377,2.93,52.62,1.12
11378,3.06,52.62,1.07
11379,3.18,52.62,1.03
11380,3.31,52.62,0.98
11381,3.43,52.62,0.92
11382,3.56,52.62,0.88
11383,3.68,52.62,0.85
11384,3.81,52.62,0.82
11385,3.93,52.62,0.81
11386,4.06,52.62,0.79
11387,4.18,52.62,0.78
11388,4.31,52.62,0.76
11389,4.43,52.62,0.7
11390,4.56,52.62,0.55
11391,4.68,52.62,1000000
11392,4.81,52.62,1000000
11393,4.93,52.62,1000000
11394,5.06,52.62,1000000
11395,5.18,52.62,1000000
11396,5.31,52.62,1000000
11397,5.43,52.62,1000000
11398,5.56,52.62,1000000
11399,5.68,52.62,1000000
11400,5.81,52.62,1000000
11401,5.93,52.62,1000000
11402,6.06,52.62,1000000
11403,6.18,52.62,1000000
11404,6.31,52.62,1000000
11405,6.43,52.62,1000000
11406,6.56,52.62,1000000
11407,6.68,52.62,1000000
11408,6.81,52.62,1000000
11409,6.93,52.62,1000000
11410,7.06,52.62,1000000
11411,7.18,52.62,1000000
11412,7.31,52.62,1000000
11413,7.43,52.62,1000000
11414,7.56,52.62,1000000
11415,7.68,52.62,1000000
11416,7.81,52.62,1000000
11417,7.93,52.62,1000000
11418,8.06,52.62,1000000
11419,8.18,52.62,1000000
11420,8.31,52.62,1000000
11421,8.43,52.62,1000000
11422,8.56,52.62,1000000
11423,8.68,52.62,1000000
11424,8.81,52.62,1000000
11425,8.93,52.62,1000000
11426,9.06,52.62,1000000
11427,9.18,52.62,1000000
11428,9.31,52.62,1000000
11429,9.43,52.62,1000000
11430,9.56,52.62,1000000
11431,9.68,52.62,1000000
11432,9.81,52.62,1000000
11433,9.93,52.62,1000000
11434,10.06,52.62,1000000
11435,10.18,52.62,1000000
11436,10.31,52.62,1000000
11437,10.43,52.62,1000000
11438,10.56,52.62,1000000
11439,10.68,52.62,1000000
11440,10.81,52.62,1000000
11441,10.93,52.62,1000000
11442,11.06,52.62,1000000
11443,11.18,52.62,1000000
11444,11.31,52.62,1000000
11445,11.43,52.62,1000000
11446,11.56,52.62,1000000
11447,11.68,52.62,1000000
11448,11.81,52.62,1000000
11449,11.93,52.62,1000000
11450,12.06,52.62,1000000
11451,12.18,52.62,1000000
11452,12.31,52.62,1000000
11453,12.43,52.62,1000000
11454,12.56,52.62,1000000
11455,12.68,52.62,1000000
11456,12.81,52.62,1000000
11457,12.93,52.62,1000000
11458,-12.06,52.7,1000000
11459,-11.93,52.7,1000000
11460,-11.81,52.7,0.06
11461,-11.68,52.7,0.06
11462,-11.56,52.7,0.06
11463,-11.43,52.7,0.06
11464,-11.31,52.7,0.06
11465,-11.18,52.7,0.06
11466,-11.06,52.7,0.06
11467,-10.93,52.7,0.05
11468,-10.81,52.7,0.05
11469,-10.68,52.7,0.05
11470,-10.56,52.7,0.04
11471,-10.43,52.7,0.04
11472,-10.31,52.7,0.04
11473,-10.18,52.7,0.04
11474,-10.06,52.7,0.04
11475,-9.93,52.7,0.04
11476,-9.81,52.7,0.03
11477,-9.68,52.7,0.02
11478,-9.56,52.7,1000000
11479,-9.43,52.7,1000000
11480,-9.31,52.7,1000000
11481,-9.18,52.7,1000000
11482,-9.06,52.7,1000000
11483,-8.93,52.7,1000000
11484,-8.81,52.7,1000000
11485,-8.68,52.7,1000000
11486,-8.56,52.7,1000000
11487,-8.43,52.7,1000000
11488,-8.31,52.7,1000000
11489,-8.18,52.7,1000000
11490,-8.06,52.7,1000000
11491,-7.93,52.7,1000000
11492,-7.81,52.7,1000000
11493,-7.68,52.7,1000000
11494,-7.56,52.7,1000000
11495,-7.43,52.7,1000000
11496,-7.31,52.7,1000000
11497,-7.18,52.7,1000000
11498,-7.06,52.7,1000000
11499,-6.93,52.7,1000000
11500,-6.81,52.7,1000000
11501,-6.68,52.7,1000000
11502,-6.56,52.7,1000000
11503,-6.43,52.7,1000000
11504,-6.31,52.7,1000000
11505,-6.18,52.7,0.63
11506,-6.06,52.7,1.13
11507,-5.93,52.7,1.44
11508,-5.81,52.7,2.2
11509,-5.68,52.7,2.47
11510,-5.56,52.7,2.57
11511,-5.43,52.7,2.39
11512,-5.31,52.7,2.41
11513,-5.18,52.7,2.35
11514,-5.06,52.7,2.05
11515,-4.93,52.7,1.74
11516,-4.81,52.7,1.65
11517,-4.68,52.7,0.88
11518,-4.56,52.7,0.55
11519,-4.43,52.7,0.38
11520,-4.31,52.7,0.21
11521,-4.18,52.7,0.24
11522,-4.06,52.7,1000000
11523,-3.93,52.7,1000000
11524,-3.81,52.7,1000000
11525,-3.68,52.7,1000000
11526,-3.56,52.7,1000000
11527,-3.43,52.7,1000000
11528,-3.31,52.7,1000000
11529,-3.18,52.7,1000000
11530,-3.06,52.7,1000000
11531,-2.93,52.7,1000000
11532,-2.81,52.7,1000000
11533,-2.68,52.7,1000000
11534,-2.56,52.7,1000000
11535,-2.43,52.7,1000000
11536,-2.31,52.7,1000000
11537,-2.18,52.7,1000000
11538,-2.06,52.7,1000000
11539,-1.93,52.7,1000000
11540,-1.81,52.7,1000000
11541,-1.68,52.7,1000000
11542,-1.56,52.7,1000000
11543,-1.43,52.7,1000000
11544,-1.31,52.7,1000000
11545,-1.18,52.7,1000000
11546,-1.06,52.7,1000000
11547,-0.93,52.7,1000000
11548,-0.81,52.7,1000000
11549,-0.68,52.7,1000000
11550,-0.56,52.7,1000000
11551,-0.43,52.7,1000000
11552,-0.31,52.7,1000000
11553,-0.18,52.7,1000000
11554,-0.06,52.7,1000000
11555,0.06,52.7,1000000
11556,0.18,52.7,1000000
11557,0.31,52.7,1000000
11558,0.43,52.7,1000000
11559,0.56,52.7,1000000
11560,0.68,52.7,1000000
11561,0.81,52.7,1000000
11562,0.93,52.7,1000000
11563,1.06,52.7,1000000
11564,1.18,52.7,1000000
11565,1.31,52.7,1000000
11566,1.43,52.7,1000000
11567,1.56,52.7,1000000
11568,1.68,52.7,1000000
11569,1.81,52.7,3
11570,1.93,52.7,3
11571,2.06,52.7,3
11572,2.18,52.7,2.82
11573,2.31,52.7,2.18
11574,2.43,52.7,1.64
11575,2.56,52.7,1.34
11576,2.68,52.7,1.23
11577,2.81,52.7,1.16
11578,2.93,52.7,1.08
11579,3.06,52.7,1
11580,3.18,52.7,0.94
11581,3.31,52.7,0.88
11582,3.43,52.7,0.84
11583,3.56,52.7,0.82
11584,3.68,52.7,0.79
11585,3.81,52.7,0.76
11586,3.93,52.7,0.74
11587,4.06,52.7,0.74
11588,4.18,52.7,0.74
11589,4.31,52.7,0.75
11590,4.43,52.7,0.73
11591,4.56,52.7,0.66
11592,4.68,52.7,1000000
11593,4.81,52.7,1000000
11594,4.93,52.7,1000000
11595,5.06,52.7,1000000
11596,5.18,52.7,1000000
11597,5.31,52.7,1000000
11598,5.43,52.7,1000000
11599,5.56,52.7,1000000
11600,5.68,52.7,1000000
11601,5.81,52.7,1000000
11602,5.93,52.7,1000000
11603,6.06,52.7,1000000
11604,6.18,52.7,1000000
11605,6.31,52.7,1000000
11606,6.43,52.7,1000000
11607,6.56,52.7,1000000
11608,6.68,52.7,1000000
11609,6.81,52.7,1000000
11610,6.93,52.7,1000000
11611,7.06,52.7,1000000
11612,7.18,52.7,1000000
11613,7.31,52.7,1000000
11614,7.43,52.7,1000000
11615,7.56,52.7,1000000
11616,7.68,52.7,1000000
11617,7.81,52.7,1000000
11618,7.93,52.7,1000000
11619,8.06,52.7,1000000
11620,8.18,52.7,1000000
11621,8.31,52.7,1000000
11622,8.43,52.7,1000000
11623,8.56,52.7,1000000
11624,8.68,52.7,1000000
11625,8.81,52.7,1000000
11626,8.93,52.7,1000000
11627,9.06,52.7,1000000
11628,9.18,52.7,1000000
11629,9.31,52.7,1000000
11630,9.43,52.7,1000000
11631,9.56,52.7,1000000
11632,9.68,52.7,1000000
11633,9.81,52.7,1000000
11634,9.93,52.7,1000000
11635,10.06,52.7,1000000
11636,10.18,52.7,1000000
11637,10.31,52.7,1000000
11638,10.43,52.7,1000000
11639,10.56,52.7,1000000
11640,10.68,52.7,1000000
11641,10.81,52.7,1000000
11642,10.93,52.7,1000000
11643,11.06,52.7,1000000
11644,11.18,52.7,1000000
11645,11.31,52.7,1000000
11646,11.43,52.7,1000000
11647,11.56,52.7,1000000
11648,11.68,52.7,1000000
11649,11.81,52.7,1000000
11650,11.93,52.7,1000000
11651,12.06,52.7,1000000
11652,12.18,52.7,1000000
11653,12.31,52.7,1000000
11654,12.43,52.7,1000000
11655,12.56,52.7,1000000
11656,12.68,52.7,1000000
11657,12.81,52.7,1000000
11658,12.93,52.7,1000000
11659,-12.06,52.79,1000000
11660,-11.93,52.79,1000000
11661,-11.81,52.79,0.05
11662,-11.68,52.79,0.06
11663,-11.56,52.79,0.06
11664,-11.43,52.79,0.06
11665,-11.31,52.79,0.06
11666,-11.18,52.79,0.05
11667,-11.06,52.79,0.05
11668,-10.93,52.79,0.04
11669,-10.81,52.79,0.04
11670,-10.68,52.79,0.04
11671,-10.56,52.79,0.04
11672,-10.43,52.79,0.04
11673,-10.31,52.79,0.03
11674,-10.18,52.79,0.03
11675,-10.06,52.79,0.03
11676,-9.93,52.79,0.03
11677,-9.81,52.79,0.02
11678,-9.68,52.79,0.01
11679,-9.56,52.79,0.01
11680,-9.43,52.79,1000000
11681,-9.31,52.79,1000000
11682,-9.18,52.79,1000000
11683,-9.06,52.79,1000000
11684,-8.93,52.79,1000000
11685,-8.81,52.79,1000000
11686,-8.68,52.79,1000000
11687,-8.56,52.79,1000000
11688,-8.43,52.79,1000000
11689,-8.31,52.79,1000000
11690,-8.18,52.79,1000000
11691,-8.06,52.79,1000000
11692,-7.93,52.79,1000000
11693,-7.81,52.79,1000000
11694,-7.68,52.79,1000000
11695,-7.56,52.79,1000000
11696,-7.43,52.79,1000000
11697,-7.31,52.79,1000000
11698,-7.18,52.79,1000000
11699,-7.06,52.79,1000000
11700,-6.93,52.79,1000000
11701,-6.81,52.79,1000000
11702,-6.68,52.79,1000000
11703,-6.56,52.79,1000000
11704,-6.43,52.79,1000000
11705,-6.31,52.79,1000000
11706,-6.18,52.79,1000000
11707,-6.06,52.79,0.94
11708,-5.93,52.79,1.44
11709,-5.81,52.79,3
11710,-5.68,52.79,3
11711,-5.56,52.79,2.74
11712,-5.43,52.79,2.39
11713,-5.31,52.79,2.72
11714,-5.18,52.79,2.63
11715,-5.06,52.79,2.55
11716,-4.93,52.79,2.6
11717,-4.81,52.79,2.83
11718,-4.68,52.79,1.39
11719,-4.56,52.79,0.74
11720,-4.43,52.79,0.63
11721,-4.31,52.79,0.27
11722,-4.18,52.79,0.19
11723,-4.06,52.79,1000000
11724,-3.93,52.79,1000000
11725,-3.81,52.79,1000000
11726,-3.68,52.79,1000000
11727,-3.56,52.79,1000000
11728,-3.43,52.79,1000000
11729,-3.31,52.79,1000000
11730,-3.18,52.79,1000000
11731,-3.06,52.79,1000000
11732,-2.93,52.79,1000000
11733,-2.81,52.79,1000000
11734,-2.68,52.79,1000000
11735,-2.56,52.79,1000000
11736,-2.43,52.79,1000000
11737,-2.31,52.79,1000000
11738,-2.18,52.79,1000000
11739,-2.06,52.79,1000000
11740,-1.93,52.79,1000000
11741,-1.81,52.79,1000000
11742,-1.68,52.79,1000000
11743,-1.56,52.79,1000000
11744,-1.43,52.79,1000000
11745,-1.31,52.79,1000000
11746,-1.18,52.79,1000000
11747,-1.06,52.79,1000000
11748,-0.93,52.79,1000000
11749,-0.81,52.79,1000000
11750,-0.68,52.79,1000000
11751,-0.56,52.79,1000000
11752,-0.43,52.79,1000000
11753,-0.31,52.79,1000000
11754,-0.18,52.79,1000000
11755,-0.06,52.79,1000000
11756,0.06,52.79,1000000
11757,0.18,52.79,1000000
11758,0.31,52.79,0.39
11759,0.43,52.79,1000000
11760,0.56,52.79,1000000
11761,0.68,52.79,1000000
11762,0.81,52.79,1000000
11763,0.93,52.79,1000000
11764,1.06,52.79,1000000
11765,1.18,52.79,1000000
11766,1.31,52.79,1000000
11767,1.43,52.79,1000000
11768,1.56,52.79,1000000
11769,1.68,52.79,3
11770,1.81,52.79,3
11771,1.93,52.79,3
11772,2.06,52.79,3
11773,2.18,52.79,2.84
11774,2.31,52.79,2.39
11775,2.43,52.79,1.84
11776,2.56,52.79,1.44
11777,2.68,52.79,1.23
11778,2.81,52.79,1.09
11779,2.93,52.79,0.99
11780,3.06,52.79,0.9
11781,3.18,52.79,0.83
11782,3.31,52.79,0.78
11783,3.43,52.79,0.76
11784,3.56,52.79,0.73
11785,3.68,52.79,0.7
11786,3.81,52.79,0.67
11787,3.93,52.79,0.66
11788,4.06,52.79,0.66
11789,4.18,52.79,0.67
11790,4.31,52.79,0.69
11791,4.43,52.79,0.72
11792,4.56,52.79,0.77
11793,4.68,52.79,1000000
11794,4.81,52.79,1000000
11795,4.93,52.79,1000000
11796,5.06,52.79,1000000
11797,5.18,52.79,1000000
11798,5.31,52.79,1000000
11799,5.43,52.79,1000000
11800,5.56,52.79,1000000
11801,5.68,52.79,1000000
11802,5.81,52.79,1000000
11803,5.93,52.79,1000000
11804,6.06,52.79,1000000
11805,6.18,52.79,1000000
11806,6.31,52.79,1000000
11807,6.43,52.79,1000000
11808,6.56,52.79,1000000
11809,6.68,52.79,1000000
11810,6.81,52.79,1000000
11811,6.93,52.79,1000000
11812,7.06,52.79,1000000
11813,7.18,52.79,1000000
11814,7.31,52.79,1000000
11815,7.43,52.79,1000000
11816,7.56,52.79,1000000
11817,7.68,52.79,1000000
11818,7.81,52.79,1000000
11819,7.93,52.79,1000000
11820,8.06,52.79,1000000
11821,8.18,52.79,1000000
11822,8.31,52.79,1000000
11823,8.43,52.79,1000000
11824,8.56,52.79,1000000
11825,8.68,52.79,1000000
11826,8.81,52.79,1000000
11827,8.93,52.79,1000000
11828,9.06,52.79,1000000
11829,9.18,52.79,1000000
11830,9.31,52.79,1000000
11831,9.43,52.79,1000000
11832,9.56,52.79,1000000
11833,9.68,52.79,1000000
11834,9.81,52.79,1000000
11835,9.93,52.79,1000000
11836,10.06,52.79,1000000
11837,10.18,52.79,1000000
11838,10.31,52.79,1000000
11839,10.43,52.79,1000000
11840,10.56,52.79,1000000
11841,10.68,52.79,1000000
11842,10.81,52.79,1000000
11843,10.93,52.79,1000000
11844,11.06,52.79,1000000
11845,11.18,52.79,1000000
11846,11.31,52.79,1000000
11847,11.43,52.79,1000000
11848,11.56,52.79,1000000
11849,11.68,52.79,1000000
11850,11.81,52.79,1000000
11851,11.93,52.79,1000000
11852,12.06,52.79,1000000
11853,12.18,52.79,1000000
11854,12.31,52.79,1000000
11855,12.43,52.79,1000000
11856,12.56,52.79,1000000
11857,12.68,52.79,1000000
11858,12.81,52.79,1000000
11859,12.93,52.79,1000000
11860,-12.06,52.87,1000000
11861,-11.93,52.87,1000000
11862,-11.81,52.87,0.05
11863,-11.68,52.87,0.06
11864,-11.56,52.87,0.06
11865,-11.43,52.87,0.05
11866,-11.31,52.87,0.05
11867,-11.18,52.87,0.05
11868,-11.06,52.87,0.04
11869,-10.93,52.87,0.04
11870,-10.81,52.87,0.04
11871,-10.68,52.87,0.03
11872,-10.56,52.87,0.03
11873,-10.43,52.87,0.03
11874,-10.31,52.87,0.03
11875,-10.18,52.87,0.02
11876,-10.06,52.87,0.02
11877,-9.93,52.87,0.02
11878,-9.81,52.87,0.01
11879,-9.68,52.87,0.01
11880,-9.56,52.87,9.39E-03
11881,-9.43,52.87,2.79E-03
11882,-9.31,52.87,1000000
11883,-9.18,52.87,1000000
11884,-9.06,52.87,1000000
11885,-8.93,52.87,1000000
11886,-8.81,52.87,1000000
11887,-8.68,52.87,1000000
11888,-8.56,52.87,1000000
11889,-8.43,52.87,1000000
11890,-8.31,52.87,1000000
11891,-8.18,52.87,1000000
11892,-8.06,52.87,1000000
11893,-7.93,52.87,1000000
11894,-7.81,52.87,1000000
11895,-7.68,52.87,1000000
11896,-7.56,52.87,1000000
11897,-7.43,52.87,1000000
11898,-7.31,52.87,1000000
11899,-7.18,52.87,1000000
11900,-7.06,52.87,1000000
11901,-6.93,52.87,1000000
11902,-6.81,52.87,1000000
11903,-6.68,52.87,1000000
11904,-6.56,52.87,1000000
11905,-6.43,52.87,1000000
11906,-6.31,52.87,1000000
11907,-6.18,52.87,1000000
11908,-6.06,52.87,2.2
11909,-5.93,52.87,2.52
11910,-5.81,52.87,3
11911,-5.68,52.87,3
11912,-5.56,52.87,3
11913,-5.43,52.87,2.86
11914,-5.31,52.87,2.6
11915,-5.18,52.87,2.62
11916,-5.06,52.87,2.72
11917,-4.93,52.87,3
11918,-4.81,52.87,3
11919,-4.68,52.87,1000000
11920,-4.56,52.87,1000000
11921,-4.43,52.87,0.42
11922,-4.31,52.87,0.17
11923,-4.18,52.87,0.2
11924,-4.06,52.87,1000000
11925,-3.93,52.87,1000000
11926,-3.81,52.87,1000000
11927,-3.68,52.87,1000000
11928,-3.56,52.87,1000000
11929,-3.43,52.87,1000000
11930,-3.31,52.87,1000000
11931,-3.18,52.87,1000000
11932,-3.06,52.87,1000000
11933,-2.93,52.87,1000000
11934,-2.81,52.87,1000000
11935,-2.68,52.87,1000000
11936,-2.56,52.87,1000000
11937,-2.43,52.87,1000000
11938,-2.31,52.87,1000000
11939,-2.18,52.87,1000000
11940,-2.06,52.87,1000000
11941,-1.93,52.87,1000000
11942,-1.81,52.87,1000000
11943,-1.68,52.87,1000000
11944,-1.56,52.87,1000000
11945,-1.43,52.87,1000000
11946,-1.31,52.87,1000000
11947,-1.18,52.87,1000000
11948,-1.06,52.87,1000000
11949,-0.93,52.87,1000000
11950,-0.81,52.87,1000000
11951,-0.68,52.87,1000000
11952,-0.56,52.87,1000000
11953,-0.43,52.87,1000000
11954,-0.31,52.87,1000000
11955,-0.18,52.87,1000000
11956,-0.06,52.87,1000000
11957,0.06,52.87,1000000
11958,0.18,52.87,0.25
11959,0.31,52.87,0.62
11960,0.43,52.87,0.78
11961,0.56,52.87,1000000
11962,0.68,52.87,1000000
11963,0.81,52.87,1000000
11964,0.93,52.87,1000000
11965,1.06,52.87,1000000
11966,1.18,52.87,1000000
11967,1.31,52.87,1000000
11968,1.43,52.87,1.53
11969,1.56,52.87,2.25
11970,1.68,52.87,3
11971,1.81,52.87,3
11972,1.93,52.87,2.98
11973,2.06,52.87,2.61
11974,2.18,52.87,2.22
11975,2.31,52.87,1.88
11976,2.43,52.87,1.65
11977,2.56,52.87,1.39
11978,2.68,52.87,1.16
11979,2.81,52.87,1
11980,2.93,52.87,0.9
11981,3.06,52.87,0.8
11982,3.18,52.87,0.73
11983,3.31,52.87,0.69
11984,3.43,52.87,0.65
11985,3.56,52.87,0.62
11986,3.68,52.87,0.59
11987,3.81,52.87,0.57
11988,3.93,52.87,0.56
11989,4.06,52.87,0.55
11990,4.18,52.87,0.55
11991,4.31,52.87,0.57
11992,4.43,52.87,0.64
11993,4.56,52.87,0.75
11994,4.68,52.87,0.54
11995,4.81,52.87,1000000
11996,4.93,52.87,1000000
11997,5.06,52.87,1000000
11998,5.18,52.87,1000000
11999,5.31,52.87,1000000
12000,5.43,52.87,1000000
12001,5.56,52.87,1000000
12002,5.68,52.87,1000000
12003,5.81,52.87,1000000
12004,5.93,52.87,1000000
12005,6.06,52.87,1000000
12006,6.18,52.87,1000000
12007,6.31,52.87,1000000
12008,6.43,52.87,1000000
12009,6.56,52.87,1000000
12010,6.68,52.87,1000000
12011,6.81,52.87,1000000
12012,6.93,52.87,1000000
12013,7.06,52.87,1000000
12014,7.18,52.87,1000000
12015,7.31,52.87,1000000
12016,7.43,52.87,1000000
12017,7.56,52.87,1000000
12018,7.68,52.87,1000000
12019,7.81,52.87,1000000
12020,7.93,52.87,1000000
12021,8.06,52.87,1000000
12022,8.18,52.87,1000000
12023,8.31,52.87,1000000
12024,8.43,52.87,1000000
12025,8.56,52.87,1000000
12026,8.68,52.87,1000000
12027,8.81,52.87,1000000
12028,8.93,52.87,1000000
12029,9.06,52.87,1000000
12030,9.18,52.87,1000000
12031,9.31,52.87,1000000
12032,9.43,52.87,1000000
12033,9.56,52.87,1000000
12034,9.68,52.87,1000000
12035,9.81,52.87,1000000
12036,9.93,52.87,1000000
12037,10.06,52.87,1000000
12038,10.18,52.87,1000000
12039,10.31,52.87,1000000
12040,10.43,52.87,1000000
12041,10.56,52.87,1000000
12042,10.68,52.87,1000000
12043,10.81,52.87,1000000
12044,10.93,52.87,1000000
12045,11.06,52.87,1000000
12046,11.18,52.87,1000000
12047,11.31,52.87,1000000
12048,11.43,52.87,1000000
12049,11.56,52.87,1000000
12050,11.68,52.87,1000000
12051,11.81,52.87,1000000
12052,11.93,52.87,1000000
12053,12.06,52.87,1000000
12054,12.18,52.87,1000000
12055,12.31,52.87,1000000
12056,12.43,52.87,1000000
12057,12.56,52.87,1000000
12058,12.68,52.87,1000000
12059,12.81,52.87,1000000
12060,12.93,52.87,1000000
12061,-12.06,52.95,1000000
12062,-11.93,52.95,1000000
12063,-11.81,52.95,0.05
12064,-11.68,52.95,0.06
12065,-11.56,52.95,0.06
12066,-11.43,52.95,0.05
12067,-11.31,52.95,0.05
12068,-11.18,52.95,0.04
12069,-11.06,52.95,0.04
12070,-10.93,52.95,0.04
12071,-10.81,52.95,0.03
12072,-10.68,52.95,0.03
12073,-10.56,52.95,0.03
12074,-10.43,52.95,0.03
12075,-10.31,52.95,0.02
12076,-10.18,52.95,0.02
12077,-10.06,52.95,0.01
12078,-9.93,52.95,0.01
12079,-9.81,52.95,0.01
12080,-9.68,52.95,0.01
12081,-9.56,52.95,0.01
12082,-9.43,52.95,1000000
12083,-9.31,52.95,1000000
12084,-9.18,52.95,1000000
12085,-9.06,52.95,1000000
12086,-8.93,52.95,1000000
12087,-8.81,52.95,1000000
12088,-8.68,52.95,1000000
12089,-8.56,52.95,1000000
12090,-8.43,52.95,1000000
12091,-8.31,52.95,1000000
12092,-8.18,52.95,1000000
12093,-8.06,52.95,1000000
12094,-7.93,52.95,1000000
12095,-7.81,52.95,1000000
12096,-7.68,52.95,1000000
12097,-7.56,52.95,1000000
12098,-7.43,52.95,1000000
12099,-7.31,52.95,1000000
12100,-7.18,52.95,1000000
12101,-7.06,52.95,1000000
12102,-6.93,52.95,1000000
12103,-6.81,52.95,1000000
12104,-6.68,52.95,1000000
12105,-6.56,52.95,1000000
12106,-6.43,52.95,1000000
12107,-6.31,52.95,1000000
12108,-6.18,52.95,1000000
12109,-6.06,52.95,1000000
12110,-5.93,52.95,2.78
12111,-5.81,52.95,3
12112,-5.68,52.95,3
12113,-5.56,52.95,3
12114,-5.43,52.95,3
12115,-5.31,52.95,2.84
12116,-5.18,52.95,2.66
12117,-5.06,52.95,2.59
12118,-4.93,52.95,2.54
12119,-4.81,52.95,2.84
12120,-4.68,52.95,1.02
12121,-4.56,52.95,0.5
12122,-4.43,52.95,1000000
12123,-4.31,52.95,1000000
12124,-4.18,52.95,1000000
12125,-4.06,52.95,1000000
12126,-3.93,52.95,1000000
12127,-3.81,52.95,1000000
12128,-3.68,52.95,1000000
12129,-3.56,52.95,1000000
12130,-3.43,52.95,1000000
12131,-3.31,52.95,1000000
12132,-3.18,52.95,1000000
12133,-3.06,52.95,1000000
12134,-2.93,52.95,1000000
12135,-2.81,52.95,1000000
12136,-2.68,52.95,1000000
12137,-2.56,52.95,1000000
12138,-2.43,52.95,1000000
12139,-2.31,52.95,1000000
12140,-2.18,52.95,1000000
12141,-2.06,52.95,1000000
12142,-1.93,52.95,1000000
12143,-1.81,52.95,1000000
12144,-1.68,52.95,1000000
12145,-1.56,52.95,1000000
12146,-1.43,52.95,1000000
12147,-1.31,52.95,1000000
12148,-1.18,52.95,1000000
12149,-1.06,52.95,1000000
12150,-0.93,52.95,1000000
12151,-0.81,52.95,1000000
12152,-0.68,52.95,1000000
12153,-0.56,52.95,1000000
12154,-0.43,52.95,1000000
12155,-0.31,52.95,1000000
12156,-0.18,52.95,1000000
12157,-0.06,52.95,1000000
12158,0.06,52.95,0.95
12159,0.18,52.95,0.86
12160,0.31,52.95,1.1
12161,0.43,52.95,1.25
12162,0.56,52.95,1.34
12163,0.68,52.95,1000000
12164,0.81,52.95,1000000
12165,0.93,52.95,1000000
12166,1.06,52.95,1.12
12167,1.18,52.95,1.2
12168,1.31,52.95,1.8
12169,1.43,52.95,2
12170,1.56,52.95,2.27
12171,1.68,52.95,2.85
12172,1.81,52.95,2.77
12173,1.93,52.95,2.48
12174,2.06,52.95,2.16
12175,2.18,52.95,1.81
12176,2.31,52.95,1.5
12177,2.43,52.95,1.3
12178,2.56,52.95,1.16
12179,2.68,52.95,1.02
12180,2.81,52.95,0.9
12181,2.93,52.95,0.8
12182,3.06,52.95,0.72
12183,3.18,52.95,0.65
12184,3.31,52.95,0.6
12185,3.43,52.95,0.55
12186,3.56,52.95,0.51
12187,3.68,52.95,0.48
12188,3.81,52.95,0.46
12189,3.93,52.95,0.45
12190,4.06,52.95,0.44
12191,4.18,52.95,0.45
12192,4.31,52.95,0.47
12193,4.43,52.95,0.5
12194,4.56,52.95,0.59
12195,4.68,52.95,0.89
12196,4.81,52.95,1.74
12197,4.93,52.95,1.98
12198,5.06,52.95,0.89
12199,5.18,52.95,1000000
12200,5.31,52.95,1000000
12201,5.43,52.95,1000000
12202,5.56,52.95,1000000
12203,5.68,52.95,1000000
12204,5.81,52.95,1000000
12205,5.93,52.95,1000000
12206,6.06,52.95,1000000
12207,6.18,52.95,1000000
12208,6.31,52.95,1000000
12209,6.43,52.95,1000000
12210,6.56,52.95,1000000
12211,6.68,52.95,1000000
12212,6.81,52.95,1000000
12213,6.93,52.95,1000000
12214,7.06,52.95,1000000
12215,7.18,52.95,1000000
12216,7.31,52.95,1000000
12217,7.43,52.95,1000000
12218,7.56,52.95,1000000
12219,7.68,52.95,1000000
12220,7.81,52.95,1000000
12221,7.93,52.95,1000000
12222,8.06,52.95,1000000
12223,8.18,52.95,1000000
12224,8.31,52.95,1000000
12225,8.43,52.95,1000000
12226,8.56,52.95,1000000
12227,8.68,52.95,1000000
12228,8.81,52.95,1000000
12229,8.93,52.95,1000000
12230,9.06,52.95,1000000
12231,9.18,52.95,1000000
12232,9.31,52.95,1000000
12233,9.43,52.95,1000000
12234,9.56,52.95,1000000
12235,9.68,52.95,1000000
12236,9.81,52.95,1000000
12237,9.93,52.95,1000000
12238,10.06,52.95,1000000
12239,10.18,52.95,1000000
12240,10.31,52.95,1000000
12241,10.43,52.95,1000000
12242,10.56,52.95,1000000
12243,10.68,52.95,1000000
12244,10.81,52.95,1000000
12245,10.93,52.95,1000000
12246,11.06,52.95,1000000
12247,11.18,52.95,1000000
12248,11.31,52.95,1000000
12249,11.43,52.95,1000000
12250,11.56,52.95,1000000
12251,11.68,52.95,1000000
12252,11.81,52.95,1000000
12253,11.93,52.95,1000000
12254,12.06,52.95,1000000
12255,12.18,52.95,1000000
12256,12.31,52.95,1000000
12257,12.43,52.95,1000000
12258,12.56,52.95,1000000
12259,12.68,52.95,1000000
12260,12.81,52.95,1000000
12261,12.93,52.95,1000000
12262,-12.06,53.04,1000000
12263,-11.93,53.04,1000000
12264,-11.81,53.04,0.05
12265,-11.68,53.04,0.06
12266,-11.56,53.04,0.06
12267,-11.43,53.04,0.05
12268,-11.31,53.04,0.05
12269,-11.18,53.04,0.04
12270,-11.06,53.04,0.04
12271,-10.93,53.04,0.04
12272,-10.81,53.04,0.04
12273,-10.68,53.04,0.04
12274,-10.56,53.04,0.03
12275,-10.43,53.04,0.03
12276,-10.31,53.04,0.03
12277,-10.18,53.04,0.03
12278,-10.06,53.04,0.02
12279,-9.93,53.04,0.02
12280,-9.81,53.04,0.02
12281,-9.68,53.04,0.02
12282,-9.56,53.04,0.04
12283,-9.43,53.04,0.05
12284,-9.31,53.04,1000000
12285,-9.18,53.04,1000000
12286,-9.06,53.04,1000000
12287,-8.93,53.04,1000000
12288,-8.81,53.04,1000000
12289,-8.68,53.04,1000000
12290,-8.56,53.04,1000000
12291,-8.43,53.04,1000000
12292,-8.31,53.04,1000000
12293,-8.18,53.04,1000000
12294,-8.06,53.04,1000000
12295,-7.93,53.04,1000000
12296,-7.81,53.04,1000000
12297,-7.68,53.04,1000000
12298,-7.56,53.04,1000000
12299,-7.43,53.04,1000000
12300,-7.31,53.04,1000000
12301,-7.18,53.04,1000000
12302,-7.06,53.04,1000000
12303,-6.93,53.04,1000000
12304,-6.81,53.04,1000000
12305,-6.68,53.04,1000000
12306,-6.56,53.04,1000000
12307,-6.43,53.04,1000000
12308,-6.31,53.04,1000000
12309,-6.18,53.04,1000000
12310,-6.06,53.04,1000000
12311,-5.93,53.04,2.79
12312,-5.81,53.04,2.78
12313,-5.68,53.04,3
12314,-5.56,53.04,3
12315,-5.43,53.04,3
12316,-5.31,53.04,3
12317,-5.18,53.04,2.78
12318,-5.06,53.04,2.49
12319,-4.93,53.04,2.08
12320,-4.81,53.04,1.64
12321,-4.68,53.04,0.85
12322,-4.56,53.04,0.47
12323,-4.43,53.04,0.17
12324,-4.31,53.04,1000000
12325,-4.18,53.04,1000000
12326,-4.06,53.04,1000000
12327,-3.93,53.04,1000000
12328,-3.81,53.04,1000000
12329,-3.68,53.04,1000000
12330,-3.56,53.04,1000000
12331,-3.43,53.04,1000000
12332,-3.31,53.04,1000000
12333,-3.18,53.04,1000000
12334,-3.06,53.04,1000000
12335,-2.93,53.04,1000000
12336,-2.81,53.04,1000000
12337,-2.68,53.04,1000000
12338,-2.56,53.04,1000000
12339,-2.43,53.04,1000000
12340,-2.31,53.04,1000000
12341,-2.18,53.04,1000000
12342,-2.06,53.04,1000000
12343,-1.93,53.04,1000000
12344,-1.81,53.04,1000000
12345,-1.68,53.04,1000000
12346,-1.56,53.04,1000000
12347,-1.43,53.04,1000000
12348,-1.31,53.04,1000000
12349,-1.18,53.04,1000000
12350,-1.06,53.04,1000000
12351,-0.93,53.04,1000000
12352,-0.81,53.04,1000000
12353,-0.68,53.04,1000000
12354,-0.56,53.04,1000000
12355,-0.43,53.04,1000000
12356,-0.31,53.04,1000000
12357,-0.18,53.04,1000000
12358,-0.06,53.04,1000000
12359,0.06,53.04,1000000
12360,0.18,53.04,1000000
12361,0.31,53.04,1.4
12362,0.43,53.04,1.9
12363,0.56,53.04,1.34
12364,0.68,53.04,0.5
12365,0.81,53.04,0.73
12366,0.93,53.04,1.4
12367,1.06,53.04,1.89
12368,1.18,53.04,1.8
12369,1.31,53.04,1.93
12370,1.43,53.04,1.93
12371,1.56,53.04,1.86
12372,1.68,53.04,2.03
12373,1.81,53.04,2.11
12374,1.93,53.04,2.02
12375,2.06,53.04,1.81
12376,2.18,53.04,1.53
12377,2.31,53.04,1.29
12378,2.43,53.04,1.1
12379,2.56,53.04,0.96
12380,2.68,53.04,0.87
12381,2.81,53.04,0.78
12382,2.93,53.04,0.7
12383,3.06,53.04,0.64
12384,3.18,53.04,0.58
12385,3.31,53.04,0.53
12386,3.43,53.04,0.47
12387,3.56,53.04,0.43
12388,3.68,53.04,0.4
12389,3.81,53.04,0.38
12390,3.93,53.04,0.37
12391,4.06,53.04,0.37
12392,4.18,53.04,0.38
12393,4.31,53.04,0.38
12394,4.43,53.04,0.41
12395,4.56,53.04,0.43
12396,4.68,53.04,0.28
12397,4.81,53.04,1000000
12398,4.93,53.04,0.77
12399,5.06,53.04,0.19
12400,5.18,53.04,0.15
12401,5.31,53.04,1000000
12402,5.43,53.04,1000000
12403,5.56,53.04,1000000
12404,5.68,53.04,1000000
12405,5.81,53.04,1000000
12406,5.93,53.04,1000000
12407,6.06,53.04,1000000
12408,6.18,53.04,1000000
12409,6.31,53.04,1000000
12410,6.43,53.04,1000000
12411,6.56,53.04,1000000
12412,6.68,53.04,1000000
12413,6.81,53.04,1000000
12414,6.93,53.04,1000000
12415,7.06,53.04,1000000
12416,7.18,53.04,1000000
12417,7.31,53.04,1000000
12418,7.43,53.04,1000000
12419,7.56,53.04,1000000
12420,7.68,53.04,1000000
12421,7.81,53.04,1000000
12422,7.93,53.04,1000000
12423,8.06,53.04,1000000
12424,8.18,53.04,1000000
12425,8.31,53.04,1000000
12426,8.43,53.04,1000000
12427,8.56,53.04,1000000
12428,8.68,53.04,1000000
12429,8.81,53.04,1000000
12430,8.93,53.04,1000000
12431,9.06,53.04,1000000
12432,9.18,53.04,1000000
12433,9.31,53.04,1000000
12434,9.43,53.04,1000000
12435,9.56,53.04,1000000
12436,9.68,53.04,1000000
12437,9.81,53.04,1000000
12438,9.93,53.04,1000000
12439,10.06,53.04,1000000
12440,10.18,53.04,1000000
12441,10.31,53.04,1000000
12442,10.43,53.04,1000000
12443,10.56,53.04,1000000
12444,10.68,53.04,1000000
12445,10.81,53.04,1000000
12446,10.93,53.04,1000000
12447,11.06,53.04,1000000
12448,11.18,53.04,1000000
12449,11.31,53.04,1000000
12450,11.43,53.04,1000000
12451,11.56,53.04,1000000
12452,11.68,53.04,1000000
12453,11.81,53.04,1000000
12454,11.93,53.04,1000000
12455,12.06,53.04,1000000
12456,12.18,53.04,1000000
12457,12.31,53.04,1000000
12458,12.43,53.04,1000000
12459,12.56,53.04,1000000
12460,12.68,53.04,1000000
12461,12.81,53.04,1000000
12462,12.93,53.04,1000000
12463,-12.06,53.12,1000000
12464,-11.93,53.12,1000000
12465,-11.81,53.12,0.05
12466,-11.68,53.12,0.06
12467,-11.56,53.12,0.06
12468,-11.43,53.12,0.05
12469,-11.31,53.12,0.05
12470,-11.18,53.12,0.05
12471,-11.06,53.12,0.04
12472,-10.93,53.12,0.04
12473,-10.81,53.12,0.04
12474,-10.68,53.12,0.04
12475,-10.56,53.12,0.04
12476,-10.43,53.12,0.04
12477,-10.31,53.12,0.04
12478,-10.18,53.12,0.04
12479,-10.06,53.12,0.04
12480,-9.93,53.12,0.03
12481,-9.81,53.12,0.03
12482,-9.68,53.12,0.04
12483,-9.56,53.12,0.04
12484,-9.43,53.12,0.03
12485,-9.31,53.12,0.03
12486,-9.18,53.12,1000000
12487,-9.06,53.12,1000000
12488,-8.93,53.12,1000000
12489,-8.81,53.12,1000000
12490,-8.68,53.12,1000000
12491,-8.56,53.12,1000000
12492,-8.43,53.12,1000000
12493,-8.31,53.12,1000000
12494,-8.18,53.12,1000000
12495,-8.06,53.12,1000000
12496,-7.93,53.12,1000000
12497,-7.81,53.12,1000000
12498,-7.68,53.12,1000000
12499,-7.56,53.12,1000000
12500,-7.43,53.12,1000000
12501,-7.31,53.12,1000000
12502,-7.18,53.12,1000000
12503,-7.06,53.12,1000000
12504,-6.93,53.12,1000000
12505,-6.81,53.12,1000000
12506,-6.68,53.12,1000000
12507,-6.56,53.12,1000000
12508,-6.43,53.12,1000000
12509,-6.31,53.12,1000000
12510,-6.18,53.12,1000000
12511,-6.06,53.12,1000000
12512,-5.93,53.12,1.56
12513,-5.81,53.12,1.97
12514,-5.68,53.12,2.72
12515,-5.56,53.12,2.74
12516,-5.43,53.12,2.55
12517,-5.31,53.12,2.52
12518,-5.18,53.12,2.46
12519,-5.06,53.12,2.36
12520,-4.93,53.12,2.1
12521,-4.81,53.12,1.79
12522,-4.68,53.12,1.12
12523,-4.56,53.12,0.46
12524,-4.43,53.12,0.08
12525,-4.31,53.12,1000000
12526,-4.18,53.12,1000000
12527,-4.06,53.12,1000000
12528,-3.93,53.12,1000000
12529,-3.81,53.12,1000000
12530,-3.68,53.12,1000000
12531,-3.56,53.12,1000000
12532,-3.43,53.12,1000000
12533,-3.31,53.12,1000000
12534,-3.18,53.12,1000000
12535,-3.06,53.12,1000000
12536,-2.93,53.12,1000000
12537,-2.81,53.12,1000000
12538,-2.68,53.12,1000000
12539,-2.56,53.12,1000000
12540,-2.43,53.12,1000000
12541,-2.31,53.12,1000000
12542,-2.18,53.12,1000000
12543,-2.06,53.12,1000000
12544,-1.93,53.12,1000000
12545,-1.81,53.12,1000000
12546,-1.68,53.12,1000000
12547,-1.56,53.12,1000000
12548,-1.43,53.12,1000000
12549,-1.31,53.12,1000000
12550,-1.18,53.12,1000000
12551,-1.06,53.12,1000000
12552,-0.93,53.12,1000000
12553,-0.81,53.12,1000000
12554,-0.68,53.12,1000000
12555,-0.56,53.12,1000000
12556,-0.43,53.12,1000000
12557,-0.31,53.12,1000000
12558,-0.18,53.12,1000000
12559,-0.06,53.12,1000000
12560,0.06,53.12,1000000
12561,0.18,53.12,1000000
12562,0.31,53.12,1000000
12563,0.43,53.12,1.28
12564,0.56,53.12,0.95
12565,0.68,53.12,0.53
12566,0.81,53.12,0.83
12567,0.93,53.12,1.31
12568,1.06,53.12,1.59
12569,1.18,53.12,1.59
12570,1.31,53.12,1.6
12571,1.43,53.12,1.58
12572,1.56,53.12,1.55
12573,1.68,53.12,1.56
12574,1.81,53.12,1.59
12575,1.93,53.12,1.57
12576,2.06,53.12,1.47
12577,2.18,53.12,1.36
12578,2.31,53.12,1.19
12579,2.43,53.12,0.99
12580,2.56,53.12,0.83
12581,2.68,53.12,0.74
12582,2.81,53.12,0.68
12583,2.93,53.12,0.62
12584,3.06,53.12,0.56
12585,3.18,53.12,0.52
12586,3.31,53.12,0.47
12587,3.43,53.12,0.41
12588,3.56,53.12,0.37
12589,3.68,53.12,0.35
12590,3.81,53.12,0.33
12591,3.93,53.12,0.31
12592,4.06,53.12,0.31
12593,4.18,53.12,0.31
12594,4.31,53.12,0.33
12595,4.43,53.12,0.41
12596,4.56,53.12,0.48
12597,4.68,53.12,0.54
12598,4.81,53.12,1000000
12599,4.93,53.12,1000000
12600,5.06,53.12,0.27
12601,5.18,53.12,0.13
12602,5.31,53.12,0.07
12603,5.43,53.12,1000000
12604,5.56,53.12,1000000
12605,5.68,53.12,1000000
12606,5.81,53.12,1000000
12607,5.93,53.12,1000000
12608,6.06,53.12,1000000
12609,6.18,53.12,1000000
12610,6.31,53.12,1000000
12611,6.43,53.12,1000000
12612,6.56,53.12,1000000
12613,6.68,53.12,1000000
12614,6.81,53.12,1000000
12615,6.93,53.12,1000000
12616,7.06,53.12,1000000
12617,7.18,53.12,1000000
12618,7.31,53.12,1000000
12619,7.43,53.12,1000000
12620,7.56,53.12,1000000
12621,7.68,53.12,1000000
12622,7.81,53.12,1000000
12623,7.93,53.12,1000000
12624,8.06,53.12,1000000
12625,8.18,53.12,1000000
12626,8.31,53.12,1000000
12627,8.43,53.12,1000000
12628,8.56,53.12,1000000
12629,8.68,53.12,1000000
12630,8.81,53.12,1000000
12631,8.93,53.12,1000000
12632,9.06,53.12,1000000
12633,9.18,53.12,1000000
12634,9.31,53.12,1000000
12635,9.43,53.12,1000000
12636,9.56,53.12,1000000
12637,9.68,53.12,1000000
12638,9.81,53.12,1000000
12639,9.93,53.12,1000000
12640,10.06,53.12,1000000
12641,10.18,53.12,1000000
12642,10.31,53.12,1000000
12643,10.43,53.12,1000000
12644,10.56,53.12,1000000
12645,10.68,53.12,1000000
12646,10.81,53.12,1000000
12647,10.93,53.12,1000000
12648,11.06,53.12,1000000
12649,11.18,53.12,1000000
12650,11.31,53.12,1000000
12651,11.43,53.12,1000000
12652,11.56,53.12,1000000
12653,11.68,53.12,1000000
12654,11.81,53.12,1000000
12655,11.93,53.12,1000000
12656,12.06,53.12,1000000
12657,12.18,53.12,1000000
12658,12.31,53.12,1000000
12659,12.43,53.12,1000000
12660,12.56,53.12,1000000
12661,12.68,53.12,1000000
12662,12.81,53.12,1000000
12663,12.93,53.12,1000000
12664,-12.06,53.2,1000000
12665,-11.93,53.2,1000000
12666,-11.81,53.2,0.06
12667,-11.68,53.2,0.07
12668,-11.56,53.2,0.07
12669,-11.43,53.2,0.06
12670,-11.31,53.2,0.05
12671,-11.18,53.2,0.05
12672,-11.06,53.2,0.05
12673,-10.93,53.2,0.05
12674,-10.81,53.2,0.05
12675,-10.68,53.2,0.05
12676,-10.56,53.2,0.05
12677,-10.43,53.2,0.06
12678,-10.31,53.2,0.06
12679,-10.18,53.2,0.07
12680,-10.06,53.2,0.06
12681,-9.93,53.2,0.05
12682,-9.81,53.2,0.05
12683,-9.68,53.2,0.04
12684,-9.56,53.2,0.02
12685,-9.43,53.2,0.03
12686,-9.31,53.2,0.04
12687,-9.18,53.2,0.04
12688,-9.06,53.2,0.03
12689,-8.93,53.2,1000000
12690,-8.81,53.2,1000000
12691,-8.68,53.2,1000000
12692,-8.56,53.2,1000000
12693,-8.43,53.2,1000000
12694,-8.31,53.2,1000000
12695,-8.18,53.2,1000000
12696,-8.06,53.2,1000000
12697,-7.93,53.2,1000000
12698,-7.81,53.2,1000000
12699,-7.68,53.2,1000000
12700,-7.56,53.2,1000000
12701,-7.43,53.2,1000000
12702,-7.31,53.2,1000000
12703,-7.18,53.2,1000000
12704,-7.06,53.2,1000000
12705,-6.93,53.2,1000000
12706,-6.81,53.2,1000000
12707,-6.68,53.2,1000000
12708,-6.56,53.2,1000000
12709,-6.43,53.2,1000000
12710,-6.31,53.2,1000000
12711,-6.18,53.2,1000000
12712,-6.06,53.2,0.53
12713,-5.93,53.2,1.13
12714,-5.81,53.2,1.13
12715,-5.68,53.2,1.75
12716,-5.56,53.2,2.08
12717,-5.43,53.2,1.5
12718,-5.31,53.2,1.7
12719,-5.18,53.2,1.96
12720,-5.06,53.2,2.26
12721,-4.93,53.2,2.32
12722,-4.81,53.2,2.67
12723,-4.68,53.2,2.25
12724,-4.56,53.2,0.66
12725,-4.43,53.2,1000000
12726,-4.31,53.2,1000000
12727,-4.18,53.2,1000000
12728,-4.06,53.2,1000000
12729,-3.93,53.2,1000000
12730,-3.81,53.2,1000000
12731,-3.68,53.2,1000000
12732,-3.56,53.2,1000000
12733,-3.43,53.2,1000000
12734,-3.31,53.2,1000000
12735,-3.18,53.2,1000000
12736,-3.06,53.2,1000000
12737,-2.93,53.2,1000000
12738,-2.81,53.2,1000000
12739,-2.68,53.2,1000000
12740,-2.56,53.2,1000000
12741,-2.43,53.2,1000000
12742,-2.31,53.2,1000000
12743,-2.18,53.2,1000000
12744,-2.06,53.2,1000000
12745,-1.93,53.2,1000000
12746,-1.81,53.2,1000000
12747,-1.68,53.2,1000000
12748,-1.56,53.2,1000000
12749,-1.43,53.2,1000000
12750,-1.31,53.2,1000000
12751,-1.18,53.2,1000000
12752,-1.06,53.2,1000000
12753,-0.93,53.2,1000000
12754,-0.81,53.2,1000000
12755,-0.68,53.2,1000000
12756,-0.56,53.2,1000000
12757,-0.43,53.2,1000000
12758,-0.31,53.2,1000000
12759,-0.18,53.2,1000000
12760,-0.06,53.2,1000000
12761,0.06,53.2,1000000
12762,0.18,53.2,1000000
12763,0.31,53.2,1000000
12764,0.43,53.2,1.1
12765,0.56,53.2,0.94
12766,0.68,53.2,0.73
12767,0.81,53.2,0.76
12768,0.93,53.2,1.08
12769,1.06,53.2,1.31
12770,1.18,53.2,1.31
12771,1.31,53.2,1.29
12772,1.43,53.2,1.25
12773,1.56,53.2,1.23
12774,1.68,53.2,1.26
12775,1.81,53.2,1.31
12776,1.93,53.2,1.32
12777,2.06,53.2,1.22
12778,2.18,53.2,1.12
12779,2.31,53.2,1.04
12780,2.43,53.2,0.9
12781,2.56,53.2,0.76
12782,2.68,53.2,0.65
12783,2.81,53.2,0.58
12784,2.93,53.2,0.54
12785,3.06,53.2,0.49
12786,3.18,53.2,0.44
12787,3.31,53.2,0.39
12788,3.43,53.2,0.35
12789,3.56,53.2,0.32
12790,3.68,53.2,0.29
12791,3.81,53.2,0.28
12792,3.93,53.2,0.27
12793,4.06,53.2,0.27
12794,4.18,53.2,0.28
12795,4.31,53.2,0.33
12796,4.43,53.2,0.41
12797,4.56,53.2,0.53
12798,4.68,53.2,0.77
12799,4.81,53.2,0.75
12800,4.93,53.2,0.9
12801,5.06,53.2,1.24
12802,5.18,53.2,0.66
12803,5.31,53.2,0.24
12804,5.43,53.2,0.14
12805,5.56,53.2,1000000
12806,5.68,53.2,1000000
12807,5.81,53.2,1000000
12808,5.93,53.2,1000000
12809,6.06,53.2,1000000
12810,6.18,53.2,1000000
12811,6.31,53.2,1000000
12812,6.43,53.2,1000000
12813,6.56,53.2,1000000
12814,6.68,53.2,1000000
12815,6.81,53.2,1000000
12816,6.93,53.2,1000000
12817,7.06,53.2,1000000
12818,7.18,53.2,1000000
12819,7.31,53.2,1000000
12820,7.43,53.2,1000000
12821,7.56,53.2,1000000
12822,7.68,53.2,1000000
12823,7.81,53.2,1000000
12824,7.93,53.2,1000000
12825,8.06,53.2,1000000
12826,8.18,53.2,1000000
12827,8.31,53.2,1000000
12828,8.43,53.2,1000000
12829,8.56,53.2,1000000
12830,8.68,53.2,1000000
12831,8.81,53.2,1000000
12832,8.93,53.2,1000000
12833,9.06,53.2,1000000
12834,9.18,53.2,1000000
12835,9.31,53.2,1000000
12836,9.43,53.2,1000000
12837,9.56,53.2,1000000
12838,9.68,53.2,1000000
12839,9.81,53.2,1000000
12840,9.93,53.2,1000000
12841,10.06,53.2,1000000
12842,10.18,53.2,1000000
12843,10.31,53.2,1000000
12844,10.43,53.2,1000000
12845,10.56,53.2,1000000
12846,10.68,53.2,1000000
12847,10.81,53.2,1000000
12848,10.93,53.2,1000000
12849,11.06,53.2,1000000
12850,11.18,53.2,1000000
12851,11.31,53.2,1000000
12852,11.43,53.2,1000000
12853,11.56,53.2,1000000
12854,11.68,53.2,1000000
12855,11.81,53.2,1000000
12856,11.93,53.2,1000000
12857,12.06,53.2,1000000
12858,12.18,53.2,1000000
12859,12.31,53.2,1000000
12860,12.43,53.2,1000000
12861,12.56,53.2,1000000
12862,12.68,53.2,1000000
12863,12.81,53.2,1000000
12864,12.93,53.2,1000000
12865,-12.06,53.29,1000000
12866,-11.93,53.29,1000000
12867,-11.81,53.29,0.07
12868,-11.68,53.29,0.08
12869,-11.56,53.29,0.08
12870,-11.43,53.29,0.07
12871,-11.31,53.29,0.06
12872,-11.18,53.29,0.06
12873,-11.06,53.29,0.06
12874,-10.93,53.29,0.06
12875,-10.81,53.29,0.06
12876,-10.68,53.29,0.06
12877,-10.56,53.29,0.07
12878,-10.43,53.29,0.08
12879,-10.31,53.29,0.09
12880,-10.18,53.29,0.1
12881,-10.06,53.29,0.07
12882,-9.93,53.29,0.09
12883,-9.81,53.29,0.06
12884,-9.68,53.29,0.03
12885,-9.56,53.29,1000000
12886,-9.43,53.29,1000000
12887,-9.31,53.29,1000000
12888,-9.18,53.29,1000000
12889,-9.06,53.29,1000000
12890,-8.93,53.29,1000000
12891,-8.81,53.29,1000000
12892,-8.68,53.29,1000000
12893,-8.56,53.29,1000000
12894,-8.43,53.29,1000000
12895,-8.31,53.29,1000000
12896,-8.18,53.29,1000000
12897,-8.06,53.29,1000000
12898,-7.93,53.29,1000000
12899,-7.81,53.29,1000000
12900,-7.68,53.29,1000000
12901,-7.56,53.29,1000000
12902,-7.43,53.29,1000000
12903,-7.31,53.29,1000000
12904,-7.18,53.29,1000000
12905,-7.06,53.29,1000000
12906,-6.93,53.29,1000000
12907,-6.81,53.29,1000000
12908,-6.68,53.29,1000000
12909,-6.56,53.29,1000000
12910,-6.43,53.29,1000000
12911,-6.31,53.29,1000000
12912,-6.18,53.29,1000000
12913,-6.06,53.29,0.34
12914,-5.93,53.29,0.76
12915,-5.81,53.29,0.92
12916,-5.68,53.29,1.37
12917,-5.56,53.29,1.62
12918,-5.43,53.29,1.53
12919,-5.31,53.29,1.63
12920,-5.18,53.29,1.93
12921,-5.06,53.29,2.27
12922,-4.93,53.29,2.86
12923,-4.81,53.29,3
12924,-4.68,53.29,3
12925,-4.56,53.29,1000000
12926,-4.43,53.29,1000000
12927,-4.31,53.29,1000000
12928,-4.18,53.29,1000000
12929,-4.06,53.29,0.37
12930,-3.93,53.29,0.17
12931,-3.81,53.29,1000000
12932,-3.68,53.29,0.48
12933,-3.56,53.29,0.27
12934,-3.43,53.29,1000000
12935,-3.31,53.29,1000000
12936,-3.18,53.29,1000000
12937,-3.06,53.29,1000000
12938,-2.93,53.29,1000000
12939,-2.81,53.29,1000000
12940,-2.68,53.29,1000000
12941,-2.56,53.29,1000000
12942,-2.43,53.29,1000000
12943,-2.31,53.29,1000000
12944,-2.18,53.29,1000000
12945,-2.06,53.29,1000000
12946,-1.93,53.29,1000000
12947,-1.81,53.29,1000000
12948,-1.68,53.29,1000000
12949,-1.56,53.29,1000000
12950,-1.43,53.29,1000000
12951,-1.31,53.29,1000000
12952,-1.18,53.29,1000000
12953,-1.06,53.29,1000000
12954,-0.93,53.29,1000000
12955,-0.81,53.29,1000000
12956,-0.68,53.29,1000000
12957,-0.56,53.29,1000000
12958,-0.43,53.29,1000000
12959,-0.31,53.29,1000000
12960,-0.18,53.29,1000000
12961,-0.06,53.29,1000000
12962,0.06,53.29,1000000
12963,0.18,53.29,1000000
12964,0.31,53.29,0.97
12965,0.43,53.29,1.38
12966,0.56,53.29,1.09
12967,0.68,53.29,0.91
12968,0.81,53.29,0.78
12969,0.93,53.29,0.86
12970,1.06,53.29,1.03
12971,1.18,53.29,1.03
12972,1.31,53.29,1.02
12973,1.43,53.29,0.99
12974,1.56,53.29,0.97
12975,1.68,53.29,1.02
12976,1.81,53.29,1.12
12977,1.93,53.29,1.18
12978,2.06,53.29,1.11
12979,2.18,53.29,0.98
12980,2.31,53.29,0.88
12981,2.43,53.29,0.78
12982,2.56,53.29,0.67
12983,2.68,53.29,0.58
12984,2.81,53.29,0.51
12985,2.93,53.29,0.46
12986,3.06,53.29,0.42
12987,3.18,53.29,0.36
12988,3.31,53.29,0.31
12989,3.43,53.29,0.28
12990,3.56,53.29,0.25
12991,3.68,53.29,0.23
12992,3.81,53.29,0.23
12993,3.93,53.29,0.23
12994,4.06,53.29,0.24
12995,4.18,53.29,0.25
12996,4.31,53.29,0.3
12997,4.43,53.29,0.36
12998,4.56,53.29,0.46
12999,4.68,53.29,0.63
13000,4.81,53.29,0.73
13001,4.93,53.29,0.68
13002,5.06,53.29,0.78
13003,5.18,53.29,0.94
13004,5.31,53.29,0.56
13005,5.43,53.29,0.21
13006,5.56,53.29,0.12
13007,5.68,53.29,1000000
13008,5.81,53.29,1000000
13009,5.93,53.29,1000000
13010,6.06,53.29,1000000
13011,6.18,53.29,1000000
13012,6.31,53.29,1000000
13013,6.43,53.29,1000000
13014,6.56,53.29,1000000
13015,6.68,53.29,1000000
13016,6.81,53.29,1000000
13017,6.93,53.29,0.34
13018,7.06,53.29,0.1
13019,7.18,53.29,1000000
13020,7.31,53.29,1000000
13021,7.43,53.29,1000000
13022,7.56,53.29,1000000
13023,7.68,53.29,1000000
13024,7.81,53.29,1000000
13025,7.93,53.29,1000000
13026,8.06,53.29,1000000
13027,8.18,53.29,1000000
13028,8.31,53.29,1000000
13029,8.43,53.29,1000000
13030,8.56,53.29,1000000
13031,8.68,53.29,1000000
13032,8.81,53.29,1000000
13033,8.93,53.29,1000000
13034,9.06,53.29,1000000
13035,9.18,53.29,1000000
13036,9.31,53.29,1000000
13037,9.43,53.29,1000000
13038,9.56,53.29,1000000
13039,9.68,53.29,1000000
13040,9.81,53.29,1000000
13041,9.93,53.29,1000000
13042,10.06,53.29,1000000
13043,10.18,53.29,1000000
13044,10.31,53.29,1000000
13045,10.43,53.29,1000000
13046,10.56,53.29,1000000
13047,10.68,53.29,1000000
13048,10.81,53.29,1000000
13049,10.93,53.29,1000000
13050,11.06,53.29,1000000
13051,11.18,53.29,1000000
13052,11.31,53.29,1000000
13053,11.43,53.29,1000000
13054,11.56,53.29,1000000
13055,11.68,53.29,1000000
13056,11.81,53.29,1000000
13057,11.93,53.29,1000000
13058,12.06,53.29,1000000
13059,12.18,53.29,1000000
13060,12.31,53.29,1000000
13061,12.43,53.29,1000000
13062,12.56,53.29,1000000
13063,12.68,53.29,1000000
13064,12.81,53.29,1000000
13065,12.93,53.29,1000000
13066,-12.06,53.37,1000000
13067,-11.93,53.37,1000000
13068,-11.81,53.37,0.08
13069,-11.68,53.37,0.1
13070,-11.56,53.37,0.09
13071,-11.43,53.37,0.08
13072,-11.31,53.37,0.08
13073,-11.18,53.37,0.07
13074,-11.06,53.37,0.07
13075,-10.93,53.37,0.07
13076,-10.81,53.37,0.07
13077,-10.68,53.37,0.07
13078,-10.56,53.37,0.08
13079,-10.43,53.37,0.1
13080,-10.31,53.37,0.13
13081,-10.18,53.37,0.19
13082,-10.06,53.37,0.08
13083,-9.93,53.37,0.05
13084,-9.81,53.37,1000000
13085,-9.68,53.37,1000000
13086,-9.56,53.37,1000000
13087,-9.43,53.37,1000000
13088,-9.31,53.37,1000000
13089,-9.18,53.37,1000000
13090,-9.06,53.37,1000000
13091,-8.93,53.37,1000000
13092,-8.81,53.37,1000000
13093,-8.68,53.37,1000000
13094,-8.56,53.37,1000000
13095,-8.43,53.37,1000000
13096,-8.31,53.37,1000000
13097,-8.18,53.37,1000000
13098,-8.06,53.37,1000000
13099,-7.93,53.37,1000000
13100,-7.81,53.37,1000000
13101,-7.68,53.37,1000000
13102,-7.56,53.37,1000000
13103,-7.43,53.37,1000000
13104,-7.31,53.37,1000000
13105,-7.18,53.37,1000000
13106,-7.06,53.37,1000000
13107,-6.93,53.37,1000000
13108,-6.81,53.37,1000000
13109,-6.68,53.37,1000000
13110,-6.56,53.37,1000000
13111,-6.43,53.37,1000000
13112,-6.31,53.37,1000000
13113,-6.18,53.37,0.1
13114,-6.06,53.37,0.55
13115,-5.93,53.37,0.76
13116,-5.81,53.37,0.91
13117,-5.68,53.37,1.29
13118,-5.56,53.37,1.54
13119,-5.43,53.37,1.67
13120,-5.31,53.37,1.58
13121,-5.18,53.37,1.83
13122,-5.06,53.37,2.29
13123,-4.93,53.37,2.92
13124,-4.81,53.37,3
13125,-4.68,53.37,3
13126,-4.56,53.37,3
13127,-4.43,53.37,1000000
13128,-4.31,53.37,1000000
13129,-4.18,53.37,1.24
13130,-4.06,53.37,0.77
13131,-3.93,53.37,0.75
13132,-3.81,53.37,0.93
13133,-3.68,53.37,0.96
13134,-3.56,53.37,0.64
13135,-3.43,53.37,0.66
13136,-3.31,53.37,0.6
13137,-3.18,53.37,0.24
13138,-3.06,53.37,1000000
13139,-2.93,53.37,1000000
13140,-2.81,53.37,1000000
13141,-2.68,53.37,1000000
13142,-2.56,53.37,1000000
13143,-2.43,53.37,1000000
13144,-2.31,53.37,1000000
13145,-2.18,53.37,1000000
13146,-2.06,53.37,1000000
13147,-1.93,53.37,1000000
13148,-1.81,53.37,1000000
13149,-1.68,53.37,1000000
13150,-1.56,53.37,1000000
13151,-1.43,53.37,1000000
13152,-1.31,53.37,1000000
13153,-1.18,53.37,1000000
13154,-1.06,53.37,1000000
13155,-0.93,53.37,1000000
13156,-0.81,53.37,1000000
13157,-0.68,53.37,1000000
13158,-0.56,53.37,1000000
13159,-0.43,53.37,1000000
13160,-0.31,53.37,1000000
13161,-0.18,53.37,1000000
13162,-0.06,53.37,1000000
13163,0.06,53.37,1000000
13164,0.18,53.37,1000000
13165,0.31,53.37,0.93
13166,0.43,53.37,1.15
13167,0.56,53.37,1.15
13168,0.68,53.37,1.06
13169,0.81,53.37,0.97
13170,0.93,53.37,0.91
13171,1.06,53.37,0.92
13172,1.18,53.37,0.9
13173,1.31,53.37,0.86
13174,1.43,53.37,0.8
13175,1.56,53.37,0.82
13176,1.68,53.37,0.86
13177,1.81,53.37,0.93
13178,1.93,53.37,0.98
13179,2.06,53.37,0.99
13180,2.18,53.37,0.92
13181,2.31,53.37,0.81
13182,2.43,53.37,0.69
13183,2.56,53.37,0.58
13184,2.68,53.37,0.51
13185,2.81,53.37,0.44
13186,2.93,53.37,0.38
13187,3.06,53.37,0.33
13188,3.18,53.37,0.29
13189,3.31,53.37,0.25
13190,3.43,53.37,0.21
13191,3.56,53.37,0.18
13192,3.68,53.37,0.17
13193,3.81,53.37,0.17
13194,3.93,53.37,0.19
13195,4.06,53.37,0.2
13196,4.18,53.37,0.22
13197,4.31,53.37,0.26
13198,4.43,53.37,0.33
13199,4.56,53.37,0.41
13200,4.68,53.37,0.55
13201,4.81,53.37,0.65
13202,4.93,53.37,0.65
13203,5.06,53.37,0.56
13204,5.18,53.37,0.5
13205,5.31,53.37,0.42
13206,5.43,53.37,0.36
13207,5.56,53.37,0.19
13208,5.68,53.37,0.15
13209,5.81,53.37,0.12
13210,5.93,53.37,1000000
13211,6.06,53.37,1000000
13212,6.18,53.37,1000000
13213,6.31,53.37,1000000
13214,6.43,53.37,1000000
13215,6.56,53.37,1000000
13216,6.68,53.37,1000000
13217,6.81,53.37,1000000
13218,6.93,53.37,0.36
13219,7.06,53.37,1000000
13220,7.18,53.37,1000000
13221,7.31,53.37,1000000
13222,7.43,53.37,1000000
13223,7.56,53.37,1000000
13224,7.68,53.37,1000000
13225,7.81,53.37,1000000
13226,7.93,53.37,1000000
13227,8.06,53.37,1000000
13228,8.18,53.37,1000000
13229,8.31,53.37,1000000
13230,8.43,53.37,1000000
13231,8.56,53.37,1000000
13232,8.68,53.37,1000000
13233,8.81,53.37,1000000
13234,8.93,53.37,1000000
13235,9.06,53.37,1000000
13236,9.18,53.37,1000000
13237,9.31,53.37,1000000
13238,9.43,53.37,1000000
13239,9.56,53.37,1000000
13240,9.68,53.37,1000000
13241,9.81,53.37,1000000
13242,9.93,53.37,1000000
13243,10.06,53.37,1000000
13244,10.18,53.37,1000000
13245,10.31,53.37,1000000
13246,10.43,53.37,1000000
13247,10.56,53.37,1000000
13248,10.68,53.37,1000000
13249,10.81,53.37,1000000
13250,10.93,53.37,1000000
13251,11.06,53.37,1000000
13252,11.18,53.37,1000000
13253,11.31,53.37,1000000
13254,11.43,53.37,1000000
13255,11.56,53.37,1000000
13256,11.68,53.37,1000000
13257,11.81,53.37,1000000
13258,11.93,53.37,1000000
13259,12.06,53.37,1000000
13260,12.18,53.37,1000000
13261,12.31,53.37,1000000
13262,12.43,53.37,1000000
13263,12.56,53.37,1000000
13264,12.68,53.37,1000000
13265,12.81,53.37,1000000
13266,12.93,53.37,1000000
13267,-12.06,53.45,1000000
13268,-11.93,53.45,1000000
13269,-11.81,53.45,0.09
13270,-11.68,53.45,0.11
13271,-11.56,53.45,0.09
13272,-11.43,53.45,0.09
13273,-11.31,53.45,0.1
13274,-11.18,53.45,0.09
13275,-11.06,53.45,0.09
13276,-10.93,53.45,0.08
13277,-10.81,53.45,0.08
13278,-10.68,53.45,0.09
13279,-10.56,53.45,0.09
13280,-10.43,53.45,0.11
13281,-10.31,53.45,0.13
13282,-10.18,53.45,0.16
13283,-10.06,53.45,1000000
13284,-9.93,53.45,1000000
13285,-9.81,53.45,1000000
13286,-9.68,53.45,1000000
13287,-9.56,53.45,1000000
13288,-9.43,53.45,1000000
13289,-9.31,53.45,1000000
13290,-9.18,53.45,1000000
13291,-9.06,53.45,1000000
13292,-8.93,53.45,1000000
13293,-8.81,53.45,1000000
13294,-8.68,53.45,1000000
13295,-8.56,53.45,1000000
13296,-8.43,53.45,1000000
13297,-8.31,53.45,1000000
13298,-8.18,53.45,1000000
13299,-8.06,53.45,1000000
13300,-7.93,53.45,1000000
13301,-7.81,53.45,1000000
13302,-7.68,53.45,1000000
13303,-7.56,53.45,1000000
13304,-7.43,53.45,1000000
13305,-7.31,53.45,1000000
13306,-7.18,53.45,1000000
13307,-7.06,53.45,1000000
13308,-6.93,53.45,1000000
13309,-6.81,53.45,1000000
13310,-6.68,53.45,1000000
13311,-6.56,53.45,1000000
13312,-6.43,53.45,1000000
13313,-6.31,53.45,1000000
13314,-6.18,53.45,1000000
13315,-6.06,53.45,0.51
13316,-5.93,53.45,0.67
13317,-5.81,53.45,0.79
13318,-5.68,53.45,0.96
13319,-5.56,53.45,1.26
13320,-5.43,53.45,1.49
13321,-5.31,53.45,1.49
13322,-5.18,53.45,1.66
13323,-5.06,53.45,2.27
13324,-4.93,53.45,2.62
13325,-4.81,53.45,3
13326,-4.68,53.45,3
13327,-4.56,53.45,3
13328,-4.43,53.45,3
13329,-4.31,53.45,2.7
13330,-4.18,53.45,2.55
13331,-4.06,53.45,1.54
13332,-3.93,53.45,1.13
13333,-3.81,53.45,1.06
13334,-3.68,53.45,1
13335,-3.56,53.45,0.88
13336,-3.43,53.45,0.92
13337,-3.31,53.45,0.89
13338,-3.18,53.45,0.4
13339,-3.06,53.45,0.13
13340,-2.93,53.45,1000000
13341,-2.81,53.45,1000000
13342,-2.68,53.45,1000000
13343,-2.56,53.45,1000000
13344,-2.43,53.45,1000000
13345,-2.31,53.45,1000000
13346,-2.18,53.45,1000000
13347,-2.06,53.45,1000000
13348,-1.93,53.45,1000000
13349,-1.81,53.45,1000000
13350,-1.68,53.45,1000000
13351,-1.56,53.45,1000000
13352,-1.43,53.45,1000000
13353,-1.31,53.45,1000000
13354,-1.18,53.45,1000000
13355,-1.06,53.45,1000000
13356,-0.93,53.45,1000000
13357,-0.81,53.45,1000000
13358,-0.68,53.45,1000000
13359,-0.56,53.45,1000000
13360,-0.43,53.45,1000000
13361,-0.31,53.45,1000000
13362,-0.18,53.45,1000000
13363,-0.06,53.45,1000000
13364,0.06,53.45,1000000
13365,0.18,53.45,1.11
13366,0.31,53.45,1.33
13367,0.43,53.45,1.14
13368,0.56,53.45,1.07
13369,0.68,53.45,1.01
13370,0.81,53.45,1
13371,0.93,53.45,1.03
13372,1.06,53.45,1.01
13373,1.18,53.45,0.94
13374,1.31,53.45,0.83
13375,1.43,53.45,0.67
13376,1.56,53.45,0.68
13377,1.68,53.45,0.77
13378,1.81,53.45,0.8
13379,1.93,53.45,0.78
13380,2.06,53.45,0.77
13381,2.18,53.45,0.76
13382,2.31,53.45,0.72
13383,2.43,53.45,0.65
13384,2.56,53.45,0.53
13385,2.68,53.45,0.44
13386,2.81,53.45,0.38
13387,2.93,53.45,0.32
13388,3.06,53.45,0.26
13389,3.18,53.45,0.22
13390,3.31,53.45,0.19
13391,3.43,53.45,0.17
13392,3.56,53.45,0.15
13393,3.68,53.45,0.14
13394,3.81,53.45,0.14
13395,3.93,53.45,0.15
13396,4.06,53.45,0.17
13397,4.18,53.45,0.19
13398,4.31,53.45,0.23
13399,4.43,53.45,0.28
13400,4.56,53.45,0.35
13401,4.68,53.45,0.43
13402,4.81,53.45,0.5
13403,4.93,53.45,0.55
13404,5.06,53.45,0.61
13405,5.18,53.45,0.66
13406,5.31,53.45,0.68
13407,5.43,53.45,0.64
13408,5.56,53.45,0.52
13409,5.68,53.45,0.4
13410,5.81,53.45,0.35
13411,5.93,53.45,0.37
13412,6.06,53.45,0.32
13413,6.18,53.45,0.26
13414,6.31,53.45,0.3
13415,6.43,53.45,0.44
13416,6.56,53.45,0.23
13417,6.68,53.45,0.28
13418,6.81,53.45,0.34
13419,6.93,53.45,0.55
13420,7.06,53.45,1000000
13421,7.18,53.45,1000000
13422,7.31,53.45,1000000
13423,7.43,53.45,1000000
13424,7.56,53.45,1000000
13425,7.68,53.45,1000000
13426,7.81,53.45,1000000
13427,7.93,53.45,1000000
13428,8.06,53.45,1000000
13429,8.18,53.45,0.49
13430,8.31,53.45,1000000
13431,8.43,53.45,1000000
13432,8.56,53.45,1000000
13433,8.68,53.45,1000000
13434,8.81,53.45,1000000
13435,8.93,53.45,1000000
13436,9.06,53.45,1000000
13437,9.18,53.45,1000000
13438,9.31,53.45,1000000
13439,9.43,53.45,1000000
13440,9.56,53.45,1000000
13441,9.68,53.45,1000000
13442,9.81,53.45,1000000
13443,9.93,53.45,1000000
13444,10.06,53.45,1000000
13445,10.18,53.45,1000000
13446,10.31,53.45,1000000
13447,10.43,53.45,1000000
13448,10.56,53.45,1000000
13449,10.68,53.45,1000000
13450,10.81,53.45,1000000
13451,10.93,53.45,1000000
13452,11.06,53.45,1000000
13453,11.18,53.45,1000000
13454,11.31,53.45,1000000
13455,11.43,53.45,1000000
13456,11.56,53.45,1000000
13457,11.68,53.45,1000000
13458,11.81,53.45,1000000
13459,11.93,53.45,1000000
13460,12.06,53.45,1000000
13461,12.18,53.45,1000000
13462,12.31,53.45,1000000
13463,12.43,53.45,1000000
13464,12.56,53.45,1000000
13465,12.68,53.45,1000000
13466,12.81,53.45,1000000
13467,12.93,53.45,1000000
13468,-12.06,53.54,1000000
13469,-11.93,53.54,1000000
13470,-11.81,53.54,0.11
13471,-11.68,53.54,0.12
13472,-11.56,53.54,0.1
13473,-11.43,53.54,0.09
13474,-11.31,53.54,0.09
13475,-11.18,53.54,0.1
13476,-11.06,53.54,0.1
13477,-10.93,53.54,0.1
13478,-10.81,53.54,0.1
13479,-10.68,53.54,0.1
13480,-10.56,53.54,0.1
13481,-10.43,53.54,0.11
13482,-10.31,53.54,0.14
13483,-10.18,53.54,0.16
13484,-10.06,53.54,1000000
13485,-9.93,53.54,1000000
13486,-9.81,53.54,1000000
13487,-9.68,53.54,1000000
13488,-9.56,53.54,1000000
13489,-9.43,53.54,1000000
13490,-9.31,53.54,1000000
13491,-9.18,53.54,1000000
13492,-9.06,53.54,1000000
13493,-8.93,53.54,1000000
13494,-8.81,53.54,1000000
13495,-8.68,53.54,1000000
13496,-8.56,53.54,1000000
13497,-8.43,53.54,1000000
13498,-8.31,53.54,1000000
13499,-8.18,53.54,1000000
13500,-8.06,53.54,1000000
13501,-7.93,53.54,1000000
13502,-7.81,53.54,1000000
13503,-7.68,53.54,1000000
13504,-7.56,53.54,1000000
13505,-7.43,53.54,1000000
13506,-7.31,53.54,1000000
13507,-7.18,53.54,1000000
13508,-7.06,53.54,1000000
13509,-6.93,53.54,1000000
13510,-6.81,53.54,1000000
13511,-6.68,53.54,1000000
13512,-6.56,53.54,1000000
13513,-6.43,53.54,1000000
13514,-6.31,53.54,1000000
13515,-6.18,53.54,1000000
13516,-6.06,53.54,0.37
13517,-5.93,53.54,0.49
13518,-5.81,53.54,0.57
13519,-5.68,53.54,0.63
13520,-5.56,53.54,0.8
13521,-5.43,53.54,1.05
13522,-5.31,53.54,1.34
13523,-5.18,53.54,1.67
13524,-5.06,53.54,2.05
13525,-4.93,53.54,2.59
13526,-4.81,53.54,3
13527,-4.68,53.54,3
13528,-4.56,53.54,3
13529,-4.43,53.54,2.93
13530,-4.31,53.54,2.7
13531,-4.18,53.54,2.2
13532,-4.06,53.54,1.61
13533,-3.93,53.54,1.22
13534,-3.81,53.54,1.04
13535,-3.68,53.54,1
13536,-3.56,53.54,0.9
13537,-3.43,53.54,0.79
13538,-3.31,53.54,0.66
13539,-3.18,53.54,0.53
13540,-3.06,53.54,1000000
13541,-2.93,53.54,1000000
13542,-2.81,53.54,1000000
13543,-2.68,53.54,1000000
13544,-2.56,53.54,1000000
13545,-2.43,53.54,1000000
13546,-2.31,53.54,1000000
13547,-2.18,53.54,1000000
13548,-2.06,53.54,1000000
13549,-1.93,53.54,1000000
13550,-1.81,53.54,1000000
13551,-1.68,53.54,1000000
13552,-1.56,53.54,1000000
13553,-1.43,53.54,1000000
13554,-1.31,53.54,1000000
13555,-1.18,53.54,1000000
13556,-1.06,53.54,1000000
13557,-0.93,53.54,1000000
13558,-0.81,53.54,1000000
13559,-0.68,53.54,1000000
13560,-0.56,53.54,1000000
13561,-0.43,53.54,1000000
13562,-0.31,53.54,1000000
13563,-0.18,53.54,1000000
13564,-0.06,53.54,1000000
13565,0.06,53.54,0.76
13566,0.18,53.54,1.17
13567,0.31,53.54,1.49
13568,0.43,53.54,1.52
13569,0.56,53.54,1.37
13570,0.68,53.54,1.11
13571,0.81,53.54,0.88
13572,0.93,53.54,0.83
13573,1.06,53.54,0.9
13574,1.18,53.54,0.95
13575,1.31,53.54,0.9
13576,1.43,53.54,0.75
13577,1.56,53.54,0.6
13578,1.68,53.54,0.59
13579,1.81,53.54,0.66
13580,1.93,53.54,0.67
13581,2.06,53.54,0.61
13582,2.18,53.54,0.59
13583,2.31,53.54,0.57
13584,2.43,53.54,0.53
13585,2.56,53.54,0.47
13586,2.68,53.54,0.4
13587,2.81,53.54,0.33
13588,2.93,53.54,0.28
13589,3.06,53.54,0.23
13590,3.18,53.54,0.19
13591,3.31,53.54,0.16
13592,3.43,53.54,0.15
13593,3.56,53.54,0.14
13594,3.68,53.54,0.13
13595,3.81,53.54,0.13
13596,3.93,53.54,0.14
13597,4.06,53.54,0.15
13598,4.18,53.54,0.17
13599,4.31,53.54,0.2
13600,4.43,53.54,0.24
13601,4.56,53.54,0.29
13602,4.68,53.54,0.35
13603,4.81,53.54,0.41
13604,4.93,53.54,0.46
13605,5.06,53.54,0.51
13606,5.18,53.54,0.57
13607,5.31,53.54,0.61
13608,5.43,53.54,0.63
13609,5.56,53.54,0.6
13610,5.68,53.54,0.52
13611,5.81,53.54,0.51
13612,5.93,53.54,0.56
13613,6.06,53.54,0.52
13614,6.18,53.54,0.51
13615,6.31,53.54,0.65
13616,6.43,53.54,0.92
13617,6.56,53.54,0.62
13618,6.68,53.54,0.39
13619,6.81,53.54,0.39
13620,6.93,53.54,0.3
13621,7.06,53.54,0.21
13622,7.18,53.54,1000000
13623,7.31,53.54,1000000
13624,7.43,53.54,1000000
13625,7.56,53.54,1000000
13626,7.68,53.54,1000000
13627,7.81,53.54,1000000
13628,7.93,53.54,1000000
13629,8.06,53.54,1000000
13630,8.18,53.54,0.43
13631,8.31,53.54,1000000
13632,8.43,53.54,1000000
13633,8.56,53.54,1000000
13634,8.68,53.54,1000000
13635,8.81,53.54,1000000
13636,8.93,53.54,1000000
13637,9.06,53.54,1000000
13638,9.18,53.54,1000000
13639,9.31,53.54,1000000
13640,9.43,53.54,1000000
13641,9.56,53.54,1000000
13642,9.68,53.54,1000000
13643,9.81,53.54,1000000
13644,9.93,53.54,1000000
13645,10.06,53.54,1000000
13646,10.18,53.54,1000000
13647,10.31,53.54,1000000
13648,10.43,53.54,1000000
13649,10.56,53.54,1000000
13650,10.68,53.54,1000000
13651,10.81,53.54,1000000
13652,10.93,53.54,1000000
13653,11.06,53.54,1000000
13654,11.18,53.54,1000000
13655,11.31,53.54,1000000
13656,11.43,53.54,1000000
13657,11.56,53.54,1000000
13658,11.68,53.54,1000000
13659,11.81,53.54,1000000
13660,11.93,53.54,1000000
13661,12.06,53.54,1000000
13662,12.18,53.54,1000000
13663,12.31,53.54,1000000
13664,12.43,53.54,1000000
13665,12.56,53.54,1000000
13666,12.68,53.54,1000000
13667,12.81,53.54,1000000
13668,12.93,53.54,1000000
13669,-12.06,53.62,1000000
13670,-11.93,53.62,1000000
13671,-11.81,53.62,0.12
13672,-11.68,53.62,0.14
13673,-11.56,53.62,0.11
13674,-11.43,53.62,0.09
13675,-11.31,53.62,0.08
13676,-11.18,53.62,0.09
13677,-11.06,53.62,0.1
13678,-10.93,53.62,0.1
13679,-10.81,53.62,0.1
13680,-10.68,53.62,0.11
13681,-10.56,53.62,0.1
13682,-10.43,53.62,0.1
13683,-10.31,53.62,0.12
13684,-10.18,53.62,0.12
13685,-10.06,53.62,0.03
13686,-9.93,53.62,8.64E-03
13687,-9.81,53.62,1000000
13688,-9.68,53.62,1000000
13689,-9.56,53.62,1000000
13690,-9.43,53.62,1000000
13691,-9.31,53.62,1000000
13692,-9.18,53.62,1000000
13693,-9.06,53.62,1000000
13694,-8.93,53.62,1000000
13695,-8.81,53.62,1000000
13696,-8.68,53.62,1000000
13697,-8.56,53.62,1000000
13698,-8.43,53.62,1000000
13699,-8.31,53.62,1000000
13700,-8.18,53.62,1000000
13701,-8.06,53.62,1000000
13702,-7.93,53.62,1000000
13703,-7.81,53.62,1000000
13704,-7.68,53.62,1000000
13705,-7.56,53.62,1000000
13706,-7.43,53.62,1000000
13707,-7.31,53.62,1000000
13708,-7.18,53.62,1000000
13709,-7.06,53.62,1000000
13710,-6.93,53.62,1000000
13711,-6.81,53.62,1000000
13712,-6.68,53.62,1000000
13713,-6.56,53.62,1000000
13714,-6.43,53.62,1000000
13715,-6.31,53.62,1000000
13716,-6.18,53.62,0.17
13717,-6.06,53.62,0.32
13718,-5.93,53.62,0.36
13719,-5.81,53.62,0.39
13720,-5.68,53.62,0.46
13721,-5.56,53.62,0.55
13722,-5.43,53.62,0.7
13723,-5.31,53.62,0.98
13724,-5.18,53.62,1.32
13725,-5.06,53.62,1.58
13726,-4.93,53.62,2.1
13727,-4.81,53.62,2.7
13728,-4.68,53.62,2.84
13729,-4.56,53.62,2.47
13730,-4.43,53.62,2.22
13731,-4.31,53.62,2.15
13732,-4.18,53.62,1.95
13733,-4.06,53.62,1.58
13734,-3.93,53.62,1.19
13735,-3.81,53.62,0.97
13736,-3.68,53.62,0.93
13737,-3.56,53.62,0.86
13738,-3.43,53.62,0.76
13739,-3.31,53.62,0.7
13740,-3.18,53.62,0.58
13741,-3.06,53.62,0.49
13742,-2.93,53.62,1000000
13743,-2.81,53.62,1000000
13744,-2.68,53.62,1000000
13745,-2.56,53.62,1000000
13746,-2.43,53.62,1000000
13747,-2.31,53.62,1000000
13748,-2.18,53.62,1000000
13749,-2.06,53.62,1000000
13750,-1.93,53.62,1000000
13751,-1.81,53.62,1000000
13752,-1.68,53.62,1000000
13753,-1.56,53.62,1000000
13754,-1.43,53.62,1000000
13755,-1.31,53.62,1000000
13756,-1.18,53.62,1000000
13757,-1.06,53.62,1000000
13758,-0.93,53.62,1000000
13759,-0.81,53.62,1000000
13760,-0.68,53.62,1000000
13761,-0.56,53.62,1000000
13762,-0.43,53.62,1000000
13763,-0.31,53.62,1000000
13764,-0.18,53.62,1000000
13765,-0.06,53.62,0.14
13766,0.06,53.62,1.02
13767,0.18,53.62,1.46
13768,0.31,53.62,1.64
13769,0.43,53.62,1.7
13770,0.56,53.62,1.6
13771,0.68,53.62,1.36
13772,0.81,53.62,0.96
13773,0.93,53.62,0.69
13774,1.06,53.62,0.63
13775,1.18,53.62,0.71
13776,1.31,53.62,0.8
13777,1.43,53.62,0.82
13778,1.56,53.62,0.66
13779,1.68,53.62,0.51
13780,1.81,53.62,0.52
13781,1.93,53.62,0.57
13782,2.06,53.62,0.52
13783,2.18,53.62,0.48
13784,2.31,53.62,0.48
13785,2.43,53.62,0.44
13786,2.56,53.62,0.38
13787,2.68,53.62,0.33
13788,2.81,53.62,0.3
13789,2.93,53.62,0.25
13790,3.06,53.62,0.22
13791,3.18,53.62,0.18
13792,3.31,53.62,0.16
13793,3.43,53.62,0.14
13794,3.56,53.62,0.13
13795,3.68,53.62,0.13
13796,3.81,53.62,0.13
13797,3.93,53.62,0.13
13798,4.06,53.62,0.14
13799,4.18,53.62,0.16
13800,4.31,53.62,0.18
13801,4.43,53.62,0.21
13802,4.56,53.62,0.26
13803,4.68,53.62,0.31
13804,4.81,53.62,0.35
13805,4.93,53.62,0.39
13806,5.06,53.62,0.42
13807,5.18,53.62,0.46
13808,5.31,53.62,0.51
13809,5.43,53.62,0.54
13810,5.56,53.62,0.55
13811,5.68,53.62,0.53
13812,5.81,53.62,0.53
13813,5.93,53.62,0.56
13814,6.06,53.62,0.58
13815,6.18,53.62,0.63
13816,6.31,53.62,0.73
13817,6.43,53.62,0.87
13818,6.56,53.62,0.77
13819,6.68,53.62,0.42
13820,6.81,53.62,0.3
13821,6.93,53.62,0.27
13822,7.06,53.62,0.27
13823,7.18,53.62,1000000
13824,7.31,53.62,1000000
13825,7.43,53.62,1000000
13826,7.56,53.62,1000000
13827,7.68,53.62,1000000
13828,7.81,53.62,1000000
13829,7.93,53.62,1000000
13830,8.06,53.62,1000000
13831,8.18,53.62,0.52
13832,8.31,53.62,0.24
13833,8.43,53.62,0.22
13834,8.56,53.62,1000000
13835,8.68,53.62,1000000
13836,8.81,53.62,1000000
13837,8.93,53.62,1000000
13838,9.06,53.62,1000000
13839,9.18,53.62,1000000
13840,9.31,53.62,1000000
13841,9.43,53.62,1000000
13842,9.56,53.62,1000000
13843,9.68,53.62,1000000
13844,9.81,53.62,1000000
13845,9.93,53.62,1000000
13846,10.06,53.62,1000000
13847,10.18,53.62,1000000
13848,10.31,53.62,1000000
13849,10.43,53.62,1000000
13850,10.56,53.62,1000000
13851,10.68,53.62,1000000
13852,10.81,53.62,1000000
13853,10.93,53.62,1000000
13854,11.06,53.62,1000000
13855,11.18,53.62,1000000
13856,11.31,53.62,1000000
13857,11.43,53.62,1000000
13858,11.56,53.62,1000000
13859,11.68,53.62,1000000
13860,11.81,53.62,1000000
13861,11.93,53.62,1000000
13862,12.06,53.62,1000000
13863,12.18,53.62,1000000
13864,12.31,53.62,1000000
13865,12.43,53.62,1000000
13866,12.56,53.62,1000000
13867,12.68,53.62,1000000
13868,12.81,53.62,1000000
13869,12.93,53.62,1000000
13870,-12.06,53.7,1000000
13871,-11.93,53.7,1000000
13872,-11.81,53.7,0.13
13873,-11.68,53.7,0.14
13874,-11.56,53.7,0.11
13875,-11.43,53.7,0.09
13876,-11.31,53.7,0.08
13877,-11.18,53.7,0.08
13878,-11.06,53.7,0.09
13879,-10.93,53.7,0.1
13880,-10.81,53.7,0.1
13881,-10.68,53.7,0.1
13882,-10.56,53.7,0.11
13883,-10.43,53.7,0.09
13884,-10.31,53.7,0.08
13885,-10.18,53.7,0.04
13886,-10.06,53.7,0.05
13887,-9.93,53.7,0.04
13888,-9.81,53.7,1000000
13889,-9.68,53.7,1000000
13890,-9.56,53.7,1000000
13891,-9.43,53.7,1000000
13892,-9.31,53.7,1000000
13893,-9.18,53.7,1000000
13894,-9.06,53.7,1000000
13895,-8.93,53.7,1000000
13896,-8.81,53.7,1000000
13897,-8.68,53.7,1000000
13898,-8.56,53.7,1000000
13899,-8.43,53.7,1000000
13900,-8.31,53.7,1000000
13901,-8.18,53.7,1000000
13902,-8.06,53.7,1000000
13903,-7.93,53.7,1000000
13904,-7.81,53.7,1000000
13905,-7.68,53.7,1000000
13906,-7.56,53.7,1000000
13907,-7.43,53.7,1000000
13908,-7.31,53.7,1000000
13909,-7.18,53.7,1000000
13910,-7.06,53.7,1000000
13911,-6.93,53.7,1000000
13912,-6.81,53.7,1000000
13913,-6.68,53.7,1000000
13914,-6.56,53.7,1000000
13915,-6.43,53.7,1000000
13916,-6.31,53.7,1000000
13917,-6.18,53.7,0.1
13918,-6.06,53.7,0.18
13919,-5.93,53.7,0.23
13920,-5.81,53.7,0.27
13921,-5.68,53.7,0.32
13922,-5.56,53.7,0.39
13923,-5.43,53.7,0.48
13924,-5.31,53.7,0.64
13925,-5.18,53.7,0.84
13926,-5.06,53.7,1.06
13927,-4.93,53.7,1.46
13928,-4.81,53.7,1.9
13929,-4.68,53.7,1.93
13930,-4.56,53.7,1.83
13931,-4.43,53.7,1.81
13932,-4.31,53.7,1.85
13933,-4.18,53.7,1.81
13934,-4.06,53.7,1.51
13935,-3.93,53.7,1.16
13936,-3.81,53.7,0.97
13937,-3.68,53.7,0.88
13938,-3.56,53.7,0.82
13939,-3.43,53.7,0.81
13940,-3.31,53.7,0.77
13941,-3.18,53.7,0.67
13942,-3.06,53.7,0.56
13943,-2.93,53.7,0.49
13944,-2.81,53.7,1000000
13945,-2.68,53.7,1000000
13946,-2.56,53.7,1000000
13947,-2.43,53.7,1000000
13948,-2.31,53.7,1000000
13949,-2.18,53.7,1000000
13950,-2.06,53.7,1000000
13951,-1.93,53.7,1000000
13952,-1.81,53.7,1000000
13953,-1.68,53.7,1000000
13954,-1.56,53.7,1000000
13955,-1.43,53.7,1000000
13956,-1.31,53.7,1000000
13957,-1.18,53.7,1000000
13958,-1.06,53.7,1000000
13959,-0.93,53.7,1000000
13960,-0.81,53.7,1000000
13961,-0.68,53.7,1000000
13962,-0.56,53.7,1000000
13963,-0.43,53.7,1000000
13964,-0.31,53.7,1000000
13965,-0.18,53.7,1000000
13966,-0.06,53.7,1000000
13967,0.06,53.7,1.17
13968,0.18,53.7,1.33
13969,0.31,53.7,1.32
13970,0.43,53.7,1.3
13971,0.56,53.7,1.24
13972,0.68,53.7,1.22
13973,0.81,53.7,1.06
13974,0.93,53.7,0.8
13975,1.06,53.7,0.62
13976,1.18,53.7,0.57
13977,1.31,53.7,0.63
13978,1.43,53.7,0.67
13979,1.56,53.7,0.63
13980,1.68,53.7,0.51
13981,1.81,53.7,0.47
13982,1.93,53.7,0.48
13983,2.06,53.7,0.45
13984,2.18,53.7,0.4
13985,2.31,53.7,0.39
13986,2.43,53.7,0.37
13987,2.56,53.7,0.32
13988,2.68,53.7,0.27
13989,2.81,53.7,0.25
13990,2.93,53.7,0.22
13991,3.06,53.7,0.2
13992,3.18,53.7,0.19
13993,3.31,53.7,0.17
13994,3.43,53.7,0.15
13995,3.56,53.7,0.14
13996,3.68,53.7,0.13
13997,3.81,53.7,0.13
13998,3.93,53.7,0.13
13999,4.06,53.7,0.14
14000,4.18,53.7,0.15
14001,4.31,53.7,0.17
14002,4.43,53.7,0.2
14003,4.56,53.7,0.23
14004,4.68,53.7,0.27
14005,4.81,53.7,0.3
14006,4.93,53.7,0.33
14007,5.06,53.7,0.36
14008,5.18,53.7,0.4
14009,5.31,53.7,0.44
14010,5.43,53.7,0.48
14011,5.56,53.7,0.5
14012,5.68,53.7,0.5
14013,5.81,53.7,0.51
14014,5.93,53.7,0.52
14015,6.06,53.7,0.54
14016,6.18,53.7,0.59
14017,6.31,53.7,0.66
14018,6.43,53.7,0.69
14019,6.56,53.7,0.63
14020,6.68,53.7,0.5
14021,6.81,53.7,0.48
14022,6.93,53.7,0.53
14023,7.06,53.7,0.48
14024,7.18,53.7,0.42
14025,7.31,53.7,0.37
14026,7.43,53.7,0.38
14027,7.56,53.7,0.43
14028,7.68,53.7,0.52
14029,7.81,53.7,0.69
14030,7.93,53.7,0.88
14031,8.06,53.7,0.97
14032,8.18,53.7,0.94
14033,8.31,53.7,0.39
14034,8.43,53.7,0.29
14035,8.56,53.7,1000000
14036,8.68,53.7,1000000
14037,8.81,53.7,1000000
14038,8.93,53.7,1000000
14039,9.06,53.7,1000000
14040,9.18,53.7,1000000
14041,9.31,53.7,1000000
14042,9.43,53.7,1000000
14043,9.56,53.7,1000000
14044,9.68,53.7,1000000
14045,9.81,53.7,1000000
14046,9.93,53.7,1000000
14047,10.06,53.7,1000000
14048,10.18,53.7,1000000
14049,10.31,53.7,1000000
14050,10.43,53.7,1000000
14051,10.56,53.7,1000000
14052,10.68,53.7,1000000
14053,10.81,53.7,1000000
14054,10.93,53.7,1000000
14055,11.06,53.7,1000000
14056,11.18,53.7,1000000
14057,11.31,53.7,1000000
14058,11.43,53.7,1000000
14059,11.56,53.7,1000000
14060,11.68,53.7,1000000
14061,11.81,53.7,1000000
14062,11.93,53.7,1000000
14063,12.06,53.7,1000000
14064,12.18,53.7,1000000
14065,12.31,53.7,1000000
14066,12.43,53.7,1000000
14067,12.56,53.7,1000000
14068,12.68,53.7,1000000
14069,12.81,53.7,1000000
14070,12.93,53.7,1000000
14071,-12.06,53.79,1000000
14072,-11.93,53.79,1000000
14073,-11.81,53.79,0.15
14074,-11.68,53.79,0.14
14075,-11.56,53.79,0.11
14076,-11.43,53.79,0.09
14077,-11.31,53.79,0.08
14078,-11.18,53.79,0.08
14079,-11.06,53.79,0.08
14080,-10.93,53.79,0.09
14081,-10.81,53.79,0.09
14082,-10.68,53.79,0.09
14083,-10.56,53.79,0.11
14084,-10.43,53.79,0.11
14085,-10.31,53.79,0.09
14086,-10.18,53.79,0.07
14087,-10.06,53.79,0.08
14088,-9.93,53.79,0.09
14089,-9.81,53.79,0.06
14090,-9.68,53.79,0.03
14091,-9.56,53.79,1000000
14092,-9.43,53.79,1000000
14093,-9.31,53.79,1000000
14094,-9.18,53.79,1000000
14095,-9.06,53.79,1000000
14096,-8.93,53.79,1000000
14097,-8.81,53.79,1000000
14098,-8.68,53.79,1000000
14099,-8.56,53.79,1000000
14100,-8.43,53.79,1000000
14101,-8.31,53.79,1000000
14102,-8.18,53.79,1000000
14103,-8.06,53.79,1000000
14104,-7.93,53.79,1000000
14105,-7.81,53.79,1000000
14106,-7.68,53.79,1000000
14107,-7.56,53.79,1000000
14108,-7.43,53.79,1000000
14109,-7.31,53.79,1000000
14110,-7.18,53.79,1000000
14111,-7.06,53.79,1000000
14112,-6.93,53.79,1000000
14113,-6.81,53.79,1000000
14114,-6.68,53.79,1000000
14115,-6.56,53.79,1000000
14116,-6.43,53.79,1000000
14117,-6.31,53.79,1000000
14118,-6.18,53.79,0.1
14119,-6.06,53.79,0.12
14120,-5.93,53.79,0.15
14121,-5.81,53.79,0.18
14122,-5.68,53.79,0.21
14123,-5.56,53.79,0.26
14124,-5.43,53.79,0.34
14125,-5.31,53.79,0.43
14126,-5.18,53.79,0.53
14127,-5.06,53.79,0.73
14128,-4.93,53.79,1.15
14129,-4.81,53.79,1.31
14130,-4.68,53.79,1.39
14131,-4.56,53.79,1.65
14132,-4.43,53.79,1.71
14133,-4.31,53.79,1.69
14134,-4.18,53.79,1.61
14135,-4.06,53.79,1.39
14136,-3.93,53.79,1.12
14137,-3.81,53.79,0.93
14138,-3.68,53.79,0.81
14139,-3.56,53.79,0.79
14140,-3.43,53.79,0.79
14141,-3.31,53.79,0.73
14142,-3.18,53.79,0.6
14143,-3.06,53.79,0.47
14144,-2.93,53.79,1000000
14145,-2.81,53.79,1000000
14146,-2.68,53.79,1000000
14147,-2.56,53.79,1000000
14148,-2.43,53.79,1000000
14149,-2.31,53.79,1000000
14150,-2.18,53.79,1000000
14151,-2.06,53.79,1000000
14152,-1.93,53.79,1000000
14153,-1.81,53.79,1000000
14154,-1.68,53.79,1000000
14155,-1.56,53.79,1000000
14156,-1.43,53.79,1000000
14157,-1.31,53.79,1000000
14158,-1.18,53.79,1000000
14159,-1.06,53.79,1000000
14160,-0.93,53.79,1000000
14161,-0.81,53.79,1000000
14162,-0.68,53.79,1000000
14163,-0.56,53.79,1000000
14164,-0.43,53.79,1000000
14165,-0.31,53.79,1000000
14166,-0.18,53.79,1000000
14167,-0.06,53.79,1000000
14168,0.06,53.79,1.04
14169,0.18,53.79,1.1
14170,0.31,53.79,1.06
14171,0.43,53.79,1.05
14172,0.56,53.79,1.02
14173,0.68,53.79,0.96
14174,0.81,53.79,0.89
14175,0.93,53.79,0.76
14176,1.06,53.79,0.64
14177,1.18,53.79,0.57
14178,1.31,53.79,0.55
14179,1.43,53.79,0.54
14180,1.56,53.79,0.53
14181,1.68,53.79,0.48
14182,1.81,53.79,0.42
14183,1.93,53.79,0.41
14184,2.06,53.79,0.4
14185,2.18,53.79,0.36
14186,2.31,53.79,0.34
14187,2.43,53.79,0.33
14188,2.56,53.79,0.29
14189,2.68,53.79,0.24
14190,2.81,53.79,0.21
14191,2.93,53.79,0.19
14192,3.06,53.79,0.18
14193,3.18,53.79,0.17
14194,3.31,53.79,0.17
14195,3.43,53.79,0.15
14196,3.56,53.79,0.14
14197,3.68,53.79,0.14
14198,3.81,53.79,0.13
14199,3.93,53.79,0.13
14200,4.06,53.79,0.14
14201,4.18,53.79,0.15
14202,4.31,53.79,0.16
14203,4.43,53.79,0.19
14204,4.56,53.79,0.21
14205,4.68,53.79,0.24
14206,4.81,53.79,0.27
14207,4.93,53.79,0.3
14208,5.06,53.79,0.32
14209,5.18,53.79,0.36
14210,5.31,53.79,0.4
14211,5.43,53.79,0.43
14212,5.56,53.79,0.45
14213,5.68,53.79,0.47
14214,5.81,53.79,0.48
14215,5.93,53.79,0.48
14216,6.06,53.79,0.5
14217,6.18,53.79,0.54
14218,6.31,53.79,0.58
14219,6.43,53.79,0.63
14220,6.56,53.79,0.63
14221,6.68,53.79,0.59
14222,6.81,53.79,0.59
14223,6.93,53.79,0.61
14224,7.06,53.79,0.6
14225,7.18,53.79,0.58
14226,7.31,53.79,0.53
14227,7.43,53.79,0.5
14228,7.56,53.79,0.51
14229,7.68,53.79,0.6
14230,7.81,53.79,0.86
14231,7.93,53.79,1.23
14232,8.06,53.79,1.3
14233,8.18,53.79,0.96
14234,8.31,53.79,0.48
14235,8.43,53.79,0.35
14236,8.56,53.79,1000000
14237,8.68,53.79,1000000
14238,8.81,53.79,1000000
14239,8.93,53.79,1000000
14240,9.06,53.79,1000000
14241,9.18,53.79,1000000
14242,9.31,53.79,1000000
14243,9.43,53.79,1000000
14244,9.56,53.79,1000000
14245,9.68,53.79,1000000
14246,9.81,53.79,1000000
14247,9.93,53.79,1000000
14248,10.06,53.79,1000000
14249,10.18,53.79,1000000
14250,10.31,53.79,1000000
14251,10.43,53.79,1000000
14252,10.56,53.79,1000000
14253,10.68,53.79,1000000
14254,10.81,53.79,1000000
14255,10.93,53.79,1000000
14256,11.06,53.79,1000000
14257,11.18,53.79,1000000
14258,11.31,53.79,1000000
14259,11.43,53.79,1000000
14260,11.56,53.79,1000000
14261,11.68,53.79,1000000
14262,11.81,53.79,1000000
14263,11.93,53.79,1000000
14264,12.06,53.79,1000000
14265,12.18,53.79,1000000
14266,12.31,53.79,1000000
14267,12.43,53.79,1000000
14268,12.56,53.79,1000000
14269,12.68,53.79,1000000
14270,12.81,53.79,1000000
14271,12.93,53.79,1000000
14272,-12.06,53.87,1000000
14273,-11.93,53.87,1000000
14274,-11.81,53.87,0.16
14275,-11.68,53.87,0.14
14276,-11.56,53.87,0.11
14277,-11.43,53.87,0.1
14278,-11.31,53.87,0.08
14279,-11.18,53.87,0.08
14280,-11.06,53.87,0.08
14281,-10.93,53.87,0.08
14282,-10.81,53.87,0.09
14283,-10.68,53.87,0.08
14284,-10.56,53.87,0.09
14285,-10.43,53.87,0.11
14286,-10.31,53.87,0.12
14287,-10.18,53.87,0.15
14288,-10.06,53.87,0.08
14289,-9.93,53.87,1000000
14290,-9.81,53.87,1000000
14291,-9.68,53.87,1000000
14292,-9.56,53.87,1000000
14293,-9.43,53.87,1000000
14294,-9.31,53.87,1000000
14295,-9.18,53.87,1000000
14296,-9.06,53.87,1000000
14297,-8.93,53.87,1000000
14298,-8.81,53.87,1000000
14299,-8.68,53.87,1000000
14300,-8.56,53.87,1000000
14301,-8.43,53.87,1000000
14302,-8.31,53.87,1000000
14303,-8.18,53.87,1000000
14304,-8.06,53.87,1000000
14305,-7.93,53.87,1000000
14306,-7.81,53.87,1000000
14307,-7.68,53.87,1000000
14308,-7.56,53.87,1000000
14309,-7.43,53.87,1000000
14310,-7.31,53.87,1000000
14311,-7.18,53.87,1000000
14312,-7.06,53.87,1000000
14313,-6.93,53.87,1000000
14314,-6.81,53.87,1000000
14315,-6.68,53.87,1000000
14316,-6.56,53.87,1000000
14317,-6.43,53.87,1000000
14318,-6.31,53.87,0.1
14319,-6.18,53.87,0.1
14320,-6.06,53.87,0.08
14321,-5.93,53.87,0.09
14322,-5.81,53.87,0.11
14323,-5.68,53.87,0.14
14324,-5.56,53.87,0.17
14325,-5.43,53.87,0.22
14326,-5.31,53.87,0.26
14327,-5.18,53.87,0.34
14328,-5.06,53.87,0.59
14329,-4.93,53.87,0.76
14330,-4.81,53.87,0.8
14331,-4.68,53.87,1.41
14332,-4.56,53.87,1.9
14333,-4.43,53.87,1.75
14334,-4.31,53.87,1.65
14335,-4.18,53.87,1.56
14336,-4.06,53.87,1.36
14337,-3.93,53.87,1.1
14338,-3.81,53.87,0.86
14339,-3.68,53.87,0.74
14340,-3.56,53.87,0.72
14341,-3.43,53.87,0.75
14342,-3.31,53.87,0.78
14343,-3.18,53.87,0.68
14344,-3.06,53.87,0.71
14345,-2.93,53.87,1000000
14346,-2.81,53.87,1000000
14347,-2.68,53.87,1000000
14348,-2.56,53.87,1000000
14349,-2.43,53.87,1000000
14350,-2.31,53.87,1000000
14351,-2.18,53.87,1000000
14352,-2.06,53.87,1000000
14353,-1.93,53.87,1000000
14354,-1.81,53.87,1000000
14355,-1.68,53.87,1000000
14356,-1.56,53.87,1000000
14357,-1.43,53.87,1000000
14358,-1.31,53.87,1000000
14359,-1.18,53.87,1000000
14360,-1.06,53.87,1000000
14361,-0.93,53.87,1000000
14362,-0.81,53.87,1000000
14363,-0.68,53.87,1000000
14364,-0.56,53.87,1000000
14365,-0.43,53.87,1000000
14366,-0.31,53.87,1000000
14367,-0.18,53.87,1000000
14368,-0.06,53.87,0.73
14369,0.06,53.87,1.21
14370,0.18,53.87,1.14
14371,0.31,53.87,1.08
14372,0.43,53.87,0.98
14373,0.56,53.87,0.91
14374,0.68,53.87,0.83
14375,0.81,53.87,0.73
14376,0.93,53.87,0.63
14377,1.06,53.87,0.55
14378,1.18,53.87,0.51
14379,1.31,53.87,0.48
14380,1.43,53.87,0.45
14381,1.56,53.87,0.41
14382,1.68,53.87,0.4
14383,1.81,53.87,0.39
14384,1.93,53.87,0.38
14385,2.06,53.87,0.38
14386,2.18,53.87,0.34
14387,2.31,53.87,0.31
14388,2.43,53.87,0.29
14389,2.56,53.87,0.27
14390,2.68,53.87,0.24
14391,2.81,53.87,0.21
14392,2.93,53.87,0.18
14393,3.06,53.87,0.16
14394,3.18,53.87,0.16
14395,3.31,53.87,0.16
14396,3.43,53.87,0.15
14397,3.56,53.87,0.14
14398,3.68,53.87,0.14
14399,3.81,53.87,0.13
14400,3.93,53.87,0.13
14401,4.06,53.87,0.14
14402,4.18,53.87,0.15
14403,4.31,53.87,0.16
14404,4.43,53.87,0.18
14405,4.56,53.87,0.2
14406,4.68,53.87,0.22
14407,4.81,53.87,0.24
14408,4.93,53.87,0.27
14409,5.06,53.87,0.29
14410,5.18,53.87,0.32
14411,5.31,53.87,0.36
14412,5.43,53.87,0.38
14413,5.56,53.87,0.41
14414,5.68,53.87,0.43
14415,5.81,53.87,0.44
14416,5.93,53.87,0.45
14417,6.06,53.87,0.47
14418,6.18,53.87,0.5
14419,6.31,53.87,0.54
14420,6.43,53.87,0.58
14421,6.56,53.87,0.59
14422,6.68,53.87,0.57
14423,6.81,53.87,0.58
14424,6.93,53.87,0.58
14425,7.06,53.87,0.58
14426,7.18,53.87,0.59
14427,7.31,53.87,0.57
14428,7.43,53.87,0.56
14429,7.56,53.87,0.54
14430,7.68,53.87,0.55
14431,7.81,53.87,0.68
14432,7.93,53.87,0.95
14433,8.06,53.87,1.26
14434,8.18,53.87,1.06
14435,8.31,53.87,0.57
14436,8.43,53.87,0.34
14437,8.56,53.87,0.22
14438,8.68,53.87,1000000
14439,8.81,53.87,0.36
14440,8.93,53.87,1000000
14441,9.06,53.87,1000000
14442,9.18,53.87,1000000
14443,9.31,53.87,1000000
14444,9.43,53.87,1000000
14445,9.56,53.87,1000000
14446,9.68,53.87,1000000
14447,9.81,53.87,1000000
14448,9.93,53.87,1000000
14449,10.06,53.87,1000000
14450,10.18,53.87,1000000
14451,10.31,53.87,1000000
14452,10.43,53.87,1000000
14453,10.56,53.87,1000000
14454,10.68,53.87,1000000
14455,10.81,53.87,1000000
14456,10.93,53.87,1000000
14457,11.06,53.87,1000000
14458,11.18,53.87,1000000
14459,11.31,53.87,1000000
14460,11.43,53.87,1000000
14461,11.56,53.87,1000000
14462,11.68,53.87,1000000
14463,11.81,53.87,1000000
14464,11.93,53.87,1000000
14465,12.06,53.87,1000000
14466,12.18,53.87,1000000
14467,12.31,53.87,1000000
14468,12.43,53.87,1000000
14469,12.56,53.87,1000000
14470,12.68,53.87,1000000
14471,12.81,53.87,1000000
14472,12.93,53.87,1000000
14473,-12.06,53.95,1000000
14474,-11.93,53.95,1000000
14475,-11.81,53.95,0.15
14476,-11.68,53.95,0.13
14477,-11.56,53.95,0.1
14478,-11.43,53.95,0.09
14479,-11.31,53.95,0.08
14480,-11.18,53.95,0.07
14481,-11.06,53.95,0.07
14482,-10.93,53.95,0.07
14483,-10.81,53.95,0.08
14484,-10.68,53.95,0.08
14485,-10.56,53.95,0.08
14486,-10.43,53.95,0.09
14487,-10.31,53.95,0.11
14488,-10.18,53.95,0.15
14489,-10.06,53.95,1000000
14490,-9.93,53.95,1000000
14491,-9.81,53.95,1000000
14492,-9.68,53.95,1000000
14493,-9.56,53.95,1000000
14494,-9.43,53.95,1000000
14495,-9.31,53.95,1000000
14496,-9.18,53.95,1000000
14497,-9.06,53.95,1000000
14498,-8.93,53.95,1000000
14499,-8.81,53.95,1000000
14500,-8.68,53.95,1000000
14501,-8.56,53.95,1000000
14502,-8.43,53.95,1000000
14503,-8.31,53.95,1000000
14504,-8.18,53.95,1000000
14505,-8.06,53.95,1000000
14506,-7.93,53.95,1000000
14507,-7.81,53.95,1000000
14508,-7.68,53.95,1000000
14509,-7.56,53.95,1000000
14510,-7.43,53.95,1000000
14511,-7.31,53.95,1000000
14512,-7.18,53.95,1000000
14513,-7.06,53.95,1000000
14514,-6.93,53.95,1000000
14515,-6.81,53.95,1000000
14516,-6.68,53.95,1000000
14517,-6.56,53.95,1000000
14518,-6.43,53.95,1000000
14519,-6.31,53.95,0.08
14520,-6.18,53.95,0.07
14521,-6.06,53.95,0.05
14522,-5.93,53.95,0.05
14523,-5.81,53.95,0.07
14524,-5.68,53.95,0.08
14525,-5.56,53.95,0.11
14526,-5.43,53.95,0.13
14527,-5.31,53.95,0.17
14528,-5.18,53.95,0.22
14529,-5.06,53.95,0.34
14530,-4.93,53.95,0.56
14531,-4.81,53.95,0.96
14532,-4.68,53.95,1.64
14533,-4.56,53.95,2.06
14534,-4.43,53.95,2.05
14535,-4.31,53.95,1.74
14536,-4.18,53.95,1.51
14537,-4.06,53.95,1.29
14538,-3.93,53.95,1.01
14539,-3.81,53.95,0.74
14540,-3.68,53.95,0.64
14541,-3.56,53.95,0.69
14542,-3.43,53.95,0.78
14543,-3.31,53.95,0.91
14544,-3.18,53.95,1.11
14545,-3.06,53.95,1.49
14546,-2.93,53.95,1.13
14547,-2.81,53.95,1000000
14548,-2.68,53.95,1000000
14549,-2.56,53.95,1000000
14550,-2.43,53.95,1000000
14551,-2.31,53.95,1000000
14552,-2.18,53.95,1000000
14553,-2.06,53.95,1000000
14554,-1.93,53.95,1000000
14555,-1.81,53.95,1000000
14556,-1.68,53.95,1000000
14557,-1.56,53.95,1000000
14558,-1.43,53.95,1000000
14559,-1.31,53.95,1000000
14560,-1.18,53.95,1000000
14561,-1.06,53.95,1000000
14562,-0.93,53.95,1000000
14563,-0.81,53.95,1000000
14564,-0.68,53.95,1000000
14565,-0.56,53.95,1000000
14566,-0.43,53.95,1000000
14567,-0.31,53.95,1000000
14568,-0.18,53.95,1000000
14569,-0.06,53.95,0.67
14570,0.06,53.95,1.1
14571,0.18,53.95,1.13
14572,0.31,53.95,1.11
14573,0.43,53.95,1
14574,0.56,53.95,0.86
14575,0.68,53.95,0.75
14576,0.81,53.95,0.63
14577,0.93,53.95,0.52
14578,1.06,53.95,0.46
14579,1.18,53.95,0.42
14580,1.31,53.95,0.4
14581,1.43,53.95,0.37
14582,1.56,53.95,0.35
14583,1.68,53.95,0.33
14584,1.81,53.95,0.34
14585,1.93,53.95,0.34
14586,2.06,53.95,0.33
14587,2.18,53.95,0.3
14588,2.31,53.95,0.28
14589,2.43,53.95,0.26
14590,2.56,53.95,0.24
14591,2.68,53.95,0.22
14592,2.81,53.95,0.2
14593,2.93,53.95,0.19
14594,3.06,53.95,0.17
14595,3.18,53.95,0.16
14596,3.31,53.95,0.15
14597,3.43,53.95,0.14
14598,3.56,53.95,0.13
14599,3.68,53.95,0.13
14600,3.81,53.95,0.13
14601,3.93,53.95,0.13
14602,4.06,53.95,0.14
14603,4.18,53.95,0.14
14604,4.31,53.95,0.16
14605,4.43,53.95,0.17
14606,4.56,53.95,0.19
14607,4.68,53.95,0.21
14608,4.81,53.95,0.23
14609,4.93,53.95,0.25
14610,5.06,53.95,0.27
14611,5.18,53.95,0.29
14612,5.31,53.95,0.32
14613,5.43,53.95,0.35
14614,5.56,53.95,0.37
14615,5.68,53.95,0.4
14616,5.81,53.95,0.41
14617,5.93,53.95,0.42
14618,6.06,53.95,0.44
14619,6.18,53.95,0.47
14620,6.31,53.95,0.5
14621,6.43,53.95,0.53
14622,6.56,53.95,0.54
14623,6.68,53.95,0.54
14624,6.81,53.95,0.55
14625,6.93,53.95,0.55
14626,7.06,53.95,0.54
14627,7.18,53.95,0.54
14628,7.31,53.95,0.53
14629,7.43,53.95,0.52
14630,7.56,53.95,0.5
14631,7.68,53.95,0.5
14632,7.81,53.95,0.53
14633,7.93,53.95,0.64
14634,8.06,53.95,0.89
14635,8.18,53.95,1.24
14636,8.31,53.95,1.2
14637,8.43,53.95,0.88
14638,8.56,53.95,0.71
14639,8.68,53.95,0.81
14640,8.81,53.95,1
14641,8.93,53.95,1000000
14642,9.06,53.95,1000000
14643,9.18,53.95,1000000
14644,9.31,53.95,1000000
14645,9.43,53.95,1000000
14646,9.56,53.95,1000000
14647,9.68,53.95,1000000
14648,9.81,53.95,1000000
14649,9.93,53.95,1000000
14650,10.06,53.95,1000000
14651,10.18,53.95,1000000
14652,10.31,53.95,1000000
14653,10.43,53.95,1000000
14654,10.56,53.95,1000000
14655,10.68,53.95,1000000
14656,10.81,53.95,1000000
14657,10.93,53.95,1000000
14658,11.06,53.95,1000000
14659,11.18,53.95,1000000
14660,11.31,53.95,1000000
14661,11.43,53.95,1000000
14662,11.56,53.95,1000000
14663,11.68,53.95,1000000
14664,11.81,53.95,1000000
14665,11.93,53.95,1000000
14666,12.06,53.95,1000000
14667,12.18,53.95,1000000
14668,12.31,53.95,1000000
14669,12.43,53.95,1000000
14670,12.56,53.95,1000000
14671,12.68,53.95,1000000
14672,12.81,53.95,1000000
14673,12.93,53.95,1000000
14674,-12.06,54.04,1000000
14675,-11.93,54.04,1000000
14676,-11.81,54.04,0.09
14677,-11.68,54.04,0.1
14678,-11.56,54.04,0.08
14679,-11.43,54.04,0.07
14680,-11.31,54.04,0.06
14681,-11.18,54.04,0.05
14682,-11.06,54.04,0.05
14683,-10.93,54.04,0.05
14684,-10.81,54.04,0.06
14685,-10.68,54.04,0.07
14686,-10.56,54.04,0.07
14687,-10.43,54.04,0.08
14688,-10.31,54.04,0.1
14689,-10.18,54.04,0.1
14690,-10.06,54.04,0.02
14691,-9.93,54.04,0.01
14692,-9.81,54.04,1000000
14693,-9.68,54.04,1000000
14694,-9.56,54.04,1000000
14695,-9.43,54.04,1000000
14696,-9.31,54.04,1000000
14697,-9.18,54.04,1000000
14698,-9.06,54.04,1000000
14699,-8.93,54.04,1000000
14700,-8.81,54.04,1000000
14701,-8.68,54.04,1000000
14702,-8.56,54.04,1000000
14703,-8.43,54.04,1000000
14704,-8.31,54.04,1000000
14705,-8.18,54.04,1000000
14706,-8.06,54.04,1000000
14707,-7.93,54.04,1000000
14708,-7.81,54.04,1000000
14709,-7.68,54.04,1000000
14710,-7.56,54.04,1000000
14711,-7.43,54.04,1000000
14712,-7.31,54.04,1000000
14713,-7.18,54.04,1000000
14714,-7.06,54.04,1000000
14715,-6.93,54.04,1000000
14716,-6.81,54.04,1000000
14717,-6.68,54.04,1000000
14718,-6.56,54.04,1000000
14719,-6.43,54.04,1000000
14720,-6.31,54.04,1000000
14721,-6.18,54.04,1000000
14722,-6.06,54.04,0.04
14723,-5.93,54.04,0.04
14724,-5.81,54.04,0.06
14725,-5.68,54.04,0.06
14726,-5.56,54.04,0.07
14727,-5.43,54.04,0.09
14728,-5.31,54.04,0.12
14729,-5.18,54.04,0.12
14730,-5.06,54.04,0.18
14731,-4.93,54.04,0.49
14732,-4.81,54.04,1.41
14733,-4.68,54.04,2.05
14734,-4.56,54.04,2.52
14735,-4.43,54.04,2.72
14736,-4.31,54.04,1.85
14737,-4.18,54.04,1.4
14738,-4.06,54.04,1.1
14739,-3.93,54.04,0.78
14740,-3.81,54.04,0.59
14741,-3.68,54.04,0.56
14742,-3.56,54.04,0.57
14743,-3.43,54.04,0.61
14744,-3.31,54.04,0.91
14745,-3.18,54.04,1.49
14746,-3.06,54.04,1.76
14747,-2.93,54.04,0.88
14748,-2.81,54.04,1000000
14749,-2.68,54.04,1000000
14750,-2.56,54.04,1000000
14751,-2.43,54.04,1000000
14752,-2.31,54.04,1000000
14753,-2.18,54.04,1000000
14754,-2.06,54.04,1000000
14755,-1.93,54.04,1000000
14756,-1.81,54.04,1000000
14757,-1.68,54.04,1000000
14758,-1.56,54.04,1000000
14759,-1.43,54.04,1000000
14760,-1.31,54.04,1000000
14761,-1.18,54.04,1000000
14762,-1.06,54.04,1000000
14763,-0.93,54.04,1000000
14764,-0.81,54.04,1000000
14765,-0.68,54.04,1000000
14766,-0.56,54.04,1000000
14767,-0.43,54.04,1000000
14768,-0.31,54.04,1000000
14769,-0.18,54.04,0.09
14770,-0.06,54.04,1.05
14771,0.06,54.04,1.09
14772,0.18,54.04,1.03
14773,0.31,54.04,1.01
14774,0.43,54.04,0.97
14775,0.56,54.04,0.86
14776,0.68,54.04,0.74
14777,0.81,54.04,0.61
14778,0.93,54.04,0.49
14779,1.06,54.04,0.41
14780,1.18,54.04,0.37
14781,1.31,54.04,0.37
14782,1.43,54.04,0.38
14783,1.56,54.04,0.35
14784,1.68,54.04,0.33
14785,1.81,54.04,0.33
14786,1.93,54.04,0.32
14787,2.06,54.04,0.29
14788,2.18,54.04,0.26
14789,2.31,54.04,0.23
14790,2.43,54.04,0.22
14791,2.56,54.04,0.21
14792,2.68,54.04,0.19
14793,2.81,54.04,0.18
14794,2.93,54.04,0.18
14795,3.06,54.04,0.18
14796,3.18,54.04,0.17
14797,3.31,54.04,0.15
14798,3.43,54.04,0.14
14799,3.56,54.04,0.13
14800,3.68,54.04,0.13
14801,3.81,54.04,0.13
14802,3.93,54.04,0.13
14803,4.06,54.04,0.13
14804,4.18,54.04,0.14
14805,4.31,54.04,0.15
14806,4.43,54.04,0.16
14807,4.56,54.04,0.18
14808,4.68,54.04,0.19
14809,4.81,54.04,0.21
14810,4.93,54.04,0.23
14811,5.06,54.04,0.25
14812,5.18,54.04,0.27
14813,5.31,54.04,0.29
14814,5.43,54.04,0.32
14815,5.56,54.04,0.34
14816,5.68,54.04,0.36
14817,5.81,54.04,0.37
14818,5.93,54.04,0.39
14819,6.06,54.04,0.41
14820,6.18,54.04,0.43
14821,6.31,54.04,0.46
14822,6.43,54.04,0.48
14823,6.56,54.04,0.49
14824,6.68,54.04,0.5
14825,6.81,54.04,0.51
14826,6.93,54.04,0.51
14827,7.06,54.04,0.5
14828,7.18,54.04,0.49
14829,7.31,54.04,0.49
14830,7.43,54.04,0.48
14831,7.56,54.04,0.48
14832,7.68,54.04,0.47
14833,7.81,54.04,0.48
14834,7.93,54.04,0.53
14835,8.06,54.04,0.72
14836,8.18,54.04,1.09
14837,8.31,54.04,1.41
14838,8.43,54.04,1.26
14839,8.56,54.04,1
14840,8.68,54.04,1.03
14841,8.81,54.04,0.92
14842,8.93,54.04,0.71
14843,9.06,54.04,1000000
14844,9.18,54.04,1000000
14845,9.31,54.04,1000000
14846,9.43,54.04,1000000
14847,9.56,54.04,1000000
14848,9.68,54.04,1000000
14849,9.81,54.04,1000000
14850,9.93,54.04,1000000
14851,10.06,54.04,1000000
14852,10.18,54.04,1000000
14853,10.31,54.04,1000000
14854,10.43,54.04,1000000
14855,10.56,54.04,1000000
14856,10.68,54.04,1000000
14857,10.81,54.04,1000000
14858,10.93,54.04,1000000
14859,11.06,54.04,1000000
14860,11.18,54.04,1000000
14861,11.31,54.04,1000000
14862,11.43,54.04,1000000
14863,11.56,54.04,1000000
14864,11.68,54.04,1000000
14865,11.81,54.04,1000000
14866,11.93,54.04,1000000
14867,12.06,54.04,1000000
14868,12.18,54.04,1000000
14869,12.31,54.04,1000000
14870,12.43,54.04,1000000
14871,12.56,54.04,1000000
14872,12.68,54.04,1000000
14873,12.81,54.04,1000000
14874,12.93,54.04,1000000
14875,-12.06,54.12,1000000
14876,-11.93,54.12,1000000
14877,-11.81,54.12,0.03
14878,-11.68,54.12,0.05
14879,-11.56,54.12,0.05
14880,-11.43,54.12,0.05
14881,-11.31,54.12,0.04
14882,-11.18,54.12,0.04
14883,-11.06,54.12,0.04
14884,-10.93,54.12,0.04
14885,-10.81,54.12,0.04
14886,-10.68,54.12,0.05
14887,-10.56,54.12,0.05
14888,-10.43,54.12,0.06
14889,-10.31,54.12,0.08
14890,-10.18,54.12,0.12
14891,-10.06,54.12,0.07
14892,-9.93,54.12,1000000
14893,-9.81,54.12,1000000
14894,-9.68,54.12,1000000
14895,-9.56,54.12,1000000
14896,-9.43,54.12,1000000
14897,-9.31,54.12,1000000
14898,-9.18,54.12,1000000
14899,-9.06,54.12,1000000
14900,-8.93,54.12,1000000
14901,-8.81,54.12,1000000
14902,-8.68,54.12,1000000
14903,-8.56,54.12,1000000
14904,-8.43,54.12,1000000
14905,-8.31,54.12,1000000
14906,-8.18,54.12,1000000
14907,-8.06,54.12,1000000
14908,-7.93,54.12,1000000
14909,-7.81,54.12,1000000
14910,-7.68,54.12,1000000
14911,-7.56,54.12,1000000
14912,-7.43,54.12,1000000
14913,-7.31,54.12,1000000
14914,-7.18,54.12,1000000
14915,-7.06,54.12,1000000
14916,-6.93,54.12,1000000
14917,-6.81,54.12,1000000
14918,-6.68,54.12,1000000
14919,-6.56,54.12,1000000
14920,-6.43,54.12,1000000
14921,-6.31,54.12,1000000
14922,-6.18,54.12,1000000
14923,-6.06,54.12,1000000
14924,-5.93,54.12,1000000
14925,-5.81,54.12,0.04
14926,-5.68,54.12,0.03
14927,-5.56,54.12,0.04
14928,-5.43,54.12,0.06
14929,-5.31,54.12,0.06
14930,-5.18,54.12,0.05
14931,-5.06,54.12,0.06
14932,-4.93,54.12,0.16
14933,-4.81,54.12,0.42
14934,-4.68,54.12,1000000
14935,-4.56,54.12,1000000
14936,-4.43,54.12,1.78
14937,-4.31,54.12,1.36
14938,-4.18,54.12,1
14939,-4.06,54.12,0.75
14940,-3.93,54.12,0.58
14941,-3.81,54.12,0.52
14942,-3.68,54.12,0.43
14943,-3.56,54.12,0.3
14944,-3.43,54.12,0.26
14945,-3.31,54.12,0.28
14946,-3.18,54.12,1000000
14947,-3.06,54.12,0.82
14948,-2.93,54.12,0.44
14949,-2.81,54.12,1000000
14950,-2.68,54.12,1000000
14951,-2.56,54.12,1000000
14952,-2.43,54.12,1000000
14953,-2.31,54.12,1000000
14954,-2.18,54.12,1000000
14955,-2.06,54.12,1000000
14956,-1.93,54.12,1000000
14957,-1.81,54.12,1000000
14958,-1.68,54.12,1000000
14959,-1.56,54.12,1000000
14960,-1.43,54.12,1000000
14961,-1.31,54.12,1000000
14962,-1.18,54.12,1000000
14963,-1.06,54.12,1000000
14964,-0.93,54.12,1000000
14965,-0.81,54.12,1000000
14966,-0.68,54.12,1000000
14967,-0.56,54.12,1000000
14968,-0.43,54.12,1000000
14969,-0.31,54.12,1000000
14970,-0.18,54.12,1000000
14971,-0.06,54.12,1.39
14972,0.06,54.12,1.24
14973,0.18,54.12,1.01
14974,0.31,54.12,0.91
14975,0.43,54.12,0.87
14976,0.56,54.12,0.8
14977,0.68,54.12,0.73
14978,0.81,54.12,0.65
14979,0.93,54.12,0.54
14980,1.06,54.12,0.44
14981,1.18,54.12,0.38
14982,1.31,54.12,0.36
14983,1.43,54.12,0.37
14984,1.56,54.12,0.35
14985,1.68,54.12,0.3
14986,1.81,54.12,0.28
14987,1.93,54.12,0.29
14988,2.06,54.12,0.27
14989,2.18,54.12,0.23
14990,2.31,54.12,0.19
14991,2.43,54.12,0.17
14992,2.56,54.12,0.17
14993,2.68,54.12,0.16
14994,2.81,54.12,0.16
14995,2.93,54.12,0.16
14996,3.06,54.12,0.16
14997,3.18,54.12,0.15
14998,3.31,54.12,0.14
14999,3.43,54.12,0.13
15000,3.56,54.12,0.13
15001,3.68,54.12,0.12
15002,3.81,54.12,0.12
15003,3.93,54.12,0.12
15004,4.06,54.12,0.13
15005,4.18,54.12,0.13
15006,4.31,54.12,0.14
15007,4.43,54.12,0.15
15008,4.56,54.12,0.17
15009,4.68,54.12,0.18
15010,4.81,54.12,0.2
15011,4.93,54.12,0.21
15012,5.06,54.12,0.23
15013,5.18,54.12,0.25
15014,5.31,54.12,0.27
15015,5.43,54.12,0.29
15016,5.56,54.12,0.31
15017,5.68,54.12,0.32
15018,5.81,54.12,0.34
15019,5.93,54.12,0.36
15020,6.06,54.12,0.38
15021,6.18,54.12,0.4
15022,6.31,54.12,0.41
15023,6.43,54.12,0.43
15024,6.56,54.12,0.45
15025,6.68,54.12,0.47
15026,6.81,54.12,0.48
15027,6.93,54.12,0.48
15028,7.06,54.12,0.46
15029,7.18,54.12,0.45
15030,7.31,54.12,0.45
15031,7.43,54.12,0.45
15032,7.56,54.12,0.45
15033,7.68,54.12,0.45
15034,7.81,54.12,0.46
15035,7.93,54.12,0.51
15036,8.06,54.12,0.66
15037,8.18,54.12,0.91
15038,8.31,54.12,1.14
15039,8.43,54.12,1.27
15040,8.56,54.12,1.21
15041,8.68,54.12,1.06
15042,8.81,54.12,0.67
15043,8.93,54.12,0.33
15044,9.06,54.12,1000000
15045,9.18,54.12,1000000
15046,9.31,54.12,1000000
15047,9.43,54.12,1000000
15048,9.56,54.12,1000000
15049,9.68,54.12,1000000
15050,9.81,54.12,1000000
15051,9.93,54.12,1000000
15052,10.06,54.12,1000000
15053,10.18,54.12,1000000
15054,10.31,54.12,1000000
15055,10.43,54.12,1000000
15056,10.56,54.12,1000000
15057,10.68,54.12,1000000
15058,10.81,54.12,1000000
15059,10.93,54.12,1000000
15060,11.06,54.12,1000000
15061,11.18,54.12,1000000
15062,11.31,54.12,1000000
15063,11.43,54.12,1000000
15064,11.56,54.12,1000000
15065,11.68,54.12,1000000
15066,11.81,54.12,1000000
15067,11.93,54.12,1000000
15068,12.06,54.12,1000000
15069,12.18,54.12,1000000
15070,12.31,54.12,1000000
15071,12.43,54.12,1000000
15072,12.56,54.12,1000000
15073,12.68,54.12,1000000
15074,12.81,54.12,1000000
15075,12.93,54.12,1000000
15076,-12.06,54.2,1000000
15077,-11.93,54.2,1000000
15078,-11.81,54.2,0.01
15079,-11.68,54.2,0.02
15080,-11.56,54.2,0.03
15081,-11.43,54.2,0.04
15082,-11.31,54.2,0.03
15083,-11.18,54.2,0.03
15084,-11.06,54.2,0.02
15085,-10.93,54.2,0.03
15086,-10.81,54.2,0.03
15087,-10.68,54.2,0.03
15088,-10.56,54.2,0.04
15089,-10.43,54.2,0.04
15090,-10.31,54.2,0.04
15091,-10.18,54.2,0.07
15092,-10.06,54.2,1000000
15093,-9.93,54.2,1000000
15094,-9.81,54.2,1000000
15095,-9.68,54.2,1000000
15096,-9.56,54.2,1000000
15097,-9.43,54.2,1000000
15098,-9.31,54.2,1000000
15099,-9.18,54.2,8.31E-03
15100,-9.06,54.2,1000000
15101,-8.93,54.2,1000000
15102,-8.81,54.2,1000000
15103,-8.68,54.2,1000000
15104,-8.56,54.2,1000000
15105,-8.43,54.2,1000000
15106,-8.31,54.2,1000000
15107,-8.18,54.2,1000000
15108,-8.06,54.2,1000000
15109,-7.93,54.2,1000000
15110,-7.81,54.2,1000000
15111,-7.68,54.2,1000000
15112,-7.56,54.2,1000000
15113,-7.43,54.2,1000000
15114,-7.31,54.2,1000000
15115,-7.18,54.2,1000000
15116,-7.06,54.2,1000000
15117,-6.93,54.2,1000000
15118,-6.81,54.2,1000000
15119,-6.68,54.2,1000000
15120,-6.56,54.2,1000000
15121,-6.43,54.2,1000000
15122,-6.31,54.2,1000000
15123,-6.18,54.2,1000000
15124,-6.06,54.2,1000000
15125,-5.93,54.2,1000000
15126,-5.81,54.2,0.02
15127,-5.68,54.2,0.02
15128,-5.56,54.2,0.03
15129,-5.43,54.2,0.04
15130,-5.31,54.2,0.04
15131,-5.18,54.2,0.05
15132,-5.06,54.2,0.06
15133,-4.93,54.2,0.06
15134,-4.81,54.2,0.08
15135,-4.68,54.2,1000000
15136,-4.56,54.2,1000000
15137,-4.43,54.2,1000000
15138,-4.31,54.2,0.57
15139,-4.18,54.2,0.51
15140,-4.06,54.2,0.5
15141,-3.93,54.2,0.46
15142,-3.81,54.2,0.35
15143,-3.68,54.2,0.23
15144,-3.56,54.2,0.23
15145,-3.43,54.2,0.21
15146,-3.31,54.2,0.17
15147,-3.18,54.2,1000000
15148,-3.06,54.2,1000000
15149,-2.93,54.2,1000000
15150,-2.81,54.2,1000000
15151,-2.68,54.2,1000000
15152,-2.56,54.2,1000000
15153,-2.43,54.2,1000000
15154,-2.31,54.2,1000000
15155,-2.18,54.2,1000000
15156,-2.06,54.2,1000000
15157,-1.93,54.2,1000000
15158,-1.81,54.2,1000000
15159,-1.68,54.2,1000000
15160,-1.56,54.2,1000000
15161,-1.43,54.2,1000000
15162,-1.31,54.2,1000000
15163,-1.18,54.2,1000000
15164,-1.06,54.2,1000000
15165,-0.93,54.2,1000000
15166,-0.81,54.2,1000000
15167,-0.68,54.2,1000000
15168,-0.56,54.2,1000000
15169,-0.43,54.2,1000000
15170,-0.31,54.2,1000000
15171,-0.18,54.2,0.93
15172,-0.06,54.2,1.35
15173,0.06,54.2,1.24
15174,0.18,54.2,1.02
15175,0.31,54.2,0.86
15176,0.43,54.2,0.79
15177,0.56,54.2,0.74
15178,0.68,54.2,0.7
15179,0.81,54.2,0.7
15180,0.93,54.2,0.62
15181,1.06,54.2,0.5
15182,1.18,54.2,0.42
15183,1.31,54.2,0.36
15184,1.43,54.2,0.33
15185,1.56,54.2,0.31
15186,1.68,54.2,0.28
15187,1.81,54.2,0.25
15188,1.93,54.2,0.24
15189,2.06,54.2,0.25
15190,2.18,54.2,0.24
15191,2.31,54.2,0.2
15192,2.43,54.2,0.17
15193,2.56,54.2,0.15
15194,2.68,54.2,0.15
15195,2.81,54.2,0.15
15196,2.93,54.2,0.14
15197,3.06,54.2,0.14
15198,3.18,54.2,0.13
15199,3.31,54.2,0.13
15200,3.43,54.2,0.13
15201,3.56,54.2,0.12
15202,3.68,54.2,0.12
15203,3.81,54.2,0.12
15204,3.93,54.2,0.12
15205,4.06,54.2,0.12
15206,4.18,54.2,0.13
15207,4.31,54.2,0.13
15208,4.43,54.2,0.14
15209,4.56,54.2,0.16
15210,4.68,54.2,0.17
15211,4.81,54.2,0.18
15212,4.93,54.2,0.2
15213,5.06,54.2,0.21
15214,5.18,54.2,0.23
15215,5.31,54.2,0.25
15216,5.43,54.2,0.27
15217,5.56,54.2,0.28
15218,5.68,54.2,0.3
15219,5.81,54.2,0.31
15220,5.93,54.2,0.32
15221,6.06,54.2,0.34
15222,6.18,54.2,0.36
15223,6.31,54.2,0.38
15224,6.43,54.2,0.39
15225,6.56,54.2,0.41
15226,6.68,54.2,0.43
15227,6.81,54.2,0.45
15228,6.93,54.2,0.45
15229,7.06,54.2,0.43
15230,7.18,54.2,0.41
15231,7.31,54.2,0.41
15232,7.43,54.2,0.42
15233,7.56,54.2,0.42
15234,7.68,54.2,0.42
15235,7.81,54.2,0.47
15236,7.93,54.2,0.51
15237,8.06,54.2,0.55
15238,8.18,54.2,0.71
15239,8.31,54.2,0.86
15240,8.43,54.2,0.92
15241,8.56,54.2,1.42
15242,8.68,54.2,1.26
15243,8.81,54.2,1.05
15244,8.93,54.2,1000000
15245,9.06,54.2,1000000
15246,9.18,54.2,1000000
15247,9.31,54.2,1000000
15248,9.43,54.2,1000000
15249,9.56,54.2,1000000
15250,9.68,54.2,1000000
15251,9.81,54.2,1000000
15252,9.93,54.2,1000000
15253,10.06,54.2,1000000
15254,10.18,54.2,1000000
15255,10.31,54.2,1000000
15256,10.43,54.2,1000000
15257,10.56,54.2,1000000
15258,10.68,54.2,1000000
15259,10.81,54.2,1000000
15260,10.93,54.2,1000000
15261,11.06,54.2,1000000
15262,11.18,54.2,1000000
15263,11.31,54.2,1000000
15264,11.43,54.2,1000000
15265,11.56,54.2,1000000
15266,11.68,54.2,1000000
15267,11.81,54.2,1000000
15268,11.93,54.2,1000000
15269,12.06,54.2,1000000
15270,12.18,54.2,1000000
15271,12.31,54.2,1000000
15272,12.43,54.2,1000000
15273,12.56,54.2,1000000
15274,12.68,54.2,1000000
15275,12.81,54.2,1000000
15276,12.93,54.2,1000000
15277,-12.06,54.29,1000000
15278,-11.93,54.29,1000000
15279,-11.81,54.29,0.01
15280,-11.68,54.29,0.01
15281,-11.56,54.29,0.01
15282,-11.43,54.29,0.02
15283,-11.31,54.29,0.02
15284,-11.18,54.29,0.02
15285,-11.06,54.29,0.02
15286,-10.93,54.29,0.02
15287,-10.81,54.29,0.02
15288,-10.68,54.29,0.03
15289,-10.56,54.29,0.03
15290,-10.43,54.29,0.02
15291,-10.31,54.29,0.02
15292,-10.18,54.29,0.03
15293,-10.06,54.29,7.20E-03
15294,-9.93,54.29,7.50E-03
15295,-9.81,54.29,1000000
15296,-9.68,54.29,1000000
15297,-9.56,54.29,1000000
15298,-9.43,54.29,1000000
15299,-9.31,54.29,1000000
15300,-9.18,54.29,0.01
15301,-9.06,54.29,0.01
15302,-8.93,54.29,0.01
15303,-8.81,54.29,6.91E-03
15304,-8.68,54.29,4.01E-03
15305,-8.56,54.29,1000000
15306,-8.43,54.29,1000000
15307,-8.31,54.29,1000000
15308,-8.18,54.29,1000000
15309,-8.06,54.29,1000000
15310,-7.93,54.29,1000000
15311,-7.81,54.29,1000000
15312,-7.68,54.29,1000000
15313,-7.56,54.29,1000000
15314,-7.43,54.29,1000000
15315,-7.31,54.29,1000000
15316,-7.18,54.29,1000000
15317,-7.06,54.29,1000000
15318,-6.93,54.29,1000000
15319,-6.81,54.29,1000000
15320,-6.68,54.29,1000000
15321,-6.56,54.29,1000000
15322,-6.43,54.29,1000000
15323,-6.31,54.29,1000000
15324,-6.18,54.29,1000000
15325,-6.06,54.29,1000000
15326,-5.93,54.29,1000000
15327,-5.81,54.29,1000000
15328,-5.68,54.29,1000000
15329,-5.56,54.29,1000000
15330,-5.43,54.29,0.06
15331,-5.31,54.29,0.12
15332,-5.18,54.29,0.1
15333,-5.06,54.29,0.08
15334,-4.93,54.29,0.07
15335,-4.81,54.29,0.14
15336,-4.68,54.29,0.43
15337,-4.56,54.29,1000000
15338,-4.43,54.29,1000000
15339,-4.31,54.29,0.11
15340,-4.18,54.29,0.18
15341,-4.06,54.29,0.31
15342,-3.93,54.29,0.24
15343,-3.81,54.29,0.2
15344,-3.68,54.29,0.26
15345,-3.56,54.29,0.31
15346,-3.43,54.29,0.25
15347,-3.31,54.29,1000000
15348,-3.18,54.29,1000000
15349,-3.06,54.29,1000000
15350,-2.93,54.29,1000000
15351,-2.81,54.29,1000000
15352,-2.68,54.29,1000000
15353,-2.56,54.29,1000000
15354,-2.43,54.29,1000000
15355,-2.31,54.29,1000000
15356,-2.18,54.29,1000000
15357,-2.06,54.29,1000000
15358,-1.93,54.29,1000000
15359,-1.81,54.29,1000000
15360,-1.68,54.29,1000000
15361,-1.56,54.29,1000000
15362,-1.43,54.29,1000000
15363,-1.31,54.29,1000000
15364,-1.18,54.29,1000000
15365,-1.06,54.29,1000000
15366,-0.93,54.29,1000000
15367,-0.81,54.29,1000000
15368,-0.68,54.29,1000000
15369,-0.56,54.29,1000000
15370,-0.43,54.29,1000000
15371,-0.31,54.29,0.75
15372,-0.18,54.29,0.84
15373,-0.06,54.29,0.96
15374,0.06,54.29,0.95
15375,0.18,54.29,0.9
15376,0.31,54.29,0.79
15377,0.43,54.29,0.71
15378,0.56,54.29,0.67
15379,0.68,54.29,0.65
15380,0.81,54.29,0.68
15381,0.93,54.29,0.69
15382,1.06,54.29,0.59
15383,1.18,54.29,0.47
15384,1.31,54.29,0.38
15385,1.43,54.29,0.32
15386,1.56,54.29,0.3
15387,1.68,54.29,0.26
15388,1.81,54.29,0.23
15389,1.93,54.29,0.21
15390,2.06,54.29,0.21
15391,2.18,54.29,0.21
15392,2.31,54.29,0.19
15393,2.43,54.29,0.16
15394,2.56,54.29,0.15
15395,2.68,54.29,0.15
15396,2.81,54.29,0.14
15397,2.93,54.29,0.13
15398,3.06,54.29,0.12
15399,3.18,54.29,0.12
15400,3.31,54.29,0.12
15401,3.43,54.29,0.12
15402,3.56,54.29,0.12
15403,3.68,54.29,0.12
15404,3.81,54.29,0.11
15405,3.93,54.29,0.11
15406,4.06,54.29,0.12
15407,4.18,54.29,0.12
15408,4.31,54.29,0.13
15409,4.43,54.29,0.13
15410,4.56,54.29,0.15
15411,4.68,54.29,0.16
15412,4.81,54.29,0.17
15413,4.93,54.29,0.19
15414,5.06,54.29,0.2
15415,5.18,54.29,0.22
15416,5.31,54.29,0.23
15417,5.43,54.29,0.24
15418,5.56,54.29,0.26
15419,5.68,54.29,0.27
15420,5.81,54.29,0.28
15421,5.93,54.29,0.29
15422,6.06,54.29,0.3
15423,6.18,54.29,0.32
15424,6.31,54.29,0.34
15425,6.43,54.29,0.36
15426,6.56,54.29,0.37
15427,6.68,54.29,0.39
15428,6.81,54.29,0.41
15429,6.93,54.29,0.41
15430,7.06,54.29,0.39
15431,7.18,54.29,0.38
15432,7.31,54.29,0.38
15433,7.43,54.29,0.38
15434,7.56,54.29,0.38
15435,7.68,54.29,0.38
15436,7.81,54.29,0.41
15437,7.93,54.29,0.47
15438,8.06,54.29,0.51
15439,8.18,54.29,0.57
15440,8.31,54.29,0.63
15441,8.43,54.29,0.52
15442,8.56,54.29,0.47
15443,8.68,54.29,1000000
15444,8.81,54.29,0.42
15445,8.93,54.29,1000000
15446,9.06,54.29,1000000
15447,9.18,54.29,1000000
15448,9.31,54.29,1000000
15449,9.43,54.29,1000000
15450,9.56,54.29,1000000
15451,9.68,54.29,1000000
15452,9.81,54.29,1000000
15453,9.93,54.29,1000000
15454,10.06,54.29,1000000
15455,10.18,54.29,1000000
15456,10.31,54.29,1000000
15457,10.43,54.29,1000000
15458,10.56,54.29,1000000
15459,10.68,54.29,1000000
15460,10.81,54.29,1000000
15461,10.93,54.29,1000000
15462,11.06,54.29,1000000
15463,11.18,54.29,1000000
15464,11.31,54.29,1000000
15465,11.43,54.29,1000000
15466,11.56,54.29,1000000
15467,11.68,54.29,1000000
15468,11.81,54.29,1000000
15469,11.93,54.29,1000000
15470,12.06,54.29,1000000
15471,12.18,54.29,1000000
15472,12.31,54.29,1000000
15473,12.43,54.29,1000000
15474,12.56,54.29,1000000
15475,12.68,54.29,1000000
15476,12.81,54.29,1000000
15477,12.93,54.29,1000000
15478,-12.06,54.37,1000000
15479,-11.93,54.37,1000000
15480,-11.81,54.37,0.01
15481,-11.68,54.37,0.01
15482,-11.56,54.37,9.67E-03
15483,-11.43,54.37,0.01
15484,-11.31,54.37,0.01
15485,-11.18,54.37,0.01
15486,-11.06,54.37,0.01
15487,-10.93,54.37,0.01
15488,-10.81,54.37,0.02
15489,-10.68,54.37,0.02
15490,-10.56,54.37,0.02
15491,-10.43,54.37,0.02
15492,-10.31,54.37,0.02
15493,-10.18,54.37,0.01
15494,-10.06,54.37,0.01
15495,-9.93,54.37,0.01
15496,-9.81,54.37,0.01
15497,-9.68,54.37,0.02
15498,-9.56,54.37,0.02
15499,-9.43,54.37,0.03
15500,-9.31,54.37,0.03
15501,-9.18,54.37,0.03
15502,-9.06,54.37,0.02
15503,-8.93,54.37,0.01
15504,-8.81,54.37,9.27E-03
15505,-8.68,54.37,5.37E-03
15506,-8.56,54.37,1000000
15507,-8.43,54.37,1000000
15508,-8.31,54.37,1000000
15509,-8.18,54.37,1000000
15510,-8.06,54.37,1000000
15511,-7.93,54.37,1000000
15512,-7.81,54.37,1000000
15513,-7.68,54.37,1000000
15514,-7.56,54.37,1000000
15515,-7.43,54.37,1000000
15516,-7.31,54.37,1000000
15517,-7.18,54.37,1000000
15518,-7.06,54.37,1000000
15519,-6.93,54.37,1000000
15520,-6.81,54.37,1000000
15521,-6.68,54.37,1000000
15522,-6.56,54.37,1000000
15523,-6.43,54.37,1000000
15524,-6.31,54.37,1000000
15525,-6.18,54.37,1000000
15526,-6.06,54.37,1000000
15527,-5.93,54.37,1000000
15528,-5.81,54.37,1000000
15529,-5.68,54.37,1000000
15530,-5.56,54.37,1000000
15531,-5.43,54.37,0.25
15532,-5.31,54.37,0.27
15533,-5.18,54.37,0.26
15534,-5.06,54.37,0.17
15535,-4.93,54.37,0.18
15536,-4.81,54.37,0.57
15537,-4.68,54.37,1.07
15538,-4.56,54.37,1.51
15539,-4.43,54.37,1000000
15540,-4.31,54.37,1.18
15541,-4.18,54.37,0.56
15542,-4.06,54.37,0.29
15543,-3.93,54.37,0.2
15544,-3.81,54.37,0.24
15545,-3.68,54.37,0.26
15546,-3.56,54.37,0.23
15547,-3.43,54.37,1000000
15548,-3.31,54.37,1000000
15549,-3.18,54.37,1000000
15550,-3.06,54.37,1000000
15551,-2.93,54.37,1000000
15552,-2.81,54.37,1000000
15553,-2.68,54.37,1000000
15554,-2.56,54.37,1000000
15555,-2.43,54.37,1000000
15556,-2.31,54.37,1000000
15557,-2.18,54.37,1000000
15558,-2.06,54.37,1000000
15559,-1.93,54.37,1000000
15560,-1.81,54.37,1000000
15561,-1.68,54.37,1000000
15562,-1.56,54.37,1000000
15563,-1.43,54.37,1000000
15564,-1.31,54.37,1000000
15565,-1.18,54.37,1000000
15566,-1.06,54.37,1000000
15567,-0.93,54.37,1000000
15568,-0.81,54.37,1000000
15569,-0.68,54.37,1000000
15570,-0.56,54.37,1000000
15571,-0.43,54.37,0.58
15572,-0.31,54.37,0.69
15573,-0.18,54.37,0.76
15574,-0.06,54.37,0.79
15575,0.06,54.37,0.8
15576,0.18,54.37,0.76
15577,0.31,54.37,0.7
15578,0.43,54.37,0.62
15579,0.56,54.37,0.58
15580,0.68,54.37,0.56
15581,0.81,54.37,0.55
15582,0.93,54.37,0.59
15583,1.06,54.37,0.59
15584,1.18,54.37,0.5
15585,1.31,54.37,0.4
15586,1.43,54.37,0.33
15587,1.56,54.37,0.29
15588,1.68,54.37,0.24
15589,1.81,54.37,0.21
15590,1.93,54.37,0.18
15591,2.06,54.37,0.17
15592,2.18,54.37,0.17
15593,2.31,54.37,0.16
15594,2.43,54.37,0.15
15595,2.56,54.37,0.14
15596,2.68,54.37,0.14
15597,2.81,54.37,0.13
15598,2.93,54.37,0.11
15599,3.06,54.37,0.11
15600,3.18,54.37,0.11
15601,3.31,54.37,0.11
15602,3.43,54.37,0.11
15603,3.56,54.37,0.11
15604,3.68,54.37,0.11
15605,3.81,54.37,0.11
15606,3.93,54.37,0.11
15607,4.06,54.37,0.11
15608,4.18,54.37,0.11
15609,4.31,54.37,0.12
15610,4.43,54.37,0.13
15611,4.56,54.37,0.14
15612,4.68,54.37,0.15
15613,4.81,54.37,0.16
15614,4.93,54.37,0.18
15615,5.06,54.37,0.19
15616,5.18,54.37,0.2
15617,5.31,54.37,0.21
15618,5.43,54.37,0.23
15619,5.56,54.37,0.24
15620,5.68,54.37,0.25
15621,5.81,54.37,0.26
15622,5.93,54.37,0.26
15623,6.06,54.37,0.27
15624,6.18,54.37,0.28
15625,6.31,54.37,0.3
15626,6.43,54.37,0.32
15627,6.56,54.37,0.34
15628,6.68,54.37,0.35
15629,6.81,54.37,0.37
15630,6.93,54.37,0.38
15631,7.06,54.37,0.37
15632,7.18,54.37,0.36
15633,7.31,54.37,0.35
15634,7.43,54.37,0.35
15635,7.56,54.37,0.35
15636,7.68,54.37,0.35
15637,7.81,54.37,0.36
15638,7.93,54.37,0.41
15639,8.06,54.37,0.47
15640,8.18,54.37,0.51
15641,8.31,54.37,0.53
15642,8.43,54.37,0.48
15643,8.56,54.37,0.48
15644,8.68,54.37,1000000
15645,8.81,54.37,1000000
15646,8.93,54.37,1000000
15647,9.06,54.37,1000000
15648,9.18,54.37,1000000
15649,9.31,54.37,1000000
15650,9.43,54.37,1000000
15651,9.56,54.37,1000000
15652,9.68,54.37,1000000
15653,9.81,54.37,1000000
15654,9.93,54.37,1000000
15655,10.06,54.37,1000000
15656,10.18,54.37,1000000
15657,10.31,54.37,1000000
15658,10.43,54.37,1000000
15659,10.56,54.37,1000000
15660,10.68,54.37,1000000
15661,10.81,54.37,1000000
15662,10.93,54.37,1000000
15663,11.06,54.37,1000000
15664,11.18,54.37,1000000
15665,11.31,54.37,1000000
15666,11.43,54.37,1000000
15667,11.56,54.37,1000000
15668,11.68,54.37,1000000
15669,11.81,54.37,1000000
15670,11.93,54.37,1000000
15671,12.06,54.37,1000000
15672,12.18,54.37,1000000
15673,12.31,54.37,1000000
15674,12.43,54.37,1000000
15675,12.56,54.37,1000000
15676,12.68,54.37,1000000
15677,12.81,54.37,1000000
15678,12.93,54.37,1000000
15679,-12.06,54.45,1000000
15680,-11.93,54.45,1000000
15681,-11.81,54.45,6.30E-03
15682,-11.68,54.45,6.96E-03
15683,-11.56,54.45,7.93E-03
15684,-11.43,54.45,8.26E-03
15685,-11.31,54.45,8.14E-03
15686,-11.18,54.45,6.41E-03
15687,-11.06,54.45,7.41E-03
15688,-10.93,54.45,0.01
15689,-10.81,54.45,0.01
15690,-10.68,54.45,0.02
15691,-10.56,54.45,0.03
15692,-10.43,54.45,0.02
15693,-10.31,54.45,0.02
15694,-10.18,54.45,0.02
15695,-10.06,54.45,0.02
15696,-9.93,54.45,0.01
15697,-9.81,54.45,0.02
15698,-9.68,54.45,0.02
15699,-9.56,54.45,0.02
15700,-9.43,54.45,0.02
15701,-9.31,54.45,0.02
15702,-9.18,54.45,0.03
15703,-9.06,54.45,0.02
15704,-8.93,54.45,0.01
15705,-8.81,54.45,0.01
15706,-8.68,54.45,0.01
15707,-8.56,54.45,0.01
15708,-8.43,54.45,0.01
15709,-8.31,54.45,1000000
15710,-8.18,54.45,1000000
15711,-8.06,54.45,1000000
15712,-7.93,54.45,1000000
15713,-7.81,54.45,1000000
15714,-7.68,54.45,1000000
15715,-7.56,54.45,1000000
15716,-7.43,54.45,1000000
15717,-7.31,54.45,1000000
15718,-7.18,54.45,1000000
15719,-7.06,54.45,1000000
15720,-6.93,54.45,1000000
15721,-6.81,54.45,1000000
15722,-6.68,54.45,1000000
15723,-6.56,54.45,1000000
15724,-6.43,54.45,1000000
15725,-6.31,54.45,1000000
15726,-6.18,54.45,1000000
15727,-6.06,54.45,1000000
15728,-5.93,54.45,1000000
15729,-5.81,54.45,1000000
15730,-5.68,54.45,1000000
15731,-5.56,54.45,1000000
15732,-5.43,54.45,0.51
15733,-5.31,54.45,0.51
15734,-5.18,54.45,0.51
15735,-5.06,54.45,0.44
15736,-4.93,54.45,0.48
15737,-4.81,54.45,1.19
15738,-4.68,54.45,2.34
15739,-4.56,54.45,3
15740,-4.43,54.45,3
15741,-4.31,54.45,3
15742,-4.18,54.45,1.58
15743,-4.06,54.45,0.71
15744,-3.93,54.45,0.37
15745,-3.81,54.45,0.25
15746,-3.68,54.45,0.28
15747,-3.56,54.45,0.22
15748,-3.43,54.45,1000000
15749,-3.31,54.45,1000000
15750,-3.18,54.45,1000000
15751,-3.06,54.45,1000000
15752,-2.93,54.45,1000000
15753,-2.81,54.45,1000000
15754,-2.68,54.45,1000000
15755,-2.56,54.45,1000000
15756,-2.43,54.45,1000000
15757,-2.31,54.45,1000000
15758,-2.18,54.45,1000000
15759,-2.06,54.45,1000000
15760,-1.93,54.45,1000000
15761,-1.81,54.45,1000000
15762,-1.68,54.45,1000000
15763,-1.56,54.45,1000000
15764,-1.43,54.45,1000000
15765,-1.31,54.45,1000000
15766,-1.18,54.45,1000000
15767,-1.06,54.45,1000000
15768,-0.93,54.45,1000000
15769,-0.81,54.45,1000000
15770,-0.68,54.45,1000000
15771,-0.56,54.45,1000000
15772,-0.43,54.45,0.68
15773,-0.31,54.45,0.68
15774,-0.18,54.45,0.69
15775,-0.06,54.45,0.67
15776,0.06,54.45,0.68
15777,0.18,54.45,0.67
15778,0.31,54.45,0.62
15779,0.43,54.45,0.56
15780,0.56,54.45,0.51
15781,0.68,54.45,0.49
15782,0.81,54.45,0.47
15783,0.93,54.45,0.47
15784,1.06,54.45,0.48
15785,1.18,54.45,0.45
15786,1.31,54.45,0.39
15787,1.43,54.45,0.33
15788,1.56,54.45,0.28
15789,1.68,54.45,0.24
15790,1.81,54.45,0.21
15791,1.93,54.45,0.18
15792,2.06,54.45,0.15
15793,2.18,54.45,0.14
15794,2.31,54.45,0.14
15795,2.43,54.45,0.13
15796,2.56,54.45,0.13
15797,2.68,54.45,0.12
15798,2.81,54.45,0.11
15799,2.93,54.45,0.1
15800,3.06,54.45,0.1
15801,3.18,54.45,0.1
15802,3.31,54.45,0.1
15803,3.43,54.45,0.1
15804,3.56,54.45,0.1
15805,3.68,54.45,0.1
15806,3.81,54.45,0.1
15807,3.93,54.45,0.1
15808,4.06,54.45,0.1
15809,4.18,54.45,0.1
15810,4.31,54.45,0.11
15811,4.43,54.45,0.12
15812,4.56,54.45,0.13
15813,4.68,54.45,0.14
15814,4.81,54.45,0.15
15815,4.93,54.45,0.16
15816,5.06,54.45,0.18
15817,5.18,54.45,0.19
15818,5.31,54.45,0.2
15819,5.43,54.45,0.21
15820,5.56,54.45,0.22
15821,5.68,54.45,0.22
15822,5.81,54.45,0.23
15823,5.93,54.45,0.24
15824,6.06,54.45,0.24
15825,6.18,54.45,0.25
15826,6.31,54.45,0.27
15827,6.43,54.45,0.29
15828,6.56,54.45,0.3
15829,6.68,54.45,0.31
15830,6.81,54.45,0.32
15831,6.93,54.45,0.34
15832,7.06,54.45,0.35
15833,7.18,54.45,0.34
15834,7.31,54.45,0.33
15835,7.43,54.45,0.33
15836,7.56,54.45,0.32
15837,7.68,54.45,0.33
15838,7.81,54.45,0.35
15839,7.93,54.45,0.38
15840,8.06,54.45,0.42
15841,8.18,54.45,0.46
15842,8.31,54.45,0.55
15843,8.43,54.45,0.73
15844,8.56,54.45,1.11
15845,8.68,54.45,0.93
15846,8.81,54.45,0.73
15847,8.93,54.45,1000000
15848,9.06,54.45,1000000
15849,9.18,54.45,1000000
15850,9.31,54.45,1000000
15851,9.43,54.45,1000000
15852,9.56,54.45,1000000
15853,9.68,54.45,1000000
15854,9.81,54.45,1000000
15855,9.93,54.45,1000000
15856,10.06,54.45,1000000
15857,10.18,54.45,1000000
15858,10.31,54.45,1000000
15859,10.43,54.45,1000000
15860,10.56,54.45,1000000
15861,10.68,54.45,1000000
15862,10.81,54.45,1000000
15863,10.93,54.45,1000000
15864,11.06,54.45,1000000
15865,11.18,54.45,1000000
15866,11.31,54.45,1000000
15867,11.43,54.45,1000000
15868,11.56,54.45,1000000
15869,11.68,54.45,1000000
15870,11.81,54.45,1000000
15871,11.93,54.45,1000000
15872,12.06,54.45,1000000
15873,12.18,54.45,1000000
15874,12.31,54.45,1000000
15875,12.43,54.45,1000000
15876,12.56,54.45,1000000
15877,12.68,54.45,1000000
15878,12.81,54.45,1000000
15879,12.93,54.45,1000000
15880,-12.06,54.54,1000000
15881,-11.93,54.54,1000000
15882,-11.81,54.54,0.03
15883,-11.68,54.54,0.02
15884,-11.56,54.54,0.01
15885,-11.43,54.54,0.01
15886,-11.31,54.54,0.01
15887,-11.18,54.54,7.40E-03
15888,-11.06,54.54,4.24E-03
15889,-10.93,54.54,6.58E-03
15890,-10.81,54.54,0.01
15891,-10.68,54.54,0.02
15892,-10.56,54.54,0.04
15893,-10.43,54.54,0.04
15894,-10.31,54.54,0.03
15895,-10.18,54.54,0.03
15896,-10.06,54.54,0.02
15897,-9.93,54.54,0.02
15898,-9.81,54.54,0.02
15899,-9.68,54.54,0.02
15900,-9.56,54.54,0.02
15901,-9.43,54.54,0.02
15902,-9.31,54.54,0.02
15903,-9.18,54.54,0.02
15904,-9.06,54.54,0.02
15905,-8.93,54.54,0.02
15906,-8.81,54.54,0.02
15907,-8.68,54.54,0.02
15908,-8.56,54.54,0.02
15909,-8.43,54.54,0.03
15910,-8.31,54.54,0.07
15911,-8.18,54.54,1000000
15912,-8.06,54.54,1000000
15913,-7.93,54.54,1000000
15914,-7.81,54.54,1000000
15915,-7.68,54.54,1000000
15916,-7.56,54.54,1000000
15917,-7.43,54.54,1000000
15918,-7.31,54.54,1000000
15919,-7.18,54.54,1000000
15920,-7.06,54.54,1000000
15921,-6.93,54.54,1000000
15922,-6.81,54.54,1000000
15923,-6.68,54.54,1000000
15924,-6.56,54.54,1000000
15925,-6.43,54.54,1000000
15926,-6.31,54.54,1000000
15927,-6.18,54.54,1000000
15928,-6.06,54.54,1000000
15929,-5.93,54.54,1000000
15930,-5.81,54.54,1000000
15931,-5.68,54.54,1000000
15932,-5.56,54.54,1000000
15933,-5.43,54.54,0.96
15934,-5.31,54.54,0.93
15935,-5.18,54.54,0.86
15936,-5.06,54.54,0.97
15937,-4.93,54.54,0.99
15938,-4.81,54.54,1.91
15939,-4.68,54.54,3
15940,-4.56,54.54,3
15941,-4.43,54.54,3
15942,-4.31,54.54,3
15943,-4.18,54.54,1.43
15944,-4.06,54.54,0.67
15945,-3.93,54.54,0.43
15946,-3.81,54.54,0.25
15947,-3.68,54.54,0.29
15948,-3.56,54.54,1000000
15949,-3.43,54.54,1000000
15950,-3.31,54.54,1000000
15951,-3.18,54.54,1000000
15952,-3.06,54.54,1000000
15953,-2.93,54.54,1000000
15954,-2.81,54.54,1000000
15955,-2.68,54.54,1000000
15956,-2.56,54.54,1000000
15957,-2.43,54.54,1000000
15958,-2.31,54.54,1000000
15959,-2.18,54.54,1000000
15960,-2.06,54.54,1000000
15961,-1.93,54.54,1000000
15962,-1.81,54.54,1000000
15963,-1.68,54.54,1000000
15964,-1.56,54.54,1000000
15965,-1.43,54.54,1000000
15966,-1.31,54.54,1000000
15967,-1.18,54.54,1000000
15968,-1.06,54.54,1000000
15969,-0.93,54.54,1000000
15970,-0.81,54.54,1000000
15971,-0.68,54.54,0.47
15972,-0.56,54.54,0.56
15973,-0.43,54.54,0.97
15974,-0.31,54.54,0.73
15975,-0.18,54.54,0.65
15976,-0.06,54.54,0.6
15977,0.06,54.54,0.56
15978,0.18,54.54,0.56
15979,0.31,54.54,0.54
15980,0.43,54.54,0.5
15981,0.56,54.54,0.46
15982,0.68,54.54,0.45
15983,0.81,54.54,0.44
15984,0.93,54.54,0.44
15985,1.06,54.54,0.45
15986,1.18,54.54,0.43
15987,1.31,54.54,0.39
15988,1.43,54.54,0.33
15989,1.56,54.54,0.28
15990,1.68,54.54,0.25
15991,1.81,54.54,0.22
15992,1.93,54.54,0.19
15993,2.06,54.54,0.16
15994,2.18,54.54,0.13
15995,2.31,54.54,0.12
15996,2.43,54.54,0.12
15997,2.56,54.54,0.12
15998,2.68,54.54,0.12
15999,2.81,54.54,0.11
16000,2.93,54.54,0.1
16001,3.06,54.54,0.09
16002,3.18,54.54,0.09
16003,3.31,54.54,0.09
16004,3.43,54.54,0.09
16005,3.56,54.54,0.09
16006,3.68,54.54,0.09
16007,3.81,54.54,0.09
16008,3.93,54.54,0.09
16009,4.06,54.54,0.09
16010,4.18,54.54,0.1
16011,4.31,54.54,0.1
16012,4.43,54.54,0.11
16013,4.56,54.54,0.12
16014,4.68,54.54,0.13
16015,4.81,54.54,0.14
16016,4.93,54.54,0.15
16017,5.06,54.54,0.16
16018,5.18,54.54,0.17
16019,5.31,54.54,0.18
16020,5.43,54.54,0.19
16021,5.56,54.54,0.2
16022,5.68,54.54,0.2
16023,5.81,54.54,0.21
16024,5.93,54.54,0.21
16025,6.06,54.54,0.22
16026,6.18,54.54,0.22
16027,6.31,54.54,0.24
16028,6.43,54.54,0.26
16029,6.56,54.54,0.27
16030,6.68,54.54,0.27
16031,6.81,54.54,0.28
16032,6.93,54.54,0.29
16033,7.06,54.54,0.32
16034,7.18,54.54,0.32
16035,7.31,54.54,0.32
16036,7.43,54.54,0.31
16037,7.56,54.54,0.3
16038,7.68,54.54,0.3
16039,7.81,54.54,0.32
16040,7.93,54.54,0.34
16041,8.06,54.54,0.37
16042,8.18,54.54,0.4
16043,8.31,54.54,0.48
16044,8.43,54.54,0.55
16045,8.56,54.54,0.55
16046,8.68,54.54,1000000
16047,8.81,54.54,0.01
16048,8.93,54.54,1000000
16049,9.06,54.54,1000000
16050,9.18,54.54,1000000
16051,9.31,54.54,1000000
16052,9.43,54.54,1000000
16053,9.56,54.54,1000000
16054,9.68,54.54,1000000
16055,9.81,54.54,1000000
16056,9.93,54.54,1000000
16057,10.06,54.54,1000000
16058,10.18,54.54,1000000
16059,10.31,54.54,1000000
16060,10.43,54.54,1000000
16061,10.56,54.54,1000000
16062,10.68,54.54,1000000
16063,10.81,54.54,1000000
16064,10.93,54.54,1000000
16065,11.06,54.54,1000000
16066,11.18,54.54,1000000
16067,11.31,54.54,1000000
16068,11.43,54.54,1000000
16069,11.56,54.54,1000000
16070,11.68,54.54,1000000
16071,11.81,54.54,1000000
16072,11.93,54.54,1000000
16073,12.06,54.54,1000000
16074,12.18,54.54,1000000
16075,12.31,54.54,1000000
16076,12.43,54.54,1000000
16077,12.56,54.54,1000000
16078,12.68,54.54,1000000
16079,12.81,54.54,1000000
16080,12.93,54.54,1000000
16081,-12.06,54.62,1000000
16082,-11.93,54.62,1000000
16083,-11.81,54.62,0.01
16084,-11.68,54.62,0.01
16085,-11.56,54.62,0.01
16086,-11.43,54.62,0.01
16087,-11.31,54.62,0.01
16088,-11.18,54.62,8.16E-03
16089,-11.06,54.62,5.52E-03
16090,-10.93,54.62,3.81E-03
16091,-10.81,54.62,4.59E-03
16092,-10.68,54.62,8.74E-03
16093,-10.56,54.62,0.02
16094,-10.43,54.62,0.05
16095,-10.31,54.62,0.04
16096,-10.18,54.62,0.04
16097,-10.06,54.62,0.03
16098,-9.93,54.62,0.03
16099,-9.81,54.62,0.03
16100,-9.68,54.62,0.02
16101,-9.56,54.62,0.02
16102,-9.43,54.62,0.02
16103,-9.31,54.62,0.02
16104,-9.18,54.62,0.02
16105,-9.06,54.62,0.02
16106,-8.93,54.62,0.02
16107,-8.81,54.62,0.02
16108,-8.68,54.62,0.02
16109,-8.56,54.62,1000000
16110,-8.43,54.62,1000000
16111,-8.31,54.62,0.05
16112,-8.18,54.62,0.01
16113,-8.06,54.62,1000000
16114,-7.93,54.62,1000000
16115,-7.81,54.62,1000000
16116,-7.68,54.62,1000000
16117,-7.56,54.62,1000000
16118,-7.43,54.62,1000000
16119,-7.31,54.62,1000000
16120,-7.18,54.62,1000000
16121,-7.06,54.62,1000000
16122,-6.93,54.62,1000000
16123,-6.81,54.62,1000000
16124,-6.68,54.62,1000000
16125,-6.56,54.62,1000000
16126,-6.43,54.62,1000000
16127,-6.31,54.62,1000000
16128,-6.18,54.62,1000000
16129,-6.06,54.62,1000000
16130,-5.93,54.62,1000000
16131,-5.81,54.62,1000000
16132,-5.68,54.62,1000000
16133,-5.56,54.62,1000000
16134,-5.43,54.62,1.47
16135,-5.31,54.62,1.43
16136,-5.18,54.62,1.42
16137,-5.06,54.62,1.94
16138,-4.93,54.62,2.19
16139,-4.81,54.62,3
16140,-4.68,54.62,2.93
16141,-4.56,54.62,3
16142,-4.43,54.62,3
16143,-4.31,54.62,2.68
16144,-4.18,54.62,1.1
16145,-4.06,54.62,0.72
16146,-3.93,54.62,0.59
16147,-3.81,54.62,0.6
16148,-3.68,54.62,0.85
16149,-3.56,54.62,0.98
16150,-3.43,54.62,1000000
16151,-3.31,54.62,1000000
16152,-3.18,54.62,1000000
16153,-3.06,54.62,1000000
16154,-2.93,54.62,1000000
16155,-2.81,54.62,1000000
16156,-2.68,54.62,1000000
16157,-2.56,54.62,1000000
16158,-2.43,54.62,1000000
16159,-2.31,54.62,1000000
16160,-2.18,54.62,1000000
16161,-2.06,54.62,1000000
16162,-1.93,54.62,1000000
16163,-1.81,54.62,1000000
16164,-1.68,54.62,1000000
16165,-1.56,54.62,1000000
16166,-1.43,54.62,1000000
16167,-1.31,54.62,1000000
16168,-1.18,54.62,0.09
16169,-1.06,54.62,0.09
16170,-0.93,54.62,0.21
16171,-0.81,54.62,0.33
16172,-0.68,54.62,0.51
16173,-0.56,54.62,0.52
16174,-0.43,54.62,0.61
16175,-0.31,54.62,0.57
16176,-0.18,54.62,0.55
16177,-0.06,54.62,0.52
16178,0.06,54.62,0.48
16179,0.18,54.62,0.46
16180,0.31,54.62,0.45
16181,0.43,54.62,0.44
16182,0.56,54.62,0.41
16183,0.68,54.62,0.39
16184,0.81,54.62,0.39
16185,0.93,54.62,0.39
16186,1.06,54.62,0.41
16187,1.18,54.62,0.4
16188,1.31,54.62,0.37
16189,1.43,54.62,0.32
16190,1.56,54.62,0.27
16191,1.68,54.62,0.24
16192,1.81,54.62,0.2
16193,1.93,54.62,0.18
16194,2.06,54.62,0.15
16195,2.18,54.62,0.13
16196,2.31,54.62,0.11
16197,2.43,54.62,0.11
16198,2.56,54.62,0.12
16199,2.68,54.62,0.12
16200,2.81,54.62,0.11
16201,2.93,54.62,0.09
16202,3.06,54.62,0.08
16203,3.18,54.62,0.08
16204,3.31,54.62,0.08
16205,3.43,54.62,0.08
16206,3.56,54.62,0.09
16207,3.68,54.62,0.09
16208,3.81,54.62,0.09
16209,3.93,54.62,0.09
16210,4.06,54.62,0.09
16211,4.18,54.62,0.09
16212,4.31,54.62,0.09
16213,4.43,54.62,0.1
16214,4.56,54.62,0.11
16215,4.68,54.62,0.12
16216,4.81,54.62,0.13
16217,4.93,54.62,0.14
16218,5.06,54.62,0.15
16219,5.18,54.62,0.16
16220,5.31,54.62,0.17
16221,5.43,54.62,0.17
16222,5.56,54.62,0.18
16223,5.68,54.62,0.18
16224,5.81,54.62,0.19
16225,5.93,54.62,0.19
16226,6.06,54.62,0.19
16227,6.18,54.62,0.2
16228,6.31,54.62,0.21
16229,6.43,54.62,0.23
16230,6.56,54.62,0.24
16231,6.68,54.62,0.24
16232,6.81,54.62,0.25
16233,6.93,54.62,0.26
16234,7.06,54.62,0.28
16235,7.18,54.62,0.29
16236,7.31,54.62,0.29
16237,7.43,54.62,0.29
16238,7.56,54.62,0.28
16239,7.68,54.62,0.28
16240,7.81,54.62,0.29
16241,7.93,54.62,0.31
16242,8.06,54.62,0.33
16243,8.18,54.62,0.37
16244,8.31,54.62,0.5
16245,8.43,54.62,0.82
16246,8.56,54.62,1.12
16247,8.68,54.62,0.7
16248,8.81,54.62,0.42
16249,8.93,54.62,1000000
16250,9.06,54.62,1000000
16251,9.18,54.62,1000000
16252,9.31,54.62,1000000
16253,9.43,54.62,1000000
16254,9.56,54.62,1000000
16255,9.68,54.62,1000000
16256,9.81,54.62,1000000
16257,9.93,54.62,1000000
16258,10.06,54.62,1000000
16259,10.18,54.62,1000000
16260,10.31,54.62,1000000
16261,10.43,54.62,1000000
16262,10.56,54.62,1000000
16263,10.68,54.62,1000000
16264,10.81,54.62,1000000
16265,10.93,54.62,1000000
16266,11.06,54.62,1000000
16267,11.18,54.62,1000000
16268,11.31,54.62,1000000
16269,11.43,54.62,1000000
16270,11.56,54.62,1000000
16271,11.68,54.62,1000000
16272,11.81,54.62,1000000
16273,11.93,54.62,1000000
16274,12.06,54.62,1000000
16275,12.18,54.62,1000000
16276,12.31,54.62,1000000
16277,12.43,54.62,1000000
16278,12.56,54.62,1000000
16279,12.68,54.62,1000000
16280,12.81,54.62,1000000
16281,12.93,54.62,1000000
16282,-12.06,54.7,1000000
16283,-11.93,54.7,1000000
16284,-11.81,54.7,0.01
16285,-11.68,54.7,0.01
16286,-11.56,54.7,0.01
16287,-11.43,54.7,0.01
16288,-11.31,54.7,0.01
16289,-11.18,54.7,8.47E-03
16290,-11.06,54.7,6.28E-03
16291,-10.93,54.7,4.36E-03
16292,-10.81,54.7,2.96E-03
16293,-10.68,54.7,3.31E-03
16294,-10.56,54.7,8.06E-03
16295,-10.43,54.7,0.03
16296,-10.31,54.7,0.05
16297,-10.18,54.7,0.05
16298,-10.06,54.7,0.04
16299,-9.93,54.7,0.04
16300,-9.81,54.7,0.03
16301,-9.68,54.7,0.03
16302,-9.56,54.7,0.03
16303,-9.43,54.7,0.02
16304,-9.31,54.7,0.02
16305,-9.18,54.7,0.02
16306,-9.06,54.7,0.02
16307,-8.93,54.7,0.01
16308,-8.81,54.7,0.01
16309,-8.68,54.7,1000000
16310,-8.56,54.7,1000000
16311,-8.43,54.7,1000000
16312,-8.31,54.7,1000000
16313,-8.18,54.7,1000000
16314,-8.06,54.7,1000000
16315,-7.93,54.7,1000000
16316,-7.81,54.7,1000000
16317,-7.68,54.7,1000000
16318,-7.56,54.7,1000000
16319,-7.43,54.7,1000000
16320,-7.31,54.7,1000000
16321,-7.18,54.7,1000000
16322,-7.06,54.7,1000000
16323,-6.93,54.7,1000000
16324,-6.81,54.7,1000000
16325,-6.68,54.7,1000000
16326,-6.56,54.7,1000000
16327,-6.43,54.7,1000000
16328,-6.31,54.7,1000000
16329,-6.18,54.7,1000000
16330,-6.06,54.7,1000000
16331,-5.93,54.7,1000000
16332,-5.81,54.7,0.02
16333,-5.68,54.7,0.44
16334,-5.56,54.7,1.01
16335,-5.43,54.7,1.56
16336,-5.31,54.7,1.41
16337,-5.18,54.7,1.43
16338,-5.06,54.7,1.49
16339,-4.93,54.7,1000000
16340,-4.81,54.7,0.95
16341,-4.68,54.7,0.46
16342,-4.56,54.7,0.78
16343,-4.43,54.7,1000000
16344,-4.31,54.7,0.78
16345,-4.18,54.7,0.55
16346,-4.06,54.7,0.54
16347,-3.93,54.7,0.71
16348,-3.81,54.7,0.99
16349,-3.68,54.7,1.52
16350,-3.56,54.7,2
16351,-3.43,54.7,1000000
16352,-3.31,54.7,1000000
16353,-3.18,54.7,1000000
16354,-3.06,54.7,1000000
16355,-2.93,54.7,1000000
16356,-2.81,54.7,1000000
16357,-2.68,54.7,1000000
16358,-2.56,54.7,1000000
16359,-2.43,54.7,1000000
16360,-2.31,54.7,1000000
16361,-2.18,54.7,1000000
16362,-2.06,54.7,1000000
16363,-1.93,54.7,1000000
16364,-1.81,54.7,1000000
16365,-1.68,54.7,1000000
16366,-1.56,54.7,1000000
16367,-1.43,54.7,1000000
16368,-1.31,54.7,1000000
16369,-1.18,54.7,0.11
16370,-1.06,54.7,0.14
16371,-0.93,54.7,0.22
16372,-0.81,54.7,0.3
16373,-0.68,54.7,0.37
16374,-0.56,54.7,0.42
16375,-0.43,54.7,0.47
16376,-0.31,54.7,0.46
16377,-0.18,54.7,0.46
16378,-0.06,54.7,0.45
16379,0.06,54.7,0.42
16380,0.18,54.7,0.4
16381,0.31,54.7,0.39
16382,0.43,54.7,0.38
16383,0.56,54.7,0.37
16384,0.68,54.7,0.35
16385,0.81,54.7,0.34
16386,0.93,54.7,0.33
16387,1.06,54.7,0.33
16388,1.18,54.7,0.32
16389,1.31,54.7,0.3
16390,1.43,54.7,0.27
16391,1.56,54.7,0.24
16392,1.68,54.7,0.22
16393,1.81,54.7,0.19
16394,1.93,54.7,0.16
16395,2.06,54.7,0.14
16396,2.18,54.7,0.12
16397,2.31,54.7,0.1
16398,2.43,54.7,0.1
16399,2.56,54.7,0.1
16400,2.68,54.7,0.11
16401,2.81,54.7,0.11
16402,2.93,54.7,0.09
16403,3.06,54.7,0.08
16404,3.18,54.7,0.08
16405,3.31,54.7,0.08
16406,3.43,54.7,0.08
16407,3.56,54.7,0.08
16408,3.68,54.7,0.08
16409,3.81,54.7,0.08
16410,3.93,54.7,0.08
16411,4.06,54.7,0.08
16412,4.18,54.7,0.08
16413,4.31,54.7,0.09
16414,4.43,54.7,0.09
16415,4.56,54.7,0.1
16416,4.68,54.7,0.11
16417,4.81,54.7,0.12
16418,4.93,54.7,0.13
16419,5.06,54.7,0.14
16420,5.18,54.7,0.15
16421,5.31,54.7,0.15
16422,5.43,54.7,0.16
16423,5.56,54.7,0.16
16424,5.68,54.7,0.16
16425,5.81,54.7,0.17
16426,5.93,54.7,0.17
16427,6.06,54.7,0.17
16428,6.18,54.7,0.18
16429,6.31,54.7,0.19
16430,6.43,54.7,0.2
16431,6.56,54.7,0.21
16432,6.68,54.7,0.22
16433,6.81,54.7,0.22
16434,6.93,54.7,0.23
16435,7.06,54.7,0.25
16436,7.18,54.7,0.26
16437,7.31,54.7,0.26
16438,7.43,54.7,0.27
16439,7.56,54.7,0.27
16440,7.68,54.7,0.26
16441,7.81,54.7,0.27
16442,7.93,54.7,0.29
16443,8.06,54.7,0.31
16444,8.18,54.7,0.31
16445,8.31,54.7,0.32
16446,8.43,54.7,0.3
16447,8.56,54.7,1000000
16448,8.68,54.7,1000000
16449,8.81,54.7,1000000
16450,8.93,54.7,1000000
16451,9.06,54.7,1000000
16452,9.18,54.7,1000000
16453,9.31,54.7,1000000
16454,9.43,54.7,1000000
16455,9.56,54.7,1000000
16456,9.68,54.7,1000000
16457,9.81,54.7,1000000
16458,9.93,54.7,1000000
16459,10.06,54.7,1000000
16460,10.18,54.7,1000000
16461,10.31,54.7,1000000
16462,10.43,54.7,1000000
16463,10.56,54.7,1000000
16464,10.68,54.7,1000000
16465,10.81,54.7,1000000
16466,10.93,54.7,1000000
16467,11.06,54.7,1000000
16468,11.18,54.7,1000000
16469,11.31,54.7,1000000
16470,11.43,54.7,1000000
16471,11.56,54.7,1000000
16472,11.68,54.7,1000000
16473,11.81,54.7,1000000
16474,11.93,54.7,1000000
16475,12.06,54.7,1000000
16476,12.18,54.7,1000000
16477,12.31,54.7,1000000
16478,12.43,54.7,1000000
16479,12.56,54.7,1000000
16480,12.68,54.7,1000000
16481,12.81,54.7,1000000
16482,12.93,54.7,1000000
16483,-12.06,54.79,1000000
16484,-11.93,54.79,1000000
16485,-11.81,54.79,0.01
16486,-11.68,54.79,0.01
16487,-11.56,54.79,0.01
16488,-11.43,54.79,0.01
16489,-11.31,54.79,0.01
16490,-11.18,54.79,8.45E-03
16491,-11.06,54.79,6.81E-03
16492,-10.93,54.79,5.28E-03
16493,-10.81,54.79,3.74E-03
16494,-10.68,54.79,2.26E-03
16495,-10.56,54.79,3.04E-03
16496,-10.43,54.79,0.01
16497,-10.31,54.79,0.04
16498,-10.18,54.79,0.06
16499,-10.06,54.79,0.05
16500,-9.93,54.79,0.05
16501,-9.81,54.79,0.04
16502,-9.68,54.79,0.04
16503,-9.56,54.79,0.03
16504,-9.43,54.79,0.03
16505,-9.31,54.79,0.02
16506,-9.18,54.79,0.02
16507,-9.06,54.79,0.02
16508,-8.93,54.79,0.01
16509,-8.81,54.79,8.88E-03
16510,-8.68,54.79,3.87E-03
16511,-8.56,54.79,3.39E-03
16512,-8.43,54.79,1000000
16513,-8.31,54.79,1000000
16514,-8.18,54.79,1000000
16515,-8.06,54.79,1000000
16516,-7.93,54.79,1000000
16517,-7.81,54.79,1000000
16518,-7.68,54.79,1000000
16519,-7.56,54.79,1000000
16520,-7.43,54.79,1000000
16521,-7.31,54.79,1000000
16522,-7.18,54.79,1000000
16523,-7.06,54.79,1000000
16524,-6.93,54.79,1000000
16525,-6.81,54.79,1000000
16526,-6.68,54.79,1000000
16527,-6.56,54.79,1000000
16528,-6.43,54.79,1000000
16529,-6.31,54.79,1000000
16530,-6.18,54.79,1000000
16531,-6.06,54.79,1000000
16532,-5.93,54.79,1000000
16533,-5.81,54.79,1000000
16534,-5.68,54.79,0.65
16535,-5.56,54.79,0.86
16536,-5.43,54.79,1.28
16537,-5.31,54.79,1.32
16538,-5.18,54.79,1.18
16539,-5.06,54.79,1.19
16540,-4.93,54.79,1000000
16541,-4.81,54.79,0.22
16542,-4.68,54.79,0.03
16543,-4.56,54.79,1000000
16544,-4.43,54.79,1000000
16545,-4.31,54.79,0.32
16546,-4.18,54.79,0.25
16547,-4.06,54.79,0.37
16548,-3.93,54.79,0.74
16549,-3.81,54.79,1.49
16550,-3.68,54.79,3
16551,-3.56,54.79,3
16552,-3.43,54.79,3
16553,-3.31,54.79,1000000
16554,-3.18,54.79,1000000
16555,-3.06,54.79,1000000
16556,-2.93,54.79,1000000
16557,-2.81,54.79,1000000
16558,-2.68,54.79,1000000
16559,-2.56,54.79,1000000
16560,-2.43,54.79,1000000
16561,-2.31,54.79,1000000
16562,-2.18,54.79,1000000
16563,-2.06,54.79,1000000
16564,-1.93,54.79,1000000
16565,-1.81,54.79,1000000
16566,-1.68,54.79,1000000
16567,-1.56,54.79,1000000
16568,-1.43,54.79,1000000
16569,-1.31,54.79,1000000
16570,-1.18,54.79,0.22
16571,-1.06,54.79,0.21
16572,-0.93,54.79,0.24
16573,-0.81,54.79,0.29
16574,-0.68,54.79,0.33
16575,-0.56,54.79,0.36
16576,-0.43,54.79,0.39
16577,-0.31,54.79,0.4
16578,-0.18,54.79,0.39
16579,-0.06,54.79,0.39
16580,0.06,54.79,0.38
16581,0.18,54.79,0.37
16582,0.31,54.79,0.35
16583,0.43,54.79,0.34
16584,0.56,54.79,0.34
16585,0.68,54.79,0.32
16586,0.81,54.79,0.31
16587,0.93,54.79,0.3
16588,1.06,54.79,0.29
16589,1.18,54.79,0.28
16590,1.31,54.79,0.26
16591,1.43,54.79,0.24
16592,1.56,54.79,0.22
16593,1.68,54.79,0.2
16594,1.81,54.79,0.18
16595,1.93,54.79,0.15
16596,2.06,54.79,0.13
16597,2.18,54.79,0.11
16598,2.31,54.79,0.09
16599,2.43,54.79,0.08
16600,2.56,54.79,0.09
16601,2.68,54.79,0.1
16602,2.81,54.79,0.1
16603,2.93,54.79,0.09
16604,3.06,54.79,0.08
16605,3.18,54.79,0.07
16606,3.31,54.79,0.07
16607,3.43,54.79,0.07
16608,3.56,54.79,0.07
16609,3.68,54.79,0.07
16610,3.81,54.79,0.07
16611,3.93,54.79,0.07
16612,4.06,54.79,0.08
16613,4.18,54.79,0.08
16614,4.31,54.79,0.08
16615,4.43,54.79,0.09
16616,4.56,54.79,0.1
16617,4.68,54.79,0.11
16618,4.81,54.79,0.12
16619,4.93,54.79,0.12
16620,5.06,54.79,0.13
16621,5.18,54.79,0.13
16622,5.31,54.79,0.14
16623,5.43,54.79,0.14
16624,5.56,54.79,0.14
16625,5.68,54.79,0.15
16626,5.81,54.79,0.15
16627,5.93,54.79,0.15
16628,6.06,54.79,0.16
16629,6.18,54.79,0.16
16630,6.31,54.79,0.17
16631,6.43,54.79,0.18
16632,6.56,54.79,0.19
16633,6.68,54.79,0.19
16634,6.81,54.79,0.2
16635,6.93,54.79,0.21
16636,7.06,54.79,0.22
16637,7.18,54.79,0.23
16638,7.31,54.79,0.24
16639,7.43,54.79,0.24
16640,7.56,54.79,0.25
16641,7.68,54.79,0.25
16642,7.81,54.79,0.25
16643,7.93,54.79,0.27
16644,8.06,54.79,0.29
16645,8.18,54.79,0.3
16646,8.31,54.79,0.31
16647,8.43,54.79,0.26
16648,8.56,54.79,0.33
16649,8.68,54.79,1000000
16650,8.81,54.79,1000000
16651,8.93,54.79,1000000
16652,9.06,54.79,1000000
16653,9.18,54.79,1000000
16654,9.31,54.79,1000000
16655,9.43,54.79,1000000
16656,9.56,54.79,1000000
16657,9.68,54.79,1000000
16658,9.81,54.79,1000000
16659,9.93,54.79,1000000
16660,10.06,54.79,1000000
16661,10.18,54.79,1000000
16662,10.31,54.79,1000000
16663,10.43,54.79,1000000
16664,10.56,54.79,1000000
16665,10.68,54.79,1000000
16666,10.81,54.79,1000000
16667,10.93,54.79,1000000
16668,11.06,54.79,1000000
16669,11.18,54.79,1000000
16670,11.31,54.79,1000000
16671,11.43,54.79,1000000
16672,11.56,54.79,1000000
16673,11.68,54.79,1000000
16674,11.81,54.79,1000000
16675,11.93,54.79,1000000
16676,12.06,54.79,1000000
16677,12.18,54.79,1000000
16678,12.31,54.79,1000000
16679,12.43,54.79,1000000
16680,12.56,54.79,1000000
16681,12.68,54.79,1000000
16682,12.81,54.79,1000000
16683,12.93,54.79,1000000
16684,-12.06,54.87,1000000
16685,-11.93,54.87,1000000
16686,-11.81,54.87,7.16E-03
16687,-11.68,54.87,0.01
16688,-11.56,54.87,0.01
16689,-11.43,54.87,0.01
16690,-11.31,54.87,9.30E-03
16691,-11.18,54.87,8.02E-03
16692,-11.06,54.87,6.86E-03
16693,-10.93,54.87,5.78E-03
16694,-10.81,54.87,4.80E-03
16695,-10.68,54.87,3.78E-03
16696,-10.56,54.87,2.20E-03
16697,-10.43,54.87,3.40E-03
16698,-10.31,54.87,0.01
16699,-10.18,54.87,0.05
16700,-10.06,54.87,0.06
16701,-9.93,54.87,0.05
16702,-9.81,54.87,0.05
16703,-9.68,54.87,0.04
16704,-9.56,54.87,0.04
16705,-9.43,54.87,0.03
16706,-9.31,54.87,0.03
16707,-9.18,54.87,0.02
16708,-9.06,54.87,0.02
16709,-8.93,54.87,0.01
16710,-8.81,54.87,0.01
16711,-8.68,54.87,8.01E-03
16712,-8.56,54.87,7.16E-03
16713,-8.43,54.87,7.58E-03
16714,-8.31,54.87,1000000
16715,-8.18,54.87,1000000
16716,-8.06,54.87,1000000
16717,-7.93,54.87,1000000
16718,-7.81,54.87,1000000
16719,-7.68,54.87,1000000
16720,-7.56,54.87,1000000
16721,-7.43,54.87,1000000
16722,-7.31,54.87,1000000
16723,-7.18,54.87,1000000
16724,-7.06,54.87,1000000
16725,-6.93,54.87,1000000
16726,-6.81,54.87,1000000
16727,-6.68,54.87,1000000
16728,-6.56,54.87,1000000
16729,-6.43,54.87,1000000
16730,-6.31,54.87,1000000
16731,-6.18,54.87,1000000
16732,-6.06,54.87,1000000
16733,-5.93,54.87,1000000
16734,-5.81,54.87,0.81
16735,-5.68,54.87,0.92
16736,-5.56,54.87,0.94
16737,-5.43,54.87,1.03
16738,-5.31,54.87,1.23
16739,-5.18,54.87,1.32
16740,-5.06,54.87,1000000
16741,-4.93,54.87,1000000
16742,-4.81,54.87,1000000
16743,-4.68,54.87,1000000
16744,-4.56,54.87,1000000
16745,-4.43,54.87,1000000
16746,-4.31,54.87,1000000
16747,-4.18,54.87,1000000
16748,-4.06,54.87,1000000
16749,-3.93,54.87,1000000
16750,-3.81,54.87,1000000
16751,-3.68,54.87,3
16752,-3.56,54.87,2.52
16753,-3.43,54.87,1.94
16754,-3.31,54.87,1000000
16755,-3.18,54.87,1000000
16756,-3.06,54.87,1000000
16757,-2.93,54.87,1000000
16758,-2.81,54.87,1000000
16759,-2.68,54.87,1000000
16760,-2.56,54.87,1000000
16761,-2.43,54.87,1000000
16762,-2.31,54.87,1000000
16763,-2.18,54.87,1000000
16764,-2.06,54.87,1000000
16765,-1.93,54.87,1000000
16766,-1.81,54.87,1000000
16767,-1.68,54.87,1000000
16768,-1.56,54.87,1000000
16769,-1.43,54.87,1000000
16770,-1.31,54.87,0.26
16771,-1.18,54.87,0.32
16772,-1.06,54.87,0.28
16773,-0.93,54.87,0.27
16774,-0.81,54.87,0.29
16775,-0.68,54.87,0.31
16776,-0.56,54.87,0.33
16777,-0.43,54.87,0.35
16778,-0.31,54.87,0.35
16779,-0.18,54.87,0.35
16780,-0.06,54.87,0.34
16781,0.06,54.87,0.34
16782,0.18,54.87,0.34
16783,0.31,54.87,0.33
16784,0.43,54.87,0.31
16785,0.56,54.87,0.3
16786,0.68,54.87,0.3
16787,0.81,54.87,0.29
16788,0.93,54.87,0.28
16789,1.06,54.87,0.28
16790,1.18,54.87,0.27
16791,1.31,54.87,0.25
16792,1.43,54.87,0.23
16793,1.56,54.87,0.21
16794,1.68,54.87,0.19
16795,1.81,54.87,0.17
16796,1.93,54.87,0.14
16797,2.06,54.87,0.12
16798,2.18,54.87,0.11
16799,2.31,54.87,0.09
16800,2.43,54.87,0.08
16801,2.56,54.87,0.07
16802,2.68,54.87,0.08
16803,2.81,54.87,0.09
16804,2.93,54.87,0.09
16805,3.06,54.87,0.08
16806,3.18,54.87,0.07
16807,3.31,54.87,0.07
16808,3.43,54.87,0.07
16809,3.56,54.87,0.07
16810,3.68,54.87,0.07
16811,3.81,54.87,0.07
16812,3.93,54.87,0.07
16813,4.06,54.87,0.07
16814,4.18,54.87,0.07
16815,4.31,54.87,0.08
16816,4.43,54.87,0.08
16817,4.56,54.87,0.09
16818,4.68,54.87,0.1
16819,4.81,54.87,0.11
16820,4.93,54.87,0.12
16821,5.06,54.87,0.12
16822,5.18,54.87,0.12
16823,5.31,54.87,0.12
16824,5.43,54.87,0.13
16825,5.56,54.87,0.13
16826,5.68,54.87,0.13
16827,5.81,54.87,0.14
16828,5.93,54.87,0.14
16829,6.06,54.87,0.14
16830,6.18,54.87,0.14
16831,6.31,54.87,0.15
16832,6.43,54.87,0.16
16833,6.56,54.87,0.17
16834,6.68,54.87,0.17
16835,6.81,54.87,0.18
16836,6.93,54.87,0.19
16837,7.06,54.87,0.2
16838,7.18,54.87,0.21
16839,7.31,54.87,0.22
16840,7.43,54.87,0.23
16841,7.56,54.87,0.23
16842,7.68,54.87,0.24
16843,7.81,54.87,0.24
16844,7.93,54.87,0.25
16845,8.06,54.87,0.26
16846,8.18,54.87,0.27
16847,8.31,54.87,0.3
16848,8.43,54.87,0.27
16849,8.56,54.87,0.33
16850,8.68,54.87,1000000
16851,8.81,54.87,1000000
16852,8.93,54.87,1000000
16853,9.06,54.87,1000000
16854,9.18,54.87,1000000
16855,9.31,54.87,1000000
16856,9.43,54.87,1000000
16857,9.56,54.87,1000000
16858,9.68,54.87,1000000
16859,9.81,54.87,1000000
16860,9.93,54.87,1000000
16861,10.06,54.87,1000000
16862,10.18,54.87,1000000
16863,10.31,54.87,1000000
16864,10.43,54.87,1000000
16865,10.56,54.87,1000000
16866,10.68,54.87,1000000
16867,10.81,54.87,1000000
16868,10.93,54.87,1000000
16869,11.06,54.87,1000000
16870,11.18,54.87,1000000
16871,11.31,54.87,1000000
16872,11.43,54.87,1000000
16873,11.56,54.87,1000000
16874,11.68,54.87,1000000
16875,11.81,54.87,1000000
16876,11.93,54.87,1000000
16877,12.06,54.87,1000000
16878,12.18,54.87,1000000
16879,12.31,54.87,1000000
16880,12.43,54.87,1000000
16881,12.56,54.87,1000000
16882,12.68,54.87,1000000
16883,12.81,54.87,1000000
16884,12.93,54.87,1000000
16885,-12.06,54.95,1000000
16886,-11.93,54.95,1000000
16887,-11.81,54.95,5.72E-03
16888,-11.68,54.95,7.10E-03
16889,-11.56,54.95,8.31E-03
16890,-11.43,54.95,8.39E-03
16891,-11.31,54.95,7.83E-03
16892,-11.18,54.95,7.12E-03
16893,-11.06,54.95,6.47E-03
16894,-10.93,54.95,5.84E-03
16895,-10.81,54.95,5.35E-03
16896,-10.68,54.95,4.66E-03
16897,-10.56,54.95,3.57E-03
16898,-10.43,54.95,2.48E-03
16899,-10.31,54.95,4.46E-03
16900,-10.18,54.95,0.02
16901,-10.06,54.95,0.06
16902,-9.93,54.95,0.06
16903,-9.81,54.95,0.05
16904,-9.68,54.95,0.04
16905,-9.56,54.95,0.04
16906,-9.43,54.95,0.03
16907,-9.31,54.95,0.03
16908,-9.18,54.95,0.02
16909,-9.06,54.95,0.02
16910,-8.93,54.95,0.02
16911,-8.81,54.95,0.01
16912,-8.68,54.95,0.01
16913,-8.56,54.95,9.21E-03
16914,-8.43,54.95,9.64E-03
16915,-8.31,54.95,1000000
16916,-8.18,54.95,1000000
16917,-8.06,54.95,1000000
16918,-7.93,54.95,1000000
16919,-7.81,54.95,1000000
16920,-7.68,54.95,1000000
16921,-7.56,54.95,1000000
16922,-7.43,54.95,1000000
16923,-7.31,54.95,1000000
16924,-7.18,54.95,1000000
16925,-7.06,54.95,1000000
16926,-6.93,54.95,1000000
16927,-6.81,54.95,1000000
16928,-6.68,54.95,1000000
16929,-6.56,54.95,1000000
16930,-6.43,54.95,1000000
16931,-6.31,54.95,1000000
16932,-6.18,54.95,1000000
16933,-6.06,54.95,1000000
16934,-5.93,54.95,1000000
16935,-5.81,54.95,1.25
16936,-5.68,54.95,1.13
16937,-5.56,54.95,1.06
16938,-5.43,54.95,0.96
16939,-5.31,54.95,0.96
16940,-5.18,54.95,1.1
16941,-5.06,54.95,1000000
16942,-4.93,54.95,1000000
16943,-4.81,54.95,1000000
16944,-4.68,54.95,1000000
16945,-4.56,54.95,1000000
16946,-4.43,54.95,1000000
16947,-4.31,54.95,1000000
16948,-4.18,54.95,1000000
16949,-4.06,54.95,1000000
16950,-3.93,54.95,1000000
16951,-3.81,54.95,1000000
16952,-3.68,54.95,1000000
16953,-3.56,54.95,1.43
16954,-3.43,54.95,1.83
16955,-3.31,54.95,0.63
16956,-3.18,54.95,1000000
16957,-3.06,54.95,1000000
16958,-2.93,54.95,1000000
16959,-2.81,54.95,1000000
16960,-2.68,54.95,1000000
16961,-2.56,54.95,1000000
16962,-2.43,54.95,1000000
16963,-2.31,54.95,1000000
16964,-2.18,54.95,1000000
16965,-2.06,54.95,1000000
16966,-1.93,54.95,1000000
16967,-1.81,54.95,1000000
16968,-1.68,54.95,1000000
16969,-1.56,54.95,1000000
16970,-1.43,54.95,1000000
16971,-1.31,54.95,0.27
16972,-1.18,54.95,0.31
16973,-1.06,54.95,0.3
16974,-0.93,54.95,0.3
16975,-0.81,54.95,0.31
16976,-0.68,54.95,0.3
16977,-0.56,54.95,0.31
16978,-0.43,54.95,0.31
16979,-0.31,54.95,0.32
16980,-0.18,54.95,0.31
16981,-0.06,54.95,0.31
16982,0.06,54.95,0.3
16983,0.18,54.95,0.3
16984,0.31,54.95,0.3
16985,0.43,54.95,0.28
16986,0.56,54.95,0.27
16987,0.68,54.95,0.26
16988,0.81,54.95,0.25
16989,0.93,54.95,0.25
16990,1.06,54.95,0.25
16991,1.18,54.95,0.25
16992,1.31,54.95,0.23
16993,1.43,54.95,0.21
16994,1.56,54.95,0.19
16995,1.68,54.95,0.18
16996,1.81,54.95,0.16
16997,1.93,54.95,0.14
16998,2.06,54.95,0.12
16999,2.18,54.95,0.1
17000,2.31,54.95,0.09
17001,2.43,54.95,0.07
17002,2.56,54.95,0.06
17003,2.68,54.95,0.06
17004,2.81,54.95,0.07
17005,2.93,54.95,0.08
17006,3.06,54.95,0.07
17007,3.18,54.95,0.07
17008,3.31,54.95,0.07
17009,3.43,54.95,0.06
17010,3.56,54.95,0.06
17011,3.68,54.95,0.06
17012,3.81,54.95,0.06
17013,3.93,54.95,0.06
17014,4.06,54.95,0.07
17015,4.18,54.95,0.07
17016,4.31,54.95,0.07
17017,4.43,54.95,0.08
17018,4.56,54.95,0.08
17019,4.68,54.95,0.09
17020,4.81,54.95,0.1
17021,4.93,54.95,0.11
17022,5.06,54.95,0.11
17023,5.18,54.95,0.11
17024,5.31,54.95,0.11
17025,5.43,54.95,0.11
17026,5.56,54.95,0.12
17027,5.68,54.95,0.12
17028,5.81,54.95,0.12
17029,5.93,54.95,0.12
17030,6.06,54.95,0.13
17031,6.18,54.95,0.13
17032,6.31,54.95,0.14
17033,6.43,54.95,0.14
17034,6.56,54.95,0.15
17035,6.68,54.95,0.16
17036,6.81,54.95,0.17
17037,6.93,54.95,0.17
17038,7.06,54.95,0.18
17039,7.18,54.95,0.19
17040,7.31,54.95,0.2
17041,7.43,54.95,0.21
17042,7.56,54.95,0.22
17043,7.68,54.95,0.23
17044,7.81,54.95,0.23
17045,7.93,54.95,0.24
17046,8.06,54.95,0.24
17047,8.18,54.95,0.24
17048,8.31,54.95,0.24
17049,8.43,54.95,0.25
17050,8.56,54.95,0.34
17051,8.68,54.95,1000000
17052,8.81,54.95,1000000
17053,8.93,54.95,1000000
17054,9.06,54.95,1000000
17055,9.18,54.95,1000000
17056,9.31,54.95,1000000
17057,9.43,54.95,1000000
17058,9.56,54.95,1000000
17059,9.68,54.95,1000000
17060,9.81,54.95,1000000
17061,9.93,54.95,1000000
17062,10.06,54.95,1000000
17063,10.18,54.95,1000000
17064,10.31,54.95,1000000
17065,10.43,54.95,1000000
17066,10.56,54.95,1000000
17067,10.68,54.95,1000000
17068,10.81,54.95,1000000
17069,10.93,54.95,1000000
17070,11.06,54.95,1000000
17071,11.18,54.95,1000000
17072,11.31,54.95,1000000
17073,11.43,54.95,1000000
17074,11.56,54.95,1000000
17075,11.68,54.95,1000000
17076,11.81,54.95,1000000
17077,11.93,54.95,1000000
17078,12.06,54.95,1000000
17079,12.18,54.95,1000000
17080,12.31,54.95,1000000
17081,12.43,54.95,1000000
17082,12.56,54.95,1000000
17083,12.68,54.95,1000000
17084,12.81,54.95,1000000
17085,12.93,54.95,1000000
17086,-12.06,55.04,1000000
17087,-11.93,55.04,1000000
17088,-11.81,55.04,2.24E-03
17089,-11.68,55.04,4.74E-03
17090,-11.56,55.04,6.11E-03
17091,-11.43,55.04,6.42E-03
17092,-11.31,55.04,6.28E-03
17093,-11.18,55.04,6.06E-03
17094,-11.06,55.04,5.82E-03
17095,-10.93,55.04,5.59E-03
17096,-10.81,55.04,5.45E-03
17097,-10.68,55.04,5.05E-03
17098,-10.56,55.04,4.22E-03
17099,-10.43,55.04,3.06E-03
17100,-10.31,55.04,2.50E-03
17101,-10.18,55.04,6.87E-03
17102,-10.06,55.04,0.03
17103,-9.93,55.04,0.06
17104,-9.81,55.04,0.05
17105,-9.68,55.04,0.04
17106,-9.56,55.04,0.04
17107,-9.43,55.04,0.04
17108,-9.31,55.04,0.03
17109,-9.18,55.04,0.03
17110,-9.06,55.04,0.02
17111,-8.93,55.04,0.02
17112,-8.81,55.04,0.01
17113,-8.68,55.04,0.01
17114,-8.56,55.04,8.71E-03
17115,-8.43,55.04,7.41E-03
17116,-8.31,55.04,1000000
17117,-8.18,55.04,1000000
17118,-8.06,55.04,1000000
17119,-7.93,55.04,1000000
17120,-7.81,55.04,1000000
17121,-7.68,55.04,1000000
17122,-7.56,55.04,1000000
17123,-7.43,55.04,1000000
17124,-7.31,55.04,1000000
17125,-7.18,55.04,1000000
17126,-7.06,55.04,1000000
17127,-6.93,55.04,1000000
17128,-6.81,55.04,1000000
17129,-6.68,55.04,1000000
17130,-6.56,55.04,1000000
17131,-6.43,55.04,1000000
17132,-6.31,55.04,1000000
17133,-6.18,55.04,1000000
17134,-6.06,55.04,1000000
17135,-5.93,55.04,1.55
17136,-5.81,55.04,2.21
17137,-5.68,55.04,1.53
17138,-5.56,55.04,1.06
17139,-5.43,55.04,0.74
17140,-5.31,55.04,0.57
17141,-5.18,55.04,0.43
17142,-5.06,55.04,0.06
17143,-4.93,55.04,1000000
17144,-4.81,55.04,1000000
17145,-4.68,55.04,1000000
17146,-4.56,55.04,1000000
17147,-4.43,55.04,1000000
17148,-4.31,55.04,1000000
17149,-4.18,55.04,1000000
17150,-4.06,55.04,1000000
17151,-3.93,55.04,1000000
17152,-3.81,55.04,1000000
17153,-3.68,55.04,1000000
17154,-3.56,55.04,1000000
17155,-3.43,55.04,1000000
17156,-3.31,55.04,1000000
17157,-3.18,55.04,1000000
17158,-3.06,55.04,1000000
17159,-2.93,55.04,1000000
17160,-2.81,55.04,1000000
17161,-2.68,55.04,1000000
17162,-2.56,55.04,1000000
17163,-2.43,55.04,1000000
17164,-2.31,55.04,1000000
17165,-2.18,55.04,1000000
17166,-2.06,55.04,1000000
17167,-1.93,55.04,1000000
17168,-1.81,55.04,1000000
17169,-1.68,55.04,1000000
17170,-1.56,55.04,1000000
17171,-1.43,55.04,0.23
17172,-1.31,55.04,0.32
17173,-1.18,55.04,0.31
17174,-1.06,55.04,0.31
17175,-0.93,55.04,0.32
17176,-0.81,55.04,0.32
17177,-0.68,55.04,0.31
17178,-0.56,55.04,0.3
17179,-0.43,55.04,0.29
17180,-0.31,55.04,0.29
17181,-0.18,55.04,0.29
17182,-0.06,55.04,0.29
17183,0.06,55.04,0.28
17184,0.18,55.04,0.28
17185,0.31,55.04,0.27
17186,0.43,55.04,0.26
17187,0.56,55.04,0.25
17188,0.68,55.04,0.23
17189,0.81,55.04,0.22
17190,0.93,55.04,0.22
17191,1.06,55.04,0.21
17192,1.18,55.04,0.21
17193,1.31,55.04,0.2
17194,1.43,55.04,0.19
17195,1.56,55.04,0.17
17196,1.68,55.04,0.16
17197,1.81,55.04,0.15
17198,1.93,55.04,0.13
17199,2.06,55.04,0.11
17200,2.18,55.04,0.1
17201,2.31,55.04,0.09
17202,2.43,55.04,0.07
17203,2.56,55.04,0.06
17204,2.68,55.04,0.05
17205,2.81,55.04,0.06
17206,2.93,55.04,0.06
17207,3.06,55.04,0.07
17208,3.18,55.04,0.07
17209,3.31,55.04,0.06
17210,3.43,55.04,0.06
17211,3.56,55.04,0.06
17212,3.68,55.04,0.06
17213,3.81,55.04,0.06
17214,3.93,55.04,0.06
17215,4.06,55.04,0.06
17216,4.18,55.04,0.07
17217,4.31,55.04,0.07
17218,4.43,55.04,0.07
17219,4.56,55.04,0.08
17220,4.68,55.04,0.09
17221,4.81,55.04,0.09
17222,4.93,55.04,0.1
17223,5.06,55.04,0.1
17224,5.18,55.04,0.1
17225,5.31,55.04,0.1
17226,5.43,55.04,0.1
17227,5.56,55.04,0.1
17228,5.68,55.04,0.1
17229,5.81,55.04,0.11
17230,5.93,55.04,0.11
17231,6.06,55.04,0.11
17232,6.18,55.04,0.12
17233,6.31,55.04,0.12
17234,6.43,55.04,0.13
17235,6.56,55.04,0.14
17236,6.68,55.04,0.15
17237,6.81,55.04,0.15
17238,6.93,55.04,0.16
17239,7.06,55.04,0.16
17240,7.18,55.04,0.17
17241,7.31,55.04,0.18
17242,7.43,55.04,0.2
17243,7.56,55.04,0.21
17244,7.68,55.04,0.22
17245,7.81,55.04,0.23
17246,7.93,55.04,0.23
17247,8.06,55.04,0.24
17248,8.18,55.04,0.22
17249,8.31,55.04,0.19
17250,8.43,55.04,0.2
17251,8.56,55.04,0.3
17252,8.68,55.04,1000000
17253,8.81,55.04,1000000
17254,8.93,55.04,1000000
17255,9.06,55.04,1000000
17256,9.18,55.04,1000000
17257,9.31,55.04,1000000
17258,9.43,55.04,1000000
17259,9.56,55.04,1000000
17260,9.68,55.04,1000000
17261,9.81,55.04,1000000
17262,9.93,55.04,1000000
17263,10.06,55.04,1000000
17264,10.18,55.04,1000000
17265,10.31,55.04,1000000
17266,10.43,55.04,1000000
17267,10.56,55.04,1000000
17268,10.68,55.04,1000000
17269,10.81,55.04,1000000
17270,10.93,55.04,1000000
17271,11.06,55.04,1000000
17272,11.18,55.04,1000000
17273,11.31,55.04,1000000
17274,11.43,55.04,1000000
17275,11.56,55.04,1000000
17276,11.68,55.04,1000000
17277,11.81,55.04,1000000
17278,11.93,55.04,1000000
17279,12.06,55.04,1000000
17280,12.18,55.04,1000000
17281,12.31,55.04,1000000
17282,12.43,55.04,1000000
17283,12.56,55.04,1000000
17284,12.68,55.04,1000000
17285,12.81,55.04,1000000
17286,12.93,55.04,1000000
17287,-12.06,55.12,1000000
17288,-11.93,55.12,1000000
17289,-11.81,55.12,2.28E-03
17290,-11.68,55.12,3.76E-03
17291,-11.56,55.12,4.42E-03
17292,-11.43,55.12,4.62E-03
17293,-11.31,55.12,4.84E-03
17294,-11.18,55.12,5.07E-03
17295,-11.06,55.12,5.19E-03
17296,-10.93,55.12,5.31E-03
17297,-10.81,55.12,5.37E-03
17298,-10.68,55.12,5.08E-03
17299,-10.56,55.12,4.56E-03
17300,-10.43,55.12,4.18E-03
17301,-10.31,55.12,3.35E-03
17302,-10.18,55.12,3.18E-03
17303,-10.06,55.12,0.01
17304,-9.93,55.12,0.04
17305,-9.81,55.12,0.06
17306,-9.68,55.12,0.05
17307,-9.56,55.12,0.04
17308,-9.43,55.12,0.04
17309,-9.31,55.12,0.03
17310,-9.18,55.12,0.03
17311,-9.06,55.12,0.03
17312,-8.93,55.12,0.02
17313,-8.81,55.12,0.02
17314,-8.68,55.12,0.01
17315,-8.56,55.12,0.01
17316,-8.43,55.12,0.02
17317,-8.31,55.12,0.03
17318,-8.18,55.12,1000000
17319,-8.06,55.12,1000000
17320,-7.93,55.12,1000000
17321,-7.81,55.12,1000000
17322,-7.68,55.12,1000000
17323,-7.56,55.12,1000000
17324,-7.43,55.12,1000000
17325,-7.31,55.12,1000000
17326,-7.18,55.12,1000000
17327,-7.06,55.12,1000000
17328,-6.93,55.12,1000000
17329,-6.81,55.12,1000000
17330,-6.68,55.12,1000000
17331,-6.56,55.12,1000000
17332,-6.43,55.12,1000000
17333,-6.31,55.12,1000000
17334,-6.18,55.12,1000000
17335,-6.06,55.12,1000000
17336,-5.93,55.12,1.88
17337,-5.81,55.12,2.04
17338,-5.68,55.12,1.51
17339,-5.56,55.12,0.97
17340,-5.43,55.12,0.57
17341,-5.31,55.12,0.27
17342,-5.18,55.12,0.11
17343,-5.06,55.12,0.03
17344,-4.93,55.12,1000000
17345,-4.81,55.12,1000000
17346,-4.68,55.12,1000000
17347,-4.56,55.12,1000000
17348,-4.43,55.12,1000000
17349,-4.31,55.12,1000000
17350,-4.18,55.12,1000000
17351,-4.06,55.12,1000000
17352,-3.93,55.12,1000000
17353,-3.81,55.12,1000000
17354,-3.68,55.12,1000000
17355,-3.56,55.12,1000000
17356,-3.43,55.12,1000000
17357,-3.31,55.12,1000000
17358,-3.18,55.12,1000000
17359,-3.06,55.12,1000000
17360,-2.93,55.12,1000000
17361,-2.81,55.12,1000000
17362,-2.68,55.12,1000000
17363,-2.56,55.12,1000000
17364,-2.43,55.12,1000000
17365,-2.31,55.12,1000000
17366,-2.18,55.12,1000000
17367,-2.06,55.12,1000000
17368,-1.93,55.12,1000000
17369,-1.81,55.12,1000000
17370,-1.68,55.12,1000000
17371,-1.56,55.12,1000000
17372,-1.43,55.12,0.24
17373,-1.31,55.12,0.29
17374,-1.18,55.12,0.29
17375,-1.06,55.12,0.31
17376,-0.93,55.12,0.32
17377,-0.81,55.12,0.33
17378,-0.68,55.12,0.32
17379,-0.56,55.12,0.29
17380,-0.43,55.12,0.28
17381,-0.31,55.12,0.27
17382,-0.18,55.12,0.27
17383,-0.06,55.12,0.27
17384,0.06,55.12,0.27
17385,0.18,55.12,0.26
17386,0.31,55.12,0.25
17387,0.43,55.12,0.24
17388,0.56,55.12,0.23
17389,0.68,55.12,0.22
17390,0.81,55.12,0.21
17391,0.93,55.12,0.21
17392,1.06,55.12,0.2
17393,1.18,55.12,0.19
17394,1.31,55.12,0.18
17395,1.43,55.12,0.17
17396,1.56,55.12,0.16
17397,1.68,55.12,0.15
17398,1.81,55.12,0.14
17399,1.93,55.12,0.13
17400,2.06,55.12,0.11
17401,2.18,55.12,0.1
17402,2.31,55.12,0.08
17403,2.43,55.12,0.07
17404,2.56,55.12,0.06
17405,2.68,55.12,0.05
17406,2.81,55.12,0.04
17407,2.93,55.12,0.05
17408,3.06,55.12,0.05
17409,3.18,55.12,0.06
17410,3.31,55.12,0.06
17411,3.43,55.12,0.06
17412,3.56,55.12,0.05
17413,3.68,55.12,0.05
17414,3.81,55.12,0.05
17415,3.93,55.12,0.06
17416,4.06,55.12,0.06
17417,4.18,55.12,0.06
17418,4.31,55.12,0.07
17419,4.43,55.12,0.07
17420,4.56,55.12,0.07
17421,4.68,55.12,0.08
17422,4.81,55.12,0.08
17423,4.93,55.12,0.09
17424,5.06,55.12,0.09
17425,5.18,55.12,0.09
17426,5.31,55.12,0.09
17427,5.43,55.12,0.09
17428,5.56,55.12,0.09
17429,5.68,55.12,0.09
17430,5.81,55.12,0.1
17431,5.93,55.12,0.1
17432,6.06,55.12,0.1
17433,6.18,55.12,0.1
17434,6.31,55.12,0.11
17435,6.43,55.12,0.12
17436,6.56,55.12,0.13
17437,6.68,55.12,0.14
17438,6.81,55.12,0.15
17439,6.93,55.12,0.15
17440,7.06,55.12,0.15
17441,7.18,55.12,0.16
17442,7.31,55.12,0.17
17443,7.43,55.12,0.18
17444,7.56,55.12,0.2
17445,7.68,55.12,0.21
17446,7.81,55.12,0.21
17447,7.93,55.12,0.22
17448,8.06,55.12,0.23
17449,8.18,55.12,0.22
17450,8.31,55.12,0.18
17451,8.43,55.12,0.16
17452,8.56,55.12,0.2
17453,8.68,55.12,1000000
17454,8.81,55.12,1000000
17455,8.93,55.12,1000000
17456,9.06,55.12,1000000
17457,9.18,55.12,1000000
17458,9.31,55.12,1000000
17459,9.43,55.12,1000000
17460,9.56,55.12,1000000
17461,9.68,55.12,1000000
17462,9.81,55.12,1000000
17463,9.93,55.12,1000000
17464,10.06,55.12,1000000
17465,10.18,55.12,1000000
17466,10.31,55.12,1000000
17467,10.43,55.12,1000000
17468,10.56,55.12,1000000
17469,10.68,55.12,1000000
17470,10.81,55.12,1000000
17471,10.93,55.12,1000000
17472,11.06,55.12,1000000
17473,11.18,55.12,1000000
17474,11.31,55.12,1000000
17475,11.43,55.12,1000000
17476,11.56,55.12,1000000
17477,11.68,55.12,1000000
17478,11.81,55.12,1000000
17479,11.93,55.12,1000000
17480,12.06,55.12,1000000
17481,12.18,55.12,1000000
17482,12.31,55.12,1000000
17483,12.43,55.12,1000000
17484,12.56,55.12,1000000
17485,12.68,55.12,1000000
17486,12.81,55.12,1000000
17487,12.93,55.12,1000000
17488,-12.06,55.2,1000000
17489,-11.93,55.2,1000000
17490,-11.81,55.2,8.09E-03
17491,-11.68,55.2,6.26E-03
17492,-11.56,55.2,3.76E-03
17493,-11.43,55.2,2.94E-03
17494,-11.31,55.2,3.94E-03
17495,-11.18,55.2,4.55E-03
17496,-11.06,55.2,4.92E-03
17497,-10.93,55.2,5.25E-03
17498,-10.81,55.2,5.40E-03
17499,-10.68,55.2,5.34E-03
17500,-10.56,55.2,5.49E-03
17501,-10.43,55.2,5.52E-03
17502,-10.31,55.2,4.45E-03
17503,-10.18,55.2,3.59E-03
17504,-10.06,55.2,7.24E-03
17505,-9.93,55.2,0.01
17506,-9.81,55.2,0.03
17507,-9.68,55.2,0.04
17508,-9.56,55.2,0.04
17509,-9.43,55.2,0.04
17510,-9.31,55.2,0.04
17511,-9.18,55.2,0.04
17512,-9.06,55.2,0.03
17513,-8.93,55.2,0.03
17514,-8.81,55.2,0.03
17515,-8.68,55.2,0.02
17516,-8.56,55.2,0.02
17517,-8.43,55.2,0.03
17518,-8.31,55.2,0.07
17519,-8.18,55.2,0.08
17520,-8.06,55.2,0.05
17521,-7.93,55.2,0.05
17522,-7.81,55.2,1000000
17523,-7.68,55.2,1000000
17524,-7.56,55.2,0.02
17525,-7.43,55.2,1000000
17526,-7.31,55.2,1000000
17527,-7.18,55.2,1000000
17528,-7.06,55.2,1000000
17529,-6.93,55.2,0.34
17530,-6.81,55.2,0.25
17531,-6.68,55.2,0.26
17532,-6.56,55.2,1000000
17533,-6.43,55.2,1000000
17534,-6.31,55.2,1000000
17535,-6.18,55.2,1000000
17536,-6.06,55.2,3
17537,-5.93,55.2,3
17538,-5.81,55.2,3
17539,-5.68,55.2,2.15
17540,-5.56,55.2,0.92
17541,-5.43,55.2,0.46
17542,-5.31,55.2,0.22
17543,-5.18,55.2,0.1
17544,-5.06,55.2,0.06
17545,-4.93,55.2,0.03
17546,-4.81,55.2,0.02
17547,-4.68,55.2,1000000
17548,-4.56,55.2,1000000
17549,-4.43,55.2,1000000
17550,-4.31,55.2,1000000
17551,-4.18,55.2,1000000
17552,-4.06,55.2,1000000
17553,-3.93,55.2,1000000
17554,-3.81,55.2,1000000
17555,-3.68,55.2,1000000
17556,-3.56,55.2,1000000
17557,-3.43,55.2,1000000
17558,-3.31,55.2,1000000
17559,-3.18,55.2,1000000
17560,-3.06,55.2,1000000
17561,-2.93,55.2,1000000
17562,-2.81,55.2,1000000
17563,-2.68,55.2,1000000
17564,-2.56,55.2,1000000
17565,-2.43,55.2,1000000
17566,-2.31,55.2,1000000
17567,-2.18,55.2,1000000
17568,-2.06,55.2,1000000
17569,-1.93,55.2,1000000
17570,-1.81,55.2,1000000
17571,-1.68,55.2,1000000
17572,-1.56,55.2,1000000
17573,-1.43,55.2,0.31
17574,-1.31,55.2,0.33
17575,-1.18,55.2,0.31
17576,-1.06,55.2,0.3
17577,-0.93,55.2,0.31
17578,-0.81,55.2,0.32
17579,-0.68,55.2,0.31
17580,-0.56,55.2,0.29
17581,-0.43,55.2,0.27
17582,-0.31,55.2,0.26
17583,-0.18,55.2,0.25
17584,-0.06,55.2,0.25
17585,0.06,55.2,0.25
17586,0.18,55.2,0.24
17587,0.31,55.2,0.24
17588,0.43,55.2,0.23
17589,0.56,55.2,0.22
17590,0.68,55.2,0.22
17591,0.81,55.2,0.21
17592,0.93,55.2,0.2
17593,1.06,55.2,0.19
17594,1.18,55.2,0.18
17595,1.31,55.2,0.17
17596,1.43,55.2,0.16
17597,1.56,55.2,0.15
17598,1.68,55.2,0.14
17599,1.81,55.2,0.13
17600,1.93,55.2,0.12
17601,2.06,55.2,0.11
17602,2.18,55.2,0.1
17603,2.31,55.2,0.08
17604,2.43,55.2,0.07
17605,2.56,55.2,0.06
17606,2.68,55.2,0.05
17607,2.81,55.2,0.04
17608,2.93,55.2,0.04
17609,3.06,55.2,0.04
17610,3.18,55.2,0.05
17611,3.31,55.2,0.05
17612,3.43,55.2,0.05
17613,3.56,55.2,0.05
17614,3.68,55.2,0.05
17615,3.81,55.2,0.05
17616,3.93,55.2,0.05
17617,4.06,55.2,0.06
17618,4.18,55.2,0.06
17619,4.31,55.2,0.06
17620,4.43,55.2,0.07
17621,4.56,55.2,0.07
17622,4.68,55.2,0.07
17623,4.81,55.2,0.08
17624,4.93,55.2,0.08
17625,5.06,55.2,0.08
17626,5.18,55.2,0.08
17627,5.31,55.2,0.08
17628,5.43,55.2,0.08
17629,5.56,55.2,0.08
17630,5.68,55.2,0.08
17631,5.81,55.2,0.08
17632,5.93,55.2,0.09
17633,6.06,55.2,0.09
17634,6.18,55.2,0.09
17635,6.31,55.2,0.1
17636,6.43,55.2,0.11
17637,6.56,55.2,0.12
17638,6.68,55.2,0.13
17639,6.81,55.2,0.14
17640,6.93,55.2,0.15
17641,7.06,55.2,0.15
17642,7.18,55.2,0.16
17643,7.31,55.2,0.17
17644,7.43,55.2,0.18
17645,7.56,55.2,0.19
17646,7.68,55.2,0.2
17647,7.81,55.2,0.2
17648,7.93,55.2,0.2
17649,8.06,55.2,0.21
17650,8.18,55.2,0.22
17651,8.31,55.2,0.18
17652,8.43,55.2,0.14
17653,8.56,55.2,0.15
17654,8.68,55.2,1000000
17655,8.81,55.2,1000000
17656,8.93,55.2,1000000
17657,9.06,55.2,1000000
17658,9.18,55.2,1000000
17659,9.31,55.2,1000000
17660,9.43,55.2,1000000
17661,9.56,55.2,1000000
17662,9.68,55.2,1000000
17663,9.81,55.2,1000000
17664,9.93,55.2,1000000
17665,10.06,55.2,1000000
17666,10.18,55.2,1000000
17667,10.31,55.2,1000000
17668,10.43,55.2,1000000
17669,10.56,55.2,1000000
17670,10.68,55.2,1000000
17671,10.81,55.2,1000000
17672,10.93,55.2,1000000
17673,11.06,55.2,1000000
17674,11.18,55.2,1000000
17675,11.31,55.2,1000000
17676,11.43,55.2,1000000
17677,11.56,55.2,1000000
17678,11.68,55.2,1000000
17679,11.81,55.2,1000000
17680,11.93,55.2,1000000
17681,12.06,55.2,1000000
17682,12.18,55.2,1000000
17683,12.31,55.2,1000000
17684,12.43,55.2,1000000
17685,12.56,55.2,1000000
17686,12.68,55.2,1000000
17687,12.81,55.2,1000000
17688,12.93,55.2,1000000
17689,-12.06,55.29,1000000
17690,-11.93,55.29,1000000
17691,-11.81,55.29,0.01
17692,-11.68,55.29,0.01
17693,-11.56,55.29,6.37E-03
17694,-11.43,55.29,4.83E-03
17695,-11.31,55.29,4.68E-03
17696,-11.18,55.29,4.90E-03
17697,-11.06,55.29,5.22E-03
17698,-10.93,55.29,5.52E-03
17699,-10.81,55.29,5.66E-03
17700,-10.68,55.29,5.87E-03
17701,-10.56,55.29,6.26E-03
17702,-10.43,55.29,6.23E-03
17703,-10.31,55.29,5.72E-03
17704,-10.18,55.29,5.62E-03
17705,-10.06,55.29,5.32E-03
17706,-9.93,55.29,7.92E-03
17707,-9.81,55.29,0.01
17708,-9.68,55.29,0.03
17709,-9.56,55.29,0.04
17710,-9.43,55.29,0.05
17711,-9.31,55.29,0.05
17712,-9.18,55.29,0.04
17713,-9.06,55.29,0.04
17714,-8.93,55.29,0.04
17715,-8.81,55.29,0.03
17716,-8.68,55.29,0.03
17717,-8.56,55.29,0.02
17718,-8.43,55.29,0.03
17719,-8.31,55.29,0.04
17720,-8.18,55.29,0.05
17721,-8.06,55.29,0.06
17722,-7.93,55.29,0.1
17723,-7.81,55.29,0.12
17724,-7.68,55.29,0.13
17725,-7.56,55.29,0.12
17726,-7.43,55.29,0.23
17727,-7.31,55.29,1000000
17728,-7.18,55.29,1000000
17729,-7.06,55.29,1.58
17730,-6.93,55.29,0.79
17731,-6.81,55.29,0.71
17732,-6.68,55.29,0.83
17733,-6.56,55.29,1.23
17734,-6.43,55.29,1.63
17735,-6.31,55.29,2.03
17736,-6.18,55.29,3
17737,-6.06,55.29,3
17738,-5.93,55.29,3
17739,-5.81,55.29,3
17740,-5.68,55.29,3
17741,-5.56,55.29,1.18
17742,-5.43,55.29,0.49
17743,-5.31,55.29,0.21
17744,-5.18,55.29,0.1
17745,-5.06,55.29,0.06
17746,-4.93,55.29,0.04
17747,-4.81,55.29,1000000
17748,-4.68,55.29,1000000
17749,-4.56,55.29,1000000
17750,-4.43,55.29,1000000
17751,-4.31,55.29,1000000
17752,-4.18,55.29,1000000
17753,-4.06,55.29,1000000
17754,-3.93,55.29,1000000
17755,-3.81,55.29,1000000
17756,-3.68,55.29,1000000
17757,-3.56,55.29,1000000
17758,-3.43,55.29,1000000
17759,-3.31,55.29,1000000
17760,-3.18,55.29,1000000
17761,-3.06,55.29,1000000
17762,-2.93,55.29,1000000
17763,-2.81,55.29,1000000
17764,-2.68,55.29,1000000
17765,-2.56,55.29,1000000
17766,-2.43,55.29,1000000
17767,-2.31,55.29,1000000
17768,-2.18,55.29,1000000
17769,-2.06,55.29,1000000
17770,-1.93,55.29,1000000
17771,-1.81,55.29,1000000
17772,-1.68,55.29,1000000
17773,-1.56,55.29,1000000
17774,-1.43,55.29,0.43
17775,-1.31,55.29,0.39
17776,-1.18,55.29,0.36
17777,-1.06,55.29,0.32
17778,-0.93,55.29,0.32
17779,-0.81,55.29,0.3
17780,-0.68,55.29,0.29
17781,-0.56,55.29,0.28
17782,-0.43,55.29,0.26
17783,-0.31,55.29,0.25
17784,-0.18,55.29,0.24
17785,-0.06,55.29,0.23
17786,0.06,55.29,0.23
17787,0.18,55.29,0.23
17788,0.31,55.29,0.22
17789,0.43,55.29,0.22
17790,0.56,55.29,0.21
17791,0.68,55.29,0.21
17792,0.81,55.29,0.2
17793,0.93,55.29,0.19
17794,1.06,55.29,0.18
17795,1.18,55.29,0.17
17796,1.31,55.29,0.16
17797,1.43,55.29,0.15
17798,1.56,55.29,0.14
17799,1.68,55.29,0.13
17800,1.81,55.29,0.12
17801,1.93,55.29,0.11
17802,2.06,55.29,0.1
17803,2.18,55.29,0.09
17804,2.31,55.29,0.08
17805,2.43,55.29,0.07
17806,2.56,55.29,0.06
17807,2.68,55.29,0.05
17808,2.81,55.29,0.04
17809,2.93,55.29,0.04
17810,3.06,55.29,0.04
17811,3.18,55.29,0.04
17812,3.31,55.29,0.04
17813,3.43,55.29,0.04
17814,3.56,55.29,0.05
17815,3.68,55.29,0.05
17816,3.81,55.29,0.05
17817,3.93,55.29,0.05
17818,4.06,55.29,0.06
17819,4.18,55.29,0.06
17820,4.31,55.29,0.06
17821,4.43,55.29,0.06
17822,4.56,55.29,0.07
17823,4.68,55.29,0.07
17824,4.81,55.29,0.07
17825,4.93,55.29,0.07
17826,5.06,55.29,0.07
17827,5.18,55.29,0.07
17828,5.31,55.29,0.07
17829,5.43,55.29,0.07
17830,5.56,55.29,0.07
17831,5.68,55.29,0.07
17832,5.81,55.29,0.07
17833,5.93,55.29,0.07
17834,6.06,55.29,0.08
17835,6.18,55.29,0.08
17836,6.31,55.29,0.09
17837,6.43,55.29,0.1
17838,6.56,55.29,0.12
17839,6.68,55.29,0.13
17840,6.81,55.29,0.14
17841,6.93,55.29,0.14
17842,7.06,55.29,0.15
17843,7.18,55.29,0.16
17844,7.31,55.29,0.17
17845,7.43,55.29,0.18
17846,7.56,55.29,0.2
17847,7.68,55.29,0.21
17848,7.81,55.29,0.21
17849,7.93,55.29,0.2
17850,8.06,55.29,0.19
17851,8.18,55.29,0.2
17852,8.31,55.29,0.2
17853,8.43,55.29,0.16
17854,8.56,55.29,0.15
17855,8.68,55.29,1000000
17856,8.81,55.29,1000000
17857,8.93,55.29,1000000
17858,9.06,55.29,1000000
17859,9.18,55.29,1000000
17860,9.31,55.29,1000000
17861,9.43,55.29,1000000
17862,9.56,55.29,1000000
17863,9.68,55.29,1000000
17864,9.81,55.29,1000000
17865,9.93,55.29,1000000
17866,10.06,55.29,1000000
17867,10.18,55.29,1000000
17868,10.31,55.29,1000000
17869,10.43,55.29,1000000
17870,10.56,55.29,1000000
17871,10.68,55.29,1000000
17872,10.81,55.29,1000000
17873,10.93,55.29,1000000
17874,11.06,55.29,1000000
17875,11.18,55.29,1000000
17876,11.31,55.29,1000000
17877,11.43,55.29,1000000
17878,11.56,55.29,1000000
17879,11.68,55.29,1000000
17880,11.81,55.29,1000000
17881,11.93,55.29,1000000
17882,12.06,55.29,1000000
17883,12.18,55.29,1000000
17884,12.31,55.29,1000000
17885,12.43,55.29,1000000
17886,12.56,55.29,1000000
17887,12.68,55.29,1000000
17888,12.81,55.29,1000000
17889,12.93,55.29,1000000
17890,-12.06,55.37,1000000
17891,-11.93,55.37,1000000
17892,-11.81,55.37,7.37E-03
17893,-11.68,55.37,7.04E-03
17894,-11.56,55.37,6.44E-03
17895,-11.43,55.37,5.99E-03
17896,-11.31,55.37,5.73E-03
17897,-11.18,55.37,5.67E-03
17898,-11.06,55.37,5.79E-03
17899,-10.93,55.37,5.89E-03
17900,-10.81,55.37,5.97E-03
17901,-10.68,55.37,6.18E-03
17902,-10.56,55.37,6.42E-03
17903,-10.43,55.37,6.41E-03
17904,-10.31,55.37,6.36E-03
17905,-10.18,55.37,6.12E-03
17906,-10.06,55.37,4.91E-03
17907,-9.93,55.37,4.26E-03
17908,-9.81,55.37,0.01
17909,-9.68,55.37,0.01
17910,-9.56,55.37,0.03
17911,-9.43,55.37,0.04
17912,-9.31,55.37,0.05
17913,-9.18,55.37,0.06
17914,-9.06,55.37,0.05
17915,-8.93,55.37,0.05
17916,-8.81,55.37,0.04
17917,-8.68,55.37,0.03
17918,-8.56,55.37,0.03
17919,-8.43,55.37,0.03
17920,-8.31,55.37,0.04
17921,-8.18,55.37,0.04
17922,-8.06,55.37,0.06
17923,-7.93,55.37,0.08
17924,-7.81,55.37,0.1
17925,-7.68,55.37,0.14
17926,-7.56,55.37,0.25
17927,-7.43,55.37,0.65
17928,-7.31,55.37,1.41
17929,-7.18,55.37,2.28
17930,-7.06,55.37,2.77
17931,-6.93,55.37,1.72
17932,-6.81,55.37,1.09
17933,-6.68,55.37,1.11
17934,-6.56,55.37,1.59
17935,-6.43,55.37,2.02
17936,-6.31,55.37,2
17937,-6.18,55.37,2.02
17938,-6.06,55.37,2.6
17939,-5.93,55.37,2.61
17940,-5.81,55.37,3
17941,-5.68,55.37,1000000
17942,-5.56,55.37,1000000
17943,-5.43,55.37,0.13
17944,-5.31,55.37,0.05
17945,-5.18,55.37,0.07
17946,-5.06,55.37,0.09
17947,-4.93,55.37,0.05
17948,-4.81,55.37,0.03
17949,-4.68,55.37,1000000
17950,-4.56,55.37,1000000
17951,-4.43,55.37,1000000
17952,-4.31,55.37,1000000
17953,-4.18,55.37,1000000
17954,-4.06,55.37,1000000
17955,-3.93,55.37,1000000
17956,-3.81,55.37,1000000
17957,-3.68,55.37,1000000
17958,-3.56,55.37,1000000
17959,-3.43,55.37,1000000
17960,-3.31,55.37,1000000
17961,-3.18,55.37,1000000
17962,-3.06,55.37,1000000
17963,-2.93,55.37,1000000
17964,-2.81,55.37,1000000
17965,-2.68,55.37,1000000
17966,-2.56,55.37,1000000
17967,-2.43,55.37,1000000
17968,-2.31,55.37,1000000
17969,-2.18,55.37,1000000
17970,-2.06,55.37,1000000
17971,-1.93,55.37,1000000
17972,-1.81,55.37,1000000
17973,-1.68,55.37,1000000
17974,-1.56,55.37,0.4
17975,-1.43,55.37,0.54
17976,-1.31,55.37,0.44
17977,-1.18,55.37,0.4
17978,-1.06,55.37,0.37
17979,-0.93,55.37,0.35
17980,-0.81,55.37,0.31
17981,-0.68,55.37,0.29
17982,-0.56,55.37,0.27
17983,-0.43,55.37,0.26
17984,-0.31,55.37,0.25
17985,-0.18,55.37,0.24
17986,-0.06,55.37,0.23
17987,0.06,55.37,0.23
17988,0.18,55.37,0.22
17989,0.31,55.37,0.22
17990,0.43,55.37,0.21
17991,0.56,55.37,0.2
17992,0.68,55.37,0.19
17993,0.81,55.37,0.19
17994,0.93,55.37,0.18
17995,1.06,55.37,0.17
17996,1.18,55.37,0.16
17997,1.31,55.37,0.15
17998,1.43,55.37,0.14
17999,1.56,55.37,0.13
18000,1.68,55.37,0.12
18001,1.81,55.37,0.11
18002,1.93,55.37,0.1
18003,2.06,55.37,0.09
18004,2.18,55.37,0.08
18005,2.31,55.37,0.08
18006,2.43,55.37,0.07
18007,2.56,55.37,0.06
18008,2.68,55.37,0.05
18009,2.81,55.37,0.05
18010,2.93,55.37,0.04
18011,3.06,55.37,0.04
18012,3.18,55.37,0.04
18013,3.31,55.37,0.04
18014,3.43,55.37,0.04
18015,3.56,55.37,0.04
18016,3.68,55.37,0.05
18017,3.81,55.37,0.05
18018,3.93,55.37,0.05
18019,4.06,55.37,0.06
18020,4.18,55.37,0.06
18021,4.31,55.37,0.06
18022,4.43,55.37,0.06
18023,4.56,55.37,0.06
18024,4.68,55.37,0.06
18025,4.81,55.37,0.06
18026,4.93,55.37,0.06
18027,5.06,55.37,0.06
18028,5.18,55.37,0.06
18029,5.31,55.37,0.06
18030,5.43,55.37,0.06
18031,5.56,55.37,0.06
18032,5.68,55.37,0.06
18033,5.81,55.37,0.06
18034,5.93,55.37,0.06
18035,6.06,55.37,0.07
18036,6.18,55.37,0.07
18037,6.31,55.37,0.08
18038,6.43,55.37,0.09
18039,6.56,55.37,0.1
18040,6.68,55.37,0.12
18041,6.81,55.37,0.13
18042,6.93,55.37,0.14
18043,7.06,55.37,0.15
18044,7.18,55.37,0.16
18045,7.31,55.37,0.18
18046,7.43,55.37,0.2
18047,7.56,55.37,0.22
18048,7.68,55.37,0.24
18049,7.81,55.37,0.25
18050,7.93,55.37,0.24
18051,8.06,55.37,0.22
18052,8.18,55.37,0.16
18053,8.31,55.37,0.2
18054,8.43,55.37,0.18
18055,8.56,55.37,0.15
18056,8.68,55.37,1000000
18057,8.81,55.37,1000000
18058,8.93,55.37,1000000
18059,9.06,55.37,1000000
18060,9.18,55.37,1000000
18061,9.31,55.37,1000000
18062,9.43,55.37,1000000
18063,9.56,55.37,1000000
18064,9.68,55.37,1000000
18065,9.81,55.37,1000000
18066,9.93,55.37,1000000
18067,10.06,55.37,1000000
18068,10.18,55.37,1000000
18069,10.31,55.37,1000000
18070,10.43,55.37,1000000
18071,10.56,55.37,1000000
18072,10.68,55.37,1000000
18073,10.81,55.37,1000000
18074,10.93,55.37,1000000
18075,11.06,55.37,1000000
18076,11.18,55.37,1000000
18077,11.31,55.37,1000000
18078,11.43,55.37,1000000
18079,11.56,55.37,1000000
18080,11.68,55.37,1000000
18081,11.81,55.37,1000000
18082,11.93,55.37,1000000
18083,12.06,55.37,1000000
18084,12.18,55.37,1000000
18085,12.31,55.37,1000000
18086,12.43,55.37,1000000
18087,12.56,55.37,1000000
18088,12.68,55.37,1000000
18089,12.81,55.37,1000000
18090,12.93,55.37,1000000
18091,-12.06,55.45,1000000
18092,-11.93,55.45,1000000
18093,-11.81,55.45,3.02E-03
18094,-11.68,55.45,4.12E-03
18095,-11.56,55.45,6.14E-03
18096,-11.43,55.45,6.71E-03
18097,-11.31,55.45,6.64E-03
18098,-11.18,55.45,6.49E-03
18099,-11.06,55.45,6.42E-03
18100,-10.93,55.45,6.35E-03
18101,-10.81,55.45,6.32E-03
18102,-10.68,55.45,6.39E-03
18103,-10.56,55.45,6.44E-03
18104,-10.43,55.45,6.40E-03
18105,-10.31,55.45,6.30E-03
18106,-10.18,55.45,5.90E-03
18107,-10.06,55.45,5.27E-03
18108,-9.93,55.45,4.68E-03
18109,-9.81,55.45,5.78E-03
18110,-9.68,55.45,9.90E-03
18111,-9.56,55.45,0.01
18112,-9.43,55.45,0.03
18113,-9.31,55.45,0.04
18114,-9.18,55.45,0.06
18115,-9.06,55.45,0.06
18116,-8.93,55.45,0.06
18117,-8.81,55.45,0.05
18118,-8.68,55.45,0.04
18119,-8.56,55.45,0.03
18120,-8.43,55.45,0.03
18121,-8.31,55.45,0.03
18122,-8.18,55.45,0.04
18123,-8.06,55.45,0.05
18124,-7.93,55.45,0.06
18125,-7.81,55.45,0.09
18126,-7.68,55.45,0.13
18127,-7.56,55.45,0.22
18128,-7.43,55.45,0.43
18129,-7.31,55.45,1.04
18130,-7.18,55.45,1.78
18131,-7.06,55.45,2.12
18132,-6.93,55.45,1.96
18133,-6.81,55.45,1.58
18134,-6.68,55.45,1.51
18135,-6.56,55.45,1.88
18136,-6.43,55.45,2.13
18137,-6.31,55.45,2.09
18138,-6.18,55.45,1.49
18139,-6.06,55.45,1.01
18140,-5.93,55.45,0.8
18141,-5.81,55.45,0.94
18142,-5.68,55.45,1000000
18143,-5.56,55.45,1000000
18144,-5.43,55.45,0.04
18145,-5.31,55.45,0.01
18146,-5.18,55.45,1000000
18147,-5.06,55.45,0.04
18148,-4.93,55.45,0.02
18149,-4.81,55.45,0.01
18150,-4.68,55.45,3.95E-03
18151,-4.56,55.45,1000000
18152,-4.43,55.45,1000000
18153,-4.31,55.45,1000000
18154,-4.18,55.45,1000000
18155,-4.06,55.45,1000000
18156,-3.93,55.45,1000000
18157,-3.81,55.45,1000000
18158,-3.68,55.45,1000000
18159,-3.56,55.45,1000000
18160,-3.43,55.45,1000000
18161,-3.31,55.45,1000000
18162,-3.18,55.45,1000000
18163,-3.06,55.45,1000000
18164,-2.93,55.45,1000000
18165,-2.81,55.45,1000000
18166,-2.68,55.45,1000000
18167,-2.56,55.45,1000000
18168,-2.43,55.45,1000000
18169,-2.31,55.45,1000000
18170,-2.18,55.45,1000000
18171,-2.06,55.45,1000000
18172,-1.93,55.45,1000000
18173,-1.81,55.45,1000000
18174,-1.68,55.45,1000000
18175,-1.56,55.45,0.44
18176,-1.43,55.45,0.5
18177,-1.31,55.45,0.44
18178,-1.18,55.45,0.38
18179,-1.06,55.45,0.36
18180,-0.93,55.45,0.34
18181,-0.81,55.45,0.32
18182,-0.68,55.45,0.29
18183,-0.56,55.45,0.27
18184,-0.43,55.45,0.26
18185,-0.31,55.45,0.26
18186,-0.18,55.45,0.25
18187,-0.06,55.45,0.24
18188,0.06,55.45,0.23
18189,0.18,55.45,0.22
18190,0.31,55.45,0.21
18191,0.43,55.45,0.21
18192,0.56,55.45,0.2
18193,0.68,55.45,0.19
18194,0.81,55.45,0.18
18195,0.93,55.45,0.17
18196,1.06,55.45,0.16
18197,1.18,55.45,0.16
18198,1.31,55.45,0.15
18199,1.43,55.45,0.13
18200,1.56,55.45,0.12
18201,1.68,55.45,0.11
18202,1.81,55.45,0.1
18203,1.93,55.45,0.09
18204,2.06,55.45,0.08
18205,2.18,55.45,0.07
18206,2.31,55.45,0.07
18207,2.43,55.45,0.06
18208,2.56,55.45,0.06
18209,2.68,55.45,0.05
18210,2.81,55.45,0.05
18211,2.93,55.45,0.04
18212,3.06,55.45,0.04
18213,3.18,55.45,0.04
18214,3.31,55.45,0.04
18215,3.43,55.45,0.04
18216,3.56,55.45,0.04
18217,3.68,55.45,0.05
18218,3.81,55.45,0.05
18219,3.93,55.45,0.05
18220,4.06,55.45,0.06
18221,4.18,55.45,0.06
18222,4.31,55.45,0.06
18223,4.43,55.45,0.06
18224,4.56,55.45,0.06
18225,4.68,55.45,0.06
18226,4.81,55.45,0.06
18227,4.93,55.45,0.06
18228,5.06,55.45,0.05
18229,5.18,55.45,0.05
18230,5.31,55.45,0.05
18231,5.43,55.45,0.05
18232,5.56,55.45,0.05
18233,5.68,55.45,0.05
18234,5.81,55.45,0.05
18235,5.93,55.45,0.06
18236,6.06,55.45,0.06
18237,6.18,55.45,0.06
18238,6.31,55.45,0.07
18239,6.43,55.45,0.07
18240,6.56,55.45,0.09
18241,6.68,55.45,0.1
18242,6.81,55.45,0.12
18243,6.93,55.45,0.13
18244,7.06,55.45,0.14
18245,7.18,55.45,0.16
18246,7.31,55.45,0.19
18247,7.43,55.45,0.22
18248,7.56,55.45,0.25
18249,7.68,55.45,0.27
18250,7.81,55.45,0.33
18251,7.93,55.45,0.42
18252,8.06,55.45,0.51
18253,8.18,55.45,0.15
18254,8.31,55.45,0.1
18255,8.43,55.45,1000000
18256,8.56,55.45,1000000
18257,8.68,55.45,1000000
18258,8.81,55.45,1000000
18259,8.93,55.45,1000000
18260,9.06,55.45,1000000
18261,9.18,55.45,1000000
18262,9.31,55.45,1000000
18263,9.43,55.45,1000000
18264,9.56,55.45,1000000
18265,9.68,55.45,1000000
18266,9.81,55.45,1000000
18267,9.93,55.45,1000000
18268,10.06,55.45,1000000
18269,10.18,55.45,1000000
18270,10.31,55.45,1000000
18271,10.43,55.45,1000000
18272,10.56,55.45,1000000
18273,10.68,55.45,1000000
18274,10.81,55.45,1000000
18275,10.93,55.45,1000000
18276,11.06,55.45,1000000
18277,11.18,55.45,1000000
18278,11.31,55.45,1000000
18279,11.43,55.45,1000000
18280,11.56,55.45,1000000
18281,11.68,55.45,1000000
18282,11.81,55.45,1000000
18283,11.93,55.45,1000000
18284,12.06,55.45,1000000
18285,12.18,55.45,1000000
18286,12.31,55.45,1000000
18287,12.43,55.45,1000000
18288,12.56,55.45,1000000
18289,12.68,55.45,1000000
18290,12.81,55.45,1000000
18291,12.93,55.45,1000000
18292,-12.06,55.54,1000000
18293,-11.93,55.54,1000000
18294,-11.81,55.54,0.02
18295,-11.68,55.54,0.01
18296,-11.56,55.54,0.01
18297,-11.43,55.54,8.90E-03
18298,-11.31,55.54,7.93E-03
18299,-11.18,55.54,7.42E-03
18300,-11.06,55.54,7.09E-03
18301,-10.93,55.54,6.81E-03
18302,-10.81,55.54,6.59E-03
18303,-10.68,55.54,6.44E-03
18304,-10.56,55.54,6.31E-03
18305,-10.43,55.54,6.19E-03
18306,-10.31,55.54,6.04E-03
18307,-10.18,55.54,5.83E-03
18308,-10.06,55.54,5.59E-03
18309,-9.93,55.54,5.51E-03
18310,-9.81,55.54,5.33E-03
18311,-9.68,55.54,5.47E-03
18312,-9.56,55.54,9.33E-03
18313,-9.43,55.54,0.02
18314,-9.31,55.54,0.04
18315,-9.18,55.54,0.06
18316,-9.06,55.54,0.07
18317,-8.93,55.54,0.07
18318,-8.81,55.54,0.05
18319,-8.68,55.54,0.04
18320,-8.56,55.54,0.04
18321,-8.43,55.54,0.03
18322,-8.31,55.54,0.03
18323,-8.18,55.54,0.03
18324,-8.06,55.54,0.04
18325,-7.93,55.54,0.05
18326,-7.81,55.54,0.07
18327,-7.68,55.54,0.11
18328,-7.56,55.54,0.18
18329,-7.43,55.54,0.35
18330,-7.31,55.54,0.75
18331,-7.18,55.54,1.42
18332,-7.06,55.54,1.91
18333,-6.93,55.54,1.93
18334,-6.81,55.54,1.65
18335,-6.68,55.54,1.72
18336,-6.56,55.54,2.56
18337,-6.43,55.54,2.76
18338,-6.31,55.54,2.58
18339,-6.18,55.54,1.64
18340,-6.06,55.54,0.54
18341,-5.93,55.54,0.16
18342,-5.81,55.54,0.13
18343,-5.68,55.54,0.01
18344,-5.56,55.54,1000000
18345,-5.43,55.54,0.05
18346,-5.31,55.54,1000000
18347,-5.18,55.54,1000000
18348,-5.06,55.54,0.01
18349,-4.93,55.54,0.01
18350,-4.81,55.54,6.36E-03
18351,-4.68,55.54,1.91E-03
18352,-4.56,55.54,1000000
18353,-4.43,55.54,1000000
18354,-4.31,55.54,1000000
18355,-4.18,55.54,1000000
18356,-4.06,55.54,1000000
18357,-3.93,55.54,1000000
18358,-3.81,55.54,1000000
18359,-3.68,55.54,1000000
18360,-3.56,55.54,1000000
18361,-3.43,55.54,1000000
18362,-3.31,55.54,1000000
18363,-3.18,55.54,1000000
18364,-3.06,55.54,1000000
18365,-2.93,55.54,1000000
18366,-2.81,55.54,1000000
18367,-2.68,55.54,1000000
18368,-2.56,55.54,1000000
18369,-2.43,55.54,1000000
18370,-2.31,55.54,1000000
18371,-2.18,55.54,1000000
18372,-2.06,55.54,1000000
18373,-1.93,55.54,1000000
18374,-1.81,55.54,1000000
18375,-1.68,55.54,1000000
18376,-1.56,55.54,0.64
18377,-1.43,55.54,0.52
18378,-1.31,55.54,0.43
18379,-1.18,55.54,0.36
18380,-1.06,55.54,0.31
18381,-0.93,55.54,0.29
18382,-0.81,55.54,0.28
18383,-0.68,55.54,0.26
18384,-0.56,55.54,0.25
18385,-0.43,55.54,0.25
18386,-0.31,55.54,0.25
18387,-0.18,55.54,0.26
18388,-0.06,55.54,0.25
18389,0.06,55.54,0.24
18390,0.18,55.54,0.23
18391,0.31,55.54,0.22
18392,0.43,55.54,0.21
18393,0.56,55.54,0.2
18394,0.68,55.54,0.19
18395,0.81,55.54,0.18
18396,0.93,55.54,0.17
18397,1.06,55.54,0.16
18398,1.18,55.54,0.15
18399,1.31,55.54,0.14
18400,1.43,55.54,0.13
18401,1.56,55.54,0.11
18402,1.68,55.54,0.1
18403,1.81,55.54,0.09
18404,1.93,55.54,0.08
18405,2.06,55.54,0.08
18406,2.18,55.54,0.07
18407,2.31,55.54,0.06
18408,2.43,55.54,0.06
18409,2.56,55.54,0.06
18410,2.68,55.54,0.05
18411,2.81,55.54,0.05
18412,2.93,55.54,0.04
18413,3.06,55.54,0.04
18414,3.18,55.54,0.04
18415,3.31,55.54,0.04
18416,3.43,55.54,0.04
18417,3.56,55.54,0.05
18418,3.68,55.54,0.05
18419,3.81,55.54,0.05
18420,3.93,55.54,0.05
18421,4.06,55.54,0.05
18422,4.18,55.54,0.06
18423,4.31,55.54,0.06
18424,4.43,55.54,0.06
18425,4.56,55.54,0.06
18426,4.68,55.54,0.06
18427,4.81,55.54,0.06
18428,4.93,55.54,0.05
18429,5.06,55.54,0.05
18430,5.18,55.54,0.04
18431,5.31,55.54,0.04
18432,5.43,55.54,0.04
18433,5.56,55.54,0.04
18434,5.68,55.54,0.05
18435,5.81,55.54,0.05
18436,5.93,55.54,0.05
18437,6.06,55.54,0.05
18438,6.18,55.54,0.06
18439,6.31,55.54,0.06
18440,6.43,55.54,0.07
18441,6.56,55.54,0.07
18442,6.68,55.54,0.09
18443,6.81,55.54,0.1
18444,6.93,55.54,0.11
18445,7.06,55.54,0.13
18446,7.18,55.54,0.15
18447,7.31,55.54,0.18
18448,7.43,55.54,0.23
18449,7.56,55.54,0.28
18450,7.68,55.54,0.33
18451,7.81,55.54,0.39
18452,7.93,55.54,0.5
18453,8.06,55.54,0.66
18454,8.18,55.54,1000000
18455,8.31,55.54,1000000
18456,8.43,55.54,1000000
18457,8.56,55.54,1000000
18458,8.68,55.54,1000000
18459,8.81,55.54,1000000
18460,8.93,55.54,1000000
18461,9.06,55.54,1000000
18462,9.18,55.54,1000000
18463,9.31,55.54,1000000
18464,9.43,55.54,1000000
18465,9.56,55.54,1000000
18466,9.68,55.54,1000000
18467,9.81,55.54,1000000
18468,9.93,55.54,1000000
18469,10.06,55.54,1000000
18470,10.18,55.54,1000000
18471,10.31,55.54,1000000
18472,10.43,55.54,1000000
18473,10.56,55.54,1000000
18474,10.68,55.54,1000000
18475,10.81,55.54,1000000
18476,10.93,55.54,1000000
18477,11.06,55.54,1000000
18478,11.18,55.54,1000000
18479,11.31,55.54,1000000
18480,11.43,55.54,1000000
18481,11.56,55.54,1000000
18482,11.68,55.54,1000000
18483,11.81,55.54,1000000
18484,11.93,55.54,1000000
18485,12.06,55.54,1000000
18486,12.18,55.54,1000000
18487,12.31,55.54,1000000
18488,12.43,55.54,1000000
18489,12.56,55.54,1000000
18490,12.68,55.54,1000000
18491,12.81,55.54,1000000
18492,12.93,55.54,1000000
18493,-12.06,55.62,1000000
18494,-11.93,55.62,1000000
18495,-11.81,55.62,0.01
18496,-11.68,55.62,9.44E-03
18497,-11.56,55.62,9.28E-03
18498,-11.43,55.62,9.14E-03
18499,-11.31,55.62,8.67E-03
18500,-11.18,55.62,8.17E-03
18501,-11.06,55.62,7.68E-03
18502,-10.93,55.62,7.21E-03
18503,-10.81,55.62,6.78E-03
18504,-10.68,55.62,6.46E-03
18505,-10.56,55.62,6.26E-03
18506,-10.43,55.62,6.10E-03
18507,-10.31,55.62,6.01E-03
18508,-10.18,55.62,5.96E-03
18509,-10.06,55.62,5.88E-03
18510,-9.93,55.62,5.70E-03
18511,-9.81,55.62,4.80E-03
18512,-9.68,55.62,4.06E-03
18513,-9.56,55.62,5.75E-03
18514,-9.43,55.62,0.01
18515,-9.31,55.62,0.03
18516,-9.18,55.62,0.07
18517,-9.06,55.62,0.08
18518,-8.93,55.62,0.07
18519,-8.81,55.62,0.05
18520,-8.68,55.62,0.05
18521,-8.56,55.62,0.04
18522,-8.43,55.62,0.03
18523,-8.31,55.62,0.03
18524,-8.18,55.62,0.03
18525,-8.06,55.62,0.03
18526,-7.93,55.62,0.04
18527,-7.81,55.62,0.05
18528,-7.68,55.62,0.09
18529,-7.56,55.62,0.15
18530,-7.43,55.62,0.25
18531,-7.31,55.62,0.46
18532,-7.18,55.62,0.95
18533,-7.06,55.62,1.64
18534,-6.93,55.62,2.09
18535,-6.81,55.62,2.03
18536,-6.68,55.62,2.02
18537,-6.56,55.62,3
18538,-6.43,55.62,2.83
18539,-6.31,55.62,1.91
18540,-6.18,55.62,1000000
18541,-6.06,55.62,0.04
18542,-5.93,55.62,7.99E-03
18543,-5.81,55.62,0.01
18544,-5.68,55.62,8.30E-03
18545,-5.56,55.62,1000000
18546,-5.43,55.62,0.05
18547,-5.31,55.62,1000000
18548,-5.18,55.62,1000000
18549,-5.06,55.62,3.68E-03
18550,-4.93,55.62,5.72E-03
18551,-4.81,55.62,6.02E-03
18552,-4.68,55.62,1000000
18553,-4.56,55.62,1000000
18554,-4.43,55.62,1000000
18555,-4.31,55.62,1000000
18556,-4.18,55.62,1000000
18557,-4.06,55.62,1000000
18558,-3.93,55.62,1000000
18559,-3.81,55.62,1000000
18560,-3.68,55.62,1000000
18561,-3.56,55.62,1000000
18562,-3.43,55.62,1000000
18563,-3.31,55.62,1000000
18564,-3.18,55.62,1000000
18565,-3.06,55.62,1000000
18566,-2.93,55.62,1000000
18567,-2.81,55.62,1000000
18568,-2.68,55.62,1000000
18569,-2.56,55.62,1000000
18570,-2.43,55.62,1000000
18571,-2.31,55.62,1000000
18572,-2.18,55.62,1000000
18573,-2.06,55.62,1000000
18574,-1.93,55.62,1000000
18575,-1.81,55.62,1000000
18576,-1.68,55.62,0.57
18577,-1.56,55.62,0.75
18578,-1.43,55.62,0.55
18579,-1.31,55.62,0.42
18580,-1.18,55.62,0.35
18581,-1.06,55.62,0.3
18582,-0.93,55.62,0.26
18583,-0.81,55.62,0.24
18584,-0.68,55.62,0.23
18585,-0.56,55.62,0.22
18586,-0.43,55.62,0.23
18587,-0.31,55.62,0.23
18588,-0.18,55.62,0.24
18589,-0.06,55.62,0.24
18590,0.06,55.62,0.24
18591,0.18,55.62,0.23
18592,0.31,55.62,0.22
18593,0.43,55.62,0.21
18594,0.56,55.62,0.2
18595,0.68,55.62,0.19
18596,0.81,55.62,0.18
18597,0.93,55.62,0.16
18598,1.06,55.62,0.15
18599,1.18,55.62,0.14
18600,1.31,55.62,0.13
18601,1.43,55.62,0.12
18602,1.56,55.62,0.1
18603,1.68,55.62,0.09
18604,1.81,55.62,0.09
18605,1.93,55.62,0.08
18606,2.06,55.62,0.07
18607,2.18,55.62,0.07
18608,2.31,55.62,0.06
18609,2.43,55.62,0.06
18610,2.56,55.62,0.06
18611,2.68,55.62,0.05
18612,2.81,55.62,0.05
18613,2.93,55.62,0.05
18614,3.06,55.62,0.05
18615,3.18,55.62,0.04
18616,3.31,55.62,0.04
18617,3.43,55.62,0.05
18618,3.56,55.62,0.05
18619,3.68,55.62,0.05
18620,3.81,55.62,0.05
18621,3.93,55.62,0.05
18622,4.06,55.62,0.05
18623,4.18,55.62,0.06
18624,4.31,55.62,0.06
18625,4.43,55.62,0.06
18626,4.56,55.62,0.06
18627,4.68,55.62,0.06
18628,4.81,55.62,0.06
18629,4.93,55.62,0.05
18630,5.06,55.62,0.04
18631,5.18,55.62,0.04
18632,5.31,55.62,0.04
18633,5.43,55.62,0.04
18634,5.56,55.62,0.04
18635,5.68,55.62,0.04
18636,5.81,55.62,0.04
18637,5.93,55.62,0.04
18638,6.06,55.62,0.05
18639,6.18,55.62,0.05
18640,6.31,55.62,0.05
18641,6.43,55.62,0.06
18642,6.56,55.62,0.07
18643,6.68,55.62,0.08
18644,6.81,55.62,0.09
18645,6.93,55.62,0.1
18646,7.06,55.62,0.11
18647,7.18,55.62,0.13
18648,7.31,55.62,0.15
18649,7.43,55.62,0.19
18650,7.56,55.62,0.24
18651,7.68,55.62,0.31
18652,7.81,55.62,0.36
18653,7.93,55.62,0.41
18654,8.06,55.62,0.48
18655,8.18,55.62,1000000
18656,8.31,55.62,1000000
18657,8.43,55.62,1000000
18658,8.56,55.62,1000000
18659,8.68,55.62,1000000
18660,8.81,55.62,1000000
18661,8.93,55.62,1000000
18662,9.06,55.62,1000000
18663,9.18,55.62,1000000
18664,9.31,55.62,1000000
18665,9.43,55.62,1000000
18666,9.56,55.62,1000000
18667,9.68,55.62,1000000
18668,9.81,55.62,1000000
18669,9.93,55.62,1000000
18670,10.06,55.62,1000000
18671,10.18,55.62,1000000
18672,10.31,55.62,1000000
18673,10.43,55.62,1000000
18674,10.56,55.62,1000000
18675,10.68,55.62,1000000
18676,10.81,55.62,1000000
18677,10.93,55.62,1000000
18678,11.06,55.62,1000000
18679,11.18,55.62,1000000
18680,11.31,55.62,1000000
18681,11.43,55.62,1000000
18682,11.56,55.62,1000000
18683,11.68,55.62,1000000
18684,11.81,55.62,1000000
18685,11.93,55.62,1000000
18686,12.06,55.62,1000000
18687,12.18,55.62,1000000
18688,12.31,55.62,1000000
18689,12.43,55.62,1000000
18690,12.56,55.62,1000000
18691,12.68,55.62,1000000
18692,12.81,55.62,1000000
18693,12.93,55.62,1000000
18694,-12.06,55.7,1000000
18695,-11.93,55.7,1000000
18696,-11.81,55.7,3.22E-03
18697,-11.68,55.7,5.84E-03
18698,-11.56,55.7,8.30E-03
18699,-11.43,55.7,9.24E-03
18700,-11.31,55.7,9.23E-03
18701,-11.18,55.7,8.77E-03
18702,-11.06,55.7,8.16E-03
18703,-10.93,55.7,7.53E-03
18704,-10.81,55.7,6.96E-03
18705,-10.68,55.7,6.58E-03
18706,-10.56,55.7,6.31E-03
18707,-10.43,55.7,6.13E-03
18708,-10.31,55.7,6.08E-03
18709,-10.18,55.7,6.03E-03
18710,-10.06,55.7,5.91E-03
18711,-9.93,55.7,5.53E-03
18712,-9.81,55.7,4.84E-03
18713,-9.68,55.7,4.21E-03
18714,-9.56,55.7,4.44E-03
18715,-9.43,55.7,8.68E-03
18716,-9.31,55.7,0.03
18717,-9.18,55.7,0.07
18718,-9.06,55.7,0.08
18719,-8.93,55.7,0.07
18720,-8.81,55.7,0.05
18721,-8.68,55.7,0.05
18722,-8.56,55.7,0.04
18723,-8.43,55.7,0.03
18724,-8.31,55.7,0.02
18725,-8.18,55.7,0.02
18726,-8.06,55.7,0.02
18727,-7.93,55.7,0.02
18728,-7.81,55.7,0.04
18729,-7.68,55.7,0.07
18730,-7.56,55.7,0.13
18731,-7.43,55.7,0.22
18732,-7.31,55.7,0.36
18733,-7.18,55.7,0.62
18734,-7.06,55.7,1.12
18735,-6.93,55.7,1.86
18736,-6.81,55.7,2.36
18737,-6.68,55.7,2.44
18738,-6.56,55.7,2.95
18739,-6.43,55.7,1000000
18740,-6.31,55.7,3.77E-03
18741,-6.18,55.7,1000000
18742,-6.06,55.7,1000000
18743,-5.93,55.7,3.59E-04
18744,-5.81,55.7,1.25E-03
18745,-5.68,55.7,1.07E-03
18746,-5.56,55.7,1000000
18747,-5.43,55.7,0.05
18748,-5.31,55.7,0.01
18749,-5.18,55.7,3.33E-03
18750,-5.06,55.7,3.31E-03
18751,-4.93,55.7,4.12E-03
18752,-4.81,55.7,1000000
18753,-4.68,55.7,1000000
18754,-4.56,55.7,1000000
18755,-4.43,55.7,1000000
18756,-4.31,55.7,1000000
18757,-4.18,55.7,1000000
18758,-4.06,55.7,1000000
18759,-3.93,55.7,1000000
18760,-3.81,55.7,1000000
18761,-3.68,55.7,1000000
18762,-3.56,55.7,1000000
18763,-3.43,55.7,1000000
18764,-3.31,55.7,1000000
18765,-3.18,55.7,1000000
18766,-3.06,55.7,1000000
18767,-2.93,55.7,1000000
18768,-2.81,55.7,1000000
18769,-2.68,55.7,1000000
18770,-2.56,55.7,1000000
18771,-2.43,55.7,1000000
18772,-2.31,55.7,1000000
18773,-2.18,55.7,1000000
18774,-2.06,55.7,1000000
18775,-1.93,55.7,1000000
18776,-1.81,55.7,0.38
18777,-1.68,55.7,0.49
18778,-1.56,55.7,0.55
18779,-1.43,55.7,0.49
18780,-1.31,55.7,0.4
18781,-1.18,55.7,0.34
18782,-1.06,55.7,0.29
18783,-0.93,55.7,0.24
18784,-0.81,55.7,0.22
18785,-0.68,55.7,0.2
18786,-0.56,55.7,0.2
18787,-0.43,55.7,0.2
18788,-0.31,55.7,0.2
18789,-0.18,55.7,0.21
18790,-0.06,55.7,0.23
18791,0.06,55.7,0.24
18792,0.18,55.7,0.24
18793,0.31,55.7,0.23
18794,0.43,55.7,0.22
18795,0.56,55.7,0.2
18796,0.68,55.7,0.19
18797,0.81,55.7,0.17
18798,0.93,55.7,0.16
18799,1.06,55.7,0.14
18800,1.18,55.7,0.13
18801,1.31,55.7,0.12
18802,1.43,55.7,0.11
18803,1.56,55.7,0.1
18804,1.68,55.7,0.09
18805,1.81,55.7,0.08
18806,1.93,55.7,0.07
18807,2.06,55.7,0.07
18808,2.18,55.7,0.07
18809,2.31,55.7,0.06
18810,2.43,55.7,0.06
18811,2.56,55.7,0.06
18812,2.68,55.7,0.05
18813,2.81,55.7,0.05
18814,2.93,55.7,0.05
18815,3.06,55.7,0.05
18816,3.18,55.7,0.05
18817,3.31,55.7,0.05
18818,3.43,55.7,0.05
18819,3.56,55.7,0.05
18820,3.68,55.7,0.05
18821,3.81,55.7,0.05
18822,3.93,55.7,0.05
18823,4.06,55.7,0.05
18824,4.18,55.7,0.05
18825,4.31,55.7,0.05
18826,4.43,55.7,0.06
18827,4.56,55.7,0.06
18828,4.68,55.7,0.06
18829,4.81,55.7,0.05
18830,4.93,55.7,0.05
18831,5.06,55.7,0.04
18832,5.18,55.7,0.03
18833,5.31,55.7,0.03
18834,5.43,55.7,0.03
18835,5.56,55.7,0.03
18836,5.68,55.7,0.04
18837,5.81,55.7,0.04
18838,5.93,55.7,0.04
18839,6.06,55.7,0.04
18840,6.18,55.7,0.04
18841,6.31,55.7,0.05
18842,6.43,55.7,0.05
18843,6.56,55.7,0.06
18844,6.68,55.7,0.07
18845,6.81,55.7,0.08
18846,6.93,55.7,0.09
18847,7.06,55.7,0.09
18848,7.18,55.7,0.1
18849,7.31,55.7,0.12
18850,7.43,55.7,0.14
18851,7.56,55.7,0.16
18852,7.68,55.7,0.2
18853,7.81,55.7,0.25
18854,7.93,55.7,0.29
18855,8.06,55.7,0.32
18856,8.18,55.7,1000000
18857,8.31,55.7,1000000
18858,8.43,55.7,1000000
18859,8.56,55.7,1000000
18860,8.68,55.7,1000000
18861,8.81,55.7,1000000
18862,8.93,55.7,1000000
18863,9.06,55.7,1000000
18864,9.18,55.7,1000000
18865,9.31,55.7,1000000
18866,9.43,55.7,1000000
18867,9.56,55.7,1000000
18868,9.68,55.7,1000000
18869,9.81,55.7,1000000
18870,9.93,55.7,1000000
18871,10.06,55.7,1000000
18872,10.18,55.7,1000000
18873,10.31,55.7,1000000
18874,10.43,55.7,1000000
18875,10.56,55.7,1000000
18876,10.68,55.7,1000000
18877,10.81,55.7,1000000
18878,10.93,55.7,1000000
18879,11.06,55.7,1000000
18880,11.18,55.7,1000000
18881,11.31,55.7,1000000
18882,11.43,55.7,1000000
18883,11.56,55.7,1000000
18884,11.68,55.7,1000000
18885,11.81,55.7,1000000
18886,11.93,55.7,1000000
18887,12.06,55.7,1000000
18888,12.18,55.7,1000000
18889,12.31,55.7,1000000
18890,12.43,55.7,1000000
18891,12.56,55.7,1000000
18892,12.68,55.7,1000000
18893,12.81,55.7,1000000
18894,12.93,55.7,1000000
18895,-12.06,55.79,1000000
18896,-11.93,55.79,1000000
18897,-11.81,55.79,6.80E-03
18898,-11.68,55.79,8.55E-03
18899,-11.56,55.79,9.57E-03
18900,-11.43,55.79,0.01
18901,-11.31,55.79,9.84E-03
18902,-11.18,55.79,9.25E-03
18903,-11.06,55.79,8.51E-03
18904,-10.93,55.79,7.75E-03
18905,-10.81,55.79,7.12E-03
18906,-10.68,55.79,6.68E-03
18907,-10.56,55.79,6.34E-03
18908,-10.43,55.79,6.14E-03
18909,-10.31,55.79,6.06E-03
18910,-10.18,55.79,5.95E-03
18911,-10.06,55.79,5.79E-03
18912,-9.93,55.79,5.50E-03
18913,-9.81,55.79,5.12E-03
18914,-9.68,55.79,4.71E-03
18915,-9.56,55.79,4.72E-03
18916,-9.43,55.79,7.45E-03
18917,-9.31,55.79,0.02
18918,-9.18,55.79,0.06
18919,-9.06,55.79,0.07
18920,-8.93,55.79,0.06
18921,-8.81,55.79,0.05
18922,-8.68,55.79,0.05
18923,-8.56,55.79,0.04
18924,-8.43,55.79,0.03
18925,-8.31,55.79,0.02
18926,-8.18,55.79,0.01
18927,-8.06,55.79,0.01
18928,-7.93,55.79,0.01
18929,-7.81,55.79,0.02
18930,-7.68,55.79,0.04
18931,-7.56,55.79,0.08
18932,-7.43,55.79,0.17
18933,-7.31,55.79,0.29
18934,-7.18,55.79,0.47
18935,-7.06,55.79,0.74
18936,-6.93,55.79,1.19
18937,-6.81,55.79,1.78
18938,-6.68,55.79,2.3
18939,-6.56,55.79,2.54
18940,-6.43,55.79,1000000
18941,-6.31,55.79,1000000
18942,-6.18,55.79,1000000
18943,-6.06,55.79,1000000
18944,-5.93,55.79,3.42E-04
18945,-5.81,55.79,4.54E-04
18946,-5.68,55.79,3.78E-04
18947,-5.56,55.79,1000000
18948,-5.43,55.79,1000000
18949,-5.31,55.79,3.99E-03
18950,-5.18,55.79,2.93E-03
18951,-5.06,55.79,1000000
18952,-4.93,55.79,4.67E-03
18953,-4.81,55.79,1000000
18954,-4.68,55.79,1000000
18955,-4.56,55.79,1000000
18956,-4.43,55.79,1000000
18957,-4.31,55.79,1000000
18958,-4.18,55.79,1000000
18959,-4.06,55.79,1000000
18960,-3.93,55.79,1000000
18961,-3.81,55.79,1000000
18962,-3.68,55.79,1000000
18963,-3.56,55.79,1000000
18964,-3.43,55.79,1000000
18965,-3.31,55.79,1000000
18966,-3.18,55.79,1000000
18967,-3.06,55.79,1000000
18968,-2.93,55.79,1000000
18969,-2.81,55.79,1000000
18970,-2.68,55.79,1000000
18971,-2.56,55.79,1000000
18972,-2.43,55.79,1000000
18973,-2.31,55.79,1000000
18974,-2.18,55.79,1000000
18975,-2.06,55.79,1000000
18976,-1.93,55.79,0.36
18977,-1.81,55.79,0.3
18978,-1.68,55.79,0.37
18979,-1.56,55.79,0.4
18980,-1.43,55.79,0.41
18981,-1.31,55.79,0.38
18982,-1.18,55.79,0.34
18983,-1.06,55.79,0.29
18984,-0.93,55.79,0.23
18985,-0.81,55.79,0.21
18986,-0.68,55.79,0.19
18987,-0.56,55.79,0.19
18988,-0.43,55.79,0.19
18989,-0.31,55.79,0.19
18990,-0.18,55.79,0.2
18991,-0.06,55.79,0.22
18992,0.06,55.79,0.23
18993,0.18,55.79,0.23
18994,0.31,55.79,0.22
18995,0.43,55.79,0.21
18996,0.56,55.79,0.2
18997,0.68,55.79,0.19
18998,0.81,55.79,0.17
18999,0.93,55.79,0.15
19000,1.06,55.79,0.13
19001,1.18,55.79,0.12
19002,1.31,55.79,0.11
19003,1.43,55.79,0.1
19004,1.56,55.79,0.09
19005,1.68,55.79,0.08
19006,1.81,55.79,0.08
19007,1.93,55.79,0.07
19008,2.06,55.79,0.07
19009,2.18,55.79,0.06
19010,2.31,55.79,0.06
19011,2.43,55.79,0.06
19012,2.56,55.79,0.05
19013,2.68,55.79,0.05
19014,2.81,55.79,0.05
19015,2.93,55.79,0.05
19016,3.06,55.79,0.05
19017,3.18,55.79,0.05
19018,3.31,55.79,0.05
19019,3.43,55.79,0.05
19020,3.56,55.79,0.05
19021,3.68,55.79,0.05
19022,3.81,55.79,0.05
19023,3.93,55.79,0.05
19024,4.06,55.79,0.05
19025,4.18,55.79,0.05
19026,4.31,55.79,0.05
19027,4.43,55.79,0.05
19028,4.56,55.79,0.05
19029,4.68,55.79,0.05
19030,4.81,55.79,0.05
19031,4.93,55.79,0.05
19032,5.06,55.79,0.04
19033,5.18,55.79,0.03
19034,5.31,55.79,0.03
19035,5.43,55.79,0.03
19036,5.56,55.79,0.03
19037,5.68,55.79,0.03
19038,5.81,55.79,0.04
19039,5.93,55.79,0.04
19040,6.06,55.79,0.04
19041,6.18,55.79,0.04
19042,6.31,55.79,0.04
19043,6.43,55.79,0.05
19044,6.56,55.79,0.05
19045,6.68,55.79,0.05
19046,6.81,55.79,0.06
19047,6.93,55.79,0.07
19048,7.06,55.79,0.08
19049,7.18,55.79,0.09
19050,7.31,55.79,0.1
19051,7.43,55.79,0.11
19052,7.56,55.79,0.12
19053,7.68,55.79,0.14
19054,7.81,55.79,0.16
19055,7.93,55.79,0.2
19056,8.06,55.79,0.23
19057,8.18,55.79,3.33E-03
19058,8.31,55.79,1000000
19059,8.43,55.79,1000000
19060,8.56,55.79,1000000
19061,8.68,55.79,1000000
19062,8.81,55.79,1000000
19063,8.93,55.79,1000000
19064,9.06,55.79,1000000
19065,9.18,55.79,1000000
19066,9.31,55.79,1000000
19067,9.43,55.79,1000000
19068,9.56,55.79,1000000
19069,9.68,55.79,1000000
19070,9.81,55.79,1000000
19071,9.93,55.79,1000000
19072,10.06,55.79,1000000
19073,10.18,55.79,1000000
19074,10.31,55.79,1000000
19075,10.43,55.79,1000000
19076,10.56,55.79,1000000
19077,10.68,55.79,1000000
19078,10.81,55.79,1000000
19079,10.93,55.79,1000000
19080,11.06,55.79,1000000
19081,11.18,55.79,1000000
19082,11.31,55.79,1000000
19083,11.43,55.79,1000000
19084,11.56,55.79,1000000
19085,11.68,55.79,1000000
19086,11.81,55.79,1000000
19087,11.93,55.79,1000000
19088,12.06,55.79,1000000
19089,12.18,55.79,1000000
19090,12.31,55.79,1000000
19091,12.43,55.79,1000000
19092,12.56,55.79,1000000
19093,12.68,55.79,1000000
19094,12.81,55.79,1000000
19095,12.93,55.79,1000000
19096,-12.06,55.87,1000000
19097,-11.93,55.87,1000000
19098,-11.81,55.87,9.48E-03
19099,-11.68,55.87,0.01
19100,-11.56,55.87,0.01
19101,-11.43,55.87,0.01
19102,-11.31,55.87,0.01
19103,-11.18,55.87,9.54E-03
19104,-11.06,55.87,8.74E-03
19105,-10.93,55.87,7.94E-03
19106,-10.81,55.87,7.28E-03
19107,-10.68,55.87,6.77E-03
19108,-10.56,55.87,6.37E-03
19109,-10.43,55.87,6.15E-03
19110,-10.31,55.87,6.02E-03
19111,-10.18,55.87,5.91E-03
19112,-10.06,55.87,5.86E-03
19113,-9.93,55.87,5.82E-03
19114,-9.81,55.87,5.77E-03
19115,-9.68,55.87,5.64E-03
19116,-9.56,55.87,5.81E-03
19117,-9.43,55.87,6.84E-03
19118,-9.31,55.87,0.01
19119,-9.18,55.87,0.04
19120,-9.06,55.87,0.06
19121,-8.93,55.87,0.06
19122,-8.81,55.87,0.05
19123,-8.68,55.87,0.05
19124,-8.56,55.87,0.04
19125,-8.43,55.87,0.03
19126,-8.31,55.87,0.02
19127,-8.18,55.87,0.01
19128,-8.06,55.87,0.01
19129,-7.93,55.87,0.01
19130,-7.81,55.87,0.01
19131,-7.68,55.87,0.02
19132,-7.56,55.87,0.04
19133,-7.43,55.87,0.08
19134,-7.31,55.87,0.16
19135,-7.18,55.87,0.3
19136,-7.06,55.87,0.49
19137,-6.93,55.87,0.74
19138,-6.81,55.87,1.07
19139,-6.68,55.87,1.49
19140,-6.56,55.87,1.93
19141,-6.43,55.87,1.2
19142,-6.31,55.87,1000000
19143,-6.18,55.87,1000000
19144,-6.06,55.87,1000000
19145,-5.93,55.87,1000000
19146,-5.81,55.87,4.90E-04
19147,-5.68,55.87,6.79E-04
19148,-5.56,55.87,1000000
19149,-5.43,55.87,1000000
19150,-5.31,55.87,4.17E-03
19151,-5.18,55.87,1000000
19152,-5.06,55.87,1000000
19153,-4.93,55.87,1000000
19154,-4.81,55.87,1000000
19155,-4.68,55.87,1000000
19156,-4.56,55.87,1000000
19157,-4.43,55.87,1000000
19158,-4.31,55.87,1000000
19159,-4.18,55.87,1000000
19160,-4.06,55.87,1000000
19161,-3.93,55.87,1000000
19162,-3.81,55.87,1000000
19163,-3.68,55.87,1000000
19164,-3.56,55.87,1000000
19165,-3.43,55.87,1000000
19166,-3.31,55.87,1000000
19167,-3.18,55.87,1000000
19168,-3.06,55.87,1000000
19169,-2.93,55.87,1000000
19170,-2.81,55.87,1000000
19171,-2.68,55.87,1000000
19172,-2.56,55.87,1000000
19173,-2.43,55.87,1000000
19174,-2.31,55.87,1000000
19175,-2.18,55.87,1000000
19176,-2.06,55.87,0.38
19177,-1.93,55.87,0.44
19178,-1.81,55.87,0.35
19179,-1.68,55.87,0.3
19180,-1.56,55.87,0.29
19181,-1.43,55.87,0.31
19182,-1.31,55.87,0.31
19183,-1.18,55.87,0.3
19184,-1.06,55.87,0.28
19185,-0.93,55.87,0.24
19186,-0.81,55.87,0.21
19187,-0.68,55.87,0.19
19188,-0.56,55.87,0.18
19189,-0.43,55.87,0.18
19190,-0.31,55.87,0.19
19191,-0.18,55.87,0.2
19192,-0.06,55.87,0.2
19193,0.06,55.87,0.2
19194,0.18,55.87,0.21
19195,0.31,55.87,0.2
19196,0.43,55.87,0.21
19197,0.56,55.87,0.21
19198,0.68,55.87,0.19
19199,0.81,55.87,0.17
19200,0.93,55.87,0.14
19201,1.06,55.87,0.13
19202,1.18,55.87,0.12
19203,1.31,55.87,0.11
19204,1.43,55.87,0.1
19205,1.56,55.87,0.09
19206,1.68,55.87,0.08
19207,1.81,55.87,0.08
19208,1.93,55.87,0.07
19209,2.06,55.87,0.07
19210,2.18,55.87,0.06
19211,2.31,55.87,0.06
19212,2.43,55.87,0.05
19213,2.56,55.87,0.05
19214,2.68,55.87,0.05
19215,2.81,55.87,0.05
19216,2.93,55.87,0.05
19217,3.06,55.87,0.05
19218,3.18,55.87,0.05
19219,3.31,55.87,0.05
19220,3.43,55.87,0.05
19221,3.56,55.87,0.05
19222,3.68,55.87,0.05
19223,3.81,55.87,0.05
19224,3.93,55.87,0.05
19225,4.06,55.87,0.05
19226,4.18,55.87,0.05
19227,4.31,55.87,0.05
19228,4.43,55.87,0.05
19229,4.56,55.87,0.05
19230,4.68,55.87,0.05
19231,4.81,55.87,0.05
19232,4.93,55.87,0.05
19233,5.06,55.87,0.04
19234,5.18,55.87,0.03
19235,5.31,55.87,0.03
19236,5.43,55.87,0.02
19237,5.56,55.87,0.03
19238,5.68,55.87,0.03
19239,5.81,55.87,0.03
19240,5.93,55.87,0.03
19241,6.06,55.87,0.03
19242,6.18,55.87,0.04
19243,6.31,55.87,0.04
19244,6.43,55.87,0.04
19245,6.56,55.87,0.04
19246,6.68,55.87,0.05
19247,6.81,55.87,0.05
19248,6.93,55.87,0.06
19249,7.06,55.87,0.06
19250,7.18,55.87,0.07
19251,7.31,55.87,0.08
19252,7.43,55.87,0.09
19253,7.56,55.87,0.1
19254,7.68,55.87,0.11
19255,7.81,55.87,0.12
19256,7.93,55.87,0.14
19257,8.06,55.87,0.16
19258,8.18,55.87,1000000
19259,8.31,55.87,1000000
19260,8.43,55.87,1000000
19261,8.56,55.87,1000000
19262,8.68,55.87,1000000
19263,8.81,55.87,1000000
19264,8.93,55.87,1000000
19265,9.06,55.87,1000000
19266,9.18,55.87,1000000
19267,9.31,55.87,1000000
19268,9.43,55.87,1000000
19269,9.56,55.87,1000000
19270,9.68,55.87,1000000
19271,9.81,55.87,1000000
19272,9.93,55.87,1000000
19273,10.06,55.87,1000000
19274,10.18,55.87,1000000
19275,10.31,55.87,1000000
19276,10.43,55.87,1000000
19277,10.56,55.87,1000000
19278,10.68,55.87,1000000
19279,10.81,55.87,1000000
19280,10.93,55.87,1000000
19281,11.06,55.87,1000000
19282,11.18,55.87,1000000
19283,11.31,55.87,1000000
19284,11.43,55.87,1000000
19285,11.56,55.87,1000000
19286,11.68,55.87,1000000
19287,11.81,55.87,1000000
19288,11.93,55.87,1000000
19289,12.06,55.87,1000000
19290,12.18,55.87,1000000
19291,12.31,55.87,1000000
19292,12.43,55.87,1000000
19293,12.56,55.87,1000000
19294,12.68,55.87,1000000
19295,12.81,55.87,1000000
19296,12.93,55.87,1000000
19297,-12.06,55.95,1000000
19298,-11.93,55.95,1000000
19299,-11.81,55.95,3.66E-03
19300,-11.68,55.95,5.90E-03
19301,-11.56,55.95,8.62E-03
19302,-11.43,55.95,9.96E-03
19303,-11.31,55.95,0.01
19304,-11.18,55.95,9.69E-03
19305,-11.06,55.95,8.96E-03
19306,-10.93,55.95,8.21E-03
19307,-10.81,55.95,7.50E-03
19308,-10.68,55.95,6.90E-03
19309,-10.56,55.95,6.44E-03
19310,-10.43,55.95,6.22E-03
19311,-10.31,55.95,6.07E-03
19312,-10.18,55.95,6.06E-03
19313,-10.06,55.95,6.15E-03
19314,-9.93,55.95,6.24E-03
19315,-9.81,55.95,6.23E-03
19316,-9.68,55.95,6.20E-03
19317,-9.56,55.95,6.19E-03
19318,-9.43,55.95,5.83E-03
19319,-9.31,55.95,0.01
19320,-9.18,55.95,0.03
19321,-9.06,55.95,0.05
19322,-8.93,55.95,0.05
19323,-8.81,55.95,0.05
19324,-8.68,55.95,0.05
19325,-8.56,55.95,0.04
19326,-8.43,55.95,0.03
19327,-8.31,55.95,0.02
19328,-8.18,55.95,0.01
19329,-8.06,55.95,0.01
19330,-7.93,55.95,0.01
19331,-7.81,55.95,0.01
19332,-7.68,55.95,0.02
19333,-7.56,55.95,0.03
19334,-7.43,55.95,0.05
19335,-7.31,55.95,0.08
19336,-7.18,55.95,0.14
19337,-7.06,55.95,0.25
19338,-6.93,55.95,0.39
19339,-6.81,55.95,0.54
19340,-6.68,55.95,0.72
19341,-6.56,55.95,0.95
19342,-6.43,55.95,0.87
19343,-6.31,55.95,0.71
19344,-6.18,55.95,0.52
19345,-6.06,55.95,0.63
19346,-5.93,55.95,1000000
19347,-5.81,55.95,7.51E-04
19348,-5.68,55.95,1.04E-03
19349,-5.56,55.95,1000000
19350,-5.43,55.95,1000000
19351,-5.31,55.95,1000000
19352,-5.18,55.95,1000000
19353,-5.06,55.95,1000000
19354,-4.93,55.95,1000000
19355,-4.81,55.95,1000000
19356,-4.68,55.95,1000000
19357,-4.56,55.95,1000000
19358,-4.43,55.95,1000000
19359,-4.31,55.95,1000000
19360,-4.18,55.95,1000000
19361,-4.06,55.95,1000000
19362,-3.93,55.95,1000000
19363,-3.81,55.95,1000000
19364,-3.68,55.95,1000000
19365,-3.56,55.95,1000000
19366,-3.43,55.95,1000000
19367,-3.31,55.95,1000000
19368,-3.18,55.95,1000000
19369,-3.06,55.95,0.02
19370,-2.93,55.95,1000000
19371,-2.81,55.95,1000000
19372,-2.68,55.95,1000000
19373,-2.56,55.95,1000000
19374,-2.43,55.95,1000000
19375,-2.31,55.95,0.19
19376,-2.18,55.95,0.22
19377,-2.06,55.95,0.3
19378,-1.93,55.95,0.34
19379,-1.81,55.95,0.34
19380,-1.68,55.95,0.29
19381,-1.56,55.95,0.26
19382,-1.43,55.95,0.25
19383,-1.31,55.95,0.25
19384,-1.18,55.95,0.24
19385,-1.06,55.95,0.25
19386,-0.93,55.95,0.24
19387,-0.81,55.95,0.22
19388,-0.68,55.95,0.2
19389,-0.56,55.95,0.18
19390,-0.43,55.95,0.18
19391,-0.31,55.95,0.18
19392,-0.18,55.95,0.17
19393,-0.06,55.95,0.17
19394,0.06,55.95,0.17
19395,0.18,55.95,0.17
19396,0.31,55.95,0.18
19397,0.43,55.95,0.21
19398,0.56,55.95,0.21
19399,0.68,55.95,0.2
19400,0.81,55.95,0.16
19401,0.93,55.95,0.14
19402,1.06,55.95,0.12
19403,1.18,55.95,0.11
19404,1.31,55.95,0.1
19405,1.43,55.95,0.1
19406,1.56,55.95,0.09
19407,1.68,55.95,0.08
19408,1.81,55.95,0.08
19409,1.93,55.95,0.07
19410,2.06,55.95,0.06
19411,2.18,55.95,0.06
19412,2.31,55.95,0.06
19413,2.43,55.95,0.05
19414,2.56,55.95,0.05
19415,2.68,55.95,0.05
19416,2.81,55.95,0.05
19417,2.93,55.95,0.05
19418,3.06,55.95,0.05
19419,3.18,55.95,0.06
19420,3.31,55.95,0.05
19421,3.43,55.95,0.05
19422,3.56,55.95,0.05
19423,3.68,55.95,0.05
19424,3.81,55.95,0.05
19425,3.93,55.95,0.05
19426,4.06,55.95,0.05
19427,4.18,55.95,0.05
19428,4.31,55.95,0.04
19429,4.43,55.95,0.04
19430,4.56,55.95,0.04
19431,4.68,55.95,0.04
19432,4.81,55.95,0.04
19433,4.93,55.95,0.04
19434,5.06,55.95,0.04
19435,5.18,55.95,0.03
19436,5.31,55.95,0.03
19437,5.43,55.95,0.02
19438,5.56,55.95,0.02
19439,5.68,55.95,0.03
19440,5.81,55.95,0.03
19441,5.93,55.95,0.03
19442,6.06,55.95,0.03
19443,6.18,55.95,0.03
19444,6.31,55.95,0.03
19445,6.43,55.95,0.04
19446,6.56,55.95,0.04
19447,6.68,55.95,0.05
19448,6.81,55.95,0.05
19449,6.93,55.95,0.05
19450,7.06,55.95,0.05
19451,7.18,55.95,0.05
19452,7.31,55.95,0.06
19453,7.43,55.95,0.07
19454,7.56,55.95,0.08
19455,7.68,55.95,0.09
19456,7.81,55.95,0.11
19457,7.93,55.95,0.12
19458,8.06,55.95,0.12
19459,8.18,55.95,1000000
19460,8.31,55.95,1000000
19461,8.43,55.95,1000000
19462,8.56,55.95,1000000
19463,8.68,55.95,1000000
19464,8.81,55.95,1000000
19465,8.93,55.95,1000000
19466,9.06,55.95,1000000
19467,9.18,55.95,1000000
19468,9.31,55.95,1000000
19469,9.43,55.95,1000000
19470,9.56,55.95,1000000
19471,9.68,55.95,1000000
19472,9.81,55.95,1000000
19473,9.93,55.95,1000000
19474,10.06,55.95,1000000
19475,10.18,55.95,1000000
19476,10.31,55.95,1000000
19477,10.43,55.95,1000000
19478,10.56,55.95,1000000
19479,10.68,55.95,1000000
19480,10.81,55.95,1000000
19481,10.93,55.95,1000000
19482,11.06,55.95,1000000
19483,11.18,55.95,1000000
19484,11.31,55.95,1.33E-03
19485,11.43,55.95,1.11E-03
19486,11.56,55.95,1.49E-03
19487,11.68,55.95,1.68E-03
19488,11.81,55.95,2.21E-03
19489,11.93,55.95,1000000
19490,12.06,55.95,1000000
19491,12.18,55.95,1000000
19492,12.31,55.95,1000000
19493,12.43,55.95,1000000
19494,12.56,55.95,1000000
19495,12.68,55.95,1000000
19496,12.81,55.95,1000000
19497,12.93,55.95,1000000
19498,-12.06,56.04,1000000
19499,-11.93,56.04,1000000
19500,-11.81,56.04,2.15E-03
19501,-11.68,56.04,5.17E-03
19502,-11.56,56.04,8.19E-03
19503,-11.43,56.04,9.88E-03
19504,-11.31,56.04,0.01
19505,-11.18,56.04,9.92E-03
19506,-11.06,56.04,9.25E-03
19507,-10.93,56.04,8.50E-03
19508,-10.81,56.04,7.70E-03
19509,-10.68,56.04,7.06E-03
19510,-10.56,56.04,6.62E-03
19511,-10.43,56.04,6.33E-03
19512,-10.31,56.04,6.22E-03
19513,-10.18,56.04,6.30E-03
19514,-10.06,56.04,6.36E-03
19515,-9.93,56.04,6.46E-03
19516,-9.81,56.04,6.43E-03
19517,-9.68,56.04,6.51E-03
19518,-9.56,56.04,6.45E-03
19519,-9.43,56.04,6.04E-03
19520,-9.31,56.04,7.86E-03
19521,-9.18,56.04,0.02
19522,-9.06,56.04,0.04
19523,-8.93,56.04,0.05
19524,-8.81,56.04,0.05
19525,-8.68,56.04,0.05
19526,-8.56,56.04,0.04
19527,-8.43,56.04,0.03
19528,-8.31,56.04,0.02
19529,-8.18,56.04,0.02
19530,-8.06,56.04,0.02
19531,-7.93,56.04,0.02
19532,-7.81,56.04,0.02
19533,-7.68,56.04,0.02
19534,-7.56,56.04,0.03
19535,-7.43,56.04,0.04
19536,-7.31,56.04,0.06
19537,-7.18,56.04,0.08
19538,-7.06,56.04,0.13
19539,-6.93,56.04,0.22
19540,-6.81,56.04,0.31
19541,-6.68,56.04,0.4
19542,-6.56,56.04,0.49
19543,-6.43,56.04,0.5
19544,-6.31,56.04,0.37
19545,-6.18,56.04,1000000
19546,-6.06,56.04,0.12
19547,-5.93,56.04,0.06
19548,-5.81,56.04,1000000
19549,-5.68,56.04,1000000
19550,-5.56,56.04,1000000
19551,-5.43,56.04,1000000
19552,-5.31,56.04,1000000
19553,-5.18,56.04,1000000
19554,-5.06,56.04,1000000
19555,-4.93,56.04,1000000
19556,-4.81,56.04,1000000
19557,-4.68,56.04,1000000
19558,-4.56,56.04,1000000
19559,-4.43,56.04,1000000
19560,-4.31,56.04,1000000
19561,-4.18,56.04,1000000
19562,-4.06,56.04,1000000
19563,-3.93,56.04,1000000
19564,-3.81,56.04,1000000
19565,-3.68,56.04,1000000
19566,-3.56,56.04,1000000
19567,-3.43,56.04,1000000
19568,-3.31,56.04,0.02
19569,-3.18,56.04,0.03
19570,-3.06,56.04,0.09
19571,-2.93,56.04,0.17
19572,-2.81,56.04,1000000
19573,-2.68,56.04,1000000
19574,-2.56,56.04,0.05
19575,-2.43,56.04,0.09
19576,-2.31,56.04,0.19
19577,-2.18,56.04,0.22
19578,-2.06,56.04,0.24
19579,-1.93,56.04,0.24
19580,-1.81,56.04,0.26
19581,-1.68,56.04,0.27
19582,-1.56,56.04,0.26
19583,-1.43,56.04,0.25
19584,-1.31,56.04,0.24
19585,-1.18,56.04,0.24
19586,-1.06,56.04,0.24
19587,-0.93,56.04,0.24
19588,-0.81,56.04,0.23
19589,-0.68,56.04,0.21
19590,-0.56,56.04,0.2
19591,-0.43,56.04,0.18
19592,-0.31,56.04,0.17
19593,-0.18,56.04,0.16
19594,-0.06,56.04,0.16
19595,0.06,56.04,0.16
19596,0.18,56.04,0.17
19597,0.31,56.04,0.21
19598,0.43,56.04,0.21
19599,0.56,56.04,0.19
19600,0.68,56.04,0.17
19601,0.81,56.04,0.15
19602,0.93,56.04,0.13
19603,1.06,56.04,0.11
19604,1.18,56.04,0.1
19605,1.31,56.04,0.1
19606,1.43,56.04,0.09
19607,1.56,56.04,0.09
19608,1.68,56.04,0.08
19609,1.81,56.04,0.07
19610,1.93,56.04,0.07
19611,2.06,56.04,0.06
19612,2.18,56.04,0.06
19613,2.31,56.04,0.06
19614,2.43,56.04,0.06
19615,2.56,56.04,0.05
19616,2.68,56.04,0.05
19617,2.81,56.04,0.05
19618,2.93,56.04,0.06
19619,3.06,56.04,0.06
19620,3.18,56.04,0.06
19621,3.31,56.04,0.06
19622,3.43,56.04,0.05
19623,3.56,56.04,0.05
19624,3.68,56.04,0.05
19625,3.81,56.04,0.05
19626,3.93,56.04,0.05
19627,4.06,56.04,0.04
19628,4.18,56.04,0.04
19629,4.31,56.04,0.04
19630,4.43,56.04,0.04
19631,4.56,56.04,0.04
19632,4.68,56.04,0.04
19633,4.81,56.04,0.04
19634,4.93,56.04,0.04
19635,5.06,56.04,0.03
19636,5.18,56.04,0.03
19637,5.31,56.04,0.02
19638,5.43,56.04,0.02
19639,5.56,56.04,0.02
19640,5.68,56.04,0.02
19641,5.81,56.04,0.03
19642,5.93,56.04,0.03
19643,6.06,56.04,0.03
19644,6.18,56.04,0.03
19645,6.31,56.04,0.03
19646,6.43,56.04,0.03
19647,6.56,56.04,0.04
19648,6.68,56.04,0.04
19649,6.81,56.04,0.05
19650,6.93,56.04,0.05
19651,7.06,56.04,0.05
19652,7.18,56.04,0.05
19653,7.31,56.04,0.05
19654,7.43,56.04,0.06
19655,7.56,56.04,0.07
19656,7.68,56.04,0.08
19657,7.81,56.04,0.09
19658,7.93,56.04,0.11
19659,8.06,56.04,0.12
19660,8.18,56.04,1000000
19661,8.31,56.04,1000000
19662,8.43,56.04,1000000
19663,8.56,56.04,1000000
19664,8.68,56.04,1000000
19665,8.81,56.04,1000000
19666,8.93,56.04,1000000
19667,9.06,56.04,1000000
19668,9.18,56.04,1000000
19669,9.31,56.04,1000000
19670,9.43,56.04,1000000
19671,9.56,56.04,1000000
19672,9.68,56.04,1000000
19673,9.81,56.04,1000000
19674,9.93,56.04,1000000
19675,10.06,56.04,1000000
19676,10.18,56.04,1000000
19677,10.31,56.04,1000000
19678,10.43,56.04,1000000
19679,10.56,56.04,1000000
19680,10.68,56.04,1000000
19681,10.81,56.04,4.81E-04
19682,10.93,56.04,6.47E-04
19683,11.06,56.04,7.22E-04
19684,11.18,56.04,1.02E-03
19685,11.31,56.04,1.47E-03
19686,11.43,56.04,1.45E-03
19687,11.56,56.04,1.82E-03
19688,11.68,56.04,2.07E-03
19689,11.81,56.04,2.71E-03
19690,11.93,56.04,2.66E-03
19691,12.06,56.04,2.97E-03
19692,12.18,56.04,1000000
19693,12.31,56.04,1000000
19694,12.43,56.04,1000000
19695,12.56,56.04,5.77E-04
19696,12.68,56.04,1000000
19697,12.81,56.04,1000000
19698,12.93,56.04,1000000
19699,-12.06,56.12,1000000
19700,-11.93,56.12,1000000
19701,-11.81,56.12,5.49E-03
19702,-11.68,56.12,7.87E-03
19703,-11.56,56.12,9.66E-03
19704,-11.43,56.12,0.01
19705,-11.31,56.12,0.01
19706,-11.18,56.12,0.01
19707,-11.06,56.12,9.52E-03
19708,-10.93,56.12,8.64E-03
19709,-10.81,56.12,7.87E-03
19710,-10.68,56.12,7.22E-03
19711,-10.56,56.12,6.70E-03
19712,-10.43,56.12,6.36E-03
19713,-10.31,56.12,6.29E-03
19714,-10.18,56.12,6.36E-03
19715,-10.06,56.12,6.53E-03
19716,-9.93,56.12,6.74E-03
19717,-9.81,56.12,6.82E-03
19718,-9.68,56.12,7.05E-03
19719,-9.56,56.12,6.98E-03
19720,-9.43,56.12,6.41E-03
19721,-9.31,56.12,6.65E-03
19722,-9.18,56.12,0.01
19723,-9.06,56.12,0.03
19724,-8.93,56.12,0.05
19725,-8.81,56.12,0.05
19726,-8.68,56.12,0.05
19727,-8.56,56.12,0.05
19728,-8.43,56.12,0.04
19729,-8.31,56.12,0.03
19730,-8.18,56.12,0.03
19731,-8.06,56.12,0.03
19732,-7.93,56.12,0.04
19733,-7.81,56.12,0.04
19734,-7.68,56.12,0.03
19735,-7.56,56.12,0.03
19736,-7.43,56.12,0.04
19737,-7.31,56.12,0.06
19738,-7.18,56.12,0.08
19739,-7.06,56.12,0.12
19740,-6.93,56.12,0.16
19741,-6.81,56.12,0.22
19742,-6.68,56.12,0.3
19743,-6.56,56.12,0.31
19744,-6.43,56.12,0.32
19745,-6.31,56.12,0.37
19746,-6.18,56.12,0.26
19747,-6.06,56.12,0.11
19748,-5.93,56.12,0.03
19749,-5.81,56.12,0.01
19750,-5.68,56.12,8.98E-03
19751,-5.56,56.12,1000000
19752,-5.43,56.12,1000000
19753,-5.31,56.12,1000000
19754,-5.18,56.12,1000000
19755,-5.06,56.12,1000000
19756,-4.93,56.12,1000000
19757,-4.81,56.12,1000000
19758,-4.68,56.12,1000000
19759,-4.56,56.12,1000000
19760,-4.43,56.12,1000000
19761,-4.31,56.12,1000000
19762,-4.18,56.12,1000000
19763,-4.06,56.12,1000000
19764,-3.93,56.12,1000000
19765,-3.81,56.12,1000000
19766,-3.68,56.12,1000000
19767,-3.56,56.12,1000000
19768,-3.43,56.12,1000000
19769,-3.31,56.12,1000000
19770,-3.18,56.12,1000000
19771,-3.06,56.12,0.19
19772,-2.93,56.12,0.28
19773,-2.81,56.12,0.52
19774,-2.68,56.12,0.39
19775,-2.56,56.12,0.09
19776,-2.43,56.12,0.08
19777,-2.31,56.12,0.13
19778,-2.18,56.12,0.17
19779,-2.06,56.12,0.2
19780,-1.93,56.12,0.22
19781,-1.81,56.12,0.23
19782,-1.68,56.12,0.26
19783,-1.56,56.12,0.26
19784,-1.43,56.12,0.26
19785,-1.31,56.12,0.26
19786,-1.18,56.12,0.25
19787,-1.06,56.12,0.24
19788,-0.93,56.12,0.24
19789,-0.81,56.12,0.23
19790,-0.68,56.12,0.23
19791,-0.56,56.12,0.22
19792,-0.43,56.12,0.2
19793,-0.31,56.12,0.19
19794,-0.18,56.12,0.19
19795,-0.06,56.12,0.19
19796,0.06,56.12,0.21
19797,0.18,56.12,0.24
19798,0.31,56.12,0.22
19799,0.43,56.12,0.17
19800,0.56,56.12,0.15
19801,0.68,56.12,0.13
19802,0.81,56.12,0.12
19803,0.93,56.12,0.12
19804,1.06,56.12,0.11
19805,1.18,56.12,0.1
19806,1.31,56.12,0.09
19807,1.43,56.12,0.09
19808,1.56,56.12,0.08
19809,1.68,56.12,0.07
19810,1.81,56.12,0.07
19811,1.93,56.12,0.06
19812,2.06,56.12,0.06
19813,2.18,56.12,0.06
19814,2.31,56.12,0.06
19815,2.43,56.12,0.06
19816,2.56,56.12,0.06
19817,2.68,56.12,0.06
19818,2.81,56.12,0.06
19819,2.93,56.12,0.06
19820,3.06,56.12,0.06
19821,3.18,56.12,0.06
19822,3.31,56.12,0.05
19823,3.43,56.12,0.05
19824,3.56,56.12,0.05
19825,3.68,56.12,0.05
19826,3.81,56.12,0.05
19827,3.93,56.12,0.04
19828,4.06,56.12,0.04
19829,4.18,56.12,0.04
19830,4.31,56.12,0.04
19831,4.43,56.12,0.04
19832,4.56,56.12,0.04
19833,4.68,56.12,0.04
19834,4.81,56.12,0.03
19835,4.93,56.12,0.03
19836,5.06,56.12,0.03
19837,5.18,56.12,0.03
19838,5.31,56.12,0.02
19839,5.43,56.12,0.02
19840,5.56,56.12,0.02
19841,5.68,56.12,0.02
19842,5.81,56.12,0.03
19843,5.93,56.12,0.03
19844,6.06,56.12,0.03
19845,6.18,56.12,0.03
19846,6.31,56.12,0.03
19847,6.43,56.12,0.03
19848,6.56,56.12,0.03
19849,6.68,56.12,0.04
19850,6.81,56.12,0.04
19851,6.93,56.12,0.05
19852,7.06,56.12,0.05
19853,7.18,56.12,0.05
19854,7.31,56.12,0.05
19855,7.43,56.12,0.05
19856,7.56,56.12,0.06
19857,7.68,56.12,0.07
19858,7.81,56.12,0.08
19859,7.93,56.12,0.09
19860,8.06,56.12,0.1
19861,8.18,56.12,1000000
19862,8.31,56.12,1000000
19863,8.43,56.12,1000000
19864,8.56,56.12,1000000
19865,8.68,56.12,1000000
19866,8.81,56.12,1000000
19867,8.93,56.12,1000000
19868,9.06,56.12,1000000
19869,9.18,56.12,1000000
19870,9.31,56.12,1000000
19871,9.43,56.12,1000000
19872,9.56,56.12,1000000
19873,9.68,56.12,1000000
19874,9.81,56.12,1000000
19875,9.93,56.12,1000000
19876,10.06,56.12,1000000
19877,10.18,56.12,1000000
19878,10.31,56.12,1000000
19879,10.43,56.12,1000000
19880,10.56,56.12,1000000
19881,10.68,56.12,1000000
19882,10.81,56.12,3.89E-04
19883,10.93,56.12,8.76E-04
19884,11.06,56.12,1.02E-03
19885,11.18,56.12,1.02E-03
19886,11.31,56.12,1.51E-03
19887,11.43,56.12,1.83E-03
19888,11.56,56.12,2.06E-03
19889,11.68,56.12,2.45E-03
19890,11.81,56.12,3.13E-03
19891,11.93,56.12,3.09E-03
19892,12.06,56.12,3.25E-03
19893,12.18,56.12,2.32E-03
19894,12.31,56.12,1.42E-03
19895,12.43,56.12,2.15E-03
19896,12.56,56.12,1.23E-03
19897,12.68,56.12,1000000
19898,12.81,56.12,1000000
19899,12.93,56.12,1000000
19900,-12.06,56.2,1000000
19901,-11.93,56.2,1000000
19902,-11.81,56.2,4.38E-03
19903,-11.68,56.2,8.08E-03
19904,-11.56,56.2,0.01
19905,-11.43,56.2,0.01
19906,-11.31,56.2,0.01
19907,-11.18,56.2,0.01
19908,-11.06,56.2,9.79E-03
19909,-10.93,56.2,8.94E-03
19910,-10.81,56.2,8.23E-03
19911,-10.68,56.2,7.36E-03
19912,-10.56,56.2,6.66E-03
19913,-10.43,56.2,6.33E-03
19914,-10.31,56.2,6.24E-03
19915,-10.18,56.2,6.26E-03
19916,-10.06,56.2,6.64E-03
19917,-9.93,56.2,6.97E-03
19918,-9.81,56.2,7.29E-03
19919,-9.68,56.2,7.66E-03
19920,-9.56,56.2,7.51E-03
19921,-9.43,56.2,6.99E-03
19922,-9.31,56.2,6.55E-03
19923,-9.18,56.2,0.01
19924,-9.06,56.2,0.03
19925,-8.93,56.2,0.04
19926,-8.81,56.2,0.05
19927,-8.68,56.2,0.05
19928,-8.56,56.2,0.05
19929,-8.43,56.2,0.04
19930,-8.31,56.2,0.03
19931,-8.18,56.2,0.03
19932,-8.06,56.2,0.04
19933,-7.93,56.2,0.04
19934,-7.81,56.2,0.04
19935,-7.68,56.2,0.03
19936,-7.56,56.2,0.03
19937,-7.43,56.2,0.04
19938,-7.31,56.2,0.06
19939,-7.18,56.2,0.08
19940,-7.06,56.2,0.1
19941,-6.93,56.2,0.12
19942,-6.81,56.2,0.17
19943,-6.68,56.2,0.17
19944,-6.56,56.2,0.16
19945,-6.43,56.2,0.18
19946,-6.31,56.2,0.2
19947,-6.18,56.2,0.13
19948,-6.06,56.2,0.06
19949,-5.93,56.2,0.03
19950,-5.81,56.2,0.02
19951,-5.68,56.2,0.05
19952,-5.56,56.2,1000000
19953,-5.43,56.2,1000000
19954,-5.31,56.2,1000000
19955,-5.18,56.2,1000000
19956,-5.06,56.2,1000000
19957,-4.93,56.2,1000000
19958,-4.81,56.2,1000000
19959,-4.68,56.2,1000000
19960,-4.56,56.2,1000000
19961,-4.43,56.2,1000000
19962,-4.31,56.2,1000000
19963,-4.18,56.2,1000000
19964,-4.06,56.2,1000000
19965,-3.93,56.2,1000000
19966,-3.81,56.2,1000000
19967,-3.68,56.2,1000000
19968,-3.56,56.2,1000000
19969,-3.43,56.2,1000000
19970,-3.31,56.2,1000000
19971,-3.18,56.2,1000000
19972,-3.06,56.2,1000000
19973,-2.93,56.2,7.89E-03
19974,-2.81,56.2,1000000
19975,-2.68,56.2,0.12
19976,-2.56,56.2,0.13
19977,-2.43,56.2,0.13
19978,-2.31,56.2,0.14
19979,-2.18,56.2,0.17
19980,-2.06,56.2,0.19
19981,-1.93,56.2,0.22
19982,-1.81,56.2,0.24
19983,-1.68,56.2,0.25
19984,-1.56,56.2,0.27
19985,-1.43,56.2,0.27
19986,-1.31,56.2,0.26
19987,-1.18,56.2,0.26
19988,-1.06,56.2,0.25
19989,-0.93,56.2,0.24
19990,-0.81,56.2,0.23
19991,-0.68,56.2,0.23
19992,-0.56,56.2,0.22
19993,-0.43,56.2,0.22
19994,-0.31,56.2,0.21
19995,-0.18,56.2,0.22
19996,-0.06,56.2,0.23
19997,0.06,56.2,0.25
19998,0.18,56.2,0.24
19999,0.31,56.2,0.18
20000,0.43,56.2,0.15
20001,0.56,56.2,0.14
20002,0.68,56.2,0.13
20003,0.81,56.2,0.13
20004,0.93,56.2,0.12
20005,1.06,56.2,0.11
20006,1.18,56.2,0.1
20007,1.31,56.2,0.09
20008,1.43,56.2,0.08
20009,1.56,56.2,0.08
20010,1.68,56.2,0.07
20011,1.81,56.2,0.07
20012,1.93,56.2,0.07
20013,2.06,56.2,0.07
20014,2.18,56.2,0.06
20015,2.31,56.2,0.06
20016,2.43,56.2,0.06
20017,2.56,56.2,0.06
20018,2.68,56.2,0.06
20019,2.81,56.2,0.06
20020,2.93,56.2,0.06
20021,3.06,56.2,0.06
20022,3.18,56.2,0.06
20023,3.31,56.2,0.05
20024,3.43,56.2,0.05
20025,3.56,56.2,0.05
20026,3.68,56.2,0.05
20027,3.81,56.2,0.04
20028,3.93,56.2,0.04
20029,4.06,56.2,0.04
20030,4.18,56.2,0.04
20031,4.31,56.2,0.04
20032,4.43,56.2,0.04
20033,4.56,56.2,0.03
20034,4.68,56.2,0.03
20035,4.81,56.2,0.03
20036,4.93,56.2,0.03
20037,5.06,56.2,0.03
20038,5.18,56.2,0.02
20039,5.31,56.2,0.02
20040,5.43,56.2,0.02
20041,5.56,56.2,0.02
20042,5.68,56.2,0.02
20043,5.81,56.2,0.02
20044,5.93,56.2,0.03
20045,6.06,56.2,0.03
20046,6.18,56.2,0.03
20047,6.31,56.2,0.03
20048,6.43,56.2,0.03
20049,6.56,56.2,0.03
20050,6.68,56.2,0.03
20051,6.81,56.2,0.04
20052,6.93,56.2,0.04
20053,7.06,56.2,0.04
20054,7.18,56.2,0.05
20055,7.31,56.2,0.05
20056,7.43,56.2,0.05
20057,7.56,56.2,0.06
20058,7.68,56.2,0.06
20059,7.81,56.2,0.07
20060,7.93,56.2,0.08
20061,8.06,56.2,0.09
20062,8.18,56.2,1000000
20063,8.31,56.2,1000000
20064,8.43,56.2,1000000
20065,8.56,56.2,1000000
20066,8.68,56.2,1000000
20067,8.81,56.2,1000000
20068,8.93,56.2,1000000
20069,9.06,56.2,1000000
20070,9.18,56.2,1000000
20071,9.31,56.2,1000000
20072,9.43,56.2,1000000
20073,9.56,56.2,1000000
20074,9.68,56.2,1000000
20075,9.81,56.2,1000000
20076,9.93,56.2,1000000
20077,10.06,56.2,1000000
20078,10.18,56.2,1000000
20079,10.31,56.2,1000000
20080,10.43,56.2,1000000
20081,10.56,56.2,1000000
20082,10.68,56.2,1000000
20083,10.81,56.2,1.15E-03
20084,10.93,56.2,3.27E-03
20085,11.06,56.2,3.07E-03
20086,11.18,56.2,3.06E-03
20087,11.31,56.2,3.26E-03
20088,11.43,56.2,3.38E-03
20089,11.56,56.2,3.70E-03
20090,11.68,56.2,4.11E-03
20091,11.81,56.2,3.81E-03
20092,11.93,56.2,3.36E-03
20093,12.06,56.2,2.92E-03
20094,12.18,56.2,2.41E-03
20095,12.31,56.2,2.02E-03
20096,12.43,56.2,2.39E-03
20097,12.56,56.2,1000000
20098,12.68,56.2,1000000
20099,12.81,56.2,1000000
20100,12.93,56.2,1000000
20101,-12.06,56.29,1000000
20102,-11.93,56.29,1000000
20103,-11.81,56.29,2.86E-03
20104,-11.68,56.29,6.15E-03
20105,-11.56,56.29,9.02E-03
20106,-11.43,56.29,0.01
20107,-11.31,56.29,0.01
20108,-11.18,56.29,0.01
20109,-11.06,56.29,0.01
20110,-10.93,56.29,9.67E-03
20111,-10.81,56.29,9.16E-03
20112,-10.68,56.29,8.67E-03
20113,-10.56,56.29,8.08E-03
20114,-10.43,56.29,7.70E-03
20115,-10.31,56.29,7.36E-03
20116,-10.18,56.29,7.32E-03
20117,-10.06,56.29,7.56E-03
20118,-9.93,56.29,7.73E-03
20119,-9.81,56.29,8.04E-03
20120,-9.68,56.29,8.20E-03
20121,-9.56,56.29,7.92E-03
20122,-9.43,56.29,7.52E-03
20123,-9.31,56.29,7.09E-03
20124,-9.18,56.29,8.59E-03
20125,-9.06,56.29,0.02
20126,-8.93,56.29,0.05
20127,-8.81,56.29,0.05
20128,-8.68,56.29,0.06
20129,-8.56,56.29,0.05
20130,-8.43,56.29,0.04
20131,-8.31,56.29,0.04
20132,-8.18,56.29,0.04
20133,-8.06,56.29,0.04
20134,-7.93,56.29,0.04
20135,-7.81,56.29,0.03
20136,-7.68,56.29,0.03
20137,-7.56,56.29,0.04
20138,-7.43,56.29,0.05
20139,-7.31,56.29,0.07
20140,-7.18,56.29,0.08
20141,-7.06,56.29,0.09
20142,-6.93,56.29,0.12
20143,-6.81,56.29,0.15
20144,-6.68,56.29,0.16
20145,-6.56,56.29,0.18
20146,-6.43,56.29,0.18
20147,-6.31,56.29,1000000
20148,-6.18,56.29,0.08
20149,-6.06,56.29,0.02
20150,-5.93,56.29,0.02
20151,-5.81,56.29,0.09
20152,-5.68,56.29,0.39
20153,-5.56,56.29,1000000
20154,-5.43,56.29,1000000
20155,-5.31,56.29,1000000
20156,-5.18,56.29,1000000
20157,-5.06,56.29,1000000
20158,-4.93,56.29,1000000
20159,-4.81,56.29,1000000
20160,-4.68,56.29,1000000
20161,-4.56,56.29,1000000
20162,-4.43,56.29,1000000
20163,-4.31,56.29,1000000
20164,-4.18,56.29,1000000
20165,-4.06,56.29,1000000
20166,-3.93,56.29,1000000
20167,-3.81,56.29,1000000
20168,-3.68,56.29,1000000
20169,-3.56,56.29,1000000
20170,-3.43,56.29,1000000
20171,-3.31,56.29,1000000
20172,-3.18,56.29,1000000
20173,-3.06,56.29,1000000
20174,-2.93,56.29,1000000
20175,-2.81,56.29,1000000
20176,-2.68,56.29,1000000
20177,-2.56,56.29,0.18
20178,-2.43,56.29,0.18
20179,-2.31,56.29,0.19
20180,-2.18,56.29,0.2
20181,-2.06,56.29,0.22
20182,-1.93,56.29,0.25
20183,-1.81,56.29,0.27
20184,-1.68,56.29,0.28
20185,-1.56,56.29,0.28
20186,-1.43,56.29,0.27
20187,-1.31,56.29,0.27
20188,-1.18,56.29,0.26
20189,-1.06,56.29,0.25
20190,-0.93,56.29,0.24
20191,-0.81,56.29,0.23
20192,-0.68,56.29,0.23
20193,-0.56,56.29,0.22
20194,-0.43,56.29,0.22
20195,-0.31,56.29,0.21
20196,-0.18,56.29,0.22
20197,-0.06,56.29,0.23
20198,0.06,56.29,0.23
20199,0.18,56.29,0.21
20200,0.31,56.29,0.18
20201,0.43,56.29,0.16
20202,0.56,56.29,0.15
20203,0.68,56.29,0.15
20204,0.81,56.29,0.14
20205,0.93,56.29,0.12
20206,1.06,56.29,0.11
20207,1.18,56.29,0.1
20208,1.31,56.29,0.09
20209,1.43,56.29,0.09
20210,1.56,56.29,0.08
20211,1.68,56.29,0.08
20212,1.81,56.29,0.07
20213,1.93,56.29,0.07
20214,2.06,56.29,0.07
20215,2.18,56.29,0.07
20216,2.31,56.29,0.07
20217,2.43,56.29,0.07
20218,2.56,56.29,0.06
20219,2.68,56.29,0.06
20220,2.81,56.29,0.06
20221,2.93,56.29,0.06
20222,3.06,56.29,0.06
20223,3.18,56.29,0.05
20224,3.31,56.29,0.05
20225,3.43,56.29,0.05
20226,3.56,56.29,0.05
20227,3.68,56.29,0.05
20228,3.81,56.29,0.05
20229,3.93,56.29,0.04
20230,4.06,56.29,0.04
20231,4.18,56.29,0.04
20232,4.31,56.29,0.04
20233,4.43,56.29,0.04
20234,4.56,56.29,0.03
20235,4.68,56.29,0.03
20236,4.81,56.29,0.03
20237,4.93,56.29,0.03
20238,5.06,56.29,0.03
20239,5.18,56.29,0.02
20240,5.31,56.29,0.02
20241,5.43,56.29,0.02
20242,5.56,56.29,0.02
20243,5.68,56.29,0.02
20244,5.81,56.29,0.02
20245,5.93,56.29,0.03
20246,6.06,56.29,0.03
20247,6.18,56.29,0.03
20248,6.31,56.29,0.03
20249,6.43,56.29,0.03
20250,6.56,56.29,0.03
20251,6.68,56.29,0.03
20252,6.81,56.29,0.03
20253,6.93,56.29,0.04
20254,7.06,56.29,0.04
20255,7.18,56.29,0.04
20256,7.31,56.29,0.05
20257,7.43,56.29,0.05
20258,7.56,56.29,0.05
20259,7.68,56.29,0.06
20260,7.81,56.29,0.06
20261,7.93,56.29,0.07
20262,8.06,56.29,0.08
20263,8.18,56.29,1000000
20264,8.31,56.29,1000000
20265,8.43,56.29,1000000
20266,8.56,56.29,1000000
20267,8.68,56.29,1000000
20268,8.81,56.29,1000000
20269,8.93,56.29,1000000
20270,9.06,56.29,1000000
20271,9.18,56.29,1000000
20272,9.31,56.29,1000000
20273,9.43,56.29,1000000
20274,9.56,56.29,1000000
20275,9.68,56.29,1000000
20276,9.81,56.29,1000000
20277,9.93,56.29,1000000
20278,10.06,56.29,1000000
20279,10.18,56.29,1000000
20280,10.31,56.29,1000000
20281,10.43,56.29,1000000
20282,10.56,56.29,1000000
20283,10.68,56.29,1000000
20284,10.81,56.29,1000000
20285,10.93,56.29,7.62E-03
20286,11.06,56.29,6.66E-03
20287,11.18,56.29,6.01E-03
20288,11.31,56.29,5.60E-03
20289,11.43,56.29,5.82E-03
20290,11.56,56.29,6.16E-03
20291,11.68,56.29,5.85E-03
20292,11.81,56.29,5.35E-03
20293,11.93,56.29,5.12E-03
20294,12.06,56.29,4.63E-03
20295,12.18,56.29,3.83E-03
20296,12.31,56.29,3.14E-03
20297,12.43,56.29,3.06E-03
20298,12.56,56.29,1.72E-03
20299,12.68,56.29,1.88E-04
20300,12.81,56.29,1000000
20301,12.93,56.29,1000000
20302,-12.06,56.37,1000000
20303,-11.93,56.37,1000000
20304,-11.81,56.37,2.10E-03
20305,-11.68,56.37,5.42E-03
20306,-11.56,56.37,8.59E-03
20307,-11.43,56.37,0.01
20308,-11.31,56.37,0.01
20309,-11.18,56.37,0.01
20310,-11.06,56.37,0.01
20311,-10.93,56.37,0.01
20312,-10.81,56.37,0.01
20313,-10.68,56.37,0.01
20314,-10.56,56.37,0.01
20315,-10.43,56.37,0.01
20316,-10.31,56.37,0.01
20317,-10.18,56.37,0.01
20318,-10.06,56.37,0.01
20319,-9.93,56.37,9.14E-03
20320,-9.81,56.37,9.08E-03
20321,-9.68,56.37,8.81E-03
20322,-9.56,56.37,8.41E-03
20323,-9.43,56.37,7.95E-03
20324,-9.31,56.37,7.08E-03
20325,-9.18,56.37,6.73E-03
20326,-9.06,56.37,0.01
20327,-8.93,56.37,0.04
20328,-8.81,56.37,0.06
20329,-8.68,56.37,0.06
20330,-8.56,56.37,0.06
20331,-8.43,56.37,0.05
20332,-8.31,56.37,0.04
20333,-8.18,56.37,0.04
20334,-8.06,56.37,0.04
20335,-7.93,56.37,0.03
20336,-7.81,56.37,0.03
20337,-7.68,56.37,0.04
20338,-7.56,56.37,0.06
20339,-7.43,56.37,0.07
20340,-7.31,56.37,0.09
20341,-7.18,56.37,0.12
20342,-7.06,56.37,0.17
20343,-6.93,56.37,0.18
20344,-6.81,56.37,0.21
20345,-6.68,56.37,0.18
20346,-6.56,56.37,0.19
20347,-6.43,56.37,0.15
20348,-6.31,56.37,0.05
20349,-6.18,56.37,0.17
20350,-6.06,56.37,1000000
20351,-5.93,56.37,1000000
20352,-5.81,56.37,1000000
20353,-5.68,56.37,0.16
20354,-5.56,56.37,1000000
20355,-5.43,56.37,1000000
20356,-5.31,56.37,1000000
20357,-5.18,56.37,1000000
20358,-5.06,56.37,1000000
20359,-4.93,56.37,1000000
20360,-4.81,56.37,1000000
20361,-4.68,56.37,1000000
20362,-4.56,56.37,1000000
20363,-4.43,56.37,1000000
20364,-4.31,56.37,1000000
20365,-4.18,56.37,1000000
20366,-4.06,56.37,1000000
20367,-3.93,56.37,1000000
20368,-3.81,56.37,1000000
20369,-3.68,56.37,1000000
20370,-3.56,56.37,1000000
20371,-3.43,56.37,1000000
20372,-3.31,56.37,1000000
20373,-3.18,56.37,1000000
20374,-3.06,56.37,1000000
20375,-2.93,56.37,1000000
20376,-2.81,56.37,5.24E-03
20377,-2.68,56.37,0.01
20378,-2.56,56.37,0.14
20379,-2.43,56.37,0.18
20380,-2.31,56.37,0.21
20381,-2.18,56.37,0.23
20382,-2.06,56.37,0.25
20383,-1.93,56.37,0.28
20384,-1.81,56.37,0.29
20385,-1.68,56.37,0.3
20386,-1.56,56.37,0.29
20387,-1.43,56.37,0.28
20388,-1.31,56.37,0.27
20389,-1.18,56.37,0.27
20390,-1.06,56.37,0.26
20391,-0.93,56.37,0.25
20392,-0.81,56.37,0.24
20393,-0.68,56.37,0.23
20394,-0.56,56.37,0.22
20395,-0.43,56.37,0.21
20396,-0.31,56.37,0.21
20397,-0.18,56.37,0.21
20398,-0.06,56.37,0.21
20399,0.06,56.37,0.2
20400,0.18,56.37,0.18
20401,0.31,56.37,0.16
20402,0.43,56.37,0.15
20403,0.56,56.37,0.14
20404,0.68,56.37,0.14
20405,0.81,56.37,0.12
20406,0.93,56.37,0.11
20407,1.06,56.37,0.1
20408,1.18,56.37,0.09
20409,1.31,56.37,0.08
20410,1.43,56.37,0.08
20411,1.56,56.37,0.08
20412,1.68,56.37,0.08
20413,1.81,56.37,0.08
20414,1.93,56.37,0.08
20415,2.06,56.37,0.08
20416,2.18,56.37,0.07
20417,2.31,56.37,0.07
20418,2.43,56.37,0.07
20419,2.56,56.37,0.07
20420,2.68,56.37,0.06
20421,2.81,56.37,0.06
20422,2.93,56.37,0.06
20423,3.06,56.37,0.06
20424,3.18,56.37,0.05
20425,3.31,56.37,0.05
20426,3.43,56.37,0.05
20427,3.56,56.37,0.05
20428,3.68,56.37,0.05
20429,3.81,56.37,0.05
20430,3.93,56.37,0.04
20431,4.06,56.37,0.04
20432,4.18,56.37,0.04
20433,4.31,56.37,0.04
20434,4.43,56.37,0.04
20435,4.56,56.37,0.03
20436,4.68,56.37,0.03
20437,4.81,56.37,0.03
20438,4.93,56.37,0.03
20439,5.06,56.37,0.02
20440,5.18,56.37,0.02
20441,5.31,56.37,0.02
20442,5.43,56.37,0.02
20443,5.56,56.37,0.02
20444,5.68,56.37,0.02
20445,5.81,56.37,0.02
20446,5.93,56.37,0.02
20447,6.06,56.37,0.03
20448,6.18,56.37,0.03
20449,6.31,56.37,0.03
20450,6.43,56.37,0.03
20451,6.56,56.37,0.03
20452,6.68,56.37,0.03
20453,6.81,56.37,0.03
20454,6.93,56.37,0.04
20455,7.06,56.37,0.04
20456,7.18,56.37,0.04
20457,7.31,56.37,0.04
20458,7.43,56.37,0.05
20459,7.56,56.37,0.05
20460,7.68,56.37,0.05
20461,7.81,56.37,0.06
20462,7.93,56.37,0.07
20463,8.06,56.37,0.08
20464,8.18,56.37,1000000
20465,8.31,56.37,1000000
20466,8.43,56.37,1000000
20467,8.56,56.37,1000000
20468,8.68,56.37,1000000
20469,8.81,56.37,1000000
20470,8.93,56.37,1000000
20471,9.06,56.37,1000000
20472,9.18,56.37,1000000
20473,9.31,56.37,1000000
20474,9.43,56.37,1000000
20475,9.56,56.37,1000000
20476,9.68,56.37,1000000
20477,9.81,56.37,1000000
20478,9.93,56.37,1000000
20479,10.06,56.37,1000000
20480,10.18,56.37,1000000
20481,10.31,56.37,1000000
20482,10.43,56.37,1000000
20483,10.56,56.37,1000000
20484,10.68,56.37,1000000
20485,10.81,56.37,1000000
20486,10.93,56.37,0.01
20487,11.06,56.37,0.01
20488,11.18,56.37,8.34E-03
20489,11.31,56.37,7.11E-03
20490,11.43,56.37,7.68E-03
20491,11.56,56.37,7.23E-03
20492,11.68,56.37,6.48E-03
20493,11.81,56.37,6.38E-03
20494,11.93,56.37,6.13E-03
20495,12.06,56.37,5.73E-03
20496,12.18,56.37,5.03E-03
20497,12.31,56.37,4.00E-03
20498,12.43,56.37,3.34E-03
20499,12.56,56.37,2.37E-03
20500,12.68,56.37,1000000
20501,12.81,56.37,1000000
20502,12.93,56.37,1000000
20503,-12.06,56.45,1000000
20504,-11.93,56.45,1000000
20505,-11.81,56.45,3.22E-03
20506,-11.68,56.45,7.00E-03
20507,-11.56,56.45,9.57E-03
20508,-11.43,56.45,0.01
20509,-11.31,56.45,0.01
20510,-11.18,56.45,0.01
20511,-11.06,56.45,0.01
20512,-10.93,56.45,0.01
20513,-10.81,56.45,0.01
20514,-10.68,56.45,0.01
20515,-10.56,56.45,0.01
20516,-10.43,56.45,0.01
20517,-10.31,56.45,0.01
20518,-10.18,56.45,0.01
20519,-10.06,56.45,0.01
20520,-9.93,56.45,0.01
20521,-9.81,56.45,0.01
20522,-9.68,56.45,9.80E-03
20523,-9.56,56.45,9.34E-03
20524,-9.43,56.45,8.58E-03
20525,-9.31,56.45,7.21E-03
20526,-9.18,56.45,5.74E-03
20527,-9.06,56.45,0.01
20528,-8.93,56.45,0.04
20529,-8.81,56.45,0.07
20530,-8.68,56.45,0.06
20531,-8.56,56.45,0.06
20532,-8.43,56.45,0.05
20533,-8.31,56.45,0.05
20534,-8.18,56.45,0.05
20535,-8.06,56.45,0.04
20536,-7.93,56.45,0.04
20537,-7.81,56.45,0.05
20538,-7.68,56.45,0.06
20539,-7.56,56.45,0.08
20540,-7.43,56.45,0.09
20541,-7.31,56.45,0.12
20542,-7.18,56.45,0.2
20543,-7.06,56.45,0.28
20544,-6.93,56.45,1000000
20545,-6.81,56.45,0.18
20546,-6.68,56.45,0.12
20547,-6.56,56.45,0.09
20548,-6.43,56.45,0.08
20549,-6.31,56.45,0.09
20550,-6.18,56.45,0.1
20551,-6.06,56.45,1000000
20552,-5.93,56.45,1000000
20553,-5.81,56.45,1000000
20554,-5.68,56.45,0.11
20555,-5.56,56.45,0.04
20556,-5.43,56.45,1000000
20557,-5.31,56.45,1000000
20558,-5.18,56.45,1000000
20559,-5.06,56.45,1000000
20560,-4.93,56.45,1000000
20561,-4.81,56.45,1000000
20562,-4.68,56.45,1000000
20563,-4.56,56.45,1000000
20564,-4.43,56.45,1000000
20565,-4.31,56.45,1000000
20566,-4.18,56.45,1000000
20567,-4.06,56.45,1000000
20568,-3.93,56.45,1000000
20569,-3.81,56.45,1000000
20570,-3.68,56.45,1000000
20571,-3.56,56.45,1000000
20572,-3.43,56.45,1000000
20573,-3.31,56.45,1000000
20574,-3.18,56.45,1000000
20575,-3.06,56.45,1000000
20576,-2.93,56.45,1000000
20577,-2.81,56.45,0.01
20578,-2.68,56.45,0.04
20579,-2.56,56.45,0.15
20580,-2.43,56.45,0.22
20581,-2.31,56.45,0.26
20582,-2.18,56.45,0.28
20583,-2.06,56.45,0.3
20584,-1.93,56.45,0.32
20585,-1.81,56.45,0.32
20586,-1.68,56.45,0.31
20587,-1.56,56.45,0.31
20588,-1.43,56.45,0.3
20589,-1.31,56.45,0.29
20590,-1.18,56.45,0.27
20591,-1.06,56.45,0.26
20592,-0.93,56.45,0.25
20593,-0.81,56.45,0.24
20594,-0.68,56.45,0.23
20595,-0.56,56.45,0.22
20596,-0.43,56.45,0.21
20597,-0.31,56.45,0.19
20598,-0.18,56.45,0.18
20599,-0.06,56.45,0.17
20600,0.06,56.45,0.14
20601,0.18,56.45,0.13
20602,0.31,56.45,0.12
20603,0.43,56.45,0.11
20604,0.56,56.45,0.11
20605,0.68,56.45,0.1
20606,0.81,56.45,0.09
20607,0.93,56.45,0.08
20608,1.06,56.45,0.07
20609,1.18,56.45,0.07
20610,1.31,56.45,0.07
20611,1.43,56.45,0.07
20612,1.56,56.45,0.08
20613,1.68,56.45,0.08
20614,1.81,56.45,0.08
20615,1.93,56.45,0.08
20616,2.06,56.45,0.08
20617,2.18,56.45,0.08
20618,2.31,56.45,0.07
20619,2.43,56.45,0.07
20620,2.56,56.45,0.07
20621,2.68,56.45,0.07
20622,2.81,56.45,0.07
20623,2.93,56.45,0.06
20624,3.06,56.45,0.06
20625,3.18,56.45,0.06
20626,3.31,56.45,0.06
20627,3.43,56.45,0.06
20628,3.56,56.45,0.05
20629,3.68,56.45,0.05
20630,3.81,56.45,0.05
20631,3.93,56.45,0.04
20632,4.06,56.45,0.04
20633,4.18,56.45,0.04
20634,4.31,56.45,0.04
20635,4.43,56.45,0.04
20636,4.56,56.45,0.03
20637,4.68,56.45,0.03
20638,4.81,56.45,0.03
20639,4.93,56.45,0.02
20640,5.06,56.45,0.02
20641,5.18,56.45,0.02
20642,5.31,56.45,0.02
20643,5.43,56.45,0.02
20644,5.56,56.45,0.02
20645,5.68,56.45,0.02
20646,5.81,56.45,0.02
20647,5.93,56.45,0.02
20648,6.06,56.45,0.02
20649,6.18,56.45,0.02
20650,6.31,56.45,0.03
20651,6.43,56.45,0.03
20652,6.56,56.45,0.03
20653,6.68,56.45,0.03
20654,6.81,56.45,0.03
20655,6.93,56.45,0.04
20656,7.06,56.45,0.04
20657,7.18,56.45,0.04
20658,7.31,56.45,0.04
20659,7.43,56.45,0.05
20660,7.56,56.45,0.05
20661,7.68,56.45,0.05
20662,7.81,56.45,0.05
20663,7.93,56.45,0.06
20664,8.06,56.45,0.07
20665,8.18,56.45,1000000
20666,8.31,56.45,1000000
20667,8.43,56.45,1000000
20668,8.56,56.45,1000000
20669,8.68,56.45,1000000
20670,8.81,56.45,1000000
20671,8.93,56.45,1000000
20672,9.06,56.45,1000000
20673,9.18,56.45,1000000
20674,9.31,56.45,1000000
20675,9.43,56.45,1000000
20676,9.56,56.45,1000000
20677,9.68,56.45,1000000
20678,9.81,56.45,1000000
20679,9.93,56.45,1000000
20680,10.06,56.45,1000000
20681,10.18,56.45,1000000
20682,10.31,56.45,1000000
20683,10.43,56.45,1000000
20684,10.56,56.45,1000000
20685,10.68,56.45,1000000
20686,10.81,56.45,1000000
20687,10.93,56.45,0.03
20688,11.06,56.45,0.01
20689,11.18,56.45,0.01
20690,11.31,56.45,0.01
20691,11.43,56.45,9.13E-03
20692,11.56,56.45,7.95E-03
20693,11.68,56.45,7.14E-03
20694,11.81,56.45,6.55E-03
20695,11.93,56.45,5.96E-03
20696,12.06,56.45,5.43E-03
20697,12.18,56.45,5.23E-03
20698,12.31,56.45,4.94E-03
20699,12.43,56.45,3.90E-03
20700,12.56,56.45,2.95E-03
20701,12.68,56.45,9.50E-04
20702,12.81,56.45,4.78E-04
20703,12.93,56.45,1000000
20704,-12.06,56.54,1000000
20705,-11.93,56.54,1000000
20706,-11.81,56.54,3.29E-03
20707,-11.68,56.54,7.08E-03
20708,-11.56,56.54,9.67E-03
20709,-11.43,56.54,0.01
20710,-11.31,56.54,0.01
20711,-11.18,56.54,0.01
20712,-11.06,56.54,0.01
20713,-10.93,56.54,0.01
20714,-10.81,56.54,0.01
20715,-10.68,56.54,0.01
20716,-10.56,56.54,0.01
20717,-10.43,56.54,0.01
20718,-10.31,56.54,0.01
20719,-10.18,56.54,0.01
20720,-10.06,56.54,0.01
20721,-9.93,56.54,0.01
20722,-9.81,56.54,0.01
20723,-9.68,56.54,0.01
20724,-9.56,56.54,9.80E-03
20725,-9.43,56.54,9.11E-03
20726,-9.31,56.54,7.43E-03
20727,-9.18,56.54,5.55E-03
20728,-9.06,56.54,0.01
20729,-8.93,56.54,0.04
20730,-8.81,56.54,0.07
20731,-8.68,56.54,0.07
20732,-8.56,56.54,0.06
20733,-8.43,56.54,0.05
20734,-8.31,56.54,0.04
20735,-8.18,56.54,0.04
20736,-8.06,56.54,0.05
20737,-7.93,56.54,0.06
20738,-7.81,56.54,0.09
20739,-7.68,56.54,0.12
20740,-7.56,56.54,0.11
20741,-7.43,56.54,0.1
20742,-7.31,56.54,0.13
20743,-7.18,56.54,0.21
20744,-7.06,56.54,0.28
20745,-6.93,56.54,0.06
20746,-6.81,56.54,0.16
20747,-6.68,56.54,0.19
20748,-6.56,56.54,0.05
20749,-6.43,56.54,0.25
20750,-6.31,56.54,0.24
20751,-6.18,56.54,1000000
20752,-6.06,56.54,1000000
20753,-5.93,56.54,1000000
20754,-5.81,56.54,1000000
20755,-5.68,56.54,1000000
20756,-5.56,56.54,5.36E-03
20757,-5.43,56.54,5.08E-04
20758,-5.31,56.54,1000000
20759,-5.18,56.54,1000000
20760,-5.06,56.54,1000000
20761,-4.93,56.54,1000000
20762,-4.81,56.54,1000000
20763,-4.68,56.54,1000000
20764,-4.56,56.54,1000000
20765,-4.43,56.54,1000000
20766,-4.31,56.54,1000000
20767,-4.18,56.54,1000000
20768,-4.06,56.54,1000000
20769,-3.93,56.54,1000000
20770,-3.81,56.54,1000000
20771,-3.68,56.54,1000000
20772,-3.56,56.54,1000000
20773,-3.43,56.54,1000000
20774,-3.31,56.54,1000000
20775,-3.18,56.54,1000000
20776,-3.06,56.54,1000000
20777,-2.93,56.54,1000000
20778,-2.81,56.54,1000000
20779,-2.68,56.54,1000000
20780,-2.56,56.54,0.25
20781,-2.43,56.54,0.43
20782,-2.31,56.54,0.41
20783,-2.18,56.54,0.39
20784,-2.06,56.54,0.38
20785,-1.93,56.54,0.37
20786,-1.81,56.54,0.35
20787,-1.68,56.54,0.34
20788,-1.56,56.54,0.32
20789,-1.43,56.54,0.31
20790,-1.31,56.54,0.3
20791,-1.18,56.54,0.29
20792,-1.06,56.54,0.27
20793,-0.93,56.54,0.25
20794,-0.81,56.54,0.24
20795,-0.68,56.54,0.22
20796,-0.56,56.54,0.21
20797,-0.43,56.54,0.2
20798,-0.31,56.54,0.18
20799,-0.18,56.54,0.16
20800,-0.06,56.54,0.13
20801,0.06,56.54,0.11
20802,0.18,56.54,0.1
20803,0.31,56.54,0.09
20804,0.43,56.54,0.09
20805,0.56,56.54,0.09
20806,0.68,56.54,0.08
20807,0.81,56.54,0.08
20808,0.93,56.54,0.07
20809,1.06,56.54,0.07
20810,1.18,56.54,0.07
20811,1.31,56.54,0.07
20812,1.43,56.54,0.08
20813,1.56,56.54,0.08
20814,1.68,56.54,0.08
20815,1.81,56.54,0.08
20816,1.93,56.54,0.08
20817,2.06,56.54,0.08
20818,2.18,56.54,0.08
20819,2.31,56.54,0.08
20820,2.43,56.54,0.08
20821,2.56,56.54,0.08
20822,2.68,56.54,0.07
20823,2.81,56.54,0.07
20824,2.93,56.54,0.07
20825,3.06,56.54,0.07
20826,3.18,56.54,0.06
20827,3.31,56.54,0.06
20828,3.43,56.54,0.06
20829,3.56,56.54,0.06
20830,3.68,56.54,0.05
20831,3.81,56.54,0.05
20832,3.93,56.54,0.05
20833,4.06,56.54,0.05
20834,4.18,56.54,0.05
20835,4.31,56.54,0.05
20836,4.43,56.54,0.04
20837,4.56,56.54,0.04
20838,4.68,56.54,0.03
20839,4.81,56.54,0.03
20840,4.93,56.54,0.02
20841,5.06,56.54,0.02
20842,5.18,56.54,0.02
20843,5.31,56.54,0.02
20844,5.43,56.54,0.02
20845,5.56,56.54,0.02
20846,5.68,56.54,0.02
20847,5.81,56.54,0.02
20848,5.93,56.54,0.02
20849,6.06,56.54,0.02
20850,6.18,56.54,0.02
20851,6.31,56.54,0.03
20852,6.43,56.54,0.03
20853,6.56,56.54,0.03
20854,6.68,56.54,0.03
20855,6.81,56.54,0.03
20856,6.93,56.54,0.03
20857,7.06,56.54,0.04
20858,7.18,56.54,0.04
20859,7.31,56.54,0.04
20860,7.43,56.54,0.04
20861,7.56,56.54,0.05
20862,7.68,56.54,0.05
20863,7.81,56.54,0.05
20864,7.93,56.54,0.06
20865,8.06,56.54,0.07
20866,8.18,56.54,1000000
20867,8.31,56.54,1000000
20868,8.43,56.54,1000000
20869,8.56,56.54,1000000
20870,8.68,56.54,1000000
20871,8.81,56.54,1000000
20872,8.93,56.54,1000000
20873,9.06,56.54,1000000
20874,9.18,56.54,1000000
20875,9.31,56.54,1000000
20876,9.43,56.54,1000000
20877,9.56,56.54,1000000
20878,9.68,56.54,1000000
20879,9.81,56.54,1000000
20880,9.93,56.54,1000000
20881,10.06,56.54,1000000
20882,10.18,56.54,1000000
20883,10.31,56.54,1000000
20884,10.43,56.54,6.20E-03
20885,10.56,56.54,7.28E-03
20886,10.68,56.54,0.01
20887,10.81,56.54,0.03
20888,10.93,56.54,0.04
20889,11.06,56.54,0.02
20890,11.18,56.54,0.01
20891,11.31,56.54,0.01
20892,11.43,56.54,0.01
20893,11.56,56.54,9.76E-03
20894,11.68,56.54,9.06E-03
20895,11.81,56.54,8.25E-03
20896,11.93,56.54,7.33E-03
20897,12.06,56.54,6.38E-03
20898,12.18,56.54,5.60E-03
20899,12.31,56.54,5.69E-03
20900,12.43,56.54,4.71E-03
20901,12.56,56.54,3.32E-03
20902,12.68,56.54,1.28E-03
20903,12.81,56.54,6.38E-04
20904,12.93,56.54,1000000
20905,-12.06,56.62,1000000
20906,-11.93,56.62,1000000
20907,-11.81,56.62,2.12E-03
20908,-11.68,56.62,5.69E-03
20909,-11.56,56.62,8.85E-03
20910,-11.43,56.62,0.01
20911,-11.31,56.62,0.01
20912,-11.18,56.62,0.01
20913,-11.06,56.62,0.01
20914,-10.93,56.62,9.85E-03
20915,-10.81,56.62,9.16E-03
20916,-10.68,56.62,8.67E-03
20917,-10.56,56.62,8.24E-03
20918,-10.43,56.62,8.07E-03
20919,-10.31,56.62,8.10E-03
20920,-10.18,56.62,8.51E-03
20921,-10.06,56.62,9.07E-03
20922,-9.93,56.62,9.48E-03
20923,-9.81,56.62,9.28E-03
20924,-9.68,56.62,9.20E-03
20925,-9.56,56.62,9.24E-03
20926,-9.43,56.62,8.92E-03
20927,-9.31,56.62,7.23E-03
20928,-9.18,56.62,5.25E-03
20929,-9.06,56.62,0.01
20930,-8.93,56.62,0.04
20931,-8.81,56.62,0.08
20932,-8.68,56.62,0.08
20933,-8.56,56.62,0.06
20934,-8.43,56.62,0.04
20935,-8.31,56.62,0.04
20936,-8.18,56.62,0.04
20937,-8.06,56.62,0.06
20938,-7.93,56.62,0.1
20939,-7.81,56.62,0.2
20940,-7.68,56.62,0.2
20941,-7.56,56.62,0.1
20942,-7.43,56.62,0.08
20943,-7.31,56.62,0.11
20944,-7.18,56.62,0.13
20945,-7.06,56.62,0.1
20946,-6.93,56.62,0.06
20947,-6.81,56.62,0.12
20948,-6.68,56.62,0.22
20949,-6.56,56.62,1000000
20950,-6.43,56.62,0.23
20951,-6.31,56.62,0.2
20952,-6.18,56.62,1000000
20953,-6.06,56.62,1000000
20954,-5.93,56.62,1000000
20955,-5.81,56.62,1000000
20956,-5.68,56.62,1000000
20957,-5.56,56.62,1000000
20958,-5.43,56.62,1000000
20959,-5.31,56.62,1000000
20960,-5.18,56.62,1000000
20961,-5.06,56.62,1000000
20962,-4.93,56.62,1000000
20963,-4.81,56.62,1000000
20964,-4.68,56.62,1000000
20965,-4.56,56.62,1000000
20966,-4.43,56.62,1000000
20967,-4.31,56.62,1000000
20968,-4.18,56.62,1000000
20969,-4.06,56.62,1000000
20970,-3.93,56.62,1000000
20971,-3.81,56.62,1000000
20972,-3.68,56.62,1000000
20973,-3.56,56.62,1000000
20974,-3.43,56.62,1000000
20975,-3.31,56.62,1000000
20976,-3.18,56.62,1000000
20977,-3.06,56.62,1000000
20978,-2.93,56.62,1000000
20979,-2.81,56.62,1000000
20980,-2.68,56.62,1000000
20981,-2.56,56.62,1000000
20982,-2.43,56.62,0.4
20983,-2.31,56.62,0.44
20984,-2.18,56.62,0.43
20985,-2.06,56.62,0.4
20986,-1.93,56.62,0.39
20987,-1.81,56.62,0.37
20988,-1.68,56.62,0.35
20989,-1.56,56.62,0.32
20990,-1.43,56.62,0.32
20991,-1.31,56.62,0.31
20992,-1.18,56.62,0.3
20993,-1.06,56.62,0.28
20994,-0.93,56.62,0.26
20995,-0.81,56.62,0.24
20996,-0.68,56.62,0.22
20997,-0.56,56.62,0.21
20998,-0.43,56.62,0.19
20999,-0.31,56.62,0.17
21000,-0.18,56.62,0.15
21001,-0.06,56.62,0.13
21002,0.06,56.62,0.11
21003,0.18,56.62,0.1
21004,0.31,56.62,0.09
21005,0.43,56.62,0.09
21006,0.56,56.62,0.08
21007,0.68,56.62,0.08
21008,0.81,56.62,0.08
21009,0.93,56.62,0.07
21010,1.06,56.62,0.07
21011,1.18,56.62,0.07
21012,1.31,56.62,0.08
21013,1.43,56.62,0.09
21014,1.56,56.62,0.09
21015,1.68,56.62,0.09
21016,1.81,56.62,0.09
21017,1.93,56.62,0.09
21018,2.06,56.62,0.09
21019,2.18,56.62,0.09
21020,2.31,56.62,0.09
21021,2.43,56.62,0.08
21022,2.56,56.62,0.08
21023,2.68,56.62,0.08
21024,2.81,56.62,0.07
21025,2.93,56.62,0.07
21026,3.06,56.62,0.07
21027,3.18,56.62,0.07
21028,3.31,56.62,0.07
21029,3.43,56.62,0.07
21030,3.56,56.62,0.06
21031,3.68,56.62,0.06
21032,3.81,56.62,0.06
21033,3.93,56.62,0.06
21034,4.06,56.62,0.06
21035,4.18,56.62,0.06
21036,4.31,56.62,0.05
21037,4.43,56.62,0.04
21038,4.56,56.62,0.04
21039,4.68,56.62,0.03
21040,4.81,56.62,0.03
21041,4.93,56.62,0.03
21042,5.06,56.62,0.02
21043,5.18,56.62,0.02
21044,5.31,56.62,0.02
21045,5.43,56.62,0.02
21046,5.56,56.62,0.02
21047,5.68,56.62,0.01
21048,5.81,56.62,0.02
21049,5.93,56.62,0.02
21050,6.06,56.62,0.02
21051,6.18,56.62,0.02
21052,6.31,56.62,0.03
21053,6.43,56.62,0.03
21054,6.56,56.62,0.03
21055,6.68,56.62,0.03
21056,6.81,56.62,0.03
21057,6.93,56.62,0.03
21058,7.06,56.62,0.03
21059,7.18,56.62,0.03
21060,7.31,56.62,0.04
21061,7.43,56.62,0.04
21062,7.56,56.62,0.04
21063,7.68,56.62,0.04
21064,7.81,56.62,0.05
21065,7.93,56.62,0.06
21066,8.06,56.62,0.07
21067,8.18,56.62,1000000
21068,8.31,56.62,1000000
21069,8.43,56.62,1000000
21070,8.56,56.62,1000000
21071,8.68,56.62,1000000
21072,8.81,56.62,1000000
21073,8.93,56.62,1000000
21074,9.06,56.62,1000000
21075,9.18,56.62,1000000
21076,9.31,56.62,1000000
21077,9.43,56.62,1000000
21078,9.56,56.62,1000000
21079,9.68,56.62,1000000
21080,9.81,56.62,1000000
21081,9.93,56.62,1000000
21082,10.06,56.62,1000000
21083,10.18,56.62,1000000
21084,10.31,56.62,1000000
21085,10.43,56.62,0.01
21086,10.56,56.62,9.58E-03
21087,10.68,56.62,0.01
21088,10.81,56.62,0.02
21089,10.93,56.62,0.02
21090,11.06,56.62,0.02
21091,11.18,56.62,0.02
21092,11.31,56.62,0.01
21093,11.43,56.62,0.01
21094,11.56,56.62,0.01
21095,11.68,56.62,0.01
21096,11.81,56.62,0.01
21097,11.93,56.62,0.01
21098,12.06,56.62,9.57E-03
21099,12.18,56.62,7.59E-03
21100,12.31,56.62,6.85E-03
21101,12.43,56.62,6.45E-03
21102,12.56,56.62,6.55E-03
21103,12.68,56.62,2.75E-03
21104,12.81,56.62,1.25E-03
21105,12.93,56.62,1000000
21106,-12.06,56.7,1000000
21107,-11.93,56.7,1000000
21108,-11.81,56.7,2.09E-03
21109,-11.68,56.7,5.99E-03
21110,-11.56,56.7,9.29E-03
21111,-11.43,56.7,0.01
21112,-11.31,56.7,0.01
21113,-11.18,56.7,0.01
21114,-11.06,56.7,0.01
21115,-10.93,56.7,9.61E-03
21116,-10.81,56.7,8.88E-03
21117,-10.68,56.7,8.27E-03
21118,-10.56,56.7,7.64E-03
21119,-10.43,56.7,7.11E-03
21120,-10.31,56.7,6.98E-03
21121,-10.18,56.7,6.99E-03
21122,-10.06,56.7,7.22E-03
21123,-9.93,56.7,7.55E-03
21124,-9.81,56.7,8.02E-03
21125,-9.68,56.7,8.24E-03
21126,-9.56,56.7,8.35E-03
21127,-9.43,56.7,8.07E-03
21128,-9.31,56.7,6.65E-03
21129,-9.18,56.7,4.92E-03
21130,-9.06,56.7,8.62E-03
21131,-8.93,56.7,0.05
21132,-8.81,56.7,0.12
21133,-8.68,56.7,0.09
21134,-8.56,56.7,0.07
21135,-8.43,56.7,0.05
21136,-8.31,56.7,0.04
21137,-8.18,56.7,0.04
21138,-8.06,56.7,0.06
21139,-7.93,56.7,0.12
21140,-7.81,56.7,0.35
21141,-7.68,56.7,0.25
21142,-7.56,56.7,0.09
21143,-7.43,56.7,0.11
21144,-7.31,56.7,0.11
21145,-7.18,56.7,0.1
21146,-7.06,56.7,0.08
21147,-6.93,56.7,0.08
21148,-6.81,56.7,0.08
21149,-6.68,56.7,0.09
21150,-6.56,56.7,0.02
21151,-6.43,56.7,0.07
21152,-6.31,56.7,0.13
21153,-6.18,56.7,0.1
21154,-6.06,56.7,1000000
21155,-5.93,56.7,1000000
21156,-5.81,56.7,1000000
21157,-5.68,56.7,1000000
21158,-5.56,56.7,1000000
21159,-5.43,56.7,1000000
21160,-5.31,56.7,1000000
21161,-5.18,56.7,1000000
21162,-5.06,56.7,1000000
21163,-4.93,56.7,1000000
21164,-4.81,56.7,1000000
21165,-4.68,56.7,1000000
21166,-4.56,56.7,1000000
21167,-4.43,56.7,1000000
21168,-4.31,56.7,1000000
21169,-4.18,56.7,1000000
21170,-4.06,56.7,1000000
21171,-3.93,56.7,1000000
21172,-3.81,56.7,1000000
21173,-3.68,56.7,1000000
21174,-3.56,56.7,1000000
21175,-3.43,56.7,1000000
21176,-3.31,56.7,1000000
21177,-3.18,56.7,1000000
21178,-3.06,56.7,1000000
21179,-2.93,56.7,1000000
21180,-2.81,56.7,1000000
21181,-2.68,56.7,1000000
21182,-2.56,56.7,1000000
21183,-2.43,56.7,0.37
21184,-2.31,56.7,0.4
21185,-2.18,56.7,0.41
21186,-2.06,56.7,0.39
21187,-1.93,56.7,0.36
21188,-1.81,56.7,0.34
21189,-1.68,56.7,0.34
21190,-1.56,56.7,0.33
21191,-1.43,56.7,0.33
21192,-1.31,56.7,0.33
21193,-1.18,56.7,0.31
21194,-1.06,56.7,0.29
21195,-0.93,56.7,0.28
21196,-0.81,56.7,0.26
21197,-0.68,56.7,0.24
21198,-0.56,56.7,0.22
21199,-0.43,56.7,0.19
21200,-0.31,56.7,0.17
21201,-0.18,56.7,0.14
21202,-0.06,56.7,0.13
21203,0.06,56.7,0.12
21204,0.18,56.7,0.12
21205,0.31,56.7,0.11
21206,0.43,56.7,0.1
21207,0.56,56.7,0.1
21208,0.68,56.7,0.09
21209,0.81,56.7,0.09
21210,0.93,56.7,0.08
21211,1.06,56.7,0.09
21212,1.18,56.7,0.1
21213,1.31,56.7,0.1
21214,1.43,56.7,0.1
21215,1.56,56.7,0.1
21216,1.68,56.7,0.1
21217,1.81,56.7,0.1
21218,1.93,56.7,0.1
21219,2.06,56.7,0.09
21220,2.18,56.7,0.09
21221,2.31,56.7,0.09
21222,2.43,56.7,0.09
21223,2.56,56.7,0.08
21224,2.68,56.7,0.08
21225,2.81,56.7,0.08
21226,2.93,56.7,0.07
21227,3.06,56.7,0.07
21228,3.18,56.7,0.07
21229,3.31,56.7,0.07
21230,3.43,56.7,0.07
21231,3.56,56.7,0.07
21232,3.68,56.7,0.07
21233,3.81,56.7,0.07
21234,3.93,56.7,0.07
21235,4.06,56.7,0.06
21236,4.18,56.7,0.06
21237,4.31,56.7,0.05
21238,4.43,56.7,0.05
21239,4.56,56.7,0.04
21240,4.68,56.7,0.04
21241,4.81,56.7,0.03
21242,4.93,56.7,0.03
21243,5.06,56.7,0.03
21244,5.18,56.7,0.03
21245,5.31,56.7,0.02
21246,5.43,56.7,0.02
21247,5.56,56.7,0.02
21248,5.68,56.7,0.02
21249,5.81,56.7,0.02
21250,5.93,56.7,0.02
21251,6.06,56.7,0.02
21252,6.18,56.7,0.02
21253,6.31,56.7,0.03
21254,6.43,56.7,0.03
21255,6.56,56.7,0.03
21256,6.68,56.7,0.03
21257,6.81,56.7,0.03
21258,6.93,56.7,0.03
21259,7.06,56.7,0.03
21260,7.18,56.7,0.03
21261,7.31,56.7,0.03
21262,7.43,56.7,0.03
21263,7.56,56.7,0.03
21264,7.68,56.7,0.03
21265,7.81,56.7,0.04
21266,7.93,56.7,0.05
21267,8.06,56.7,0.07
21268,8.18,56.7,0.04
21269,8.31,56.7,1000000
21270,8.43,56.7,1000000
21271,8.56,56.7,1000000
21272,8.68,56.7,1000000
21273,8.81,56.7,1000000
21274,8.93,56.7,1000000
21275,9.06,56.7,1000000
21276,9.18,56.7,1000000
21277,9.31,56.7,1000000
21278,9.43,56.7,1000000
21279,9.56,56.7,1000000
21280,9.68,56.7,1000000
21281,9.81,56.7,1000000
21282,9.93,56.7,1000000
21283,10.06,56.7,1000000
21284,10.18,56.7,1000000
21285,10.31,56.7,0.01
21286,10.43,56.7,0.01
21287,10.56,56.7,0.01
21288,10.68,56.7,0.01
21289,10.81,56.7,0.02
21290,10.93,56.7,0.02
21291,11.06,56.7,0.02
21292,11.18,56.7,0.02
21293,11.31,56.7,0.02
21294,11.43,56.7,0.02
21295,11.56,56.7,0.02
21296,11.68,56.7,0.02
21297,11.81,56.7,0.01
21298,11.93,56.7,0.01
21299,12.06,56.7,0.01
21300,12.18,56.7,0.01
21301,12.31,56.7,9.52E-03
21302,12.43,56.7,6.60E-03
21303,12.56,56.7,5.71E-03
21304,12.68,56.7,1000000
21305,12.81,56.7,1000000
21306,12.93,56.7,1000000
21307,-12.06,56.79,1000000
21308,-11.93,56.79,1000000
21309,-11.81,56.79,5.27E-03
21310,-11.68,56.79,8.84E-03
21311,-11.56,56.79,0.01
21312,-11.43,56.79,0.01
21313,-11.31,56.79,0.01
21314,-11.18,56.79,0.01
21315,-11.06,56.79,0.01
21316,-10.93,56.79,9.49E-03
21317,-10.81,56.79,8.80E-03
21318,-10.68,56.79,8.26E-03
21319,-10.56,56.79,7.80E-03
21320,-10.43,56.79,7.40E-03
21321,-10.31,56.79,7.24E-03
21322,-10.18,56.79,7.17E-03
21323,-10.06,56.79,7.22E-03
21324,-9.93,56.79,7.36E-03
21325,-9.81,56.79,7.67E-03
21326,-9.68,56.79,7.87E-03
21327,-9.56,56.79,7.87E-03
21328,-9.43,56.79,7.46E-03
21329,-9.31,56.79,6.13E-03
21330,-9.18,56.79,4.55E-03
21331,-9.06,56.79,0.01
21332,-8.93,56.79,0.06
21333,-8.81,56.79,0.12
21334,-8.68,56.79,0.09
21335,-8.56,56.79,0.07
21336,-8.43,56.79,0.05
21337,-8.31,56.79,0.04
21338,-8.18,56.79,0.04
21339,-8.06,56.79,0.05
21340,-7.93,56.79,0.12
21341,-7.81,56.79,0.29
21342,-7.68,56.79,0.37
21343,-7.56,56.79,0.2
21344,-7.43,56.79,0.15
21345,-7.31,56.79,0.15
21346,-7.18,56.79,0.11
21347,-7.06,56.79,0.08
21348,-6.93,56.79,0.07
21349,-6.81,56.79,0.05
21350,-6.68,56.79,0.04
21351,-6.56,56.79,0.02
21352,-6.43,56.79,0.03
21353,-6.31,56.79,0.05
21354,-6.18,56.79,0.03
21355,-6.06,56.79,0.03
21356,-5.93,56.79,0.02
21357,-5.81,56.79,1000000
21358,-5.68,56.79,1000000
21359,-5.56,56.79,1000000
21360,-5.43,56.79,1000000
21361,-5.31,56.79,1000000
21362,-5.18,56.79,1000000
21363,-5.06,56.79,1000000
21364,-4.93,56.79,1000000
21365,-4.81,56.79,1000000
21366,-4.68,56.79,1000000
21367,-4.56,56.79,1000000
21368,-4.43,56.79,1000000
21369,-4.31,56.79,1000000
21370,-4.18,56.79,1000000
21371,-4.06,56.79,1000000
21372,-3.93,56.79,1000000
21373,-3.81,56.79,1000000
21374,-3.68,56.79,1000000
21375,-3.56,56.79,1000000
21376,-3.43,56.79,1000000
21377,-3.31,56.79,1000000
21378,-3.18,56.79,1000000
21379,-3.06,56.79,1000000
21380,-2.93,56.79,1000000
21381,-2.81,56.79,1000000
21382,-2.68,56.79,1000000
21383,-2.56,56.79,1000000
21384,-2.43,56.79,1000000
21385,-2.31,56.79,0.37
21386,-2.18,56.79,0.45
21387,-2.06,56.79,0.4
21388,-1.93,56.79,0.36
21389,-1.81,56.79,0.36
21390,-1.68,56.79,0.38
21391,-1.56,56.79,0.39
21392,-1.43,56.79,0.38
21393,-1.31,56.79,0.35
21394,-1.18,56.79,0.32
21395,-1.06,56.79,0.31
21396,-0.93,56.79,0.3
21397,-0.81,56.79,0.29
21398,-0.68,56.79,0.27
21399,-0.56,56.79,0.25
21400,-0.43,56.79,0.21
21401,-0.31,56.79,0.18
21402,-0.18,56.79,0.15
21403,-0.06,56.79,0.14
21404,0.06,56.79,0.13
21405,0.18,56.79,0.14
21406,0.31,56.79,0.13
21407,0.43,56.79,0.13
21408,0.56,56.79,0.13
21409,0.68,56.79,0.12
21410,0.81,56.79,0.12
21411,0.93,56.79,0.12
21412,1.06,56.79,0.13
21413,1.18,56.79,0.13
21414,1.31,56.79,0.13
21415,1.43,56.79,0.12
21416,1.56,56.79,0.11
21417,1.68,56.79,0.11
21418,1.81,56.79,0.1
21419,1.93,56.79,0.1
21420,2.06,56.79,0.1
21421,2.18,56.79,0.09
21422,2.31,56.79,0.09
21423,2.43,56.79,0.09
21424,2.56,56.79,0.09
21425,2.68,56.79,0.08
21426,2.81,56.79,0.08
21427,2.93,56.79,0.08
21428,3.06,56.79,0.08
21429,3.18,56.79,0.07
21430,3.31,56.79,0.07
21431,3.43,56.79,0.07
21432,3.56,56.79,0.07
21433,3.68,56.79,0.07
21434,3.81,56.79,0.07
21435,3.93,56.79,0.07
21436,4.06,56.79,0.06
21437,4.18,56.79,0.06
21438,4.31,56.79,0.05
21439,4.43,56.79,0.05
21440,4.56,56.79,0.04
21441,4.68,56.79,0.04
21442,4.81,56.79,0.03
21443,4.93,56.79,0.03
21444,5.06,56.79,0.03
21445,5.18,56.79,0.03
21446,5.31,56.79,0.03
21447,5.43,56.79,0.02
21448,5.56,56.79,0.02
21449,5.68,56.79,0.02
21450,5.81,56.79,0.02
21451,5.93,56.79,0.02
21452,6.06,56.79,0.02
21453,6.18,56.79,0.02
21454,6.31,56.79,0.02
21455,6.43,56.79,0.03
21456,6.56,56.79,0.03
21457,6.68,56.79,0.03
21458,6.81,56.79,0.03
21459,6.93,56.79,0.03
21460,7.06,56.79,0.03
21461,7.18,56.79,0.03
21462,7.31,56.79,0.03
21463,7.43,56.79,0.03
21464,7.56,56.79,0.03
21465,7.68,56.79,0.03
21466,7.81,56.79,0.04
21467,7.93,56.79,0.04
21468,8.06,56.79,0.04
21469,8.18,56.79,0.03
21470,8.31,56.79,1000000
21471,8.43,56.79,1000000
21472,8.56,56.79,1000000
21473,8.68,56.79,1000000
21474,8.81,56.79,1000000
21475,8.93,56.79,1000000
21476,9.06,56.79,1000000
21477,9.18,56.79,1000000
21478,9.31,56.79,1000000
21479,9.43,56.79,1000000
21480,9.56,56.79,1000000
21481,9.68,56.79,1000000
21482,9.81,56.79,1000000
21483,9.93,56.79,1000000
21484,10.06,56.79,1000000
21485,10.18,56.79,1000000
21486,10.31,56.79,0.01
21487,10.43,56.79,0.01
21488,10.56,56.79,0.01
21489,10.68,56.79,0.02
21490,10.81,56.79,0.02
21491,10.93,56.79,0.02
21492,11.06,56.79,0.02
21493,11.18,56.79,0.02
21494,11.31,56.79,0.03
21495,11.43,56.79,0.03
21496,11.56,56.79,0.03
21497,11.68,56.79,0.02
21498,11.81,56.79,0.02
21499,11.93,56.79,0.02
21500,12.06,56.79,0.02
21501,12.18,56.79,0.02
21502,12.31,56.79,0.02
21503,12.43,56.79,8.44E-03
21504,12.56,56.79,5.31E-03
21505,12.68,56.79,1000000
21506,12.81,56.79,1000000
21507,12.93,56.79,1000000
21508,-12.06,56.87,1000000
21509,-11.93,56.87,1000000
21510,-11.81,56.87,7.42E-03
21511,-11.68,56.87,0.01
21512,-11.56,56.87,0.01
21513,-11.43,56.87,0.01
21514,-11.31,56.87,0.01
21515,-11.18,56.87,0.01
21516,-11.06,56.87,0.01
21517,-10.93,56.87,9.24E-03
21518,-10.81,56.87,8.62E-03
21519,-10.68,56.87,8.18E-03
21520,-10.56,56.87,7.84E-03
21521,-10.43,56.87,7.63E-03
21522,-10.31,56.87,7.54E-03
21523,-10.18,56.87,7.49E-03
21524,-10.06,56.87,7.46E-03
21525,-9.93,56.87,7.56E-03
21526,-9.81,56.87,7.78E-03
21527,-9.68,56.87,7.95E-03
21528,-9.56,56.87,7.87E-03
21529,-9.43,56.87,7.22E-03
21530,-9.31,56.87,5.63E-03
21531,-9.18,56.87,4.99E-03
21532,-9.06,56.87,0.01
21533,-8.93,56.87,0.08
21534,-8.81,56.87,0.12
21535,-8.68,56.87,0.09
21536,-8.56,56.87,0.06
21537,-8.43,56.87,0.04
21538,-8.31,56.87,0.03
21539,-8.18,56.87,0.03
21540,-8.06,56.87,0.04
21541,-7.93,56.87,0.09
21542,-7.81,56.87,0.19
21543,-7.68,56.87,0.31
21544,-7.56,56.87,0.52
21545,-7.43,56.87,0.3
21546,-7.31,56.87,0.14
21547,-7.18,56.87,0.11
21548,-7.06,56.87,0.08
21549,-6.93,56.87,0.06
21550,-6.81,56.87,0.05
21551,-6.68,56.87,0.03
21552,-6.56,56.87,0.03
21553,-6.43,56.87,0.03
21554,-6.31,56.87,0.02
21555,-6.18,56.87,0.05
21556,-6.06,56.87,0.03
21557,-5.93,56.87,0.01
21558,-5.81,56.87,6.75E-03
21559,-5.68,56.87,1000000
21560,-5.56,56.87,1000000
21561,-5.43,56.87,1000000
21562,-5.31,56.87,1000000
21563,-5.18,56.87,1000000
21564,-5.06,56.87,1000000
21565,-4.93,56.87,1000000
21566,-4.81,56.87,1000000
21567,-4.68,56.87,1000000
21568,-4.56,56.87,1000000
21569,-4.43,56.87,1000000
21570,-4.31,56.87,1000000
21571,-4.18,56.87,1000000
21572,-4.06,56.87,1000000
21573,-3.93,56.87,1000000
21574,-3.81,56.87,1000000
21575,-3.68,56.87,1000000
21576,-3.56,56.87,1000000
21577,-3.43,56.87,1000000
21578,-3.31,56.87,1000000
21579,-3.18,56.87,1000000
21580,-3.06,56.87,1000000
21581,-2.93,56.87,1000000
21582,-2.81,56.87,1000000
21583,-2.68,56.87,1000000
21584,-2.56,56.87,1000000
21585,-2.43,56.87,1000000
21586,-2.31,56.87,1000000
21587,-2.18,56.87,0.34
21588,-2.06,56.87,0.43
21589,-1.93,56.87,0.46
21590,-1.81,56.87,0.48
21591,-1.68,56.87,0.46
21592,-1.56,56.87,0.45
21593,-1.43,56.87,0.43
21594,-1.31,56.87,0.39
21595,-1.18,56.87,0.35
21596,-1.06,56.87,0.34
21597,-0.93,56.87,0.33
21598,-0.81,56.87,0.31
21599,-0.68,56.87,0.3
21600,-0.56,56.87,0.27
21601,-0.43,56.87,0.25
21602,-0.31,56.87,0.22
21603,-0.18,56.87,0.2
21604,-0.06,56.87,0.18
21605,0.06,56.87,0.17
21606,0.18,56.87,0.18
21607,0.31,56.87,0.18
21608,0.43,56.87,0.18
21609,0.56,56.87,0.18
21610,0.68,56.87,0.18
21611,0.81,56.87,0.18
21612,0.93,56.87,0.18
21613,1.06,56.87,0.18
21614,1.18,56.87,0.17
21615,1.31,56.87,0.15
21616,1.43,56.87,0.13
21617,1.56,56.87,0.12
21618,1.68,56.87,0.11
21619,1.81,56.87,0.11
21620,1.93,56.87,0.1
21621,2.06,56.87,0.1
21622,2.18,56.87,0.1
21623,2.31,56.87,0.1
21624,2.43,56.87,0.09
21625,2.56,56.87,0.09
21626,2.68,56.87,0.09
21627,2.81,56.87,0.09
21628,2.93,56.87,0.08
21629,3.06,56.87,0.08
21630,3.18,56.87,0.08
21631,3.31,56.87,0.08
21632,3.43,56.87,0.08
21633,3.56,56.87,0.07
21634,3.68,56.87,0.07
21635,3.81,56.87,0.07
21636,3.93,56.87,0.06
21637,4.06,56.87,0.06
21638,4.18,56.87,0.05
21639,4.31,56.87,0.05
21640,4.43,56.87,0.05
21641,4.56,56.87,0.04
21642,4.68,56.87,0.04
21643,4.81,56.87,0.04
21644,4.93,56.87,0.03
21645,5.06,56.87,0.03
21646,5.18,56.87,0.03
21647,5.31,56.87,0.03
21648,5.43,56.87,0.03
21649,5.56,56.87,0.03
21650,5.68,56.87,0.03
21651,5.81,56.87,0.02
21652,5.93,56.87,0.02
21653,6.06,56.87,0.02
21654,6.18,56.87,0.02
21655,6.31,56.87,0.02
21656,6.43,56.87,0.02
21657,6.56,56.87,0.03
21658,6.68,56.87,0.03
21659,6.81,56.87,0.03
21660,6.93,56.87,0.03
21661,7.06,56.87,0.03
21662,7.18,56.87,0.03
21663,7.31,56.87,0.03
21664,7.43,56.87,0.03
21665,7.56,56.87,0.03
21666,7.68,56.87,0.03
21667,7.81,56.87,0.03
21668,7.93,56.87,0.03
21669,8.06,56.87,0.03
21670,8.18,56.87,0.04
21671,8.31,56.87,0.02
21672,8.43,56.87,1000000
21673,8.56,56.87,1000000
21674,8.68,56.87,1000000
21675,8.81,56.87,1000000
21676,8.93,56.87,1000000
21677,9.06,56.87,1000000
21678,9.18,56.87,1000000
21679,9.31,56.87,1000000
21680,9.43,56.87,1000000
21681,9.56,56.87,1000000
21682,9.68,56.87,1000000
21683,9.81,56.87,1000000
21684,9.93,56.87,1000000
21685,10.06,56.87,1000000
21686,10.18,56.87,1000000
21687,10.31,56.87,0.01
21688,10.43,56.87,0.02
21689,10.56,56.87,0.02
21690,10.68,56.87,0.03
21691,10.81,56.87,0.03
21692,10.93,56.87,0.03
21693,11.06,56.87,0.03
21694,11.18,56.87,0.03
21695,11.31,56.87,0.03
21696,11.43,56.87,0.03
21697,11.56,56.87,0.03
21698,11.68,56.87,0.03
21699,11.81,56.87,0.03
21700,11.93,56.87,0.02
21701,12.06,56.87,0.02
21702,12.18,56.87,0.03
21703,12.31,56.87,0.02
21704,12.43,56.87,1000000
21705,12.56,56.87,1000000
21706,12.68,56.87,1000000
21707,12.81,56.87,1000000
21708,12.93,56.87,1000000
21709,-12.06,56.95,1000000
21710,-11.93,56.95,1000000
21711,-11.81,56.95,8.88E-03
21712,-11.68,56.95,0.01
21713,-11.56,56.95,0.01
21714,-11.43,56.95,0.01
21715,-11.31,56.95,0.01
21716,-11.18,56.95,0.01
21717,-11.06,56.95,9.64E-03
21718,-10.93,56.95,8.73E-03
21719,-10.81,56.95,8.21E-03
21720,-10.68,56.95,7.96E-03
21721,-10.56,56.95,7.82E-03
21722,-10.43,56.95,7.74E-03
21723,-10.31,56.95,7.68E-03
21724,-10.18,56.95,7.66E-03
21725,-10.06,56.95,7.74E-03
21726,-9.93,56.95,7.91E-03
21727,-9.81,56.95,8.11E-03
21728,-9.68,56.95,8.31E-03
21729,-9.56,56.95,8.00E-03
21730,-9.43,56.95,6.91E-03
21731,-9.31,56.95,5.32E-03
21732,-9.18,56.95,6.73E-03
21733,-9.06,56.95,0.03
21734,-8.93,56.95,0.1
21735,-8.81,56.95,0.1
21736,-8.68,56.95,0.07
21737,-8.56,56.95,0.05
21738,-8.43,56.95,0.04
21739,-8.31,56.95,0.03
21740,-8.18,56.95,0.03
21741,-8.06,56.95,0.03
21742,-7.93,56.95,0.06
21743,-7.81,56.95,0.1
21744,-7.68,56.95,0.11
21745,-7.56,56.95,0.18
21746,-7.43,56.95,1000000
21747,-7.31,56.95,0.06
21748,-7.18,56.95,0.1
21749,-7.06,56.95,0.09
21750,-6.93,56.95,0.08
21751,-6.81,56.95,0.07
21752,-6.68,56.95,0.07
21753,-6.56,56.95,0.05
21754,-6.43,56.95,0.04
21755,-6.31,56.95,1000000
21756,-6.18,56.95,0.02
21757,-6.06,56.95,0.02
21758,-5.93,56.95,0.01
21759,-5.81,56.95,1000000
21760,-5.68,56.95,1000000
21761,-5.56,56.95,1000000
21762,-5.43,56.95,1000000
21763,-5.31,56.95,1000000
21764,-5.18,56.95,1000000
21765,-5.06,56.95,1000000
21766,-4.93,56.95,1000000
21767,-4.81,56.95,1000000
21768,-4.68,56.95,1000000
21769,-4.56,56.95,1000000
21770,-4.43,56.95,1000000
21771,-4.31,56.95,1000000
21772,-4.18,56.95,1000000
21773,-4.06,56.95,1000000
21774,-3.93,56.95,1000000
21775,-3.81,56.95,1000000
21776,-3.68,56.95,1000000
21777,-3.56,56.95,1000000
21778,-3.43,56.95,1000000
21779,-3.31,56.95,1000000
21780,-3.18,56.95,1000000
21781,-3.06,56.95,1000000
21782,-2.93,56.95,1000000
21783,-2.81,56.95,1000000
21784,-2.68,56.95,1000000
21785,-2.56,56.95,1000000
21786,-2.43,56.95,1000000
21787,-2.31,56.95,1000000
21788,-2.18,56.95,0.38
21789,-2.06,56.95,0.6
21790,-1.93,56.95,0.54
21791,-1.81,56.95,0.46
21792,-1.68,56.95,0.42
21793,-1.56,56.95,0.41
21794,-1.43,56.95,0.41
21795,-1.31,56.95,0.39
21796,-1.18,56.95,0.37
21797,-1.06,56.95,0.36
21798,-0.93,56.95,0.34
21799,-0.81,56.95,0.32
21800,-0.68,56.95,0.29
21801,-0.56,56.95,0.28
21802,-0.43,56.95,0.26
21803,-0.31,56.95,0.25
21804,-0.18,56.95,0.25
21805,-0.06,56.95,0.24
21806,0.06,56.95,0.24
21807,0.18,56.95,0.24
21808,0.31,56.95,0.25
21809,0.43,56.95,0.25
21810,0.56,56.95,0.24
21811,0.68,56.95,0.24
21812,0.81,56.95,0.23
21813,0.93,56.95,0.23
21814,1.06,56.95,0.21
21815,1.18,56.95,0.19
21816,1.31,56.95,0.16
21817,1.43,56.95,0.14
21818,1.56,56.95,0.13
21819,1.68,56.95,0.12
21820,1.81,56.95,0.11
21821,1.93,56.95,0.11
21822,2.06,56.95,0.11
21823,2.18,56.95,0.1
21824,2.31,56.95,0.1
21825,2.43,56.95,0.1
21826,2.56,56.95,0.1
21827,2.68,56.95,0.09
21828,2.81,56.95,0.09
21829,2.93,56.95,0.09
21830,3.06,56.95,0.08
21831,3.18,56.95,0.08
21832,3.31,56.95,0.08
21833,3.43,56.95,0.07
21834,3.56,56.95,0.07
21835,3.68,56.95,0.07
21836,3.81,56.95,0.07
21837,3.93,56.95,0.07
21838,4.06,56.95,0.06
21839,4.18,56.95,0.06
21840,4.31,56.95,0.05
21841,4.43,56.95,0.05
21842,4.56,56.95,0.04
21843,4.68,56.95,0.04
21844,4.81,56.95,0.04
21845,4.93,56.95,0.04
21846,5.06,56.95,0.04
21847,5.18,56.95,0.04
21848,5.31,56.95,0.04
21849,5.43,56.95,0.03
21850,5.56,56.95,0.03
21851,5.68,56.95,0.03
21852,5.81,56.95,0.03
21853,5.93,56.95,0.02
21854,6.06,56.95,0.02
21855,6.18,56.95,0.02
21856,6.31,56.95,0.02
21857,6.43,56.95,0.02
21858,6.56,56.95,0.02
21859,6.68,56.95,0.02
21860,6.81,56.95,0.02
21861,6.93,56.95,0.02
21862,7.06,56.95,0.03
21863,7.18,56.95,0.03
21864,7.31,56.95,0.03
21865,7.43,56.95,0.03
21866,7.56,56.95,0.03
21867,7.68,56.95,0.03
21868,7.81,56.95,0.03
21869,7.93,56.95,0.03
21870,8.06,56.95,0.03
21871,8.18,56.95,0.02
21872,8.31,56.95,0.02
21873,8.43,56.95,0.02
21874,8.56,56.95,1000000
21875,8.68,56.95,1000000
21876,8.81,56.95,1000000
21877,8.93,56.95,1000000
21878,9.06,56.95,1000000
21879,9.18,56.95,1000000
21880,9.31,56.95,1000000
21881,9.43,56.95,1000000
21882,9.56,56.95,1000000
21883,9.68,56.95,1000000
21884,9.81,56.95,1000000
21885,9.93,56.95,1000000
21886,10.06,56.95,1000000
21887,10.18,56.95,1000000
21888,10.31,56.95,0.02
21889,10.43,56.95,0.05
21890,10.56,56.95,0.05
21891,10.68,56.95,0.05
21892,10.81,56.95,0.04
21893,10.93,56.95,0.04
21894,11.06,56.95,0.04
21895,11.18,56.95,0.04
21896,11.31,56.95,0.05
21897,11.43,56.95,0.04
21898,11.56,56.95,0.04
21899,11.68,56.95,0.03
21900,11.81,56.95,0.03
21901,11.93,56.95,0.03
21902,12.06,56.95,0.03
21903,12.18,56.95,0.03
21904,12.31,56.95,0.03
21905,12.43,56.95,1000000
21906,12.56,56.95,1000000
21907,12.68,56.95,1000000
21908,12.81,56.95,1000000
21909,12.93,56.95,1000000
21910,-12.06,57.04,1000000
21911,-11.93,57.04,1000000
21912,-11.81,57.04,3.08E-03
21913,-11.68,57.04,8.96E-03
21914,-11.56,57.04,0.01
21915,-11.43,57.04,0.01
21916,-11.31,57.04,0.01
21917,-11.18,57.04,0.01
21918,-11.06,57.04,8.83E-03
21919,-10.93,57.04,8.03E-03
21920,-10.81,57.04,7.66E-03
21921,-10.68,57.04,7.66E-03
21922,-10.56,57.04,7.76E-03
21923,-10.43,57.04,7.85E-03
21924,-10.31,57.04,7.89E-03
21925,-10.18,57.04,7.99E-03
21926,-10.06,57.04,8.22E-03
21927,-9.93,57.04,8.50E-03
21928,-9.81,57.04,8.76E-03
21929,-9.68,57.04,8.96E-03
21930,-9.56,57.04,8.47E-03
21931,-9.43,57.04,7.00E-03
21932,-9.31,57.04,5.95E-03
21933,-9.18,57.04,0.01
21934,-9.06,57.04,0.05
21935,-8.93,57.04,0.09
21936,-8.81,57.04,0.08
21937,-8.68,57.04,0.06
21938,-8.56,57.04,0.05
21939,-8.43,57.04,0.03
21940,-8.31,57.04,0.03
21941,-8.18,57.04,0.02
21942,-8.06,57.04,0.03
21943,-7.93,57.04,0.04
21944,-7.81,57.04,0.05
21945,-7.68,57.04,0.07
21946,-7.56,57.04,0.1
21947,-7.43,57.04,0.54
21948,-7.31,57.04,0.3
21949,-7.18,57.04,0.09
21950,-7.06,57.04,0.1
21951,-6.93,57.04,0.09
21952,-6.81,57.04,0.08
21953,-6.68,57.04,0.08
21954,-6.56,57.04,0.07
21955,-6.43,57.04,0.04
21956,-6.31,57.04,0.01
21957,-6.18,57.04,0.01
21958,-6.06,57.04,0.01
21959,-5.93,57.04,0.01
21960,-5.81,57.04,5.72E-03
21961,-5.68,57.04,1000000
21962,-5.56,57.04,1000000
21963,-5.43,57.04,1000000
21964,-5.31,57.04,1000000
21965,-5.18,57.04,1000000
21966,-5.06,57.04,1000000
21967,-4.93,57.04,1000000
21968,-4.81,57.04,1000000
21969,-4.68,57.04,1000000
21970,-4.56,57.04,1000000
21971,-4.43,57.04,1000000
21972,-4.31,57.04,1000000
21973,-4.18,57.04,1000000
21974,-4.06,57.04,1000000
21975,-3.93,57.04,1000000
21976,-3.81,57.04,1000000
21977,-3.68,57.04,1000000
21978,-3.56,57.04,1000000
21979,-3.43,57.04,1000000
21980,-3.31,57.04,1000000
21981,-3.18,57.04,1000000
21982,-3.06,57.04,1000000
21983,-2.93,57.04,1000000
21984,-2.81,57.04,1000000
21985,-2.68,57.04,1000000
21986,-2.56,57.04,1000000
21987,-2.43,57.04,1000000
21988,-2.31,57.04,1000000
21989,-2.18,57.04,1000000
21990,-2.06,57.04,0.4
21991,-1.93,57.04,0.38
21992,-1.81,57.04,0.37
21993,-1.68,57.04,0.41
21994,-1.56,57.04,0.41
21995,-1.43,57.04,0.38
21996,-1.31,57.04,0.37
21997,-1.18,57.04,0.39
21998,-1.06,57.04,0.39
21999,-0.93,57.04,0.36
22000,-0.81,57.04,0.33
22001,-0.68,57.04,0.3
22002,-0.56,57.04,0.28
22003,-0.43,57.04,0.27
22004,-0.31,57.04,0.27
22005,-0.18,57.04,0.28
22006,-0.06,57.04,0.29
22007,0.06,57.04,0.3
22008,0.18,57.04,0.31
22009,0.31,57.04,0.31
22010,0.43,57.04,0.3
22011,0.56,57.04,0.28
22012,0.68,57.04,0.26
22013,0.81,57.04,0.25
22014,0.93,57.04,0.24
22015,1.06,57.04,0.22
22016,1.18,57.04,0.19
22017,1.31,57.04,0.17
22018,1.43,57.04,0.15
22019,1.56,57.04,0.13
22020,1.68,57.04,0.12
22021,1.81,57.04,0.11
22022,1.93,57.04,0.11
22023,2.06,57.04,0.11
22024,2.18,57.04,0.11
22025,2.31,57.04,0.1
22026,2.43,57.04,0.1
22027,2.56,57.04,0.1
22028,2.68,57.04,0.09
22029,2.81,57.04,0.09
22030,2.93,57.04,0.09
22031,3.06,57.04,0.09
22032,3.18,57.04,0.08
22033,3.31,57.04,0.08
22034,3.43,57.04,0.08
22035,3.56,57.04,0.08
22036,3.68,57.04,0.07
22037,3.81,57.04,0.07
22038,3.93,57.04,0.07
22039,4.06,57.04,0.07
22040,4.18,57.04,0.06
22041,4.31,57.04,0.06
22042,4.43,57.04,0.05
22043,4.56,57.04,0.05
22044,4.68,57.04,0.04
22045,4.81,57.04,0.04
22046,4.93,57.04,0.04
22047,5.06,57.04,0.04
22048,5.18,57.04,0.04
22049,5.31,57.04,0.04
22050,5.43,57.04,0.04
22051,5.56,57.04,0.03
22052,5.68,57.04,0.03
22053,5.81,57.04,0.03
22054,5.93,57.04,0.02
22055,6.06,57.04,0.02
22056,6.18,57.04,0.02
22057,6.31,57.04,0.02
22058,6.43,57.04,0.02
22059,6.56,57.04,0.02
22060,6.68,57.04,0.02
22061,6.81,57.04,0.02
22062,6.93,57.04,0.02
22063,7.06,57.04,0.02
22064,7.18,57.04,0.02
22065,7.31,57.04,0.02
22066,7.43,57.04,0.02
22067,7.56,57.04,0.02
22068,7.68,57.04,0.02
22069,7.81,57.04,0.02
22070,7.93,57.04,0.02
22071,8.06,57.04,0.02
22072,8.18,57.04,0.02
22073,8.31,57.04,0.02
22074,8.43,57.04,0.02
22075,8.56,57.04,1000000
22076,8.68,57.04,1000000
22077,8.81,57.04,1000000
22078,8.93,57.04,1000000
22079,9.06,57.04,1000000
22080,9.18,57.04,1000000
22081,9.31,57.04,1000000
22082,9.43,57.04,1000000
22083,9.56,57.04,1000000
22084,9.68,57.04,1000000
22085,9.81,57.04,1000000
22086,9.93,57.04,1000000
22087,10.06,57.04,1000000
22088,10.18,57.04,1000000
22089,10.31,57.04,1000000
22090,10.43,57.04,0.05
22091,10.56,57.04,0.07
22092,10.68,57.04,0.07
22093,10.81,57.04,0.05
22094,10.93,57.04,0.04
22095,11.06,57.04,0.05
22096,11.18,57.04,0.06
22097,11.31,57.04,0.06
22098,11.43,57.04,0.06
22099,11.56,57.04,0.05
22100,11.68,57.04,0.05
22101,11.81,57.04,0.04
22102,11.93,57.04,0.04
22103,12.06,57.04,0.04
22104,12.18,57.04,0.03
22105,12.31,57.04,1000000
22106,12.43,57.04,1000000
22107,12.56,57.04,1000000
22108,12.68,57.04,1000000
22109,12.81,57.04,1000000
22110,12.93,57.04,1000000
22111,-12.06,57.12,1000000
22112,-11.93,57.12,1000000
22113,-11.81,57.12,9.09E-03
22114,-11.68,57.12,0.01
22115,-11.56,57.12,0.01
22116,-11.43,57.12,0.01
22117,-11.31,57.12,0.01
22118,-11.18,57.12,0.01
22119,-11.06,57.12,8.77E-03
22120,-10.93,57.12,7.50E-03
22121,-10.81,57.12,7.23E-03
22122,-10.68,57.12,7.61E-03
22123,-10.56,57.12,7.94E-03
22124,-10.43,57.12,8.18E-03
22125,-10.31,57.12,8.40E-03
22126,-10.18,57.12,8.63E-03
22127,-10.06,57.12,8.92E-03
22128,-9.93,57.12,9.35E-03
22129,-9.81,57.12,9.71E-03
22130,-9.68,57.12,9.84E-03
22131,-9.56,57.12,9.50E-03
22132,-9.43,57.12,8.49E-03
22133,-9.31,57.12,8.72E-03
22134,-9.18,57.12,0.03
22135,-9.06,57.12,0.07
22136,-8.93,57.12,0.08
22137,-8.81,57.12,0.07
22138,-8.68,57.12,0.05
22139,-8.56,57.12,0.04
22140,-8.43,57.12,0.03
22141,-8.31,57.12,0.02
22142,-8.18,57.12,0.02
22143,-8.06,57.12,0.02
22144,-7.93,57.12,0.03
22145,-7.81,57.12,0.03
22146,-7.68,57.12,0.02
22147,-7.56,57.12,0.03
22148,-7.43,57.12,0.06
22149,-7.31,57.12,1000000
22150,-7.18,57.12,0.09
22151,-7.06,57.12,0.1
22152,-6.93,57.12,0.09
22153,-6.81,57.12,0.06
22154,-6.68,57.12,0.04
22155,-6.56,57.12,0.06
22156,-6.43,57.12,0.11
22157,-6.31,57.12,0.06
22158,-6.18,57.12,0.01
22159,-6.06,57.12,7.13E-03
22160,-5.93,57.12,1000000
22161,-5.81,57.12,1000000
22162,-5.68,57.12,1000000
22163,-5.56,57.12,1000000
22164,-5.43,57.12,1000000
22165,-5.31,57.12,1000000
22166,-5.18,57.12,1000000
22167,-5.06,57.12,1000000
22168,-4.93,57.12,1000000
22169,-4.81,57.12,1000000
22170,-4.68,57.12,1000000
22171,-4.56,57.12,1000000
22172,-4.43,57.12,1000000
22173,-4.31,57.12,1000000
22174,-4.18,57.12,1000000
22175,-4.06,57.12,1000000
22176,-3.93,57.12,1000000
22177,-3.81,57.12,1000000
22178,-3.68,57.12,1000000
22179,-3.56,57.12,1000000
22180,-3.43,57.12,1000000
22181,-3.31,57.12,1000000
22182,-3.18,57.12,1000000
22183,-3.06,57.12,1000000
22184,-2.93,57.12,1000000
22185,-2.81,57.12,1000000
22186,-2.68,57.12,1000000
22187,-2.56,57.12,1000000
22188,-2.43,57.12,1000000
22189,-2.31,57.12,1000000
22190,-2.18,57.12,1000000
22191,-2.06,57.12,0.28
22192,-1.93,57.12,0.39
22193,-1.81,57.12,0.51
22194,-1.68,57.12,0.56
22195,-1.56,57.12,0.51
22196,-1.43,57.12,0.47
22197,-1.31,57.12,0.48
22198,-1.18,57.12,0.49
22199,-1.06,57.12,0.45
22200,-0.93,57.12,0.41
22201,-0.81,57.12,0.38
22202,-0.68,57.12,0.35
22203,-0.56,57.12,0.32
22204,-0.43,57.12,0.3
22205,-0.31,57.12,0.29
22206,-0.18,57.12,0.29
22207,-0.06,57.12,0.31
22208,0.06,57.12,0.32
22209,0.18,57.12,0.33
22210,0.31,57.12,0.32
22211,0.43,57.12,0.3
22212,0.56,57.12,0.28
22213,0.68,57.12,0.26
22214,0.81,57.12,0.25
22215,0.93,57.12,0.23
22216,1.06,57.12,0.21
22217,1.18,57.12,0.19
22218,1.31,57.12,0.17
22219,1.43,57.12,0.15
22220,1.56,57.12,0.14
22221,1.68,57.12,0.12
22222,1.81,57.12,0.12
22223,1.93,57.12,0.11
22224,2.06,57.12,0.11
22225,2.18,57.12,0.11
22226,2.31,57.12,0.11
22227,2.43,57.12,0.1
22228,2.56,57.12,0.1
22229,2.68,57.12,0.09
22230,2.81,57.12,0.09
22231,2.93,57.12,0.09
22232,3.06,57.12,0.09
22233,3.18,57.12,0.09
22234,3.31,57.12,0.09
22235,3.43,57.12,0.09
22236,3.56,57.12,0.08
22237,3.68,57.12,0.08
22238,3.81,57.12,0.08
22239,3.93,57.12,0.07
22240,4.06,57.12,0.07
22241,4.18,57.12,0.07
22242,4.31,57.12,0.06
22243,4.43,57.12,0.06
22244,4.56,57.12,0.06
22245,4.68,57.12,0.05
22246,4.81,57.12,0.05
22247,4.93,57.12,0.05
22248,5.06,57.12,0.05
22249,5.18,57.12,0.04
22250,5.31,57.12,0.04
22251,5.43,57.12,0.04
22252,5.56,57.12,0.03
22253,5.68,57.12,0.03
22254,5.81,57.12,0.03
22255,5.93,57.12,0.02
22256,6.06,57.12,0.02
22257,6.18,57.12,0.02
22258,6.31,57.12,0.02
22259,6.43,57.12,0.02
22260,6.56,57.12,0.02
22261,6.68,57.12,0.02
22262,6.81,57.12,0.02
22263,6.93,57.12,0.02
22264,7.06,57.12,0.02
22265,7.18,57.12,0.02
22266,7.31,57.12,0.02
22267,7.43,57.12,0.02
22268,7.56,57.12,0.02
22269,7.68,57.12,0.02
22270,7.81,57.12,0.02
22271,7.93,57.12,0.02
22272,8.06,57.12,0.02
22273,8.18,57.12,0.02
22274,8.31,57.12,0.01
22275,8.43,57.12,0.01
22276,8.56,57.12,7.38E-03
22277,8.68,57.12,3.22E-03
22278,8.81,57.12,2.30E-03
22279,8.93,57.12,2.60E-03
22280,9.06,57.12,2.72E-03
22281,9.18,57.12,1.79E-03
22282,9.31,57.12,1.03E-03
22283,9.43,57.12,1000000
22284,9.56,57.12,1000000
22285,9.68,57.12,1000000
22286,9.81,57.12,1000000
22287,9.93,57.12,1000000
22288,10.06,57.12,1000000
22289,10.18,57.12,1000000
22290,10.31,57.12,1000000
22291,10.43,57.12,0.06
22292,10.56,57.12,0.09
22293,10.68,57.12,0.08
22294,10.81,57.12,0.07
22295,10.93,57.12,0.04
22296,11.06,57.12,0.04
22297,11.18,57.12,0.05
22298,11.31,57.12,0.05
22299,11.43,57.12,0.05
22300,11.56,57.12,0.05
22301,11.68,57.12,0.05
22302,11.81,57.12,0.05
22303,11.93,57.12,0.04
22304,12.06,57.12,0.05
22305,12.18,57.12,0.04
22306,12.31,57.12,1000000
22307,12.43,57.12,1000000
22308,12.56,57.12,1000000
22309,12.68,57.12,1000000
22310,12.81,57.12,1000000
22311,12.93,57.12,1000000
22312,-12.06,57.2,1000000
22313,-11.93,57.2,1000000
22314,-11.81,57.2,0.01
22315,-11.68,57.2,0.01
22316,-11.56,57.2,0.02
22317,-11.43,57.2,0.02
22318,-11.31,57.2,0.02
22319,-11.18,57.2,0.01
22320,-11.06,57.2,0.01
22321,-10.93,57.2,9.18E-03
22322,-10.81,57.2,8.27E-03
22323,-10.68,57.2,8.44E-03
22324,-10.56,57.2,8.65E-03
22325,-10.43,57.2,8.91E-03
22326,-10.31,57.2,9.17E-03
22327,-10.18,57.2,9.47E-03
22328,-10.06,57.2,9.80E-03
22329,-9.93,57.2,0.01
22330,-9.81,57.2,0.01
22331,-9.68,57.2,0.01
22332,-9.56,57.2,0.01
22333,-9.43,57.2,0.01
22334,-9.31,57.2,0.01
22335,-9.18,57.2,0.04
22336,-9.06,57.2,0.06
22337,-8.93,57.2,0.06
22338,-8.81,57.2,0.06
22339,-8.68,57.2,0.04
22340,-8.56,57.2,0.03
22341,-8.43,57.2,0.02
22342,-8.31,57.2,0.02
22343,-8.18,57.2,0.02
22344,-8.06,57.2,0.02
22345,-7.93,57.2,0.02
22346,-7.81,57.2,0.02
22347,-7.68,57.2,0.01
22348,-7.56,57.2,0.01
22349,-7.43,57.2,0.02
22350,-7.31,57.2,1000000
22351,-7.18,57.2,0.13
22352,-7.06,57.2,0.14
22353,-6.93,57.2,0.13
22354,-6.81,57.2,0.1
22355,-6.68,57.2,0.06
22356,-6.56,57.2,0.03
22357,-6.43,57.2,0.04
22358,-6.31,57.2,1000000
22359,-6.18,57.2,1000000
22360,-6.06,57.2,1000000
22361,-5.93,57.2,1000000
22362,-5.81,57.2,1000000
22363,-5.68,57.2,1000000
22364,-5.56,57.2,1000000
22365,-5.43,57.2,1000000
22366,-5.31,57.2,1000000
22367,-5.18,57.2,1000000
22368,-5.06,57.2,1000000
22369,-4.93,57.2,1000000
22370,-4.81,57.2,1000000
22371,-4.68,57.2,1000000
22372,-4.56,57.2,1000000
22373,-4.43,57.2,1000000
22374,-4.31,57.2,1000000
22375,-4.18,57.2,1000000
22376,-4.06,57.2,1000000
22377,-3.93,57.2,1000000
22378,-3.81,57.2,1000000
22379,-3.68,57.2,1000000
22380,-3.56,57.2,1000000
22381,-3.43,57.2,1000000
22382,-3.31,57.2,1000000
22383,-3.18,57.2,1000000
22384,-3.06,57.2,1000000
22385,-2.93,57.2,1000000
22386,-2.81,57.2,1000000
22387,-2.68,57.2,1000000
22388,-2.56,57.2,1000000
22389,-2.43,57.2,1000000
22390,-2.31,57.2,1000000
22391,-2.18,57.2,1000000
22392,-2.06,57.2,0.37
22393,-1.93,57.2,0.58
22394,-1.81,57.2,0.73
22395,-1.68,57.2,0.7
22396,-1.56,57.2,0.65
22397,-1.43,57.2,0.64
22398,-1.31,57.2,0.63
22399,-1.18,57.2,0.57
22400,-1.06,57.2,0.51
22401,-0.93,57.2,0.46
22402,-0.81,57.2,0.43
22403,-0.68,57.2,0.4
22404,-0.56,57.2,0.38
22405,-0.43,57.2,0.36
22406,-0.31,57.2,0.34
22407,-0.18,57.2,0.33
22408,-0.06,57.2,0.32
22409,0.06,57.2,0.32
22410,0.18,57.2,0.31
22411,0.31,57.2,0.3
22412,0.43,57.2,0.28
22413,0.56,57.2,0.26
22414,0.68,57.2,0.24
22415,0.81,57.2,0.23
22416,0.93,57.2,0.22
22417,1.06,57.2,0.2
22418,1.18,57.2,0.19
22419,1.31,57.2,0.17
22420,1.43,57.2,0.16
22421,1.56,57.2,0.15
22422,1.68,57.2,0.14
22423,1.81,57.2,0.14
22424,1.93,57.2,0.14
22425,2.06,57.2,0.13
22426,2.18,57.2,0.12
22427,2.31,57.2,0.11
22428,2.43,57.2,0.1
22429,2.56,57.2,0.1
22430,2.68,57.2,0.09
22431,2.81,57.2,0.09
22432,2.93,57.2,0.09
22433,3.06,57.2,0.09
22434,3.18,57.2,0.09
22435,3.31,57.2,0.09
22436,3.43,57.2,0.09
22437,3.56,57.2,0.09
22438,3.68,57.2,0.08
22439,3.81,57.2,0.08
22440,3.93,57.2,0.07
22441,4.06,57.2,0.07
22442,4.18,57.2,0.07
22443,4.31,57.2,0.07
22444,4.43,57.2,0.06
22445,4.56,57.2,0.06
22446,4.68,57.2,0.06
22447,4.81,57.2,0.06
22448,4.93,57.2,0.05
22449,5.06,57.2,0.05
22450,5.18,57.2,0.04
22451,5.31,57.2,0.04
22452,5.43,57.2,0.03
22453,5.56,57.2,0.03
22454,5.68,57.2,0.03
22455,5.81,57.2,0.02
22456,5.93,57.2,0.02
22457,6.06,57.2,0.02
22458,6.18,57.2,0.02
22459,6.31,57.2,0.02
22460,6.43,57.2,0.02
22461,6.56,57.2,0.02
22462,6.68,57.2,0.01
22463,6.81,57.2,0.01
22464,6.93,57.2,0.01
22465,7.06,57.2,0.01
22466,7.18,57.2,0.01
22467,7.31,57.2,0.01
22468,7.43,57.2,0.01
22469,7.56,57.2,0.01
22470,7.68,57.2,0.01
22471,7.81,57.2,0.01
22472,7.93,57.2,0.01
22473,8.06,57.2,0.01
22474,8.18,57.2,0.01
22475,8.31,57.2,0.01
22476,8.43,57.2,9.70E-03
22477,8.56,57.2,4.97E-03
22478,8.68,57.2,2.87E-03
22479,8.81,57.2,1.99E-03
22480,8.93,57.2,2.11E-03
22481,9.06,57.2,2.52E-03
22482,9.18,57.2,2.33E-03
22483,9.31,57.2,1.60E-03
22484,9.43,57.2,9.74E-04
22485,9.56,57.2,5.30E-04
22486,9.68,57.2,1000000
22487,9.81,57.2,1000000
22488,9.93,57.2,1000000
22489,10.06,57.2,1000000
22490,10.18,57.2,1000000
22491,10.31,57.2,1000000
22492,10.43,57.2,1000000
22493,10.56,57.2,0.08
22494,10.68,57.2,0.08
22495,10.81,57.2,0.11
22496,10.93,57.2,0.03
22497,11.06,57.2,0.03
22498,11.18,57.2,0.06
22499,11.31,57.2,0.03
22500,11.43,57.2,0.02
22501,11.56,57.2,0.03
22502,11.68,57.2,0.03
22503,11.81,57.2,0.03
22504,11.93,57.2,0.02
22505,12.06,57.2,0.02
22506,12.18,57.2,1000000
22507,12.31,57.2,1000000
22508,12.43,57.2,1000000
22509,12.56,57.2,1000000
22510,12.68,57.2,1000000
22511,12.81,57.2,1000000
22512,12.93,57.2,1000000
22513,-12.06,57.29,1000000
22514,-11.93,57.29,1000000
22515,-11.81,57.29,0.01
22516,-11.68,57.29,0.01
22517,-11.56,57.29,0.02
22518,-11.43,57.29,0.02
22519,-11.31,57.29,0.03
22520,-11.18,57.29,0.02
22521,-11.06,57.29,0.02
22522,-10.93,57.29,0.01
22523,-10.81,57.29,0.01
22524,-10.68,57.29,0.01
22525,-10.56,57.29,9.97E-03
22526,-10.43,57.29,9.97E-03
22527,-10.31,57.29,0.01
22528,-10.18,57.29,0.01
22529,-10.06,57.29,0.01
22530,-9.93,57.29,0.01
22531,-9.81,57.29,0.01
22532,-9.68,57.29,0.01
22533,-9.56,57.29,0.01
22534,-9.43,57.29,0.01
22535,-9.31,57.29,0.02
22536,-9.18,57.29,0.04
22537,-9.06,57.29,0.05
22538,-8.93,57.29,0.05
22539,-8.81,57.29,0.04
22540,-8.68,57.29,0.03
22541,-8.56,57.29,0.02
22542,-8.43,57.29,0.02
22543,-8.31,57.29,0.02
22544,-8.18,57.29,0.02
22545,-8.06,57.29,0.02
22546,-7.93,57.29,0.02
22547,-7.81,57.29,0.01
22548,-7.68,57.29,0.02
22549,-7.56,57.29,0.01
22550,-7.43,57.29,0.01
22551,-7.31,57.29,1000000
22552,-7.18,57.29,0.18
22553,-7.06,57.29,0.19
22554,-6.93,57.29,0.22
22555,-6.81,57.29,0.23
22556,-6.68,57.29,0.14
22557,-6.56,57.29,0.05
22558,-6.43,57.29,0.02
22559,-6.31,57.29,1000000
22560,-6.18,57.29,1000000
22561,-6.06,57.29,1000000
22562,-5.93,57.29,0.28
22563,-5.81,57.29,0.26
22564,-5.68,57.29,1000000
22565,-5.56,57.29,1000000
22566,-5.43,57.29,1000000
22567,-5.31,57.29,1000000
22568,-5.18,57.29,1000000
22569,-5.06,57.29,1000000
22570,-4.93,57.29,1000000
22571,-4.81,57.29,1000000
22572,-4.68,57.29,1000000
22573,-4.56,57.29,1000000
22574,-4.43,57.29,1000000
22575,-4.31,57.29,1000000
22576,-4.18,57.29,1000000
22577,-4.06,57.29,1000000
22578,-3.93,57.29,1000000
22579,-3.81,57.29,1000000
22580,-3.68,57.29,1000000
22581,-3.56,57.29,1000000
22582,-3.43,57.29,1000000
22583,-3.31,57.29,1000000
22584,-3.18,57.29,1000000
22585,-3.06,57.29,1000000
22586,-2.93,57.29,1000000
22587,-2.81,57.29,1000000
22588,-2.68,57.29,1000000
22589,-2.56,57.29,1000000
22590,-2.43,57.29,1000000
22591,-2.31,57.29,1000000
22592,-2.18,57.29,1000000
22593,-2.06,57.29,1000000
22594,-1.93,57.29,0.73
22595,-1.81,57.29,0.77
22596,-1.68,57.29,0.87
22597,-1.56,57.29,0.79
22598,-1.43,57.29,0.78
22599,-1.31,57.29,0.73
22600,-1.18,57.29,0.66
22601,-1.06,57.29,0.57
22602,-0.93,57.29,0.51
22603,-0.81,57.29,0.47
22604,-0.68,57.29,0.44
22605,-0.56,57.29,0.43
22606,-0.43,57.29,0.41
22607,-0.31,57.29,0.39
22608,-0.18,57.29,0.36
22609,-0.06,57.29,0.33
22610,0.06,57.29,0.31
22611,0.18,57.29,0.29
22612,0.31,57.29,0.27
22613,0.43,57.29,0.26
22614,0.56,57.29,0.25
22615,0.68,57.29,0.23
22616,0.81,57.29,0.22
22617,0.93,57.29,0.21
22618,1.06,57.29,0.2
22619,1.18,57.29,0.19
22620,1.31,57.29,0.17
22621,1.43,57.29,0.16
22622,1.56,57.29,0.16
22623,1.68,57.29,0.17
22624,1.81,57.29,0.18
22625,1.93,57.29,0.18
22626,2.06,57.29,0.15
22627,2.18,57.29,0.13
22628,2.31,57.29,0.11
22629,2.43,57.29,0.11
22630,2.56,57.29,0.1
22631,2.68,57.29,0.1
22632,2.81,57.29,0.1
22633,2.93,57.29,0.1
22634,3.06,57.29,0.1
22635,3.18,57.29,0.1
22636,3.31,57.29,0.09
22637,3.43,57.29,0.09
22638,3.56,57.29,0.09
22639,3.68,57.29,0.08
22640,3.81,57.29,0.08
22641,3.93,57.29,0.07
22642,4.06,57.29,0.07
22643,4.18,57.29,0.06
22644,4.31,57.29,0.06
22645,4.43,57.29,0.06
22646,4.56,57.29,0.06
22647,4.68,57.29,0.06
22648,4.81,57.29,0.06
22649,4.93,57.29,0.05
22650,5.06,57.29,0.04
22651,5.18,57.29,0.04
22652,5.31,57.29,0.03
22653,5.43,57.29,0.03
22654,5.56,57.29,0.03
22655,5.68,57.29,0.02
22656,5.81,57.29,0.02
22657,5.93,57.29,0.02
22658,6.06,57.29,0.01
22659,6.18,57.29,0.01
22660,6.31,57.29,0.01
22661,6.43,57.29,0.01
22662,6.56,57.29,0.01
22663,6.68,57.29,0.01
22664,6.81,57.29,0.01
22665,6.93,57.29,0.01
22666,7.06,57.29,0.01
22667,7.18,57.29,0.01
22668,7.31,57.29,0.01
22669,7.43,57.29,0.01
22670,7.56,57.29,0.01
22671,7.68,57.29,0.01
22672,7.81,57.29,0.01
22673,7.93,57.29,9.59E-03
22674,8.06,57.29,8.45E-03
22675,8.18,57.29,7.43E-03
22676,8.31,57.29,6.64E-03
22677,8.43,57.29,5.84E-03
22678,8.56,57.29,4.67E-03
22679,8.68,57.29,3.79E-03
22680,8.81,57.29,3.40E-03
22681,8.93,57.29,3.47E-03
22682,9.06,57.29,3.71E-03
22683,9.18,57.29,3.49E-03
22684,9.31,57.29,2.84E-03
22685,9.43,57.29,1.78E-03
22686,9.56,57.29,7.44E-04
22687,9.68,57.29,5.82E-04
22688,9.81,57.29,1000000
22689,9.93,57.29,1000000
22690,10.06,57.29,1000000
22691,10.18,57.29,1000000
22692,10.31,57.29,1000000
22693,10.43,57.29,1000000
22694,10.56,57.29,0.07
22695,10.68,57.29,0.09
22696,10.81,57.29,0.1
22697,10.93,57.29,1000000
22698,11.06,57.29,1000000
22699,11.18,57.29,0.04
22700,11.31,57.29,0.03
22701,11.43,57.29,0.02
22702,11.56,57.29,0.02
22703,11.68,57.29,0.03
22704,11.81,57.29,0.04
22705,11.93,57.29,0.02
22706,12.06,57.29,8.21E-03
22707,12.18,57.29,1000000
22708,12.31,57.29,1000000
22709,12.43,57.29,1000000
22710,12.56,57.29,1000000
22711,12.68,57.29,1000000
22712,12.81,57.29,1000000
22713,12.93,57.29,1000000
22714,-12.06,57.37,1000000
22715,-11.93,57.37,1000000
22716,-11.81,57.37,5.99E-03
22717,-11.68,57.37,0.01
22718,-11.56,57.37,0.02
22719,-11.43,57.37,0.02
22720,-11.31,57.37,0.03
22721,-11.18,57.37,0.03
22722,-11.06,57.37,0.03
22723,-10.93,57.37,0.02
22724,-10.81,57.37,0.02
22725,-10.68,57.37,0.01
22726,-10.56,57.37,0.01
22727,-10.43,57.37,0.01
22728,-10.31,57.37,0.01
22729,-10.18,57.37,0.01
22730,-10.06,57.37,0.01
22731,-9.93,57.37,0.01
22732,-9.81,57.37,0.01
22733,-9.68,57.37,0.01
22734,-9.56,57.37,0.01
22735,-9.43,57.37,0.01
22736,-9.31,57.37,0.03
22737,-9.18,57.37,0.05
22738,-9.06,57.37,0.05
22739,-8.93,57.37,0.04
22740,-8.81,57.37,0.04
22741,-8.68,57.37,0.03
22742,-8.56,57.37,0.02
22743,-8.43,57.37,0.02
22744,-8.31,57.37,0.02
22745,-8.18,57.37,0.02
22746,-8.06,57.37,0.02
22747,-7.93,57.37,0.02
22748,-7.81,57.37,0.01
22749,-7.68,57.37,0.02
22750,-7.56,57.37,0.02
22751,-7.43,57.37,0.02
22752,-7.31,57.37,1000000
22753,-7.18,57.37,0.15
22754,-7.06,57.37,0.19
22755,-6.93,57.37,0.27
22756,-6.81,57.37,0.49
22757,-6.68,57.37,0.27
22758,-6.56,57.37,1000000
22759,-6.43,57.37,1000000
22760,-6.31,57.37,1000000
22761,-6.18,57.37,1000000
22762,-6.06,57.37,0.01
22763,-5.93,57.37,0.01
22764,-5.81,57.37,1000000
22765,-5.68,57.37,1000000
22766,-5.56,57.37,1000000
22767,-5.43,57.37,1000000
22768,-5.31,57.37,1000000
22769,-5.18,57.37,1000000
22770,-5.06,57.37,1000000
22771,-4.93,57.37,1000000
22772,-4.81,57.37,1000000
22773,-4.68,57.37,1000000
22774,-4.56,57.37,1000000
22775,-4.43,57.37,1000000
22776,-4.31,57.37,1000000
22777,-4.18,57.37,1000000
22778,-4.06,57.37,1000000
22779,-3.93,57.37,1000000
22780,-3.81,57.37,1000000
22781,-3.68,57.37,1000000
22782,-3.56,57.37,1000000
22783,-3.43,57.37,1000000
22784,-3.31,57.37,1000000
22785,-3.18,57.37,1000000
22786,-3.06,57.37,1000000
22787,-2.93,57.37,1000000
22788,-2.81,57.37,1000000
22789,-2.68,57.37,1000000
22790,-2.56,57.37,1000000
22791,-2.43,57.37,1000000
22792,-2.31,57.37,1000000
22793,-2.18,57.37,1000000
22794,-2.06,57.37,1000000
22795,-1.93,57.37,1000000
22796,-1.81,57.37,0.86
22797,-1.68,57.37,1.38
22798,-1.56,57.37,1.11
22799,-1.43,57.37,0.93
22800,-1.31,57.37,0.79
22801,-1.18,57.37,0.7
22802,-1.06,57.37,0.65
22803,-0.93,57.37,0.62
22804,-0.81,57.37,0.56
22805,-0.68,57.37,0.52
22806,-0.56,57.37,0.48
22807,-0.43,57.37,0.45
22808,-0.31,57.37,0.41
22809,-0.18,57.37,0.37
22810,-0.06,57.37,0.33
22811,0.06,57.37,0.31
22812,0.18,57.37,0.29
22813,0.31,57.37,0.27
22814,0.43,57.37,0.25
22815,0.56,57.37,0.24
22816,0.68,57.37,0.23
22817,0.81,57.37,0.22
22818,0.93,57.37,0.21
22819,1.06,57.37,0.2
22820,1.18,57.37,0.19
22821,1.31,57.37,0.18
22822,1.43,57.37,0.17
22823,1.56,57.37,0.17
22824,1.68,57.37,0.17
22825,1.81,57.37,0.18
22826,1.93,57.37,0.17
22827,2.06,57.37,0.14
22828,2.18,57.37,0.12
22829,2.31,57.37,0.11
22830,2.43,57.37,0.11
22831,2.56,57.37,0.11
22832,2.68,57.37,0.11
22833,2.81,57.37,0.11
22834,2.93,57.37,0.11
22835,3.06,57.37,0.11
22836,3.18,57.37,0.1
22837,3.31,57.37,0.1
22838,3.43,57.37,0.09
22839,3.56,57.37,0.09
22840,3.68,57.37,0.08
22841,3.81,57.37,0.08
22842,3.93,57.37,0.07
22843,4.06,57.37,0.07
22844,4.18,57.37,0.06
22845,4.31,57.37,0.06
22846,4.43,57.37,0.05
22847,4.56,57.37,0.05
22848,4.68,57.37,0.05
22849,4.81,57.37,0.05
22850,4.93,57.37,0.04
22851,5.06,57.37,0.04
22852,5.18,57.37,0.03
22853,5.31,57.37,0.03
22854,5.43,57.37,0.02
22855,5.56,57.37,0.02
22856,5.68,57.37,0.02
22857,5.81,57.37,0.02
22858,5.93,57.37,0.01
22859,6.06,57.37,0.01
22860,6.18,57.37,0.01
22861,6.31,57.37,0.01
22862,6.43,57.37,9.49E-03
22863,6.56,57.37,8.81E-03
22864,6.68,57.37,8.36E-03
22865,6.81,57.37,7.95E-03
22866,6.93,57.37,7.59E-03
22867,7.06,57.37,6.89E-03
22868,7.18,57.37,6.06E-03
22869,7.31,57.37,5.34E-03
22870,7.43,57.37,5.03E-03
22871,7.56,57.37,5.12E-03
22872,7.68,57.37,5.22E-03
22873,7.81,57.37,5.13E-03
22874,7.93,57.37,4.69E-03
22875,8.06,57.37,4.14E-03
22876,8.18,57.37,3.62E-03
22877,8.31,57.37,3.09E-03
22878,8.43,57.37,2.83E-03
22879,8.56,57.37,2.77E-03
22880,8.68,57.37,2.90E-03
22881,8.81,57.37,3.22E-03
22882,8.93,57.37,3.87E-03
22883,9.06,57.37,4.93E-03
22884,9.18,57.37,5.82E-03
22885,9.31,57.37,4.67E-03
22886,9.43,57.37,3.28E-03
22887,9.56,57.37,1.68E-03
22888,9.68,57.37,9.51E-04
22889,9.81,57.37,1000000
22890,9.93,57.37,1000000
22891,10.06,57.37,1000000
22892,10.18,57.37,1000000
22893,10.31,57.37,1000000
22894,10.43,57.37,1000000
22895,10.56,57.37,0.04
22896,10.68,57.37,0.04
22897,10.81,57.37,0.02
22898,10.93,57.37,0.01
22899,11.06,57.37,0.04
22900,11.18,57.37,0.08
22901,11.31,57.37,0.05
22902,11.43,57.37,0.03
22903,11.56,57.37,0.03
22904,11.68,57.37,0.03
22905,11.81,57.37,0.04
22906,11.93,57.37,1000000
22907,12.06,57.37,7.01E-05
22908,12.18,57.37,1000000
22909,12.31,57.37,1000000
22910,12.43,57.37,1000000
22911,12.56,57.37,1000000
22912,12.68,57.37,1000000
22913,12.81,57.37,1000000
22914,12.93,57.37,1000000
22915,-12.06,57.45,1000000
22916,-11.93,57.45,1000000
22917,-11.81,57.45,0.01
22918,-11.68,57.45,0.01
22919,-11.56,57.45,0.01
22920,-11.43,57.45,0.02
22921,-11.31,57.45,0.03
22922,-11.18,57.45,0.03
22923,-11.06,57.45,0.03
22924,-10.93,57.45,0.03
22925,-10.81,57.45,0.02
22926,-10.68,57.45,0.01
22927,-10.56,57.45,0.01
22928,-10.43,57.45,0.01
22929,-10.31,57.45,0.01
22930,-10.18,57.45,0.01
22931,-10.06,57.45,0.01
22932,-9.93,57.45,0.01
22933,-9.81,57.45,0.01
22934,-9.68,57.45,0.01
22935,-9.56,57.45,0.01
22936,-9.43,57.45,0.02
22937,-9.31,57.45,0.03
22938,-9.18,57.45,0.04
22939,-9.06,57.45,0.04
22940,-8.93,57.45,0.04
22941,-8.81,57.45,0.03
22942,-8.68,57.45,0.03
22943,-8.56,57.45,0.02
22944,-8.43,57.45,0.02
22945,-8.31,57.45,0.02
22946,-8.18,57.45,0.02
22947,-8.06,57.45,0.02
22948,-7.93,57.45,0.02
22949,-7.81,57.45,0.03
22950,-7.68,57.45,0.03
22951,-7.56,57.45,0.03
22952,-7.43,57.45,0.03
22953,-7.31,57.45,1000000
22954,-7.18,57.45,0.11
22955,-7.06,57.45,0.18
22956,-6.93,57.45,0.27
22957,-6.81,57.45,0.45
22958,-6.68,57.45,1000000
22959,-6.56,57.45,1000000
22960,-6.43,57.45,1000000
22961,-6.31,57.45,1000000
22962,-6.18,57.45,1000000
22963,-6.06,57.45,9.16E-03
22964,-5.93,57.45,6.16E-03
22965,-5.81,57.45,1000000
22966,-5.68,57.45,1000000
22967,-5.56,57.45,1000000
22968,-5.43,57.45,1000000
22969,-5.31,57.45,1000000
22970,-5.18,57.45,1000000
22971,-5.06,57.45,1000000
22972,-4.93,57.45,1000000
22973,-4.81,57.45,1000000
22974,-4.68,57.45,1000000
22975,-4.56,57.45,1000000
22976,-4.43,57.45,1000000
22977,-4.31,57.45,1000000
22978,-4.18,57.45,1000000
22979,-4.06,57.45,1000000
22980,-3.93,57.45,1000000
22981,-3.81,57.45,1000000
22982,-3.68,57.45,1000000
22983,-3.56,57.45,1000000
22984,-3.43,57.45,1000000
22985,-3.31,57.45,1000000
22986,-3.18,57.45,1000000
22987,-3.06,57.45,1000000
22988,-2.93,57.45,1000000
22989,-2.81,57.45,1000000
22990,-2.68,57.45,1000000
22991,-2.56,57.45,1000000
22992,-2.43,57.45,1000000
22993,-2.31,57.45,1000000
22994,-2.18,57.45,1000000
22995,-2.06,57.45,1000000
22996,-1.93,57.45,1000000
22997,-1.81,57.45,1000000
22998,-1.68,57.45,1.63
22999,-1.56,57.45,1.32
23000,-1.43,57.45,0.97
23001,-1.31,57.45,0.71
23002,-1.18,57.45,0.6
23003,-1.06,57.45,0.58
23004,-0.93,57.45,0.57
23005,-0.81,57.45,0.53
23006,-0.68,57.45,0.48
23007,-0.56,57.45,0.44
23008,-0.43,57.45,0.39
23009,-0.31,57.45,0.36
23010,-0.18,57.45,0.33
23011,-0.06,57.45,0.3
23012,0.06,57.45,0.28
23013,0.18,57.45,0.27
23014,0.31,57.45,0.26
23015,0.43,57.45,0.25
23016,0.56,57.45,0.23
23017,0.68,57.45,0.21
23018,0.81,57.45,0.2
23019,0.93,57.45,0.2
23020,1.06,57.45,0.19
23021,1.18,57.45,0.18
23022,1.31,57.45,0.17
23023,1.43,57.45,0.17
23024,1.56,57.45,0.16
23025,1.68,57.45,0.15
23026,1.81,57.45,0.15
23027,1.93,57.45,0.14
23028,2.06,57.45,0.13
23029,2.18,57.45,0.12
23030,2.31,57.45,0.11
23031,2.43,57.45,0.11
23032,2.56,57.45,0.11
23033,2.68,57.45,0.11
23034,2.81,57.45,0.11
23035,2.93,57.45,0.11
23036,3.06,57.45,0.11
23037,3.18,57.45,0.11
23038,3.31,57.45,0.1
23039,3.43,57.45,0.09
23040,3.56,57.45,0.09
23041,3.68,57.45,0.08
23042,3.81,57.45,0.08
23043,3.93,57.45,0.07
23044,4.06,57.45,0.07
23045,4.18,57.45,0.06
23046,4.31,57.45,0.06
23047,4.43,57.45,0.05
23048,4.56,57.45,0.05
23049,4.68,57.45,0.04
23050,4.81,57.45,0.04
23051,4.93,57.45,0.04
23052,5.06,57.45,0.03
23053,5.18,57.45,0.03
23054,5.31,57.45,0.02
23055,5.43,57.45,0.02
23056,5.56,57.45,0.02
23057,5.68,57.45,0.02
23058,5.81,57.45,0.01
23059,5.93,57.45,0.01
23060,6.06,57.45,0.01
23061,6.18,57.45,0.01
23062,6.31,57.45,8.67E-03
23063,6.43,57.45,7.26E-03
23064,6.56,57.45,6.28E-03
23065,6.68,57.45,5.69E-03
23066,6.81,57.45,5.35E-03
23067,6.93,57.45,5.13E-03
23068,7.06,57.45,4.79E-03
23069,7.18,57.45,4.11E-03
23070,7.31,57.45,3.38E-03
23071,7.43,57.45,2.81E-03
23072,7.56,57.45,2.58E-03
23073,7.68,57.45,2.56E-03
23074,7.81,57.45,2.56E-03
23075,7.93,57.45,2.42E-03
23076,8.06,57.45,2.13E-03
23077,8.18,57.45,1.90E-03
23078,8.31,57.45,1.67E-03
23079,8.43,57.45,1.49E-03
23080,8.56,57.45,1.45E-03
23081,8.68,57.45,1.58E-03
23082,8.81,57.45,1.89E-03
23083,8.93,57.45,2.45E-03
23084,9.06,57.45,3.83E-03
23085,9.18,57.45,8.08E-03
23086,9.31,57.45,8.08E-03
23087,9.43,57.45,4.58E-03
23088,9.56,57.45,2.57E-03
23089,9.68,57.45,1.45E-03
23090,9.81,57.45,1.36E-03
23091,9.93,57.45,1000000
23092,10.06,57.45,1000000
23093,10.18,57.45,1000000
23094,10.31,57.45,1000000
23095,10.43,57.45,1000000
23096,10.56,57.45,0.02
23097,10.68,57.45,0.02
23098,10.81,57.45,0.01
23099,10.93,57.45,0.01
23100,11.06,57.45,0.02
23101,11.18,57.45,0.05
23102,11.31,57.45,0.04
23103,11.43,57.45,0.04
23104,11.56,57.45,0.03
23105,11.68,57.45,0.02
23106,11.81,57.45,0.02
23107,11.93,57.45,1000000
23108,12.06,57.45,1000000
23109,12.18,57.45,1000000
23110,12.31,57.45,1000000
23111,12.43,57.45,1000000
23112,12.56,57.45,1000000
23113,12.68,57.45,1000000
23114,12.81,57.45,1000000
23115,12.93,57.45,1000000
23116,-12.06,57.54,1000000
23117,-11.93,57.54,1000000
23118,-11.81,57.54,0.03
23119,-11.68,57.54,0.02
23120,-11.56,57.54,0.01
23121,-11.43,57.54,0.01
23122,-11.31,57.54,0.01
23123,-11.18,57.54,0.01
23124,-11.06,57.54,0.02
23125,-10.93,57.54,0.02
23126,-10.81,57.54,0.01
23127,-10.68,57.54,0.01
23128,-10.56,57.54,0.01
23129,-10.43,57.54,0.01
23130,-10.31,57.54,0.01
23131,-10.18,57.54,0.01
23132,-10.06,57.54,0.01
23133,-9.93,57.54,0.01
23134,-9.81,57.54,0.01
23135,-9.68,57.54,0.02
23136,-9.56,57.54,0.02
23137,-9.43,57.54,0.03
23138,-9.31,57.54,0.04
23139,-9.18,57.54,0.04
23140,-9.06,57.54,0.04
23141,-8.93,57.54,0.03
23142,-8.81,57.54,0.03
23143,-8.68,57.54,0.03
23144,-8.56,57.54,0.02
23145,-8.43,57.54,0.02
23146,-8.31,57.54,0.02
23147,-8.18,57.54,0.03
23148,-8.06,57.54,0.03
23149,-7.93,57.54,0.04
23150,-7.81,57.54,0.06
23151,-7.68,57.54,0.08
23152,-7.56,57.54,0.12
23153,-7.43,57.54,0.03
23154,-7.31,57.54,1000000
23155,-7.18,57.54,1000000
23156,-7.06,57.54,0.16
23157,-6.93,57.54,0.25
23158,-6.81,57.54,0.38
23159,-6.68,57.54,0.36
23160,-6.56,57.54,1000000
23161,-6.43,57.54,3.51E-03
23162,-6.31,57.54,1000000
23163,-6.18,57.54,1000000
23164,-6.06,57.54,7.28E-03
23165,-5.93,57.54,7.54E-03
23166,-5.81,57.54,1000000
23167,-5.68,57.54,1000000
23168,-5.56,57.54,1000000
23169,-5.43,57.54,1000000
23170,-5.31,57.54,1000000
23171,-5.18,57.54,1000000
23172,-5.06,57.54,1000000
23173,-4.93,57.54,1000000
23174,-4.81,57.54,1000000
23175,-4.68,57.54,1000000
23176,-4.56,57.54,1000000
23177,-4.43,57.54,1000000
23178,-4.31,57.54,1000000
23179,-4.18,57.54,1000000
23180,-4.06,57.54,0.02
23181,-3.93,57.54,1000000
23182,-3.81,57.54,1000000
23183,-3.68,57.54,1000000
23184,-3.56,57.54,1000000
23185,-3.43,57.54,1000000
23186,-3.31,57.54,1000000
23187,-3.18,57.54,1000000
23188,-3.06,57.54,1000000
23189,-2.93,57.54,1000000
23190,-2.81,57.54,1000000
23191,-2.68,57.54,1000000
23192,-2.56,57.54,1000000
23193,-2.43,57.54,1000000
23194,-2.31,57.54,1000000
23195,-2.18,57.54,1000000
23196,-2.06,57.54,1000000
23197,-1.93,57.54,1000000
23198,-1.81,57.54,1000000
23199,-1.68,57.54,1.69
23200,-1.56,57.54,1.24
23201,-1.43,57.54,0.88
23202,-1.31,57.54,0.65
23203,-1.18,57.54,0.51
23204,-1.06,57.54,0.43
23205,-0.93,57.54,0.39
23206,-0.81,57.54,0.36
23207,-0.68,57.54,0.33
23208,-0.56,57.54,0.32
23209,-0.43,57.54,0.28
23210,-0.31,57.54,0.26
23211,-0.18,57.54,0.25
23212,-0.06,57.54,0.24
23213,0.06,57.54,0.24
23214,0.18,57.54,0.23
23215,0.31,57.54,0.23
23216,0.43,57.54,0.22
23217,0.56,57.54,0.21
23218,0.68,57.54,0.19
23219,0.81,57.54,0.18
23220,0.93,57.54,0.17
23221,1.06,57.54,0.17
23222,1.18,57.54,0.17
23223,1.31,57.54,0.16
23224,1.43,57.54,0.16
23225,1.56,57.54,0.15
23226,1.68,57.54,0.14
23227,1.81,57.54,0.13
23228,1.93,57.54,0.12
23229,2.06,57.54,0.12
23230,2.18,57.54,0.12
23231,2.31,57.54,0.12
23232,2.43,57.54,0.12
23233,2.56,57.54,0.12
23234,2.68,57.54,0.12
23235,2.81,57.54,0.12
23236,2.93,57.54,0.11
23237,3.06,57.54,0.11
23238,3.18,57.54,0.11
23239,3.31,57.54,0.1
23240,3.43,57.54,0.1
23241,3.56,57.54,0.09
23242,3.68,57.54,0.09
23243,3.81,57.54,0.08
23244,3.93,57.54,0.08
23245,4.06,57.54,0.07
23246,4.18,57.54,0.07
23247,4.31,57.54,0.06
23248,4.43,57.54,0.05
23249,4.56,57.54,0.05
23250,4.68,57.54,0.04
23251,4.81,57.54,0.04
23252,4.93,57.54,0.03
23253,5.06,57.54,0.03
23254,5.18,57.54,0.03
23255,5.31,57.54,0.02
23256,5.43,57.54,0.02
23257,5.56,57.54,0.02
23258,5.68,57.54,0.01
23259,5.81,57.54,0.01
23260,5.93,57.54,0.01
23261,6.06,57.54,0.01
23262,6.18,57.54,9.75E-03
23263,6.31,57.54,8.13E-03
23264,6.43,57.54,6.85E-03
23265,6.56,57.54,5.83E-03
23266,6.68,57.54,5.04E-03
23267,6.81,57.54,4.60E-03
23268,6.93,57.54,4.41E-03
23269,7.06,57.54,4.16E-03
23270,7.18,57.54,3.66E-03
23271,7.31,57.54,3.03E-03
23272,7.43,57.54,2.42E-03
23273,7.56,57.54,1.95E-03
23274,7.68,57.54,1.71E-03
23275,7.81,57.54,1.59E-03
23276,7.93,57.54,1.48E-03
23277,8.06,57.54,1.32E-03
23278,8.18,57.54,1.17E-03
23279,8.31,57.54,1.03E-03
23280,8.43,57.54,9.09E-04
23281,8.56,57.54,8.49E-04
23282,8.68,57.54,8.37E-04
23283,8.81,57.54,9.28E-04
23284,8.93,57.54,1.16E-03
23285,9.06,57.54,1.97E-03
23286,9.18,57.54,6.39E-03
23287,9.31,57.54,9.62E-03
23288,9.43,57.54,5.27E-03
23289,9.56,57.54,2.72E-03
23290,9.68,57.54,1.79E-03
23291,9.81,57.54,1.33E-03
23292,9.93,57.54,1000000
23293,10.06,57.54,1000000
23294,10.18,57.54,1000000
23295,10.31,57.54,1000000
23296,10.43,57.54,4.72E-04
23297,10.56,57.54,0.04
23298,10.68,57.54,0.04
23299,10.81,57.54,0.03
23300,10.93,57.54,0.02
23301,11.06,57.54,0.02
23302,11.18,57.54,0.03
23303,11.31,57.54,0.04
23304,11.43,57.54,0.04
23305,11.56,57.54,0.03
23306,11.68,57.54,0.03
23307,11.81,57.54,0.01
23308,11.93,57.54,1000000
23309,12.06,57.54,1000000
23310,12.18,57.54,1000000
23311,12.31,57.54,1000000
23312,12.43,57.54,1000000
23313,12.56,57.54,1000000
23314,12.68,57.54,1000000
23315,12.81,57.54,1000000
23316,12.93,57.54,1000000
23317,-12.06,57.62,1000000
23318,-11.93,57.62,1000000
23319,-11.81,57.62,6.02E-03
23320,-11.68,57.62,6.83E-03
23321,-11.56,57.62,6.09E-03
23322,-11.43,57.62,5.01E-03
23323,-11.31,57.62,5.52E-03
23324,-11.18,57.62,6.76E-03
23325,-11.06,57.62,8.59E-03
23326,-10.93,57.62,0.01
23327,-10.81,57.62,0.01
23328,-10.68,57.62,0.01
23329,-10.56,57.62,0.01
23330,-10.43,57.62,0.01
23331,-10.31,57.62,0.01
23332,-10.18,57.62,0.01
23333,-10.06,57.62,0.01
23334,-9.93,57.62,0.01
23335,-9.81,57.62,0.02
23336,-9.68,57.62,0.02
23337,-9.56,57.62,0.02
23338,-9.43,57.62,0.03
23339,-9.31,57.62,0.04
23340,-9.18,57.62,0.04
23341,-9.06,57.62,0.04
23342,-8.93,57.62,0.03
23343,-8.81,57.62,0.03
23344,-8.68,57.62,0.03
23345,-8.56,57.62,0.03
23346,-8.43,57.62,0.03
23347,-8.31,57.62,0.03
23348,-8.18,57.62,0.04
23349,-8.06,57.62,0.05
23350,-7.93,57.62,0.06
23351,-7.81,57.62,0.08
23352,-7.68,57.62,0.13
23353,-7.56,57.62,0.2
23354,-7.43,57.62,1000000
23355,-7.31,57.62,1000000
23356,-7.18,57.62,1000000
23357,-7.06,57.62,0.16
23358,-6.93,57.62,0.26
23359,-6.81,57.62,0.4
23360,-6.68,57.62,0.36
23361,-6.56,57.62,0.28
23362,-6.43,57.62,0.2
23363,-6.31,57.62,1000000
23364,-6.18,57.62,0.06
23365,-6.06,57.62,0.01
23366,-5.93,57.62,0.01
23367,-5.81,57.62,9.46E-03
23368,-5.68,57.62,1000000
23369,-5.56,57.62,1000000
23370,-5.43,57.62,1000000
23371,-5.31,57.62,1000000
23372,-5.18,57.62,1000000
23373,-5.06,57.62,1000000
23374,-4.93,57.62,1000000
23375,-4.81,57.62,1000000
23376,-4.68,57.62,1000000
23377,-4.56,57.62,1000000
23378,-4.43,57.62,1000000
23379,-4.31,57.62,1000000
23380,-4.18,57.62,1000000
23381,-4.06,57.62,0.06
23382,-3.93,57.62,0.05
23383,-3.81,57.62,0.05
23384,-3.68,57.62,1000000
23385,-3.56,57.62,1000000
23386,-3.43,57.62,1000000
23387,-3.31,57.62,1000000
23388,-3.18,57.62,1000000
23389,-3.06,57.62,1000000
23390,-2.93,57.62,1000000
23391,-2.81,57.62,1000000
23392,-2.68,57.62,1000000
23393,-2.56,57.62,1000000
23394,-2.43,57.62,1000000
23395,-2.31,57.62,1000000
23396,-2.18,57.62,1000000
23397,-2.06,57.62,1000000
23398,-1.93,57.62,1000000
23399,-1.81,57.62,1.5
23400,-1.68,57.62,1.77
23401,-1.56,57.62,1.13
23402,-1.43,57.62,0.8
23403,-1.31,57.62,0.61
23404,-1.18,57.62,0.47
23405,-1.06,57.62,0.38
23406,-0.93,57.62,0.32
23407,-0.81,57.62,0.28
23408,-0.68,57.62,0.26
23409,-0.56,57.62,0.24
23410,-0.43,57.62,0.23
23411,-0.31,57.62,0.22
23412,-0.18,57.62,0.21
23413,-0.06,57.62,0.21
23414,0.06,57.62,0.21
23415,0.18,57.62,0.2
23416,0.31,57.62,0.2
23417,0.43,57.62,0.2
23418,0.56,57.62,0.19
23419,0.68,57.62,0.18
23420,0.81,57.62,0.16
23421,0.93,57.62,0.15
23422,1.06,57.62,0.16
23423,1.18,57.62,0.16
23424,1.31,57.62,0.16
23425,1.43,57.62,0.15
23426,1.56,57.62,0.14
23427,1.68,57.62,0.13
23428,1.81,57.62,0.13
23429,1.93,57.62,0.12
23430,2.06,57.62,0.12
23431,2.18,57.62,0.12
23432,2.31,57.62,0.12
23433,2.43,57.62,0.12
23434,2.56,57.62,0.12
23435,2.68,57.62,0.12
23436,2.81,57.62,0.12
23437,2.93,57.62,0.12
23438,3.06,57.62,0.11
23439,3.18,57.62,0.11
23440,3.31,57.62,0.11
23441,3.43,57.62,0.1
23442,3.56,57.62,0.1
23443,3.68,57.62,0.09
23444,3.81,57.62,0.09
23445,3.93,57.62,0.08
23446,4.06,57.62,0.08
23447,4.18,57.62,0.07
23448,4.31,57.62,0.06
23449,4.43,57.62,0.06
23450,4.56,57.62,0.05
23451,4.68,57.62,0.04
23452,4.81,57.62,0.04
23453,4.93,57.62,0.03
23454,5.06,57.62,0.03
23455,5.18,57.62,0.02
23456,5.31,57.62,0.02
23457,5.43,57.62,0.02
23458,5.56,57.62,0.01
23459,5.68,57.62,0.01
23460,5.81,57.62,0.01
23461,5.93,57.62,0.01
23462,6.06,57.62,9.89E-03
23463,6.18,57.62,9.01E-03
23464,6.31,57.62,8.22E-03
23465,6.43,57.62,7.44E-03
23466,6.56,57.62,6.65E-03
23467,6.68,57.62,5.81E-03
23468,6.81,57.62,5.15E-03
23469,6.93,57.62,4.82E-03
23470,7.06,57.62,4.40E-03
23471,7.18,57.62,3.77E-03
23472,7.31,57.62,3.16E-03
23473,7.43,57.62,2.60E-03
23474,7.56,57.62,2.08E-03
23475,7.68,57.62,1.69E-03
23476,7.81,57.62,1.42E-03
23477,7.93,57.62,1.19E-03
23478,8.06,57.62,1.01E-03
23479,8.18,57.62,8.94E-04
23480,8.31,57.62,7.86E-04
23481,8.43,57.62,6.63E-04
23482,8.56,57.62,5.79E-04
23483,8.68,57.62,5.51E-04
23484,8.81,57.62,5.62E-04
23485,8.93,57.62,5.99E-04
23486,9.06,57.62,7.77E-04
23487,9.18,57.62,2.13E-03
23488,9.31,57.62,4.32E-03
23489,9.43,57.62,3.38E-03
23490,9.56,57.62,1.86E-03
23491,9.68,57.62,1.43E-03
23492,9.81,57.62,1.20E-03
23493,9.93,57.62,1.23E-03
23494,10.06,57.62,2.03E-03
23495,10.18,57.62,2.04E-03
23496,10.31,57.62,1.55E-03
23497,10.43,57.62,1000000
23498,10.56,57.62,0.12
23499,10.68,57.62,0.11
23500,10.81,57.62,0.09
23501,10.93,57.62,0.07
23502,11.06,57.62,0.05
23503,11.18,57.62,0.05
23504,11.31,57.62,0.05
23505,11.43,57.62,0.04
23506,11.56,57.62,0.04
23507,11.68,57.62,0.04
23508,11.81,57.62,0.02
23509,11.93,57.62,1000000
23510,12.06,57.62,1000000
23511,12.18,57.62,1000000
23512,12.31,57.62,1000000
23513,12.43,57.62,1000000
23514,12.56,57.62,1000000
23515,12.68,57.62,1000000
23516,12.81,57.62,1000000
23517,12.93,57.62,1000000
23518,-12.06,57.7,1000000
23519,-11.93,57.7,1000000
23520,-11.81,57.7,0.01
23521,-11.68,57.7,9.88E-03
23522,-11.56,57.7,4.44E-03
23523,-11.43,57.7,2.78E-03
23524,-11.31,57.7,2.75E-03
23525,-11.18,57.7,3.44E-03
23526,-11.06,57.7,4.65E-03
23527,-10.93,57.7,6.18E-03
23528,-10.81,57.7,7.83E-03
23529,-10.68,57.7,9.11E-03
23530,-10.56,57.7,0.01
23531,-10.43,57.7,0.01
23532,-10.31,57.7,0.01
23533,-10.18,57.7,0.01
23534,-10.06,57.7,0.01
23535,-9.93,57.7,0.01
23536,-9.81,57.7,0.02
23537,-9.68,57.7,0.02
23538,-9.56,57.7,0.03
23539,-9.43,57.7,0.03
23540,-9.31,57.7,0.04
23541,-9.18,57.7,0.04
23542,-9.06,57.7,0.04
23543,-8.93,57.7,0.04
23544,-8.81,57.7,0.03
23545,-8.68,57.7,0.03
23546,-8.56,57.7,0.03
23547,-8.43,57.7,0.04
23548,-8.31,57.7,0.05
23549,-8.18,57.7,0.05
23550,-8.06,57.7,0.06
23551,-7.93,57.7,0.07
23552,-7.81,57.7,0.08
23553,-7.68,57.7,0.1
23554,-7.56,57.7,0.12
23555,-7.43,57.7,0.03
23556,-7.31,57.7,0.08
23557,-7.18,57.7,0.45
23558,-7.06,57.7,0.57
23559,-6.93,57.7,0.25
23560,-6.81,57.7,0.23
23561,-6.68,57.7,0.24
23562,-6.56,57.7,0.33
23563,-6.43,57.7,0.54
23564,-6.31,57.7,0.58
23565,-6.18,57.7,0.28
23566,-6.06,57.7,0.04
23567,-5.93,57.7,0.02
23568,-5.81,57.7,0.01
23569,-5.68,57.7,1000000
23570,-5.56,57.7,1000000
23571,-5.43,57.7,1000000
23572,-5.31,57.7,1000000
23573,-5.18,57.7,1000000
23574,-5.06,57.7,1000000
23575,-4.93,57.7,1000000
23576,-4.81,57.7,1000000
23577,-4.68,57.7,1000000
23578,-4.56,57.7,1000000
23579,-4.43,57.7,1000000
23580,-4.31,57.7,1000000
23581,-4.18,57.7,1000000
23582,-4.06,57.7,1000000
23583,-3.93,57.7,0.05
23584,-3.81,57.7,0.06
23585,-3.68,57.7,0.05
23586,-3.56,57.7,0.05
23587,-3.43,57.7,0.09
23588,-3.31,57.7,1000000
23589,-3.18,57.7,0.04
23590,-3.06,57.7,0.06
23591,-2.93,57.7,0.11
23592,-2.81,57.7,0.1
23593,-2.68,57.7,0.07
23594,-2.56,57.7,0.1
23595,-2.43,57.7,0.12
23596,-2.31,57.7,0.09
23597,-2.18,57.7,0.08
23598,-2.06,57.7,0.09
23599,-1.93,57.7,0.28
23600,-1.81,57.7,1.03
23601,-1.68,57.7,1.21
23602,-1.56,57.7,0.94
23603,-1.43,57.7,0.7
23604,-1.31,57.7,0.54
23605,-1.18,57.7,0.43
23606,-1.06,57.7,0.36
23607,-0.93,57.7,0.31
23608,-0.81,57.7,0.27
23609,-0.68,57.7,0.25
23610,-0.56,57.7,0.23
23611,-0.43,57.7,0.22
23612,-0.31,57.7,0.21
23613,-0.18,57.7,0.2
23614,-0.06,57.7,0.19
23615,0.06,57.7,0.18
23616,0.18,57.7,0.18
23617,0.31,57.7,0.18
23618,0.43,57.7,0.18
23619,0.56,57.7,0.17
23620,0.68,57.7,0.17
23621,0.81,57.7,0.16
23622,0.93,57.7,0.15
23623,1.06,57.7,0.15
23624,1.18,57.7,0.16
23625,1.31,57.7,0.15
23626,1.43,57.7,0.15
23627,1.56,57.7,0.14
23628,1.68,57.7,0.13
23629,1.81,57.7,0.13
23630,1.93,57.7,0.12
23631,2.06,57.7,0.12
23632,2.18,57.7,0.11
23633,2.31,57.7,0.11
23634,2.43,57.7,0.12
23635,2.56,57.7,0.12
23636,2.68,57.7,0.12
23637,2.81,57.7,0.12
23638,2.93,57.7,0.12
23639,3.06,57.7,0.12
23640,3.18,57.7,0.12
23641,3.31,57.7,0.11
23642,3.43,57.7,0.1
23643,3.56,57.7,0.1
23644,3.68,57.7,0.09
23645,3.81,57.7,0.08
23646,3.93,57.7,0.08
23647,4.06,57.7,0.07
23648,4.18,57.7,0.07
23649,4.31,57.7,0.06
23650,4.43,57.7,0.06
23651,4.56,57.7,0.05
23652,4.68,57.7,0.05
23653,4.81,57.7,0.04
23654,4.93,57.7,0.03
23655,5.06,57.7,0.03
23656,5.18,57.7,0.02
23657,5.31,57.7,0.02
23658,5.43,57.7,0.01
23659,5.56,57.7,0.01
23660,5.68,57.7,0.01
23661,5.81,57.7,0.01
23662,5.93,57.7,0.01
23663,6.06,57.7,9.96E-03
23664,6.18,57.7,9.10E-03
23665,6.31,57.7,8.60E-03
23666,6.43,57.7,8.29E-03
23667,6.56,57.7,7.95E-03
23668,6.68,57.7,7.47E-03
23669,6.81,57.7,6.76E-03
23670,6.93,57.7,5.95E-03
23671,7.06,57.7,5.11E-03
23672,7.18,57.7,4.26E-03
23673,7.31,57.7,3.55E-03
23674,7.43,57.7,2.96E-03
23675,7.56,57.7,2.39E-03
23676,7.68,57.7,1.91E-03
23677,7.81,57.7,1.53E-03
23678,7.93,57.7,1.21E-03
23679,8.06,57.7,9.53E-04
23680,8.18,57.7,7.97E-04
23681,8.31,57.7,6.82E-04
23682,8.43,57.7,5.63E-04
23683,8.56,57.7,4.82E-04
23684,8.68,57.7,4.56E-04
23685,8.81,57.7,4.66E-04
23686,8.93,57.7,5.03E-04
23687,9.06,57.7,5.97E-04
23688,9.18,57.7,7.76E-04
23689,9.31,57.7,9.21E-04
23690,9.43,57.7,8.98E-04
23691,9.56,57.7,8.30E-04
23692,9.68,57.7,9.68E-04
23693,9.81,57.7,1.04E-03
23694,9.93,57.7,8.67E-04
23695,10.06,57.7,1.19E-03
23696,10.18,57.7,2.30E-03
23697,10.31,57.7,4.60E-03
23698,10.43,57.7,0.01
23699,10.56,57.7,0.11
23700,10.68,57.7,0.11
23701,10.81,57.7,0.1
23702,10.93,57.7,0.09
23703,11.06,57.7,0.07
23704,11.18,57.7,0.06
23705,11.31,57.7,0.05
23706,11.43,57.7,0.05
23707,11.56,57.7,0.05
23708,11.68,57.7,0.05
23709,11.81,57.7,1000000
23710,11.93,57.7,1000000
23711,12.06,57.7,1000000
23712,12.18,57.7,1000000
23713,12.31,57.7,1000000
23714,12.43,57.7,1000000
23715,12.56,57.7,1000000
23716,12.68,57.7,1000000
23717,12.81,57.7,1000000
23718,12.93,57.7,1000000
23719,-12.06,57.79,1000000
23720,-11.93,57.79,1000000
23721,-11.81,57.79,1000000
23722,-11.68,57.79,2.86E-04
23723,-11.56,57.79,5.81E-04
23724,-11.43,57.79,1.10E-03
23725,-11.31,57.79,1.78E-03
23726,-11.18,57.79,2.61E-03
23727,-11.06,57.79,3.71E-03
23728,-10.93,57.79,5.03E-03
23729,-10.81,57.79,6.59E-03
23730,-10.68,57.79,7.99E-03
23731,-10.56,57.79,9.27E-03
23732,-10.43,57.79,0.01
23733,-10.31,57.79,0.01
23734,-10.18,57.79,0.01
23735,-10.06,57.79,0.01
23736,-9.93,57.79,0.01
23737,-9.81,57.79,0.02
23738,-9.68,57.79,0.02
23739,-9.56,57.79,0.03
23740,-9.43,57.79,0.03
23741,-9.31,57.79,0.04
23742,-9.18,57.79,0.04
23743,-9.06,57.79,0.04
23744,-8.93,57.79,0.04
23745,-8.81,57.79,0.04
23746,-8.68,57.79,0.05
23747,-8.56,57.79,0.06
23748,-8.43,57.79,0.07
23749,-8.31,57.79,0.06
23750,-8.18,57.79,0.06
23751,-8.06,57.79,0.06
23752,-7.93,57.79,0.06
23753,-7.81,57.79,0.07
23754,-7.68,57.79,0.06
23755,-7.56,57.79,0.05
23756,-7.43,57.79,0.04
23757,-7.31,57.79,0.05
23758,-7.18,57.79,0.13
23759,-7.06,57.79,0.39
23760,-6.93,57.79,1000000
23761,-6.81,57.79,0.13
23762,-6.68,57.79,0.18
23763,-6.56,57.79,0.34
23764,-6.43,57.79,0.44
23765,-6.31,57.79,0.35
23766,-6.18,57.79,0.16
23767,-6.06,57.79,0.06
23768,-5.93,57.79,0.07
23769,-5.81,57.79,0.08
23770,-5.68,57.79,1000000
23771,-5.56,57.79,1000000
23772,-5.43,57.79,1000000
23773,-5.31,57.79,1000000
23774,-5.18,57.79,1000000
23775,-5.06,57.79,1000000
23776,-4.93,57.79,1000000
23777,-4.81,57.79,1000000
23778,-4.68,57.79,1000000
23779,-4.56,57.79,1000000
23780,-4.43,57.79,1000000
23781,-4.31,57.79,1000000
23782,-4.18,57.79,1000000
23783,-4.06,57.79,1000000
23784,-3.93,57.79,1000000
23785,-3.81,57.79,0.05
23786,-3.68,57.79,0.05
23787,-3.56,57.79,0.08
23788,-3.43,57.79,0.12
23789,-3.31,57.79,0.08
23790,-3.18,57.79,0.07
23791,-3.06,57.79,0.09
23792,-2.93,57.79,0.11
23793,-2.81,57.79,0.1
23794,-2.68,57.79,0.1
23795,-2.56,57.79,0.12
23796,-2.43,57.79,0.12
23797,-2.31,57.79,0.11
23798,-2.18,57.79,0.1
23799,-2.06,57.79,0.12
23800,-1.93,57.79,0.17
23801,-1.81,57.79,0.33
23802,-1.68,57.79,0.5
23803,-1.56,57.79,0.55
23804,-1.43,57.79,0.52
23805,-1.31,57.79,0.44
23806,-1.18,57.79,0.37
23807,-1.06,57.79,0.32
23808,-0.93,57.79,0.28
23809,-0.81,57.79,0.25
23810,-0.68,57.79,0.23
23811,-0.56,57.79,0.22
23812,-0.43,57.79,0.21
23813,-0.31,57.79,0.2
23814,-0.18,57.79,0.18
23815,-0.06,57.79,0.17
23816,0.06,57.79,0.16
23817,0.18,57.79,0.16
23818,0.31,57.79,0.15
23819,0.43,57.79,0.15
23820,0.56,57.79,0.15
23821,0.68,57.79,0.15
23822,0.81,57.79,0.15
23823,0.93,57.79,0.15
23824,1.06,57.79,0.14
23825,1.18,57.79,0.14
23826,1.31,57.79,0.14
23827,1.43,57.79,0.13
23828,1.56,57.79,0.13
23829,1.68,57.79,0.13
23830,1.81,57.79,0.13
23831,1.93,57.79,0.12
23832,2.06,57.79,0.12
23833,2.18,57.79,0.11
23834,2.31,57.79,0.11
23835,2.43,57.79,0.11
23836,2.56,57.79,0.12
23837,2.68,57.79,0.12
23838,2.81,57.79,0.12
23839,2.93,57.79,0.12
23840,3.06,57.79,0.12
23841,3.18,57.79,0.12
23842,3.31,57.79,0.11
23843,3.43,57.79,0.1
23844,3.56,57.79,0.09
23845,3.68,57.79,0.09
23846,3.81,57.79,0.08
23847,3.93,57.79,0.07
23848,4.06,57.79,0.07
23849,4.18,57.79,0.06
23850,4.31,57.79,0.06
23851,4.43,57.79,0.06
23852,4.56,57.79,0.05
23853,4.68,57.79,0.05
23854,4.81,57.79,0.04
23855,4.93,57.79,0.03
23856,5.06,57.79,0.03
23857,5.18,57.79,0.02
23858,5.31,57.79,0.02
23859,5.43,57.79,0.01
23860,5.56,57.79,0.01
23861,5.68,57.79,0.01
23862,5.81,57.79,0.01
23863,5.93,57.79,0.01
23864,6.06,57.79,0.01
23865,6.18,57.79,0.01
23866,6.31,57.79,9.64E-03
23867,6.43,57.79,9.61E-03
23868,6.56,57.79,9.78E-03
23869,6.68,57.79,9.65E-03
23870,6.81,57.79,9.03E-03
23871,6.93,57.79,7.93E-03
23872,7.06,57.79,6.34E-03
23873,7.18,57.79,4.95E-03
23874,7.31,57.79,4.08E-03
23875,7.43,57.79,3.52E-03
23876,7.56,57.79,2.90E-03
23877,7.68,57.79,2.21E-03
23878,7.81,57.79,1.64E-03
23879,7.93,57.79,1.23E-03
23880,8.06,57.79,9.69E-04
23881,8.18,57.79,7.97E-04
23882,8.31,57.79,6.57E-04
23883,8.43,57.79,5.37E-04
23884,8.56,57.79,4.64E-04
23885,8.68,57.79,4.36E-04
23886,8.81,57.79,4.26E-04
23887,8.93,57.79,4.34E-04
23888,9.06,57.79,4.58E-04
23889,9.18,57.79,4.62E-04
23890,9.31,57.79,4.13E-04
23891,9.43,57.79,3.51E-04
23892,9.56,57.79,3.36E-04
23893,9.68,57.79,4.34E-04
23894,9.81,57.79,7.69E-04
23895,9.93,57.79,9.34E-04
23896,10.06,57.79,1.02E-03
23897,10.18,57.79,1.57E-03
23898,10.31,57.79,3.14E-03
23899,10.43,57.79,6.32E-03
23900,10.56,57.79,0.01
23901,10.68,57.79,0.02
23902,10.81,57.79,0.03
23903,10.93,57.79,0.04
23904,11.06,57.79,0.05
23905,11.18,57.79,0.05
23906,11.31,57.79,0.04
23907,11.43,57.79,0.05
23908,11.56,57.79,0.05
23909,11.68,57.79,0.04
23910,11.81,57.79,1000000
23911,11.93,57.79,1000000
23912,12.06,57.79,1000000
23913,12.18,57.79,1000000
23914,12.31,57.79,1000000
23915,12.43,57.79,1000000
23916,12.56,57.79,1000000
23917,12.68,57.79,1000000
23918,12.81,57.79,1000000
23919,12.93,57.79,1000000
23920,-12.06,57.87,1000000
23921,-11.93,57.87,1000000
23922,-11.81,57.87,1000000
23923,-11.68,57.87,1000000
23924,-11.56,57.87,3.62E-04
23925,-11.43,57.87,9.78E-04
23926,-11.31,57.87,1.67E-03
23927,-11.18,57.87,2.57E-03
23928,-11.06,57.87,3.64E-03
23929,-10.93,57.87,4.85E-03
23930,-10.81,57.87,6.19E-03
23931,-10.68,57.87,7.58E-03
23932,-10.56,57.87,9.06E-03
23933,-10.43,57.87,0.01
23934,-10.31,57.87,0.01
23935,-10.18,57.87,0.01
23936,-10.06,57.87,0.01
23937,-9.93,57.87,0.01
23938,-9.81,57.87,0.02
23939,-9.68,57.87,0.02
23940,-9.56,57.87,0.03
23941,-9.43,57.87,0.03
23942,-9.31,57.87,0.04
23943,-9.18,57.87,0.04
23944,-9.06,57.87,0.05
23945,-8.93,57.87,0.05
23946,-8.81,57.87,0.06
23947,-8.68,57.87,0.06
23948,-8.56,57.87,0.07
23949,-8.43,57.87,0.08
23950,-8.31,57.87,0.07
23951,-8.18,57.87,0.07
23952,-8.06,57.87,0.07
23953,-7.93,57.87,0.06
23954,-7.81,57.87,0.06
23955,-7.68,57.87,0.06
23956,-7.56,57.87,0.06
23957,-7.43,57.87,0.06
23958,-7.31,57.87,0.07
23959,-7.18,57.87,0.07
23960,-7.06,57.87,0.1
23961,-6.93,57.87,1000000
23962,-6.81,57.87,1000000
23963,-6.68,57.87,0.3
23964,-6.56,57.87,0.37
23965,-6.43,57.87,0.44
23966,-6.31,57.87,0.28
23967,-6.18,57.87,0.12
23968,-6.06,57.87,0.11
23969,-5.93,57.87,0.17
23970,-5.81,57.87,0.3
23971,-5.68,57.87,0.32
23972,-5.56,57.87,1000000
23973,-5.43,57.87,1000000
23974,-5.31,57.87,1000000
23975,-5.18,57.87,1000000
23976,-5.06,57.87,1000000
23977,-4.93,57.87,1000000
23978,-4.81,57.87,1000000
23979,-4.68,57.87,1000000
23980,-4.56,57.87,1000000
23981,-4.43,57.87,1000000
23982,-4.31,57.87,1000000
23983,-4.18,57.87,1000000
23984,-4.06,57.87,1000000
23985,-3.93,57.87,0.01
23986,-3.81,57.87,0.02
23987,-3.68,57.87,0.03
23988,-3.56,57.87,0.04
23989,-3.43,57.87,0.06
23990,-3.31,57.87,0.07
23991,-3.18,57.87,0.07
23992,-3.06,57.87,0.07
23993,-2.93,57.87,0.07
23994,-2.81,57.87,0.07
23995,-2.68,57.87,0.11
23996,-2.56,57.87,0.12
23997,-2.43,57.87,0.1
23998,-2.31,57.87,0.11
23999,-2.18,57.87,0.12
24000,-2.06,57.87,0.11
24001,-1.93,57.87,0.12
24002,-1.81,57.87,0.15
24003,-1.68,57.87,0.2
24004,-1.56,57.87,0.26
24005,-1.43,57.87,0.3
24006,-1.31,57.87,0.32
24007,-1.18,57.87,0.3
24008,-1.06,57.87,0.28
24009,-0.93,57.87,0.25
24010,-0.81,57.87,0.23
24011,-0.68,57.87,0.21
24012,-0.56,57.87,0.2
24013,-0.43,57.87,0.19
24014,-0.31,57.87,0.18
24015,-0.18,57.87,0.17
24016,-0.06,57.87,0.16
24017,0.06,57.87,0.14
24018,0.18,57.87,0.14
24019,0.31,57.87,0.13
24020,0.43,57.87,0.13
24021,0.56,57.87,0.13
24022,0.68,57.87,0.13
24023,0.81,57.87,0.13
24024,0.93,57.87,0.12
24025,1.06,57.87,0.12
24026,1.18,57.87,0.12
24027,1.31,57.87,0.11
24028,1.43,57.87,0.11
24029,1.56,57.87,0.11
24030,1.68,57.87,0.11
24031,1.81,57.87,0.12
24032,1.93,57.87,0.12
24033,2.06,57.87,0.12
24034,2.18,57.87,0.11
24035,2.31,57.87,0.11
24036,2.43,57.87,0.11
24037,2.56,57.87,0.11
24038,2.68,57.87,0.12
24039,2.81,57.87,0.12
24040,2.93,57.87,0.11
24041,3.06,57.87,0.11
24042,3.18,57.87,0.1
24043,3.31,57.87,0.1
24044,3.43,57.87,0.09
24045,3.56,57.87,0.09
24046,3.68,57.87,0.08
24047,3.81,57.87,0.07
24048,3.93,57.87,0.07
24049,4.06,57.87,0.06
24050,4.18,57.87,0.06
24051,4.31,57.87,0.05
24052,4.43,57.87,0.05
24053,4.56,57.87,0.05
24054,4.68,57.87,0.04
24055,4.81,57.87,0.04
24056,4.93,57.87,0.03
24057,5.06,57.87,0.03
24058,5.18,57.87,0.02
24059,5.31,57.87,0.02
24060,5.43,57.87,0.01
24061,5.56,57.87,0.01
24062,5.68,57.87,0.01
24063,5.81,57.87,0.01
24064,5.93,57.87,0.01
24065,6.06,57.87,0.01
24066,6.18,57.87,0.01
24067,6.31,57.87,0.01
24068,6.43,57.87,0.01
24069,6.56,57.87,0.01
24070,6.68,57.87,0.01
24071,6.81,57.87,0.01
24072,6.93,57.87,0.01
24073,7.06,57.87,8.13E-03
24074,7.18,57.87,6.03E-03
24075,7.31,57.87,4.93E-03
24076,7.43,57.87,4.10E-03
24077,7.56,57.87,3.29E-03
24078,7.68,57.87,2.43E-03
24079,7.81,57.87,1.68E-03
24080,7.93,57.87,1.22E-03
24081,8.06,57.87,9.67E-04
24082,8.18,57.87,8.23E-04
24083,8.31,57.87,7.13E-04
24084,8.43,57.87,5.99E-04
24085,8.56,57.87,5.04E-04
24086,8.68,57.87,4.43E-04
24087,8.81,57.87,4.12E-04
24088,8.93,57.87,3.89E-04
24089,9.06,57.87,3.56E-04
24090,9.18,57.87,3.08E-04
24091,9.31,57.87,2.44E-04
24092,9.43,57.87,1.96E-04
24093,9.56,57.87,1.87E-04
24094,9.68,57.87,2.11E-04
24095,9.81,57.87,2.84E-04
24096,9.93,57.87,4.32E-04
24097,10.06,57.87,6.60E-04
24098,10.18,57.87,1.07E-03
24099,10.31,57.87,1.93E-03
24100,10.43,57.87,3.87E-03
24101,10.56,57.87,5.66E-03
24102,10.68,57.87,7.44E-03
24103,10.81,57.87,9.98E-03
24104,10.93,57.87,0.01
24105,11.06,57.87,0.02
24106,11.18,57.87,0.03
24107,11.31,57.87,0.03
24108,11.43,57.87,0.03
24109,11.56,57.87,0.05
24110,11.68,57.87,0.04
24111,11.81,57.87,1000000
24112,11.93,57.87,1000000
24113,12.06,57.87,1000000
24114,12.18,57.87,1000000
24115,12.31,57.87,1000000
24116,12.43,57.87,1000000
24117,12.56,57.87,1000000
24118,12.68,57.87,1000000
24119,12.81,57.87,1000000
24120,12.93,57.87,1000000
24121,-12.06,57.95,1000000
24122,-11.93,57.95,1000000
24123,-11.81,57.95,1000000
24124,-11.68,57.95,1000000
24125,-11.56,57.95,1000000
24126,-11.43,57.95,1.48E-03
24127,-11.31,57.95,2.27E-03
24128,-11.18,57.95,3.05E-03
24129,-11.06,57.95,3.98E-03
24130,-10.93,57.95,5.03E-03
24131,-10.81,57.95,6.22E-03
24132,-10.68,57.95,7.54E-03
24133,-10.56,57.95,9.04E-03
24134,-10.43,57.95,0.01
24135,-10.31,57.95,0.01
24136,-10.18,57.95,0.01
24137,-10.06,57.95,0.01
24138,-9.93,57.95,0.02
24139,-9.81,57.95,0.02
24140,-9.68,57.95,0.02
24141,-9.56,57.95,0.03
24142,-9.43,57.95,0.03
24143,-9.31,57.95,0.04
24144,-9.18,57.95,0.04
24145,-9.06,57.95,0.05
24146,-8.93,57.95,0.05
24147,-8.81,57.95,0.06
24148,-8.68,57.95,0.06
24149,-8.56,57.95,0.06
24150,-8.43,57.95,0.06
24151,-8.31,57.95,0.06
24152,-8.18,57.95,0.06
24153,-8.06,57.95,0.06
24154,-7.93,57.95,0.07
24155,-7.81,57.95,0.06
24156,-7.68,57.95,0.06
24157,-7.56,57.95,0.06
24158,-7.43,57.95,0.07
24159,-7.31,57.95,0.08
24160,-7.18,57.95,0.1
24161,-7.06,57.95,0.06
24162,-6.93,57.95,1000000
24163,-6.81,57.95,1000000
24164,-6.68,57.95,1000000
24165,-6.56,57.95,1000000
24166,-6.43,57.95,0.31
24167,-6.31,57.95,0.17
24168,-6.18,57.95,0.15
24169,-6.06,57.95,0.19
24170,-5.93,57.95,0.24
24171,-5.81,57.95,0.24
24172,-5.68,57.95,0.16
24173,-5.56,57.95,0.08
24174,-5.43,57.95,0.04
24175,-5.31,57.95,1.62E-03
24176,-5.18,57.95,1000000
24177,-5.06,57.95,1000000
24178,-4.93,57.95,1000000
24179,-4.81,57.95,1000000
24180,-4.68,57.95,1000000
24181,-4.56,57.95,1000000
24182,-4.43,57.95,1000000
24183,-4.31,57.95,1000000
24184,-4.18,57.95,1000000
24185,-4.06,57.95,1000000
24186,-3.93,57.95,0.01
24187,-3.81,57.95,0.01
24188,-3.68,57.95,0.03
24189,-3.56,57.95,0.05
24190,-3.43,57.95,0.06
24191,-3.31,57.95,0.06
24192,-3.18,57.95,0.05
24193,-3.06,57.95,0.05
24194,-2.93,57.95,0.05
24195,-2.81,57.95,0.05
24196,-2.68,57.95,0.06
24197,-2.56,57.95,0.09
24198,-2.43,57.95,0.1
24199,-2.31,57.95,0.11
24200,-2.18,57.95,0.14
24201,-2.06,57.95,0.15
24202,-1.93,57.95,0.14
24203,-1.81,57.95,0.14
24204,-1.68,57.95,0.16
24205,-1.56,57.95,0.18
24206,-1.43,57.95,0.2
24207,-1.31,57.95,0.23
24208,-1.18,57.95,0.24
24209,-1.06,57.95,0.24
24210,-0.93,57.95,0.22
24211,-0.81,57.95,0.2
24212,-0.68,57.95,0.19
24213,-0.56,57.95,0.17
24214,-0.43,57.95,0.16
24215,-0.31,57.95,0.16
24216,-0.18,57.95,0.15
24217,-0.06,57.95,0.14
24218,0.06,57.95,0.13
24219,0.18,57.95,0.12
24220,0.31,57.95,0.11
24221,0.43,57.95,0.11
24222,0.56,57.95,0.11
24223,0.68,57.95,0.1
24224,0.81,57.95,0.1
24225,0.93,57.95,0.1
24226,1.06,57.95,0.1
24227,1.18,57.95,0.09
24228,1.31,57.95,0.09
24229,1.43,57.95,0.09
24230,1.56,57.95,0.1
24231,1.68,57.95,0.1
24232,1.81,57.95,0.1
24233,1.93,57.95,0.1
24234,2.06,57.95,0.11
24235,2.18,57.95,0.11
24236,2.31,57.95,0.11
24237,2.43,57.95,0.11
24238,2.56,57.95,0.11
24239,2.68,57.95,0.11
24240,2.81,57.95,0.11
24241,2.93,57.95,0.1
24242,3.06,57.95,0.09
24243,3.18,57.95,0.08
24244,3.31,57.95,0.08
24245,3.43,57.95,0.07
24246,3.56,57.95,0.07
24247,3.68,57.95,0.07
24248,3.81,57.95,0.06
24249,3.93,57.95,0.06
24250,4.06,57.95,0.06
24251,4.18,57.95,0.05
24252,4.31,57.95,0.05
24253,4.43,57.95,0.04
24254,4.56,57.95,0.04
24255,4.68,57.95,0.03
24256,4.81,57.95,0.03
24257,4.93,57.95,0.02
24258,5.06,57.95,0.02
24259,5.18,57.95,0.02
24260,5.31,57.95,0.02
24261,5.43,57.95,0.01
24262,5.56,57.95,0.01
24263,5.68,57.95,0.01
24264,5.81,57.95,0.01
24265,5.93,57.95,0.01
24266,6.06,57.95,0.01
24267,6.18,57.95,0.01
24268,6.31,57.95,0.01
24269,6.43,57.95,0.01
24270,6.56,57.95,0.01
24271,6.68,57.95,0.01
24272,6.81,57.95,0.01
24273,6.93,57.95,0.01
24274,7.06,57.95,0.01
24275,7.18,57.95,6.11E-03
24276,7.31,57.95,4.70E-03
24277,7.43,57.95,4.00E-03
24278,7.56,57.95,3.13E-03
24279,7.68,57.95,2.08E-03
24280,7.81,57.95,1.35E-03
24281,7.93,57.95,1.01E-03
24282,8.06,57.95,9.28E-04
24283,8.18,57.95,8.98E-04
24284,8.31,57.95,8.50E-04
24285,8.43,57.95,7.05E-04
24286,8.56,57.95,5.55E-04
24287,8.68,57.95,4.50E-04
24288,8.81,57.95,3.87E-04
24289,8.93,57.95,3.30E-04
24290,9.06,57.95,2.65E-04
24291,9.18,57.95,1.94E-04
24292,9.31,57.95,1.43E-04
24293,9.43,57.95,1.22E-04
24294,9.56,57.95,1.15E-04
24295,9.68,57.95,1.16E-04
24296,9.81,57.95,1.25E-04
24297,9.93,57.95,1.66E-04
24298,10.06,57.95,2.69E-04
24299,10.18,57.95,4.84E-04
24300,10.31,57.95,7.97E-04
24301,10.43,57.95,1.65E-03
24302,10.56,57.95,2.89E-03
24303,10.68,57.95,3.72E-03
24304,10.81,57.95,4.53E-03
24305,10.93,57.95,6.11E-03
24306,11.06,57.95,9.74E-03
24307,11.18,57.95,0.01
24308,11.31,57.95,0.01
24309,11.43,57.95,0.01
24310,11.56,57.95,0.02
24311,11.68,57.95,1000000
24312,11.81,57.95,1000000
24313,11.93,57.95,1000000
24314,12.06,57.95,1000000
24315,12.18,57.95,1000000
24316,12.31,57.95,1000000
24317,12.43,57.95,1000000
24318,12.56,57.95,1000000
24319,12.68,57.95,1000000
24320,12.81,57.95,1000000
24321,12.93,57.95,1000000
24322,-12.06,58.04,1000000
24323,-11.93,58.04,1000000
24324,-11.81,58.04,1000000
24325,-11.68,58.04,1000000
24326,-11.56,58.04,1000000
24327,-11.43,58.04,1000000
24328,-11.31,58.04,3.11E-03
24329,-11.18,58.04,4.04E-03
24330,-11.06,58.04,4.76E-03
24331,-10.93,58.04,5.63E-03
24332,-10.81,58.04,6.62E-03
24333,-10.68,58.04,7.78E-03
24334,-10.56,58.04,9.15E-03
24335,-10.43,58.04,0.01
24336,-10.31,58.04,0.01
24337,-10.18,58.04,0.01
24338,-10.06,58.04,0.01
24339,-9.93,58.04,0.02
24340,-9.81,58.04,0.02
24341,-9.68,58.04,0.02
24342,-9.56,58.04,0.03
24343,-9.43,58.04,0.03
24344,-9.31,58.04,0.04
24345,-9.18,58.04,0.05
24346,-9.06,58.04,0.06
24347,-8.93,58.04,0.06
24348,-8.81,58.04,0.06
24349,-8.68,58.04,0.06
24350,-8.56,58.04,0.06
24351,-8.43,58.04,0.06
24352,-8.31,58.04,0.06
24353,-8.18,58.04,0.06
24354,-8.06,58.04,0.06
24355,-7.93,58.04,0.07
24356,-7.81,58.04,0.07
24357,-7.68,58.04,0.06
24358,-7.56,58.04,0.06
24359,-7.43,58.04,0.06
24360,-7.31,58.04,0.06
24361,-7.18,58.04,0.13
24362,-7.06,58.04,0.11
24363,-6.93,58.04,1000000
24364,-6.81,58.04,1000000
24365,-6.68,58.04,1000000
24366,-6.56,58.04,1000000
24367,-6.43,58.04,1000000
24368,-6.31,58.04,0.1
24369,-6.18,58.04,0.16
24370,-6.06,58.04,0.18
24371,-5.93,58.04,0.16
24372,-5.81,58.04,0.13
24373,-5.68,58.04,0.12
24374,-5.56,58.04,0.08
24375,-5.43,58.04,0.06
24376,-5.31,58.04,1000000
24377,-5.18,58.04,1000000
24378,-5.06,58.04,1000000
24379,-4.93,58.04,1000000
24380,-4.81,58.04,1000000
24381,-4.68,58.04,1000000
24382,-4.56,58.04,1000000
24383,-4.43,58.04,1000000
24384,-4.31,58.04,1000000
24385,-4.18,58.04,1000000
24386,-4.06,58.04,1000000
24387,-3.93,58.04,1000000
24388,-3.81,58.04,0.02
24389,-3.68,58.04,0.05
24390,-3.56,58.04,0.11
24391,-3.43,58.04,0.1
24392,-3.31,58.04,0.08
24393,-3.18,58.04,0.06
24394,-3.06,58.04,0.07
24395,-2.93,58.04,0.07
24396,-2.81,58.04,0.07
24397,-2.68,58.04,0.07
24398,-2.56,58.04,0.08
24399,-2.43,58.04,0.1
24400,-2.31,58.04,0.13
24401,-2.18,58.04,0.15
24402,-2.06,58.04,0.17
24403,-1.93,58.04,0.17
24404,-1.81,58.04,0.17
24405,-1.68,58.04,0.16
24406,-1.56,58.04,0.16
24407,-1.43,58.04,0.17
24408,-1.31,58.04,0.18
24409,-1.18,58.04,0.19
24410,-1.06,58.04,0.19
24411,-0.93,58.04,0.19
24412,-0.81,58.04,0.18
24413,-0.68,58.04,0.16
24414,-0.56,58.04,0.15
24415,-0.43,58.04,0.14
24416,-0.31,58.04,0.14
24417,-0.18,58.04,0.13
24418,-0.06,58.04,0.12
24419,0.06,58.04,0.12
24420,0.18,58.04,0.11
24421,0.31,58.04,0.1
24422,0.43,58.04,0.1
24423,0.56,58.04,0.09
24424,0.68,58.04,0.09
24425,0.81,58.04,0.09
24426,0.93,58.04,0.08
24427,1.06,58.04,0.08
24428,1.18,58.04,0.08
24429,1.31,58.04,0.08
24430,1.43,58.04,0.08
24431,1.56,58.04,0.08
24432,1.68,58.04,0.09
24433,1.81,58.04,0.09
24434,1.93,58.04,0.09
24435,2.06,58.04,0.1
24436,2.18,58.04,0.1
24437,2.31,58.04,0.1
24438,2.43,58.04,0.1
24439,2.56,58.04,0.1
24440,2.68,58.04,0.1
24441,2.81,58.04,0.1
24442,2.93,58.04,0.09
24443,3.06,58.04,0.08
24444,3.18,58.04,0.07
24445,3.31,58.04,0.06
24446,3.43,58.04,0.06
24447,3.56,58.04,0.06
24448,3.68,58.04,0.06
24449,3.81,58.04,0.05
24450,3.93,58.04,0.05
24451,4.06,58.04,0.05
24452,4.18,58.04,0.04
24453,4.31,58.04,0.04
24454,4.43,58.04,0.03
24455,4.56,58.04,0.02
24456,4.68,58.04,0.02
24457,4.81,58.04,0.02
24458,4.93,58.04,0.02
24459,5.06,58.04,0.02
24460,5.18,58.04,0.02
24461,5.31,58.04,0.02
24462,5.43,58.04,0.01
24463,5.56,58.04,0.01
24464,5.68,58.04,0.01
24465,5.81,58.04,0.01
24466,5.93,58.04,0.01
24467,6.06,58.04,0.01
24468,6.18,58.04,0.01
24469,6.31,58.04,0.01
24470,6.43,58.04,0.01
24471,6.56,58.04,0.01
24472,6.68,58.04,0.01
24473,6.81,58.04,0.01
24474,6.93,58.04,0.01
24475,7.06,58.04,1000000
24476,7.18,58.04,1000000
24477,7.31,58.04,1000000
24478,7.43,58.04,1000000
24479,7.56,58.04,1000000
24480,7.68,58.04,1000000
24481,7.81,58.04,5.01E-04
24482,7.93,58.04,6.80E-04
24483,8.06,58.04,9.44E-04
24484,8.18,58.04,8.95E-04
24485,8.31,58.04,8.41E-04
24486,8.43,58.04,7.48E-04
24487,8.56,58.04,5.65E-04
24488,8.68,58.04,4.31E-04
24489,8.81,58.04,3.46E-04
24490,8.93,58.04,2.60E-04
24491,9.06,58.04,1.88E-04
24492,9.18,58.04,1.31E-04
24493,9.31,58.04,9.16E-05
24494,9.43,58.04,7.08E-05
24495,9.56,58.04,6.40E-05
24496,9.68,58.04,6.13E-05
24497,9.81,58.04,5.76E-05
24498,9.93,58.04,6.70E-05
24499,10.06,58.04,1.10E-04
24500,10.18,58.04,2.20E-04
24501,10.31,58.04,4.11E-04
24502,10.43,58.04,6.86E-04
24503,10.56,58.04,1.12E-03
24504,10.68,58.04,1.65E-03
24505,10.81,58.04,2.31E-03
24506,10.93,58.04,3.10E-03
24507,11.06,58.04,4.34E-03
24508,11.18,58.04,6.05E-03
24509,11.31,58.04,7.86E-03
24510,11.43,58.04,9.65E-03
24511,11.56,58.04,0.01
24512,11.68,58.04,1000000
24513,11.81,58.04,1000000
24514,11.93,58.04,1000000
24515,12.06,58.04,1000000
24516,12.18,58.04,1000000
24517,12.31,58.04,1000000
24518,12.43,58.04,1000000
24519,12.56,58.04,1000000
24520,12.68,58.04,1000000
24521,12.81,58.04,1000000
24522,12.93,58.04,1000000
24523,-12.06,58.12,1000000
24524,-11.93,58.12,1000000
24525,-11.81,58.12,1000000
24526,-11.68,58.12,1000000
24527,-11.56,58.12,1000000
24528,-11.43,58.12,1000000
24529,-11.31,58.12,1000000
24530,-11.18,58.12,4.92E-03
24531,-11.06,58.12,5.97E-03
24532,-10.93,58.12,6.51E-03
24533,-10.81,58.12,7.24E-03
24534,-10.68,58.12,8.34E-03
24535,-10.56,58.12,9.76E-03
24536,-10.43,58.12,0.01
24537,-10.31,58.12,0.01
24538,-10.18,58.12,0.01
24539,-10.06,58.12,0.01
24540,-9.93,58.12,0.02
24541,-9.81,58.12,0.02
24542,-9.68,58.12,0.02
24543,-9.56,58.12,0.03
24544,-9.43,58.12,0.04
24545,-9.31,58.12,0.05
24546,-9.18,58.12,0.06
24547,-9.06,58.12,0.06
24548,-8.93,58.12,0.07
24549,-8.81,58.12,0.07
24550,-8.68,58.12,0.07
24551,-8.56,58.12,0.07
24552,-8.43,58.12,0.07
24553,-8.31,58.12,0.07
24554,-8.18,58.12,0.07
24555,-8.06,58.12,0.07
24556,-7.93,58.12,0.07
24557,-7.81,58.12,0.09
24558,-7.68,58.12,0.08
24559,-7.56,58.12,0.07
24560,-7.43,58.12,0.07
24561,-7.31,58.12,0.08
24562,-7.18,58.12,0.1
24563,-7.06,58.12,1000000
24564,-6.93,58.12,1000000
24565,-6.81,58.12,1000000
24566,-6.68,58.12,1000000
24567,-6.56,58.12,1000000
24568,-6.43,58.12,1000000
24569,-6.31,58.12,0.06
24570,-6.18,58.12,0.15
24571,-6.06,58.12,0.14
24572,-5.93,58.12,0.13
24573,-5.81,58.12,0.14
24574,-5.68,58.12,0.13
24575,-5.56,58.12,0.1
24576,-5.43,58.12,0.09
24577,-5.31,58.12,2.70E-03
24578,-5.18,58.12,1000000
24579,-5.06,58.12,1000000
24580,-4.93,58.12,1000000
24581,-4.81,58.12,1000000
24582,-4.68,58.12,1000000
24583,-4.56,58.12,1000000
24584,-4.43,58.12,1000000
24585,-4.31,58.12,1000000
24586,-4.18,58.12,1000000
24587,-4.06,58.12,1000000
24588,-3.93,58.12,1000000
24589,-3.81,58.12,1000000
24590,-3.68,58.12,1000000
24591,-3.56,58.12,0.13
24592,-3.43,58.12,0.11
24593,-3.31,58.12,0.1
24594,-3.18,58.12,0.1
24595,-3.06,58.12,0.12
24596,-2.93,58.12,0.14
24597,-2.81,58.12,0.15
24598,-2.68,58.12,0.13
24599,-2.56,58.12,0.12
24600,-2.43,58.12,0.13
24601,-2.31,58.12,0.14
24602,-2.18,58.12,0.15
24603,-2.06,58.12,0.17
24604,-1.93,58.12,0.17
24605,-1.81,58.12,0.17
24606,-1.68,58.12,0.16
24607,-1.56,58.12,0.16
24608,-1.43,58.12,0.15
24609,-1.31,58.12,0.15
24610,-1.18,58.12,0.15
24611,-1.06,58.12,0.15
24612,-0.93,58.12,0.16
24613,-0.81,58.12,0.15
24614,-0.68,58.12,0.14
24615,-0.56,58.12,0.14
24616,-0.43,58.12,0.13
24617,-0.31,58.12,0.12
24618,-0.18,58.12,0.12
24619,-0.06,58.12,0.11
24620,0.06,58.12,0.11
24621,0.18,58.12,0.1
24622,0.31,58.12,0.1
24623,0.43,58.12,0.09
24624,0.56,58.12,0.09
24625,0.68,58.12,0.08
24626,0.81,58.12,0.08
24627,0.93,58.12,0.08
24628,1.06,58.12,0.08
24629,1.18,58.12,0.08
24630,1.31,58.12,0.07
24631,1.43,58.12,0.08
24632,1.56,58.12,0.08
24633,1.68,58.12,0.08
24634,1.81,58.12,0.09
24635,1.93,58.12,0.09
24636,2.06,58.12,0.09
24637,2.18,58.12,0.09
24638,2.31,58.12,0.1
24639,2.43,58.12,0.1
24640,2.56,58.12,0.09
24641,2.68,58.12,0.09
24642,2.81,58.12,0.08
24643,2.93,58.12,0.07
24644,3.06,58.12,0.07
24645,3.18,58.12,0.06
24646,3.31,58.12,0.05
24647,3.43,58.12,0.05
24648,3.56,58.12,0.05
24649,3.68,58.12,0.05
24650,3.81,58.12,0.04
24651,3.93,58.12,0.04
24652,4.06,58.12,0.03
24653,4.18,58.12,0.03
24654,4.31,58.12,0.02
24655,4.43,58.12,0.02
24656,4.56,58.12,0.02
24657,4.68,58.12,0.02
24658,4.81,58.12,0.01
24659,4.93,58.12,0.01
24660,5.06,58.12,0.01
24661,5.18,58.12,0.01
24662,5.31,58.12,0.01
24663,5.43,58.12,0.01
24664,5.56,58.12,0.02
24665,5.68,58.12,0.01
24666,5.81,58.12,0.01
24667,5.93,58.12,0.01
24668,6.06,58.12,0.01
24669,6.18,58.12,0.01
24670,6.31,58.12,1.00E-02
24671,6.43,58.12,7.79E-03
24672,6.56,58.12,8.37E-03
24673,6.68,58.12,1000000
24674,6.81,58.12,1000000
24675,6.93,58.12,1000000
24676,7.06,58.12,1000000
24677,7.18,58.12,1000000
24678,7.31,58.12,1000000
24679,7.43,58.12,1000000
24680,7.56,58.12,1000000
24681,7.68,58.12,1000000
24682,7.81,58.12,1000000
24683,7.93,58.12,1000000
24684,8.06,58.12,1.89E-05
24685,8.18,58.12,1000000
24686,8.31,58.12,6.36E-04
24687,8.43,58.12,6.33E-04
24688,8.56,58.12,4.86E-04
24689,8.68,58.12,3.77E-04
24690,8.81,58.12,2.76E-04
24691,8.93,58.12,1.88E-04
24692,9.06,58.12,1.32E-04
24693,9.18,58.12,8.93E-05
24694,9.31,58.12,6.11E-05
24695,9.43,58.12,4.68E-05
24696,9.56,58.12,3.67E-05
24697,9.68,58.12,2.76E-05
24698,9.81,58.12,2.38E-05
24699,9.93,58.12,2.87E-05
24700,10.06,58.12,4.87E-05
24701,10.18,58.12,1.08E-04
24702,10.31,58.12,2.42E-04
24703,10.43,58.12,4.23E-04
24704,10.56,58.12,6.14E-04
24705,10.68,58.12,8.49E-04
24706,10.81,58.12,1.22E-03
24707,10.93,58.12,1.77E-03
24708,11.06,58.12,2.54E-03
24709,11.18,58.12,3.39E-03
24710,11.31,58.12,4.03E-03
24711,11.43,58.12,4.96E-03
24712,11.56,58.12,1000000
24713,11.68,58.12,1000000
24714,11.81,58.12,1000000
24715,11.93,58.12,1000000
24716,12.06,58.12,1000000
24717,12.18,58.12,1000000
24718,12.31,58.12,1000000
24719,12.43,58.12,1000000
24720,12.56,58.12,1000000
24721,12.68,58.12,1000000
24722,12.81,58.12,1000000
24723,12.93,58.12,1000000
24724,-12.06,58.2,1000000
24725,-11.93,58.2,1000000
24726,-11.81,58.2,1000000
24727,-11.68,58.2,1000000
24728,-11.56,58.2,1000000
24729,-11.43,58.2,1000000
24730,-11.31,58.2,1000000
24731,-11.18,58.2,1000000
24732,-11.06,58.2,7.01E-03
24733,-10.93,58.2,7.83E-03
24734,-10.81,58.2,8.31E-03
24735,-10.68,58.2,9.34E-03
24736,-10.56,58.2,0.01
24737,-10.43,58.2,0.01
24738,-10.31,58.2,0.01
24739,-10.18,58.2,0.01
24740,-10.06,58.2,0.01
24741,-9.93,58.2,0.02
24742,-9.81,58.2,0.02
24743,-9.68,58.2,0.03
24744,-9.56,58.2,0.04
24745,-9.43,58.2,0.05
24746,-9.31,58.2,0.06
24747,-9.18,58.2,0.06
24748,-9.06,58.2,0.06
24749,-8.93,58.2,0.07
24750,-8.81,58.2,0.09
24751,-8.68,58.2,0.09
24752,-8.56,58.2,0.09
24753,-8.43,58.2,0.09
24754,-8.31,58.2,0.08
24755,-8.18,58.2,0.08
24756,-8.06,58.2,0.08
24757,-7.93,58.2,0.07
24758,-7.81,58.2,0.09
24759,-7.68,58.2,0.11
24760,-7.56,58.2,0.1
24761,-7.43,58.2,0.09
24762,-7.31,58.2,0.09
24763,-7.18,58.2,0.07
24764,-7.06,58.2,0.05
24765,-6.93,58.2,1000000
24766,-6.81,58.2,1000000
24767,-6.68,58.2,1000000
24768,-6.56,58.2,1000000
24769,-6.43,58.2,1000000
24770,-6.31,58.2,0.17
24771,-6.18,58.2,0.23
24772,-6.06,58.2,0.16
24773,-5.93,58.2,0.15
24774,-5.81,58.2,0.15
24775,-5.68,58.2,0.14
24776,-5.56,58.2,0.14
24777,-5.43,58.2,0.15
24778,-5.31,58.2,1000000
24779,-5.18,58.2,1000000
24780,-5.06,58.2,1000000
24781,-4.93,58.2,1000000
24782,-4.81,58.2,1000000
24783,-4.68,58.2,1000000
24784,-4.56,58.2,1000000
24785,-4.43,58.2,1000000
24786,-4.31,58.2,1000000
24787,-4.18,58.2,1000000
24788,-4.06,58.2,1000000
24789,-3.93,58.2,1000000
24790,-3.81,58.2,1000000
24791,-3.68,58.2,1000000
24792,-3.56,58.2,1000000
24793,-3.43,58.2,0.1
24794,-3.31,58.2,0.13
24795,-3.18,58.2,0.15
24796,-3.06,58.2,0.23
24797,-2.93,58.2,0.23
24798,-2.81,58.2,0.22
24799,-2.68,58.2,0.2
24800,-2.56,58.2,0.18
24801,-2.43,58.2,0.17
24802,-2.31,58.2,0.16
24803,-2.18,58.2,0.16
24804,-2.06,58.2,0.17
24805,-1.93,58.2,0.17
24806,-1.81,58.2,0.17
24807,-1.68,58.2,0.17
24808,-1.56,58.2,0.16
24809,-1.43,58.2,0.15
24810,-1.31,58.2,0.14
24811,-1.18,58.2,0.13
24812,-1.06,58.2,0.13
24813,-0.93,58.2,0.14
24814,-0.81,58.2,0.14
24815,-0.68,58.2,0.13
24816,-0.56,58.2,0.13
24817,-0.43,58.2,0.12
24818,-0.31,58.2,0.11
24819,-0.18,58.2,0.11
24820,-0.06,58.2,0.1
24821,0.06,58.2,0.1
24822,0.18,58.2,0.1
24823,0.31,58.2,0.09
24824,0.43,58.2,0.09
24825,0.56,58.2,0.08
24826,0.68,58.2,0.08
24827,0.81,58.2,0.08
24828,0.93,58.2,0.08
24829,1.06,58.2,0.08
24830,1.18,58.2,0.07
24831,1.31,58.2,0.07
24832,1.43,58.2,0.07
24833,1.56,58.2,0.08
24834,1.68,58.2,0.08
24835,1.81,58.2,0.08
24836,1.93,58.2,0.09
24837,2.06,58.2,0.09
24838,2.18,58.2,0.09
24839,2.31,58.2,0.09
24840,2.43,58.2,0.09
24841,2.56,58.2,0.08
24842,2.68,58.2,0.07
24843,2.81,58.2,0.06
24844,2.93,58.2,0.06
24845,3.06,58.2,0.05
24846,3.18,58.2,0.05
24847,3.31,58.2,0.04
24848,3.43,58.2,0.04
24849,3.56,58.2,0.04
24850,3.68,58.2,0.04
24851,3.81,58.2,0.03
24852,3.93,58.2,0.03
24853,4.06,58.2,0.02
24854,4.18,58.2,0.02
24855,4.31,58.2,0.02
24856,4.43,58.2,0.02
24857,4.56,58.2,0.02
24858,4.68,58.2,0.01
24859,4.81,58.2,0.01
24860,4.93,58.2,0.01
24861,5.06,58.2,0.01
24862,5.18,58.2,0.01
24863,5.31,58.2,0.01
24864,5.43,58.2,0.02
24865,5.56,58.2,0.02
24866,5.68,58.2,0.02
24867,5.81,58.2,0.02
24868,5.93,58.2,0.02
24869,6.06,58.2,0.02
24870,6.18,58.2,0.01
24871,6.31,58.2,8.43E-03
24872,6.43,58.2,4.17E-03
24873,6.56,58.2,3.21E-03
24874,6.68,58.2,3.32E-07
24875,6.81,58.2,1000000
24876,6.93,58.2,1000000
24877,7.06,58.2,1000000
24878,7.18,58.2,1000000
24879,7.31,58.2,1000000
24880,7.43,58.2,1000000
24881,7.56,58.2,1000000
24882,7.68,58.2,1000000
24883,7.81,58.2,1000000
24884,7.93,58.2,1000000
24885,8.06,58.2,1000000
24886,8.18,58.2,1000000
24887,8.31,58.2,1000000
24888,8.43,58.2,3.69E-04
24889,8.56,58.2,3.17E-04
24890,8.68,58.2,2.59E-04
24891,8.81,58.2,1.84E-04
24892,8.93,58.2,1.33E-04
24893,9.06,58.2,9.56E-05
24894,9.18,58.2,6.69E-05
24895,9.31,58.2,4.92E-05
24896,9.43,58.2,3.72E-05
24897,9.56,58.2,2.60E-05
24898,9.68,58.2,1.61E-05
24899,9.81,58.2,9.22E-06
24900,9.93,58.2,1.60E-05
24901,10.06,58.2,2.85E-05
24902,10.18,58.2,5.96E-05
24903,10.31,58.2,1.36E-04
24904,10.43,58.2,2.57E-04
24905,10.56,58.2,3.76E-04
24906,10.68,58.2,5.00E-04
24907,10.81,58.2,6.85E-04
24908,10.93,58.2,9.98E-04
24909,11.06,58.2,1.54E-03
24910,11.18,58.2,2.33E-03
24911,11.31,58.2,3.00E-03
24912,11.43,58.2,3.23E-03
24913,11.56,58.2,1000000
24914,11.68,58.2,1000000
24915,11.81,58.2,1000000
24916,11.93,58.2,1000000
24917,12.06,58.2,1000000
24918,12.18,58.2,1000000
24919,12.31,58.2,1000000
24920,12.43,58.2,1000000
24921,12.56,58.2,1000000
24922,12.68,58.2,1000000
24923,12.81,58.2,1000000
24924,12.93,58.2,1000000
24925,-12.06,58.29,1000000
24926,-11.93,58.29,1000000
24927,-11.81,58.29,1000000
24928,-11.68,58.29,1000000
24929,-11.56,58.29,1000000
24930,-11.43,58.29,1000000
24931,-11.31,58.29,1000000
24932,-11.18,58.29,1000000
24933,-11.06,58.29,1000000
24934,-10.93,58.29,9.41E-03
24935,-10.81,58.29,0.01
24936,-10.68,58.29,0.01
24937,-10.56,58.29,0.01
24938,-10.43,58.29,0.01
24939,-10.31,58.29,0.01
24940,-10.18,58.29,0.01
24941,-10.06,58.29,0.01
24942,-9.93,58.29,0.02
24943,-9.81,58.29,0.02
24944,-9.68,58.29,0.03
24945,-9.56,58.29,0.04
24946,-9.43,58.29,0.05
24947,-9.31,58.29,0.05
24948,-9.18,58.29,0.06
24949,-9.06,58.29,0.06
24950,-8.93,58.29,0.07
24951,-8.81,58.29,0.07
24952,-8.68,58.29,0.08
24953,-8.56,58.29,0.09
24954,-8.43,58.29,0.09
24955,-8.31,58.29,0.09
24956,-8.18,58.29,0.09
24957,-8.06,58.29,0.08
24958,-7.93,58.29,0.07
24959,-7.81,58.29,0.07
24960,-7.68,58.29,0.09
24961,-7.56,58.29,0.09
24962,-7.43,58.29,0.07
24963,-7.31,58.29,0.06
24964,-7.18,58.29,0.05
24965,-7.06,58.29,0.06
24966,-6.93,58.29,0.05
24967,-6.81,58.29,0.05
24968,-6.68,58.29,1000000
24969,-6.56,58.29,1000000
24970,-6.43,58.29,1000000
24971,-6.31,58.29,1000000
24972,-6.18,58.29,0.11
24973,-6.06,58.29,0.15
24974,-5.93,58.29,0.15
24975,-5.81,58.29,0.15
24976,-5.68,58.29,0.16
24977,-5.56,58.29,0.19
24978,-5.43,58.29,0.25
24979,-5.31,58.29,0.09
24980,-5.18,58.29,0.04
24981,-5.06,58.29,1000000
24982,-4.93,58.29,1000000
24983,-4.81,58.29,1000000
24984,-4.68,58.29,1000000
24985,-4.56,58.29,1000000
24986,-4.43,58.29,1000000
24987,-4.31,58.29,1000000
24988,-4.18,58.29,1000000
24989,-4.06,58.29,1000000
24990,-3.93,58.29,1000000
24991,-3.81,58.29,1000000
24992,-3.68,58.29,1000000
24993,-3.56,58.29,1000000
24994,-3.43,58.29,1000000
24995,-3.31,58.29,0.15
24996,-3.18,58.29,0.24
24997,-3.06,58.29,0.5
24998,-2.93,58.29,0.37
24999,-2.81,58.29,0.29
25000,-2.68,58.29,0.26
25001,-2.56,58.29,0.24
25002,-2.43,58.29,0.21
25003,-2.31,58.29,0.19
25004,-2.18,58.29,0.18
25005,-2.06,58.29,0.18
25006,-1.93,58.29,0.18
25007,-1.81,58.29,0.17
25008,-1.68,58.29,0.17
25009,-1.56,58.29,0.17
25010,-1.43,58.29,0.17
25011,-1.31,58.29,0.16
25012,-1.18,58.29,0.15
25013,-1.06,58.29,0.14
25014,-0.93,58.29,0.14
25015,-0.81,58.29,0.13
25016,-0.68,58.29,0.13
25017,-0.56,58.29,0.12
25018,-0.43,58.29,0.12
25019,-0.31,58.29,0.11
25020,-0.18,58.29,0.1
25021,-0.06,58.29,0.1
25022,0.06,58.29,0.09
25023,0.18,58.29,0.09
25024,0.31,58.29,0.09
25025,0.43,58.29,0.08
25026,0.56,58.29,0.08
25027,0.68,58.29,0.08
25028,0.81,58.29,0.08
25029,0.93,58.29,0.08
25030,1.06,58.29,0.07
25031,1.18,58.29,0.07
25032,1.31,58.29,0.07
25033,1.43,58.29,0.07
25034,1.56,58.29,0.07
25035,1.68,58.29,0.07
25036,1.81,58.29,0.07
25037,1.93,58.29,0.08
25038,2.06,58.29,0.08
25039,2.18,58.29,0.08
25040,2.31,58.29,0.08
25041,2.43,58.29,0.07
25042,2.56,58.29,0.06
25043,2.68,58.29,0.06
25044,2.81,58.29,0.05
25045,2.93,58.29,0.05
25046,3.06,58.29,0.04
25047,3.18,58.29,0.04
25048,3.31,58.29,0.04
25049,3.43,58.29,0.04
25050,3.56,58.29,0.03
25051,3.68,58.29,0.03
25052,3.81,58.29,0.03
25053,3.93,58.29,0.03
25054,4.06,58.29,0.02
25055,4.18,58.29,0.02
25056,4.31,58.29,0.02
25057,4.43,58.29,0.02
25058,4.56,58.29,0.02
25059,4.68,58.29,0.02
25060,4.81,58.29,0.02
25061,4.93,58.29,0.02
25062,5.06,58.29,0.02
25063,5.18,58.29,0.02
25064,5.31,58.29,0.02
25065,5.43,58.29,0.02
25066,5.56,58.29,0.02
25067,5.68,58.29,0.02
25068,5.81,58.29,0.02
25069,5.93,58.29,0.03
25070,6.06,58.29,0.02
25071,6.18,58.29,0.01
25072,6.31,58.29,0.01
25073,6.43,58.29,1000000
25074,6.56,58.29,1000000
25075,6.68,58.29,1000000
25076,6.81,58.29,1000000
25077,6.93,58.29,1000000
25078,7.06,58.29,1000000
25079,7.18,58.29,1000000
25080,7.31,58.29,1000000
25081,7.43,58.29,1000000
25082,7.56,58.29,1000000
25083,7.68,58.29,1000000
25084,7.81,58.29,1000000
25085,7.93,58.29,1000000
25086,8.06,58.29,1000000
25087,8.18,58.29,1000000
25088,8.31,58.29,1000000
25089,8.43,58.29,1000000
25090,8.56,58.29,2.23E-04
25091,8.68,58.29,1.44E-04
25092,8.81,58.29,1.09E-04
25093,8.93,58.29,1.01E-04
25094,9.06,58.29,7.90E-05
25095,9.18,58.29,6.00E-05
25096,9.31,58.29,4.64E-05
25097,9.43,58.29,3.52E-05
25098,9.56,58.29,2.63E-05
25099,9.68,58.29,1.97E-05
25100,9.81,58.29,1.67E-05
25101,9.93,58.29,1.96E-05
25102,10.06,58.29,2.79E-05
25103,10.18,58.29,4.54E-05
25104,10.31,58.29,8.48E-05
25105,10.43,58.29,1.55E-04
25106,10.56,58.29,2.34E-04
25107,10.68,58.29,3.02E-04
25108,10.81,58.29,3.83E-04
25109,10.93,58.29,5.03E-04
25110,11.06,58.29,7.08E-04
25111,11.18,58.29,1.17E-03
25112,11.31,58.29,2.15E-03
25113,11.43,58.29,3.08E-03
25114,11.56,58.29,1000000
25115,11.68,58.29,1000000
25116,11.81,58.29,1000000
25117,11.93,58.29,1000000
25118,12.06,58.29,1000000
25119,12.18,58.29,1000000
25120,12.31,58.29,1000000
25121,12.43,58.29,1000000
25122,12.56,58.29,1000000
25123,12.68,58.29,1000000
25124,12.81,58.29,1000000
25125,12.93,58.29,1000000
25126,-12.06,58.37,1000000
25127,-11.93,58.37,1000000
25128,-11.81,58.37,1000000
25129,-11.68,58.37,1000000
25130,-11.56,58.37,1000000
25131,-11.43,58.37,1000000
25132,-11.31,58.37,1000000
25133,-11.18,58.37,1000000
25134,-11.06,58.37,1000000
25135,-10.93,58.37,1000000
25136,-10.81,58.37,0.01
25137,-10.68,58.37,0.01
25138,-10.56,58.37,0.01
25139,-10.43,58.37,0.01
25140,-10.31,58.37,0.01
25141,-10.18,58.37,0.01
25142,-10.06,58.37,0.02
25143,-9.93,58.37,0.02
25144,-9.81,58.37,0.02
25145,-9.68,58.37,0.03
25146,-9.56,58.37,0.04
25147,-9.43,58.37,0.04
25148,-9.31,58.37,0.04
25149,-9.18,58.37,0.05
25150,-9.06,58.37,0.05
25151,-8.93,58.37,0.05
25152,-8.81,58.37,0.05
25153,-8.68,58.37,0.05
25154,-8.56,58.37,0.06
25155,-8.43,58.37,0.07
25156,-8.31,58.37,0.08
25157,-8.18,58.37,0.09
25158,-8.06,58.37,0.08
25159,-7.93,58.37,0.07
25160,-7.81,58.37,0.06
25161,-7.68,58.37,0.05
25162,-7.56,58.37,0.06
25163,-7.43,58.37,0.06
25164,-7.31,58.37,0.05
25165,-7.18,58.37,0.03
25166,-7.06,58.37,0.04
25167,-6.93,58.37,0.05
25168,-6.81,58.37,0.07
25169,-6.68,58.37,0.05
25170,-6.56,58.37,0.04
25171,-6.43,58.37,1000000
25172,-6.31,58.37,1000000
25173,-6.18,58.37,0.11
25174,-6.06,58.37,0.15
25175,-5.93,58.37,0.14
25176,-5.81,58.37,0.14
25177,-5.68,58.37,0.16
25178,-5.56,58.37,0.17
25179,-5.43,58.37,0.15
25180,-5.31,58.37,0.09
25181,-5.18,58.37,0.08
25182,-5.06,58.37,1000000
25183,-4.93,58.37,1000000
25184,-4.81,58.37,1000000
25185,-4.68,58.37,1000000
25186,-4.56,58.37,1000000
25187,-4.43,58.37,1000000
25188,-4.31,58.37,1000000
25189,-4.18,58.37,1000000
25190,-4.06,58.37,1000000
25191,-3.93,58.37,1000000
25192,-3.81,58.37,1000000
25193,-3.68,58.37,1000000
25194,-3.56,58.37,1000000
25195,-3.43,58.37,1000000
25196,-3.31,58.37,1000000
25197,-3.18,58.37,1000000
25198,-3.06,58.37,0.47
25199,-2.93,58.37,0.42
25200,-2.81,58.37,0.34
25201,-2.68,58.37,0.32
25202,-2.56,58.37,0.29
25203,-2.43,58.37,0.27
25204,-2.31,58.37,0.24
25205,-2.18,58.37,0.21
25206,-2.06,58.37,0.2
25207,-1.93,58.37,0.19
25208,-1.81,58.37,0.18
25209,-1.68,58.37,0.18
25210,-1.56,58.37,0.18
25211,-1.43,58.37,0.18
25212,-1.31,58.37,0.18
25213,-1.18,58.37,0.17
25214,-1.06,58.37,0.16
25215,-0.93,58.37,0.15
25216,-0.81,58.37,0.14
25217,-0.68,58.37,0.13
25218,-0.56,58.37,0.12
25219,-0.43,58.37,0.12
25220,-0.31,58.37,0.11
25221,-0.18,58.37,0.11
25222,-0.06,58.37,0.1
25223,0.06,58.37,0.09
25224,0.18,58.37,0.09
25225,0.31,58.37,0.09
25226,0.43,58.37,0.08
25227,0.56,58.37,0.08
25228,0.68,58.37,0.08
25229,0.81,58.37,0.08
25230,0.93,58.37,0.07
25231,1.06,58.37,0.07
25232,1.18,58.37,0.07
25233,1.31,58.37,0.07
25234,1.43,58.37,0.07
25235,1.56,58.37,0.07
25236,1.68,58.37,0.06
25237,1.81,58.37,0.06
25238,1.93,58.37,0.07
25239,2.06,58.37,0.07
25240,2.18,58.37,0.07
25241,2.31,58.37,0.06
25242,2.43,58.37,0.06
25243,2.56,58.37,0.05
25244,2.68,58.37,0.05
25245,2.81,58.37,0.05
25246,2.93,58.37,0.04
25247,3.06,58.37,0.04
25248,3.18,58.37,0.04
25249,3.31,58.37,0.04
25250,3.43,58.37,0.03
25251,3.56,58.37,0.03
25252,3.68,58.37,0.03
25253,3.81,58.37,0.03
25254,3.93,58.37,0.02
25255,4.06,58.37,0.02
25256,4.18,58.37,0.02
25257,4.31,58.37,0.02
25258,4.43,58.37,0.02
25259,4.56,58.37,0.02
25260,4.68,58.37,0.02
25261,4.81,58.37,0.02
25262,4.93,58.37,0.02
25263,5.06,58.37,0.02
25264,5.18,58.37,0.02
25265,5.31,58.37,0.02
25266,5.43,58.37,0.02
25267,5.56,58.37,0.02
25268,5.68,58.37,0.02
25269,5.81,58.37,0.02
25270,5.93,58.37,0.03
25271,6.06,58.37,0.03
25272,6.18,58.37,1000000
25273,6.31,58.37,1000000
25274,6.43,58.37,1000000
25275,6.56,58.37,1000000
25276,6.68,58.37,1000000
25277,6.81,58.37,1000000
25278,6.93,58.37,1000000
25279,7.06,58.37,1000000
25280,7.18,58.37,1000000
25281,7.31,58.37,1000000
25282,7.43,58.37,1000000
25283,7.56,58.37,1000000
25284,7.68,58.37,1000000
25285,7.81,58.37,1000000
25286,7.93,58.37,1000000
25287,8.06,58.37,1000000
25288,8.18,58.37,1000000
25289,8.31,58.37,1000000
25290,8.43,58.37,1000000
25291,8.56,58.37,1000000
25292,8.68,58.37,1000000
25293,8.81,58.37,5.36E-05
25294,8.93,58.37,5.78E-05
25295,9.06,58.37,6.51E-05
25296,9.18,58.37,5.64E-05
25297,9.31,58.37,4.53E-05
25298,9.43,58.37,3.60E-05
25299,9.56,58.37,3.00E-05
25300,9.68,58.37,2.66E-05
25301,9.81,58.37,2.63E-05
25302,9.93,58.37,2.95E-05
25303,10.06,58.37,3.67E-05
25304,10.18,58.37,4.90E-05
25305,10.31,58.37,7.08E-05
25306,10.43,58.37,1.09E-04
25307,10.56,58.37,1.58E-04
25308,10.68,58.37,2.02E-04
25309,10.81,58.37,2.43E-04
25310,10.93,58.37,2.86E-04
25311,11.06,58.37,3.04E-04
25312,11.18,58.37,3.29E-04
25313,11.31,58.37,1.29E-03
25314,11.43,58.37,1000000
25315,11.56,58.37,1000000
25316,11.68,58.37,1000000
25317,11.81,58.37,1000000
25318,11.93,58.37,1000000
25319,12.06,58.37,1000000
25320,12.18,58.37,1000000
25321,12.31,58.37,1000000
25322,12.43,58.37,1000000
25323,12.56,58.37,1000000
25324,12.68,58.37,1000000
25325,12.81,58.37,1000000
25326,12.93,58.37,1000000
25327,-12.06,58.45,1000000
25328,-11.93,58.45,1000000
25329,-11.81,58.45,1000000
25330,-11.68,58.45,1000000
25331,-11.56,58.45,1000000
25332,-11.43,58.45,1000000
25333,-11.31,58.45,1000000
25334,-11.18,58.45,1000000
25335,-11.06,58.45,1000000
25336,-10.93,58.45,1000000
25337,-10.81,58.45,1000000
25338,-10.68,58.45,0.01
25339,-10.56,58.45,0.01
25340,-10.43,58.45,0.01
25341,-10.31,58.45,0.01
25342,-10.18,58.45,0.01
25343,-10.06,58.45,0.02
25344,-9.93,58.45,0.02
25345,-9.81,58.45,0.02
25346,-9.68,58.45,0.03
25347,-9.56,58.45,0.03
25348,-9.43,58.45,0.03
25349,-9.31,58.45,0.04
25350,-9.18,58.45,0.04
25351,-9.06,58.45,0.04
25352,-8.93,58.45,0.04
25353,-8.81,58.45,0.04
25354,-8.68,58.45,0.04
25355,-8.56,58.45,0.05
25356,-8.43,58.45,0.06
25357,-8.31,58.45,0.06
25358,-8.18,58.45,0.07
25359,-8.06,58.45,0.08
25360,-7.93,58.45,0.07
25361,-7.81,58.45,0.06
25362,-7.68,58.45,0.05
25363,-7.56,58.45,0.05
25364,-7.43,58.45,0.05
25365,-7.31,58.45,0.04
25366,-7.18,58.45,0.03
25367,-7.06,58.45,0.03
25368,-6.93,58.45,0.05
25369,-6.81,58.45,0.06
25370,-6.68,58.45,0.05
25371,-6.56,58.45,0.06
25372,-6.43,58.45,0.08
25373,-6.31,58.45,1000000
25374,-6.18,58.45,0.19
25375,-6.06,58.45,0.16
25376,-5.93,58.45,0.14
25377,-5.81,58.45,0.14
25378,-5.68,58.45,0.15
25379,-5.56,58.45,0.15
25380,-5.43,58.45,0.15
25381,-5.31,58.45,0.18
25382,-5.18,58.45,0.2
25383,-5.06,58.45,0.28
25384,-4.93,58.45,1000000
25385,-4.81,58.45,1000000
25386,-4.68,58.45,1000000
25387,-4.56,58.45,1000000
25388,-4.43,58.45,1000000
25389,-4.31,58.45,1000000
25390,-4.18,58.45,1000000
25391,-4.06,58.45,1000000
25392,-3.93,58.45,1000000
25393,-3.81,58.45,1000000
25394,-3.68,58.45,1000000
25395,-3.56,58.45,1000000
25396,-3.43,58.45,1000000
25397,-3.31,58.45,1000000
25398,-3.18,58.45,1000000
25399,-3.06,58.45,0.36
25400,-2.93,58.45,0.5
25401,-2.81,58.45,0.46
25402,-2.68,58.45,0.41
25403,-2.56,58.45,0.36
25404,-2.43,58.45,0.32
25405,-2.31,58.45,0.28
25406,-2.18,58.45,0.24
25407,-2.06,58.45,0.22
25408,-1.93,58.45,0.2
25409,-1.81,58.45,0.19
25410,-1.68,58.45,0.19
25411,-1.56,58.45,0.18
25412,-1.43,58.45,0.18
25413,-1.31,58.45,0.18
25414,-1.18,58.45,0.17
25415,-1.06,58.45,0.16
25416,-0.93,58.45,0.15
25417,-0.81,58.45,0.14
25418,-0.68,58.45,0.13
25419,-0.56,58.45,0.12
25420,-0.43,58.45,0.12
25421,-0.31,58.45,0.11
25422,-0.18,58.45,0.11
25423,-0.06,58.45,0.1
25424,0.06,58.45,0.09
25425,0.18,58.45,0.09
25426,0.31,58.45,0.08
25427,0.43,58.45,0.08
25428,0.56,58.45,0.08
25429,0.68,58.45,0.08
25430,0.81,58.45,0.07
25431,0.93,58.45,0.07
25432,1.06,58.45,0.07
25433,1.18,58.45,0.07
25434,1.31,58.45,0.07
25435,1.43,58.45,0.06
25436,1.56,58.45,0.06
25437,1.68,58.45,0.06
25438,1.81,58.45,0.06
25439,1.93,58.45,0.06
25440,2.06,58.45,0.06
25441,2.18,58.45,0.06
25442,2.31,58.45,0.05
25443,2.43,58.45,0.05
25444,2.56,58.45,0.05
25445,2.68,58.45,0.04
25446,2.81,58.45,0.04
25447,2.93,58.45,0.04
25448,3.06,58.45,0.04
25449,3.18,58.45,0.04
25450,3.31,58.45,0.03
25451,3.43,58.45,0.03
25452,3.56,58.45,0.03
25453,3.68,58.45,0.03
25454,3.81,58.45,0.02
25455,3.93,58.45,0.02
25456,4.06,58.45,0.02
25457,4.18,58.45,0.02
25458,4.31,58.45,0.02
25459,4.43,58.45,0.02
25460,4.56,58.45,0.02
25461,4.68,58.45,0.02
25462,4.81,58.45,0.02
25463,4.93,58.45,0.02
25464,5.06,58.45,0.02
25465,5.18,58.45,0.02
25466,5.31,58.45,0.02
25467,5.43,58.45,0.02
25468,5.56,58.45,0.02
25469,5.68,58.45,0.02
25470,5.81,58.45,0.02
25471,5.93,58.45,0.02
25472,6.06,58.45,1000000
25473,6.18,58.45,1000000
25474,6.31,58.45,1000000
25475,6.43,58.45,1000000
25476,6.56,58.45,1000000
25477,6.68,58.45,1000000
25478,6.81,58.45,1000000
25479,6.93,58.45,1000000
25480,7.06,58.45,1000000
25481,7.18,58.45,1000000
25482,7.31,58.45,1000000
25483,7.43,58.45,1000000
25484,7.56,58.45,1000000
25485,7.68,58.45,1000000
25486,7.81,58.45,1000000
25487,7.93,58.45,1000000
25488,8.06,58.45,1000000
25489,8.18,58.45,1000000
25490,8.31,58.45,1000000
25491,8.43,58.45,1000000
25492,8.56,58.45,1000000
25493,8.68,58.45,1000000
25494,8.81,58.45,1000000
25495,8.93,58.45,3.99E-05
25496,9.06,58.45,4.12E-05
25497,9.18,58.45,4.58E-05
25498,9.31,58.45,4.13E-05
25499,9.43,58.45,3.67E-05
25500,9.56,58.45,3.46E-05
25501,9.68,58.45,3.51E-05
25502,9.81,58.45,3.82E-05
25503,9.93,58.45,4.36E-05
25504,10.06,58.45,5.18E-05
25505,10.18,58.45,6.36E-05
25506,10.31,58.45,8.11E-05
25507,10.43,58.45,1.07E-04
25508,10.56,58.45,1.43E-04
25509,10.68,58.45,1.84E-04
25510,10.81,58.45,2.21E-04
25511,10.93,58.45,2.40E-04
25512,11.06,58.45,2.22E-04
25513,11.18,58.45,1.36E-04
25514,11.31,58.45,1000000
25515,11.43,58.45,1000000
25516,11.56,58.45,1000000
25517,11.68,58.45,1000000
25518,11.81,58.45,1000000
25519,11.93,58.45,1000000
25520,12.06,58.45,1000000
25521,12.18,58.45,1000000
25522,12.31,58.45,1000000
25523,12.43,58.45,1000000
25524,12.56,58.45,1000000
25525,12.68,58.45,1000000
25526,12.81,58.45,1000000
25527,12.93,58.45,1000000
25528,-12.06,58.54,1000000
25529,-11.93,58.54,1000000
25530,-11.81,58.54,1000000
25531,-11.68,58.54,1000000
25532,-11.56,58.54,1000000
25533,-11.43,58.54,1000000
25534,-11.31,58.54,1000000
25535,-11.18,58.54,1000000
25536,-11.06,58.54,1000000
25537,-10.93,58.54,1000000
25538,-10.81,58.54,1000000
25539,-10.68,58.54,1000000
25540,-10.56,58.54,0.01
25541,-10.43,58.54,0.01
25542,-10.31,58.54,0.01
25543,-10.18,58.54,0.01
25544,-10.06,58.54,0.02
25545,-9.93,58.54,0.02
25546,-9.81,58.54,0.02
25547,-9.68,58.54,0.02
25548,-9.56,58.54,0.03
25549,-9.43,58.54,0.03
25550,-9.31,58.54,0.03
25551,-9.18,58.54,0.03
25552,-9.06,58.54,0.03
25553,-8.93,58.54,0.03
25554,-8.81,58.54,0.03
25555,-8.68,58.54,0.03
25556,-8.56,58.54,0.03
25557,-8.43,58.54,0.04
25558,-8.31,58.54,0.04
25559,-8.18,58.54,0.05
25560,-8.06,58.54,0.06
25561,-7.93,58.54,0.07
25562,-7.81,58.54,0.07
25563,-7.68,58.54,0.06
25564,-7.56,58.54,0.05
25565,-7.43,58.54,0.04
25566,-7.31,58.54,0.03
25567,-7.18,58.54,0.03
25568,-7.06,58.54,0.04
25569,-6.93,58.54,0.05
25570,-6.81,58.54,0.05
25571,-6.68,58.54,0.06
25572,-6.56,58.54,0.09
25573,-6.43,58.54,0.17
25574,-6.31,58.54,0.28
25575,-6.18,58.54,0.35
25576,-6.06,58.54,0.19
25577,-5.93,58.54,0.13
25578,-5.81,58.54,0.12
25579,-5.68,58.54,0.14
25580,-5.56,58.54,0.17
25581,-5.43,58.54,0.23
25582,-5.31,58.54,0.33
25583,-5.18,58.54,0.48
25584,-5.06,58.54,0.61
25585,-4.93,58.54,1000000
25586,-4.81,58.54,1000000
25587,-4.68,58.54,1000000
25588,-4.56,58.54,1000000
25589,-4.43,58.54,1000000
25590,-4.31,58.54,0.04
25591,-4.18,58.54,0.04
25592,-4.06,58.54,1000000
25593,-3.93,58.54,1000000
25594,-3.81,58.54,1000000
25595,-3.68,58.54,1000000
25596,-3.56,58.54,1000000
25597,-3.43,58.54,1000000
25598,-3.31,58.54,1000000
25599,-3.18,58.54,1000000
25600,-3.06,58.54,0.47
25601,-2.93,58.54,1.01
25602,-2.81,58.54,0.78
25603,-2.68,58.54,0.56
25604,-2.56,58.54,0.46
25605,-2.43,58.54,0.39
25606,-2.31,58.54,0.33
25607,-2.18,58.54,0.28
25608,-2.06,58.54,0.25
25609,-1.93,58.54,0.22
25610,-1.81,58.54,0.2
25611,-1.68,58.54,0.19
25612,-1.56,58.54,0.18
25613,-1.43,58.54,0.17
25614,-1.31,58.54,0.16
25615,-1.18,58.54,0.16
25616,-1.06,58.54,0.16
25617,-0.93,58.54,0.15
25618,-0.81,58.54,0.13
25619,-0.68,58.54,0.12
25620,-0.56,58.54,0.12
25621,-0.43,58.54,0.11
25622,-0.31,58.54,0.11
25623,-0.18,58.54,0.1
25624,-0.06,58.54,0.1
25625,0.06,58.54,0.09
25626,0.18,58.54,0.09
25627,0.31,58.54,0.08
25628,0.43,58.54,0.08
25629,0.56,58.54,0.08
25630,0.68,58.54,0.07
25631,0.81,58.54,0.07
25632,0.93,58.54,0.07
25633,1.06,58.54,0.07
25634,1.18,58.54,0.07
25635,1.31,58.54,0.07
25636,1.43,58.54,0.06
25637,1.56,58.54,0.06
25638,1.68,58.54,0.06
25639,1.81,58.54,0.06
25640,1.93,58.54,0.06
25641,2.06,58.54,0.06
25642,2.18,58.54,0.05
25643,2.31,58.54,0.05
25644,2.43,58.54,0.05
25645,2.56,58.54,0.04
25646,2.68,58.54,0.04
25647,2.81,58.54,0.04
25648,2.93,58.54,0.04
25649,3.06,58.54,0.04
25650,3.18,58.54,0.03
25651,3.31,58.54,0.03
25652,3.43,58.54,0.03
25653,3.56,58.54,0.02
25654,3.68,58.54,0.02
25655,3.81,58.54,0.02
25656,3.93,58.54,0.02
25657,4.06,58.54,0.02
25658,4.18,58.54,0.02
25659,4.31,58.54,0.02
25660,4.43,58.54,0.02
25661,4.56,58.54,0.03
25662,4.68,58.54,0.03
25663,4.81,58.54,0.03
25664,4.93,58.54,0.03
25665,5.06,58.54,0.03
25666,5.18,58.54,0.03
25667,5.31,58.54,0.03
25668,5.43,58.54,0.03
25669,5.56,58.54,0.03
25670,5.68,58.54,0.02
25671,5.81,58.54,1000000
25672,5.93,58.54,1000000
25673,6.06,58.54,1000000
25674,6.18,58.54,1000000
25675,6.31,58.54,1000000
25676,6.43,58.54,1000000
25677,6.56,58.54,1000000
25678,6.68,58.54,1000000
25679,6.81,58.54,1000000
25680,6.93,58.54,1000000
25681,7.06,58.54,1000000
25682,7.18,58.54,1000000
25683,7.31,58.54,1000000
25684,7.43,58.54,1000000
25685,7.56,58.54,1000000
25686,7.68,58.54,1000000
25687,7.81,58.54,1000000
25688,7.93,58.54,1000000
25689,8.06,58.54,1000000
25690,8.18,58.54,1000000
25691,8.31,58.54,1000000
25692,8.43,58.54,1000000
25693,8.56,58.54,1000000
25694,8.68,58.54,1000000
25695,8.81,58.54,1000000
25696,8.93,58.54,1000000
25697,9.06,58.54,2.53E-05
25698,9.18,58.54,2.88E-05
25699,9.31,58.54,3.84E-05
25700,9.43,58.54,4.14E-05
25701,9.56,58.54,4.35E-05
25702,9.68,58.54,4.89E-05
25703,9.81,58.54,5.63E-05
25704,9.93,58.54,6.45E-05
25705,10.06,58.54,7.57E-05
25706,10.18,58.54,9.25E-05
25707,10.31,58.54,1.19E-04
25708,10.43,58.54,1.58E-04
25709,10.56,58.54,2.11E-04
25710,10.68,58.54,2.67E-04
25711,10.81,58.54,2.95E-04
25712,10.93,58.54,3.00E-04
25713,11.06,58.54,2.97E-04
25714,11.18,58.54,2.40E-04
25715,11.31,58.54,1000000
25716,11.43,58.54,1000000
25717,11.56,58.54,1000000
25718,11.68,58.54,1000000
25719,11.81,58.54,1000000
25720,11.93,58.54,1000000
25721,12.06,58.54,1000000
25722,12.18,58.54,1000000
25723,12.31,58.54,1000000
25724,12.43,58.54,1000000
25725,12.56,58.54,1000000
25726,12.68,58.54,1000000
25727,12.81,58.54,1000000
25728,12.93,58.54,1000000
25729,-12.06,58.62,1000000
25730,-11.93,58.62,1000000
25731,-11.81,58.62,1000000
25732,-11.68,58.62,1000000
25733,-11.56,58.62,1000000
25734,-11.43,58.62,1000000
25735,-11.31,58.62,1000000
25736,-11.18,58.62,1000000
25737,-11.06,58.62,1000000
25738,-10.93,58.62,1000000
25739,-10.81,58.62,1000000
25740,-10.68,58.62,1000000
25741,-10.56,58.62,1000000
25742,-10.43,58.62,0.01
25743,-10.31,58.62,0.02
25744,-10.18,58.62,0.02
25745,-10.06,58.62,0.02
25746,-9.93,58.62,0.02
25747,-9.81,58.62,0.02
25748,-9.68,58.62,0.02
25749,-9.56,58.62,0.02
25750,-9.43,58.62,0.02
25751,-9.31,58.62,0.02
25752,-9.18,58.62,0.02
25753,-9.06,58.62,0.02
25754,-8.93,58.62,0.02
25755,-8.81,58.62,0.02
25756,-8.68,58.62,0.02
25757,-8.56,58.62,0.03
25758,-8.43,58.62,0.03
25759,-8.31,58.62,0.03
25760,-8.18,58.62,0.03
25761,-8.06,58.62,0.04
25762,-7.93,58.62,0.05
25763,-7.81,58.62,0.06
25764,-7.68,58.62,0.07
25765,-7.56,58.62,0.07
25766,-7.43,58.62,0.05
25767,-7.31,58.62,0.04
25768,-7.18,58.62,0.04
25769,-7.06,58.62,0.05
25770,-6.93,58.62,0.05
25771,-6.81,58.62,0.06
25772,-6.68,58.62,0.07
25773,-6.56,58.62,0.1
25774,-6.43,58.62,0.15
25775,-6.31,58.62,0.19
25776,-6.18,58.62,0.19
25777,-6.06,58.62,0.14
25778,-5.93,58.62,0.11
25779,-5.81,58.62,0.1
25780,-5.68,58.62,0.13
25781,-5.56,58.62,0.2
25782,-5.43,58.62,0.32
25783,-5.31,58.62,0.47
25784,-5.18,58.62,0.88
25785,-5.06,58.62,1.52
25786,-4.93,58.62,1.65
25787,-4.81,58.62,1.12
25788,-4.68,58.62,0.38
25789,-4.56,58.62,0.43
25790,-4.43,58.62,0.46
25791,-4.31,58.62,0.32
25792,-4.18,58.62,0.37
25793,-4.06,58.62,0.5
25794,-3.93,58.62,0.55
25795,-3.81,58.62,0.53
25796,-3.68,58.62,0.47
25797,-3.56,58.62,0.54
25798,-3.43,58.62,0.99
25799,-3.31,58.62,1000000
25800,-3.18,58.62,1000000
25801,-3.06,58.62,1000000
25802,-2.93,58.62,2.42
25803,-2.81,58.62,1.04
25804,-2.68,58.62,0.72
25805,-2.56,58.62,0.52
25806,-2.43,58.62,0.43
25807,-2.31,58.62,0.38
25808,-2.18,58.62,0.33
25809,-2.06,58.62,0.28
25810,-1.93,58.62,0.24
25811,-1.81,58.62,0.21
25812,-1.68,58.62,0.19
25813,-1.56,58.62,0.17
25814,-1.43,58.62,0.15
25815,-1.31,58.62,0.14
25816,-1.18,58.62,0.14
25817,-1.06,58.62,0.14
25818,-0.93,58.62,0.14
25819,-0.81,58.62,0.13
25820,-0.68,58.62,0.12
25821,-0.56,58.62,0.11
25822,-0.43,58.62,0.11
25823,-0.31,58.62,0.1
25824,-0.18,58.62,0.1
25825,-0.06,58.62,0.1
25826,0.06,58.62,0.09
25827,0.18,58.62,0.09
25828,0.31,58.62,0.08
25829,0.43,58.62,0.08
25830,0.56,58.62,0.08
25831,0.68,58.62,0.07
25832,0.81,58.62,0.07
25833,0.93,58.62,0.07
25834,1.06,58.62,0.07
25835,1.18,58.62,0.07
25836,1.31,58.62,0.07
25837,1.43,58.62,0.07
25838,1.56,58.62,0.07
25839,1.68,58.62,0.06
25840,1.81,58.62,0.06
25841,1.93,58.62,0.06
25842,2.06,58.62,0.05
25843,2.18,58.62,0.05
25844,2.31,58.62,0.05
25845,2.43,58.62,0.04
25846,2.56,58.62,0.04
25847,2.68,58.62,0.04
25848,2.81,58.62,0.04
25849,2.93,58.62,0.04
25850,3.06,58.62,0.03
25851,3.18,58.62,0.03
25852,3.31,58.62,0.03
25853,3.43,58.62,0.02
25854,3.56,58.62,0.02
25855,3.68,58.62,0.02
25856,3.81,58.62,0.02
25857,3.93,58.62,0.02
25858,4.06,58.62,0.02
25859,4.18,58.62,0.02
25860,4.31,58.62,0.02
25861,4.43,58.62,0.03
25862,4.56,58.62,0.03
25863,4.68,58.62,0.03
25864,4.81,58.62,0.03
25865,4.93,58.62,0.04
25866,5.06,58.62,0.04
25867,5.18,58.62,0.04
25868,5.31,58.62,0.05
25869,5.43,58.62,0.04
25870,5.56,58.62,0.03
25871,5.68,58.62,1000000
25872,5.81,58.62,1000000
25873,5.93,58.62,1000000
25874,6.06,58.62,1000000
25875,6.18,58.62,1000000
25876,6.31,58.62,1000000
25877,6.43,58.62,1000000
25878,6.56,58.62,1000000
25879,6.68,58.62,1000000
25880,6.81,58.62,1000000
25881,6.93,58.62,1000000
25882,7.06,58.62,1000000
25883,7.18,58.62,1000000
25884,7.31,58.62,1000000
25885,7.43,58.62,1000000
25886,7.56,58.62,1000000
25887,7.68,58.62,1000000
25888,7.81,58.62,1000000
25889,7.93,58.62,1000000
25890,8.06,58.62,1000000
25891,8.18,58.62,1000000
25892,8.31,58.62,1000000
25893,8.43,58.62,1000000
25894,8.56,58.62,1000000
25895,8.68,58.62,1000000
25896,8.81,58.62,1000000
25897,8.93,58.62,1000000
25898,9.06,58.62,1000000
25899,9.18,58.62,2.29E-05
25900,9.31,58.62,4.04E-05
25901,9.43,58.62,5.87E-05
25902,9.56,58.62,6.66E-05
25903,9.68,58.62,7.65E-05
25904,9.81,58.62,8.27E-05
25905,9.93,58.62,9.20E-05
25906,10.06,58.62,1.12E-04
25907,10.18,58.62,1.50E-04
25908,10.31,58.62,2.16E-04
25909,10.43,58.62,3.02E-04
25910,10.56,58.62,3.78E-04
25911,10.68,58.62,4.25E-04
25912,10.81,58.62,4.63E-04
25913,10.93,58.62,5.09E-04
25914,11.06,58.62,5.73E-04
25915,11.18,58.62,6.10E-04
25916,11.31,58.62,1000000
25917,11.43,58.62,1000000
25918,11.56,58.62,1000000
25919,11.68,58.62,1000000
25920,11.81,58.62,1000000
25921,11.93,58.62,1000000
25922,12.06,58.62,1000000
25923,12.18,58.62,1000000
25924,12.31,58.62,1000000
25925,12.43,58.62,1000000
25926,12.56,58.62,1000000
25927,12.68,58.62,1000000
25928,12.81,58.62,1000000
25929,12.93,58.62,1000000
25930,-12.06,58.7,1000000
25931,-11.93,58.7,1000000
25932,-11.81,58.7,1000000
25933,-11.68,58.7,1000000
25934,-11.56,58.7,1000000
25935,-11.43,58.7,1000000
25936,-11.31,58.7,1000000
25937,-11.18,58.7,1000000
25938,-11.06,58.7,1000000
25939,-10.93,58.7,1000000
25940,-10.81,58.7,1000000
25941,-10.68,58.7,1000000
25942,-10.56,58.7,1000000
25943,-10.43,58.7,1000000
25944,-10.31,58.7,0.02
25945,-10.18,58.7,0.02
25946,-10.06,58.7,0.02
25947,-9.93,58.7,0.02
25948,-9.81,58.7,0.02
25949,-9.68,58.7,0.02
25950,-9.56,58.7,0.02
25951,-9.43,58.7,0.02
25952,-9.31,58.7,0.02
25953,-9.18,58.7,0.02
25954,-9.06,58.7,0.02
25955,-8.93,58.7,0.02
25956,-8.81,58.7,0.02
25957,-8.68,58.7,0.02
25958,-8.56,58.7,0.02
25959,-8.43,58.7,0.02
25960,-8.31,58.7,0.02
25961,-8.18,58.7,0.02
25962,-8.06,58.7,0.02
25963,-7.93,58.7,0.02
25964,-7.81,58.7,0.03
25965,-7.68,58.7,0.05
25966,-7.56,58.7,0.08
25967,-7.43,58.7,0.07
25968,-7.31,58.7,0.06
25969,-7.18,58.7,0.06
25970,-7.06,58.7,0.06
25971,-6.93,58.7,0.06
25972,-6.81,58.7,0.07
25973,-6.68,58.7,0.08
25974,-6.56,58.7,0.1
25975,-6.43,58.7,0.13
25976,-6.31,58.7,0.14
25977,-6.18,58.7,0.14
25978,-6.06,58.7,0.12
25979,-5.93,58.7,0.09
25980,-5.81,58.7,0.08
25981,-5.68,58.7,0.13
25982,-5.56,58.7,0.23
25983,-5.43,58.7,0.34
25984,-5.31,58.7,0.54
25985,-5.18,58.7,0.86
25986,-5.06,58.7,1.14
25987,-4.93,58.7,1.14
25988,-4.81,58.7,0.98
25989,-4.68,58.7,0.62
25990,-4.56,58.7,0.49
25991,-4.43,58.7,0.41
25992,-4.31,58.7,0.35
25993,-4.18,58.7,0.37
25994,-4.06,58.7,0.43
25995,-3.93,58.7,0.5
25996,-3.81,58.7,0.6
25997,-3.68,58.7,0.79
25998,-3.56,58.7,1.29
25999,-3.43,58.7,2.67
26000,-3.31,58.7,3
26001,-3.18,58.7,3
26002,-3.06,58.7,3
26003,-2.93,58.7,3
26004,-2.81,58.7,1.48
26005,-2.68,58.7,0.71
26006,-2.56,58.7,0.49
26007,-2.43,58.7,0.41
26008,-2.31,58.7,0.37
26009,-2.18,58.7,0.34
26010,-2.06,58.7,0.3
26011,-1.93,58.7,0.26
26012,-1.81,58.7,0.22
26013,-1.68,58.7,0.2
26014,-1.56,58.7,0.17
26015,-1.43,58.7,0.15
26016,-1.31,58.7,0.12
26017,-1.18,58.7,0.11
26018,-1.06,58.7,0.11
26019,-0.93,58.7,0.12
26020,-0.81,58.7,0.12
26021,-0.68,58.7,0.12
26022,-0.56,58.7,0.11
26023,-0.43,58.7,0.1
26024,-0.31,58.7,0.1
26025,-0.18,58.7,0.09
26026,-0.06,58.7,0.09
26027,0.06,58.7,0.09
26028,0.18,58.7,0.09
26029,0.31,58.7,0.08
26030,0.43,58.7,0.08
26031,0.56,58.7,0.08
26032,0.68,58.7,0.07
26033,0.81,58.7,0.07
26034,0.93,58.7,0.07
26035,1.06,58.7,0.07
26036,1.18,58.7,0.07
26037,1.31,58.7,0.07
26038,1.43,58.7,0.07
26039,1.56,58.7,0.07
26040,1.68,58.7,0.06
26041,1.81,58.7,0.06
26042,1.93,58.7,0.06
26043,2.06,58.7,0.05
26044,2.18,58.7,0.05
26045,2.31,58.7,0.05
26046,2.43,58.7,0.04
26047,2.56,58.7,0.04
26048,2.68,58.7,0.04
26049,2.81,58.7,0.03
26050,2.93,58.7,0.03
26051,3.06,58.7,0.03
26052,3.18,58.7,0.03
26053,3.31,58.7,0.02
26054,3.43,58.7,0.02
26055,3.56,58.7,0.02
26056,3.68,58.7,0.02
26057,3.81,58.7,0.02
26058,3.93,58.7,0.02
26059,4.06,58.7,0.02
26060,4.18,58.7,0.02
26061,4.31,58.7,0.03
26062,4.43,58.7,0.03
26063,4.56,58.7,0.03
26064,4.68,58.7,0.03
26065,4.81,58.7,0.04
26066,4.93,58.7,0.04
26067,5.06,58.7,0.04
26068,5.18,58.7,0.05
26069,5.31,58.7,0.05
26070,5.43,58.7,0.05
26071,5.56,58.7,1000000
26072,5.68,58.7,1000000
26073,5.81,58.7,1000000
26074,5.93,58.7,1000000
26075,6.06,58.7,1000000
26076,6.18,58.7,1000000
26077,6.31,58.7,1000000
26078,6.43,58.7,1000000
26079,6.56,58.7,1000000
26080,6.68,58.7,1000000
26081,6.81,58.7,1000000
26082,6.93,58.7,1000000
26083,7.06,58.7,1000000
26084,7.18,58.7,1000000
26085,7.31,58.7,1000000
26086,7.43,58.7,1000000
26087,7.56,58.7,1000000
26088,7.68,58.7,1000000
26089,7.81,58.7,1000000
26090,7.93,58.7,1000000
26091,8.06,58.7,1000000
26092,8.18,58.7,1000000
26093,8.31,58.7,1000000
26094,8.43,58.7,1000000
26095,8.56,58.7,1000000
26096,8.68,58.7,1000000
26097,8.81,58.7,1000000
26098,8.93,58.7,1000000
26099,9.06,58.7,1000000
26100,9.18,58.7,1000000
26101,9.31,58.7,5.08E-05
26102,9.43,58.7,9.59E-05
26103,9.56,58.7,9.90E-05
26104,9.68,58.7,9.74E-05
26105,9.81,58.7,1.00E-04
26106,9.93,58.7,1.17E-04
26107,10.06,58.7,1.60E-04
26108,10.18,58.7,2.39E-04
26109,10.31,58.7,3.45E-04
26110,10.43,58.7,4.43E-04
26111,10.56,58.7,5.21E-04
26112,10.68,58.7,6.15E-04
26113,10.81,58.7,7.72E-04
26114,10.93,58.7,9.62E-04
26115,11.06,58.7,1.20E-03
26116,11.18,58.7,1.39E-03
26117,11.31,58.7,1000000
26118,11.43,58.7,1000000
26119,11.56,58.7,1000000
26120,11.68,58.7,1000000
26121,11.81,58.7,1000000
26122,11.93,58.7,1000000
26123,12.06,58.7,1000000
26124,12.18,58.7,1000000
26125,12.31,58.7,1000000
26126,12.43,58.7,1000000
26127,12.56,58.7,1000000
26128,12.68,58.7,1000000
26129,12.81,58.7,1000000
26130,12.93,58.7,1000000
26131,-12.06,58.79,1000000
26132,-11.93,58.79,1000000
26133,-11.81,58.79,1000000
26134,-11.68,58.79,1000000
26135,-11.56,58.79,1000000
26136,-11.43,58.79,1000000
26137,-11.31,58.79,1000000
26138,-11.18,58.79,1000000
26139,-11.06,58.79,1000000
26140,-10.93,58.79,1000000
26141,-10.81,58.79,1000000
26142,-10.68,58.79,1000000
26143,-10.56,58.79,1000000
26144,-10.43,58.79,1000000
26145,-10.31,58.79,1000000
26146,-10.18,58.79,0.02
26147,-10.06,58.79,0.02
26148,-9.93,58.79,0.02
26149,-9.81,58.79,0.02
26150,-9.68,58.79,0.02
26151,-9.56,58.79,0.02
26152,-9.43,58.79,0.02
26153,-9.31,58.79,0.02
26154,-9.18,58.79,0.02
26155,-9.06,58.79,0.02
26156,-8.93,58.79,0.02
26157,-8.81,58.79,0.02
26158,-8.68,58.79,0.02
26159,-8.56,58.79,0.02
26160,-8.43,58.79,0.02
26161,-8.31,58.79,0.02
26162,-8.18,58.79,0.02
26163,-8.06,58.79,0.01
26164,-7.93,58.79,0.01
26165,-7.81,58.79,0.01
26166,-7.68,58.79,0.03
26167,-7.56,58.79,0.07
26168,-7.43,58.79,0.09
26169,-7.31,58.79,0.08
26170,-7.18,58.79,0.07
26171,-7.06,58.79,0.06
26172,-6.93,58.79,0.06
26173,-6.81,58.79,0.07
26174,-6.68,58.79,0.08
26175,-6.56,58.79,0.11
26176,-6.43,58.79,0.12
26177,-6.31,58.79,0.12
26178,-6.18,58.79,0.12
26179,-6.06,58.79,0.11
26180,-5.93,58.79,0.1
26181,-5.81,58.79,0.11
26182,-5.68,58.79,0.16
26183,-5.56,58.79,0.23
26184,-5.43,58.79,0.33
26185,-5.31,58.79,0.44
26186,-5.18,58.79,0.55
26187,-5.06,58.79,0.64
26188,-4.93,58.79,0.63
26189,-4.81,58.79,0.59
26190,-4.68,58.79,0.59
26191,-4.56,58.79,0.47
26192,-4.43,58.79,0.34
26193,-4.31,58.79,0.38
26194,-4.18,58.79,0.4
26195,-4.06,58.79,0.36
26196,-3.93,58.79,0.38
26197,-3.81,58.79,0.45
26198,-3.68,58.79,0.65
26199,-3.56,58.79,1.15
26200,-3.43,58.79,2.84
26201,-3.31,58.79,3
26202,-3.18,58.79,3
26203,-3.06,58.79,3
26204,-2.93,58.79,1000000
26205,-2.81,58.79,0.37
26206,-2.68,58.79,0.28
26207,-2.56,58.79,0.38
26208,-2.43,58.79,0.4
26209,-2.31,58.79,0.38
26210,-2.18,58.79,0.36
26211,-2.06,58.79,0.33
26212,-1.93,58.79,0.28
26213,-1.81,58.79,0.24
26214,-1.68,58.79,0.22
26215,-1.56,58.79,0.2
26216,-1.43,58.79,0.18
26217,-1.31,58.79,0.15
26218,-1.18,58.79,0.12
26219,-1.06,58.79,0.12
26220,-0.93,58.79,0.12
26221,-0.81,58.79,0.12
26222,-0.68,58.79,0.12
26223,-0.56,58.79,0.11
26224,-0.43,58.79,0.11
26225,-0.31,58.79,0.1
26226,-0.18,58.79,0.1
26227,-0.06,58.79,0.09
26228,0.06,58.79,0.09
26229,0.18,58.79,0.08
26230,0.31,58.79,0.08
26231,0.43,58.79,0.08
26232,0.56,58.79,0.08
26233,0.68,58.79,0.08
26234,0.81,58.79,0.07
26235,0.93,58.79,0.07
26236,1.06,58.79,0.07
26237,1.18,58.79,0.07
26238,1.31,58.79,0.07
26239,1.43,58.79,0.07
26240,1.56,58.79,0.07
26241,1.68,58.79,0.07
26242,1.81,58.79,0.06
26243,1.93,58.79,0.06
26244,2.06,58.79,0.05
26245,2.18,58.79,0.05
26246,2.31,58.79,0.05
26247,2.43,58.79,0.04
26248,2.56,58.79,0.04
26249,2.68,58.79,0.04
26250,2.81,58.79,0.03
26251,2.93,58.79,0.03
26252,3.06,58.79,0.03
26253,3.18,58.79,0.03
26254,3.31,58.79,0.02
26255,3.43,58.79,0.02
26256,3.56,58.79,0.02
26257,3.68,58.79,0.02
26258,3.81,58.79,0.02
26259,3.93,58.79,0.02
26260,4.06,58.79,0.02
26261,4.18,58.79,0.03
26262,4.31,58.79,0.03
26263,4.43,58.79,0.03
26264,4.56,58.79,0.03
26265,4.68,58.79,0.03
26266,4.81,58.79,0.03
26267,4.93,58.79,0.04
26268,5.06,58.79,0.04
26269,5.18,58.79,0.05
26270,5.31,58.79,0.05
26271,5.43,58.79,0.05
26272,5.56,58.79,0.04
26273,5.68,58.79,1000000
26274,5.81,58.79,1000000
26275,5.93,58.79,1000000
26276,6.06,58.79,1000000
26277,6.18,58.79,1000000
26278,6.31,58.79,1000000
26279,6.43,58.79,1000000
26280,6.56,58.79,1000000
26281,6.68,58.79,1000000
26282,6.81,58.79,1000000
26283,6.93,58.79,1000000
26284,7.06,58.79,1000000
26285,7.18,58.79,1000000
26286,7.31,58.79,1000000
26287,7.43,58.79,1000000
26288,7.56,58.79,1000000
26289,7.68,58.79,1000000
26290,7.81,58.79,1000000
26291,7.93,58.79,1000000
26292,8.06,58.79,1000000
26293,8.18,58.79,1000000
26294,8.31,58.79,1000000
26295,8.43,58.79,1000000
26296,8.56,58.79,1000000
26297,8.68,58.79,1000000
26298,8.81,58.79,1000000
26299,8.93,58.79,1000000
26300,9.06,58.79,1000000
26301,9.18,58.79,1000000
26302,9.31,58.79,1000000
26303,9.43,58.79,8.11E-05
26304,9.56,58.79,8.86E-05
26305,9.68,58.79,1.10E-04
26306,9.81,58.79,1.23E-04
26307,9.93,58.79,1.54E-04
26308,10.06,58.79,2.21E-04
26309,10.18,58.79,3.17E-04
26310,10.31,58.79,4.23E-04
26311,10.43,58.79,5.40E-04
26312,10.56,58.79,6.90E-04
26313,10.68,58.79,8.68E-04
26314,10.81,58.79,9.33E-04
26315,10.93,58.79,1.16E-03
26316,11.06,58.79,1.74E-03
26317,11.18,58.79,1.78E-03
26318,11.31,58.79,1000000
26319,11.43,58.79,1000000
26320,11.56,58.79,1000000
26321,11.68,58.79,1000000
26322,11.81,58.79,1000000
26323,11.93,58.79,1000000
26324,12.06,58.79,1000000
26325,12.18,58.79,1000000
26326,12.31,58.79,1000000
26327,12.43,58.79,1000000
26328,12.56,58.79,1000000
26329,12.68,58.79,1000000
26330,12.81,58.79,1000000
26331,12.93,58.79,1000000
26332,-12.06,58.87,1000000
26333,-11.93,58.87,1000000
26334,-11.81,58.87,1000000
26335,-11.68,58.87,1000000
26336,-11.56,58.87,1000000
26337,-11.43,58.87,1000000
26338,-11.31,58.87,1000000
26339,-11.18,58.87,1000000
26340,-11.06,58.87,1000000
26341,-10.93,58.87,1000000
26342,-10.81,58.87,1000000
26343,-10.68,58.87,1000000
26344,-10.56,58.87,1000000
26345,-10.43,58.87,1000000
26346,-10.31,58.87,1000000
26347,-10.18,58.87,1000000
26348,-10.06,58.87,0.02
26349,-9.93,58.87,0.02
26350,-9.81,58.87,0.02
26351,-9.68,58.87,0.02
26352,-9.56,58.87,0.02
26353,-9.43,58.87,0.02
26354,-9.31,58.87,0.02
26355,-9.18,58.87,0.02
26356,-9.06,58.87,0.02
26357,-8.93,58.87,0.02
26358,-8.81,58.87,0.02
26359,-8.68,58.87,0.02
26360,-8.56,58.87,0.02
26361,-8.43,58.87,0.02
26362,-8.31,58.87,0.02
26363,-8.18,58.87,0.02
26364,-8.06,58.87,0.03
26365,-7.93,58.87,0.03
26366,-7.81,58.87,0.02
26367,-7.68,58.87,0.01
26368,-7.56,58.87,0.04
26369,-7.43,58.87,0.1
26370,-7.31,58.87,0.1
26371,-7.18,58.87,0.08
26372,-7.06,58.87,0.06
26373,-6.93,58.87,0.06
26374,-6.81,58.87,0.07
26375,-6.68,58.87,0.08
26376,-6.56,58.87,0.1
26377,-6.43,58.87,0.12
26378,-6.31,58.87,0.12
26379,-6.18,58.87,0.12
26380,-6.06,58.87,0.11
26381,-5.93,58.87,0.11
26382,-5.81,58.87,0.14
26383,-5.68,58.87,0.19
26384,-5.56,58.87,0.23
26385,-5.43,58.87,0.28
26386,-5.31,58.87,0.31
26387,-5.18,58.87,0.38
26388,-5.06,58.87,0.48
26389,-4.93,58.87,0.5
26390,-4.81,58.87,0.46
26391,-4.68,58.87,0.42
26392,-4.56,58.87,0.43
26393,-4.43,58.87,0.42
26394,-4.31,58.87,0.39
26395,-4.18,58.87,0.33
26396,-4.06,58.87,0.28
26397,-3.93,58.87,0.25
26398,-3.81,58.87,0.25
26399,-3.68,58.87,0.3
26400,-3.56,58.87,0.4
26401,-3.43,58.87,0.87
26402,-3.31,58.87,1000000
26403,-3.18,58.87,1000000
26404,-3.06,58.87,3
26405,-2.93,58.87,2.42
26406,-2.81,58.87,1.13
26407,-2.68,58.87,0.6
26408,-2.56,58.87,0.51
26409,-2.43,58.87,0.48
26410,-2.31,58.87,0.45
26411,-2.18,58.87,0.43
26412,-2.06,58.87,0.39
26413,-1.93,58.87,0.35
26414,-1.81,58.87,0.29
26415,-1.68,58.87,0.26
26416,-1.56,58.87,0.23
26417,-1.43,58.87,0.22
26418,-1.31,58.87,0.2
26419,-1.18,58.87,0.17
26420,-1.06,58.87,0.15
26421,-0.93,58.87,0.14
26422,-0.81,58.87,0.12
26423,-0.68,58.87,0.12
26424,-0.56,58.87,0.12
26425,-0.43,58.87,0.12
26426,-0.31,58.87,0.12
26427,-0.18,58.87,0.12
26428,-0.06,58.87,0.11
26429,0.06,58.87,0.1
26430,0.18,58.87,0.09
26431,0.31,58.87,0.09
26432,0.43,58.87,0.08
26433,0.56,58.87,0.08
26434,0.68,58.87,0.08
26435,0.81,58.87,0.09
26436,0.93,58.87,0.09
26437,1.06,58.87,0.08
26438,1.18,58.87,0.08
26439,1.31,58.87,0.08
26440,1.43,58.87,0.07
26441,1.56,58.87,0.07
26442,1.68,58.87,0.07
26443,1.81,58.87,0.06
26444,1.93,58.87,0.06
26445,2.06,58.87,0.05
26446,2.18,58.87,0.05
26447,2.31,58.87,0.05
26448,2.43,58.87,0.04
26449,2.56,58.87,0.04
26450,2.68,58.87,0.04
26451,2.81,58.87,0.03
26452,2.93,58.87,0.03
26453,3.06,58.87,0.03
26454,3.18,58.87,0.03
26455,3.31,58.87,0.03
26456,3.43,58.87,0.03
26457,3.56,58.87,0.03
26458,3.68,58.87,0.02
26459,3.81,58.87,0.02
26460,3.93,58.87,0.03
26461,4.06,58.87,0.03
26462,4.18,58.87,0.03
26463,4.31,58.87,0.03
26464,4.43,58.87,0.03
26465,4.56,58.87,0.03
26466,4.68,58.87,0.03
26467,4.81,58.87,0.03
26468,4.93,58.87,0.03
26469,5.06,58.87,0.03
26470,5.18,58.87,0.04
26471,5.31,58.87,0.04
26472,5.43,58.87,0.04
26473,5.56,58.87,0.05
26474,5.68,58.87,1000000
26475,5.81,58.87,1000000
26476,5.93,58.87,1000000
26477,6.06,58.87,1000000
26478,6.18,58.87,1000000
26479,6.31,58.87,1000000
26480,6.43,58.87,1000000
26481,6.56,58.87,1000000
26482,6.68,58.87,1000000
26483,6.81,58.87,1000000
26484,6.93,58.87,1000000
26485,7.06,58.87,1000000
26486,7.18,58.87,1000000
26487,7.31,58.87,1000000
26488,7.43,58.87,1000000
26489,7.56,58.87,1000000
26490,7.68,58.87,1000000
26491,7.81,58.87,1000000
26492,7.93,58.87,1000000
26493,8.06,58.87,1000000
26494,8.18,58.87,1000000
26495,8.31,58.87,1000000
26496,8.43,58.87,1000000
26497,8.56,58.87,1000000
26498,8.68,58.87,1000000
26499,8.81,58.87,1000000
26500,8.93,58.87,1000000
26501,9.06,58.87,1000000
26502,9.18,58.87,1000000
26503,9.31,58.87,1000000
26504,9.43,58.87,6.59E-05
26505,9.56,58.87,9.98E-05
26506,9.68,58.87,2.84E-04
26507,9.81,58.87,2.05E-04
26508,9.93,58.87,1.90E-04
26509,10.06,58.87,2.68E-04
26510,10.18,58.87,4.28E-04
26511,10.31,58.87,5.98E-04
26512,10.43,58.87,7.85E-04
26513,10.56,58.87,9.10E-04
26514,10.68,58.87,7.81E-04
26515,10.81,58.87,7.79E-04
26516,10.93,58.87,1.20E-03
26517,11.06,58.87,9.79E-04
26518,11.18,58.87,1.55E-03
26519,11.31,58.87,1000000
26520,11.43,58.87,1000000
26521,11.56,58.87,1000000
26522,11.68,58.87,1000000
26523,11.81,58.87,1000000
26524,11.93,58.87,1000000
26525,12.06,58.87,1000000
26526,12.18,58.87,1000000
26527,12.31,58.87,1000000
26528,12.43,58.87,1000000
26529,12.56,58.87,1000000
26530,12.68,58.87,1000000
26531,12.81,58.87,1000000
26532,12.93,58.87,1000000
26533,-12.06,58.95,1000000
26534,-11.93,58.95,1000000
26535,-11.81,58.95,1000000
26536,-11.68,58.95,1000000
26537,-11.56,58.95,1000000
26538,-11.43,58.95,1000000
26539,-11.31,58.95,1000000
26540,-11.18,58.95,1000000
26541,-11.06,58.95,1000000
26542,-10.93,58.95,1000000
26543,-10.81,58.95,1000000
26544,-10.68,58.95,1000000
26545,-10.56,58.95,1000000
26546,-10.43,58.95,1000000
26547,-10.31,58.95,1000000
26548,-10.18,58.95,1000000
26549,-10.06,58.95,1000000
26550,-9.93,58.95,0.02
26551,-9.81,58.95,0.02
26552,-9.68,58.95,0.02
26553,-9.56,58.95,0.02
26554,-9.43,58.95,0.02
26555,-9.31,58.95,0.02
26556,-9.18,58.95,0.02
26557,-9.06,58.95,0.02
26558,-8.93,58.95,0.02
26559,-8.81,58.95,0.02
26560,-8.68,58.95,0.02
26561,-8.56,58.95,0.02
26562,-8.43,58.95,0.02
26563,-8.31,58.95,0.02
26564,-8.18,58.95,0.03
26565,-8.06,58.95,0.03
26566,-7.93,58.95,0.03
26567,-7.81,58.95,0.02
26568,-7.68,58.95,0.02
26569,-7.56,58.95,0.02
26570,-7.43,58.95,0.07
26571,-7.31,58.95,0.11
26572,-7.18,58.95,0.07
26573,-7.06,58.95,0.05
26574,-6.93,58.95,0.05
26575,-6.81,58.95,0.06
26576,-6.68,58.95,0.07
26577,-6.56,58.95,0.08
26578,-6.43,58.95,0.11
26579,-6.31,58.95,0.12
26580,-6.18,58.95,0.12
26581,-6.06,58.95,0.12
26582,-5.93,58.95,0.13
26583,-5.81,58.95,0.14
26584,-5.68,58.95,0.17
26585,-5.56,58.95,0.21
26586,-5.43,58.95,0.23
26587,-5.31,58.95,0.24
26588,-5.18,58.95,0.29
26589,-5.06,58.95,0.4
26590,-4.93,58.95,0.43
26591,-4.81,58.95,0.39
26592,-4.68,58.95,0.38
26593,-4.56,58.95,0.38
26594,-4.43,58.95,0.36
26595,-4.31,58.95,0.36
26596,-4.18,58.95,0.3
26597,-4.06,58.95,0.22
26598,-3.93,58.95,0.16
26599,-3.81,58.95,0.14
26600,-3.68,58.95,0.14
26601,-3.56,58.95,0.13
26602,-3.43,58.95,0.13
26603,-3.31,58.95,1.19E-03
26604,-3.18,58.95,1000000
26605,-3.06,58.95,1000000
26606,-2.93,58.95,1000000
26607,-2.81,58.95,1000000
26608,-2.68,58.95,1.79
26609,-2.56,58.95,0.85
26610,-2.43,58.95,0.58
26611,-2.31,58.95,0.49
26612,-2.18,58.95,0.48
26613,-2.06,58.95,0.46
26614,-1.93,58.95,0.4
26615,-1.81,58.95,0.33
26616,-1.68,58.95,0.28
26617,-1.56,58.95,0.26
26618,-1.43,58.95,0.24
26619,-1.31,58.95,0.22
26620,-1.18,58.95,0.2
26621,-1.06,58.95,0.16
26622,-0.93,58.95,0.15
26623,-0.81,58.95,0.14
26624,-0.68,58.95,0.13
26625,-0.56,58.95,0.13
26626,-0.43,58.95,0.13
26627,-0.31,58.95,0.13
26628,-0.18,58.95,0.12
26629,-0.06,58.95,0.12
26630,0.06,58.95,0.11
26631,0.18,58.95,0.1
26632,0.31,58.95,0.09
26633,0.43,58.95,0.08
26634,0.56,58.95,0.08
26635,0.68,58.95,0.09
26636,0.81,58.95,0.09
26637,0.93,58.95,0.09
26638,1.06,58.95,0.08
26639,1.18,58.95,0.08
26640,1.31,58.95,0.08
26641,1.43,58.95,0.07
26642,1.56,58.95,0.07
26643,1.68,58.95,0.07
26644,1.81,58.95,0.06
26645,1.93,58.95,0.06
26646,2.06,58.95,0.05
26647,2.18,58.95,0.05
26648,2.31,58.95,0.05
26649,2.43,58.95,0.04
26650,2.56,58.95,0.04
26651,2.68,58.95,0.04
26652,2.81,58.95,0.04
26653,2.93,58.95,0.03
26654,3.06,58.95,0.03
26655,3.18,58.95,0.03
26656,3.31,58.95,0.03
26657,3.43,58.95,0.03
26658,3.56,58.95,0.03
26659,3.68,58.95,0.03
26660,3.81,58.95,0.03
26661,3.93,58.95,0.03
26662,4.06,58.95,0.03
26663,4.18,58.95,0.03
26664,4.31,58.95,0.03
26665,4.43,58.95,0.03
26666,4.56,58.95,0.03
26667,4.68,58.95,0.03
26668,4.81,58.95,0.03
26669,4.93,58.95,0.03
26670,5.06,58.95,0.03
26671,5.18,58.95,0.02
26672,5.31,58.95,0.02
26673,5.43,58.95,0.02
26674,5.56,58.95,0.03
26675,5.68,58.95,1000000
26676,5.81,58.95,5.87E-05
26677,5.93,58.95,2.32E-05
26678,6.06,58.95,1.35E-05
26679,6.18,58.95,1000000
26680,6.31,58.95,1000000
26681,6.43,58.95,1000000
26682,6.56,58.95,1000000
26683,6.68,58.95,1000000
26684,6.81,58.95,1000000
26685,6.93,58.95,1000000
26686,7.06,58.95,1000000
26687,7.18,58.95,1000000
26688,7.31,58.95,1000000
26689,7.43,58.95,1000000
26690,7.56,58.95,1000000
26691,7.68,58.95,1000000
26692,7.81,58.95,1000000
26693,7.93,58.95,1000000
26694,8.06,58.95,1000000
26695,8.18,58.95,1000000
26696,8.31,58.95,1000000
26697,8.43,58.95,1000000
26698,8.56,58.95,1000000
26699,8.68,58.95,1000000
26700,8.81,58.95,1000000
26701,8.93,58.95,1000000
26702,9.06,58.95,1000000
26703,9.18,58.95,1000000
26704,9.31,58.95,1000000
26705,9.43,58.95,1000000
26706,9.56,58.95,1000000
26707,9.68,58.95,7.10E-04
26708,9.81,58.95,2.61E-04
26709,9.93,58.95,1.93E-04
26710,10.06,58.95,4.04E-04
26711,10.18,58.95,7.33E-04
26712,10.31,58.95,1.07E-03
26713,10.43,58.95,1.21E-03
26714,10.56,58.95,1.04E-03
26715,10.68,58.95,7.35E-04
26716,10.81,58.95,7.53E-04
26717,10.93,58.95,4.99E-04
26718,11.06,58.95,7.02E-05
26719,11.18,58.95,1000000
26720,11.31,58.95,1000000
26721,11.43,58.95,1000000
26722,11.56,58.95,1000000
26723,11.68,58.95,1000000
26724,11.81,58.95,1000000
26725,11.93,58.95,1000000
26726,12.06,58.95,1000000
26727,12.18,58.95,1000000
26728,12.31,58.95,1000000
26729,12.43,58.95,1000000
26730,12.56,58.95,1000000
26731,12.68,58.95,1000000
26732,12.81,58.95,1000000
26733,12.93,58.95,1000000
26734,-12.06,59.04,1000000
26735,-11.93,59.04,1000000
26736,-11.81,59.04,1000000
26737,-11.68,59.04,1000000
26738,-11.56,59.04,1000000
26739,-11.43,59.04,1000000
26740,-11.31,59.04,1000000
26741,-11.18,59.04,1000000
26742,-11.06,59.04,1000000
26743,-10.93,59.04,1000000
26744,-10.81,59.04,1000000
26745,-10.68,59.04,1000000
26746,-10.56,59.04,1000000
26747,-10.43,59.04,1000000
26748,-10.31,59.04,1000000
26749,-10.18,59.04,1000000
26750,-10.06,59.04,1000000
26751,-9.93,59.04,1000000
26752,-9.81,59.04,0.02
26753,-9.68,59.04,0.02
26754,-9.56,59.04,0.03
26755,-9.43,59.04,0.03
26756,-9.31,59.04,0.02
26757,-9.18,59.04,0.02
26758,-9.06,59.04,0.02
26759,-8.93,59.04,0.02
26760,-8.81,59.04,0.02
26761,-8.68,59.04,0.02
26762,-8.56,59.04,0.02
26763,-8.43,59.04,0.02
26764,-8.31,59.04,0.03
26765,-8.18,59.04,0.03
26766,-8.06,59.04,0.03
26767,-7.93,59.04,0.02
26768,-7.81,59.04,0.03
26769,-7.68,59.04,0.03
26770,-7.56,59.04,0.03
26771,-7.43,59.04,0.04
26772,-7.31,59.04,0.07
26773,-7.18,59.04,0.07
26774,-7.06,59.04,0.04
26775,-6.93,59.04,0.04
26776,-6.81,59.04,0.05
26777,-6.68,59.04,0.06
26778,-6.56,59.04,0.07
26779,-6.43,59.04,0.08
26780,-6.31,59.04,0.12
26781,-6.18,59.04,0.13
26782,-6.06,59.04,0.11
26783,-5.93,59.04,0.11
26784,-5.81,59.04,0.13
26785,-5.68,59.04,0.16
26786,-5.56,59.04,0.19
26787,-5.43,59.04,0.19
26788,-5.31,59.04,0.2
26789,-5.18,59.04,0.28
26790,-5.06,59.04,0.37
26791,-4.93,59.04,0.33
26792,-4.81,59.04,0.28
26793,-4.68,59.04,0.3
26794,-4.56,59.04,0.33
26795,-4.43,59.04,0.33
26796,-4.31,59.04,0.33
26797,-4.18,59.04,0.26
26798,-4.06,59.04,0.17
26799,-3.93,59.04,0.12
26800,-3.81,59.04,0.1
26801,-3.68,59.04,0.1
26802,-3.56,59.04,0.07
26803,-3.43,59.04,0.05
26804,-3.31,59.04,1000000
26805,-3.18,59.04,1000000
26806,-3.06,59.04,1000000
26807,-2.93,59.04,1.51
26808,-2.81,59.04,2.44
26809,-2.68,59.04,3
26810,-2.56,59.04,1.71
26811,-2.43,59.04,0.85
26812,-2.31,59.04,0.59
26813,-2.18,59.04,0.51
26814,-2.06,59.04,0.51
26815,-1.93,59.04,0.46
26816,-1.81,59.04,0.37
26817,-1.68,59.04,0.3
26818,-1.56,59.04,0.27
26819,-1.43,59.04,0.24
26820,-1.31,59.04,0.22
26821,-1.18,59.04,0.21
26822,-1.06,59.04,0.17
26823,-0.93,59.04,0.14
26824,-0.81,59.04,0.14
26825,-0.68,59.04,0.14
26826,-0.56,59.04,0.13
26827,-0.43,59.04,0.13
26828,-0.31,59.04,0.12
26829,-0.18,59.04,0.1
26830,-0.06,59.04,0.1
26831,0.06,59.04,0.1
26832,0.18,59.04,0.09
26833,0.31,59.04,0.09
26834,0.43,59.04,0.09
26835,0.56,59.04,0.09
26836,0.68,59.04,0.09
26837,0.81,59.04,0.08
26838,0.93,59.04,0.08
26839,1.06,59.04,0.07
26840,1.18,59.04,0.07
26841,1.31,59.04,0.07
26842,1.43,59.04,0.07
26843,1.56,59.04,0.06
26844,1.68,59.04,0.06
26845,1.81,59.04,0.06
26846,1.93,59.04,0.05
26847,2.06,59.04,0.05
26848,2.18,59.04,0.05
26849,2.31,59.04,0.05
26850,2.43,59.04,0.04
26851,2.56,59.04,0.04
26852,2.68,59.04,0.04
26853,2.81,59.04,0.04
26854,2.93,59.04,0.03
26855,3.06,59.04,0.03
26856,3.18,59.04,0.03
26857,3.31,59.04,0.03
26858,3.43,59.04,0.03
26859,3.56,59.04,0.03
26860,3.68,59.04,0.03
26861,3.81,59.04,0.03
26862,3.93,59.04,0.03
26863,4.06,59.04,0.03
26864,4.18,59.04,0.03
26865,4.31,59.04,0.03
26866,4.43,59.04,0.03
26867,4.56,59.04,0.03
26868,4.68,59.04,0.03
26869,4.81,59.04,0.03
26870,4.93,59.04,0.03
26871,5.06,59.04,0.03
26872,5.18,59.04,0.02
26873,5.31,59.04,7.44E-03
26874,5.43,59.04,3.97E-03
26875,5.56,59.04,2.20E-03
26876,5.68,59.04,6.21E-04
26877,5.81,59.04,2.06E-04
26878,5.93,59.04,8.73E-05
26879,6.06,59.04,1000000
26880,6.18,59.04,1000000
26881,6.31,59.04,1000000
26882,6.43,59.04,1000000
26883,6.56,59.04,1000000
26884,6.68,59.04,1000000
26885,6.81,59.04,1000000
26886,6.93,59.04,1000000
26887,7.06,59.04,1000000
26888,7.18,59.04,1000000
26889,7.31,59.04,1000000
26890,7.43,59.04,1000000
26891,7.56,59.04,1000000
26892,7.68,59.04,1000000
26893,7.81,59.04,1000000
26894,7.93,59.04,1000000
26895,8.06,59.04,1000000
26896,8.18,59.04,1000000
26897,8.31,59.04,1000000
26898,8.43,59.04,1000000
26899,8.56,59.04,1000000
26900,8.68,59.04,1000000
26901,8.81,59.04,1000000
26902,8.93,59.04,1000000
26903,9.06,59.04,1000000
26904,9.18,59.04,1000000
26905,9.31,59.04,1000000
26906,9.43,59.04,1000000
26907,9.56,59.04,1000000
26908,9.68,59.04,1.39E-03
26909,9.81,59.04,6.49E-04
26910,9.93,59.04,1000000
26911,10.06,59.04,1000000
26912,10.18,59.04,2.18E-03
26913,10.31,59.04,4.62E-03
26914,10.43,59.04,2.93E-03
26915,10.56,59.04,1.79E-03
26916,10.68,59.04,1.93E-03
26917,10.81,59.04,6.51E-04
26918,10.93,59.04,4.90E-04
26919,11.06,59.04,5.77E-05
26920,11.18,59.04,1000000
26921,11.31,59.04,1000000
26922,11.43,59.04,1000000
26923,11.56,59.04,1000000
26924,11.68,59.04,1000000
26925,11.81,59.04,1000000
26926,11.93,59.04,1000000
26927,12.06,59.04,1000000
26928,12.18,59.04,1000000
26929,12.31,59.04,1000000
26930,12.43,59.04,1000000
26931,12.56,59.04,1000000
26932,12.68,59.04,1000000
26933,12.81,59.04,1000000
26934,12.93,59.04,1000000
26935,-12.06,59.12,1000000
26936,-11.93,59.12,1000000
26937,-11.81,59.12,1000000
26938,-11.68,59.12,1000000
26939,-11.56,59.12,1000000
26940,-11.43,59.12,1000000
26941,-11.31,59.12,1000000
26942,-11.18,59.12,1000000
26943,-11.06,59.12,1000000
26944,-10.93,59.12,1000000
26945,-10.81,59.12,1000000
26946,-10.68,59.12,1000000
26947,-10.56,59.12,1000000
26948,-10.43,59.12,1000000
26949,-10.31,59.12,1000000
26950,-10.18,59.12,1000000
26951,-10.06,59.12,1000000
26952,-9.93,59.12,1000000
26953,-9.81,59.12,1000000
26954,-9.68,59.12,0.03
26955,-9.56,59.12,0.03
26956,-9.43,59.12,0.03
26957,-9.31,59.12,0.02
26958,-9.18,59.12,0.02
26959,-9.06,59.12,0.02
26960,-8.93,59.12,0.02
26961,-8.81,59.12,0.02
26962,-8.68,59.12,0.02
26963,-8.56,59.12,0.03
26964,-8.43,59.12,0.03
26965,-8.31,59.12,0.03
26966,-8.18,59.12,0.03
26967,-8.06,59.12,0.03
26968,-7.93,59.12,0.03
26969,-7.81,59.12,0.04
26970,-7.68,59.12,0.04
26971,-7.56,59.12,0.05
26972,-7.43,59.12,0.07
26973,-7.31,59.12,0.08
26974,-7.18,59.12,0.06
26975,-7.06,59.12,0.04
26976,-6.93,59.12,0.03
26977,-6.81,59.12,0.04
26978,-6.68,59.12,0.05
26979,-6.56,59.12,0.07
26980,-6.43,59.12,0.08
26981,-6.31,59.12,0.11
26982,-6.18,59.12,0.14
26983,-6.06,59.12,0.11
26984,-5.93,59.12,0.11
26985,-5.81,59.12,0.14
26986,-5.68,59.12,0.15
26987,-5.56,59.12,0.16
26988,-5.43,59.12,0.16
26989,-5.31,59.12,0.17
26990,-5.18,59.12,0.26
26991,-5.06,59.12,0.32
26992,-4.93,59.12,0.25
26993,-4.81,59.12,0.22
26994,-4.68,59.12,0.24
26995,-4.56,59.12,0.26
26996,-4.43,59.12,0.31
26997,-4.31,59.12,0.33
26998,-4.18,59.12,0.25
26999,-4.06,59.12,0.15
27000,-3.93,59.12,0.11
27001,-3.81,59.12,0.1
27002,-3.68,59.12,0.13
27003,-3.56,59.12,0.16
27004,-3.43,59.12,0.21
27005,-3.31,59.12,0.34
27006,-3.18,59.12,1000000
27007,-3.06,59.12,1000000
27008,-2.93,59.12,2.84
27009,-2.81,59.12,2.62
27010,-2.68,59.12,3
27011,-2.56,59.12,2.32
27012,-2.43,59.12,1.13
27013,-2.31,59.12,0.75
27014,-2.18,59.12,0.6
27015,-2.06,59.12,0.55
27016,-1.93,59.12,0.55
27017,-1.81,59.12,0.46
27018,-1.68,59.12,0.34
27019,-1.56,59.12,0.28
27020,-1.43,59.12,0.25
27021,-1.31,59.12,0.22
27022,-1.18,59.12,0.2
27023,-1.06,59.12,0.18
27024,-0.93,59.12,0.14
27025,-0.81,59.12,0.13
27026,-0.68,59.12,0.13
27027,-0.56,59.12,0.13
27028,-0.43,59.12,0.12
27029,-0.31,59.12,0.11
27030,-0.18,59.12,0.1
27031,-0.06,59.12,0.09
27032,0.06,59.12,0.08
27033,0.18,59.12,0.09
27034,0.31,59.12,0.08
27035,0.43,59.12,0.08
27036,0.56,59.12,0.08
27037,0.68,59.12,0.08
27038,0.81,59.12,0.08
27039,0.93,59.12,0.08
27040,1.06,59.12,0.07
27041,1.18,59.12,0.07
27042,1.31,59.12,0.06
27043,1.43,59.12,0.06
27044,1.56,59.12,0.06
27045,1.68,59.12,0.05
27046,1.81,59.12,0.05
27047,1.93,59.12,0.05
27048,2.06,59.12,0.05
27049,2.18,59.12,0.05
27050,2.31,59.12,0.05
27051,2.43,59.12,0.04
27052,2.56,59.12,0.04
27053,2.68,59.12,0.04
27054,2.81,59.12,0.04
27055,2.93,59.12,0.03
27056,3.06,59.12,0.03
27057,3.18,59.12,0.03
27058,3.31,59.12,0.03
27059,3.43,59.12,0.03
27060,3.56,59.12,0.03
27061,3.68,59.12,0.03
27062,3.81,59.12,0.03
27063,3.93,59.12,0.03
27064,4.06,59.12,0.03
27065,4.18,59.12,0.03
27066,4.31,59.12,0.03
27067,4.43,59.12,0.03
27068,4.56,59.12,0.03
27069,4.68,59.12,0.03
27070,4.81,59.12,0.04
27071,4.93,59.12,0.04
27072,5.06,59.12,0.05
27073,5.18,59.12,0.07
27074,5.31,59.12,0.01
27075,5.43,59.12,3.05E-04
27076,5.56,59.12,2.84E-04
27077,5.68,59.12,1.88E-04
27078,5.81,59.12,1.15E-04
27079,5.93,59.12,7.16E-05
27080,6.06,59.12,3.30E-05
27081,6.18,59.12,1000000
27082,6.31,59.12,1000000
27083,6.43,59.12,1000000
27084,6.56,59.12,1000000
27085,6.68,59.12,1000000
27086,6.81,59.12,1000000
27087,6.93,59.12,1000000
27088,7.06,59.12,1000000
27089,7.18,59.12,1000000
27090,7.31,59.12,1000000
27091,7.43,59.12,1000000
27092,7.56,59.12,1000000
27093,7.68,59.12,1000000
27094,7.81,59.12,1000000
27095,7.93,59.12,1000000
27096,8.06,59.12,1000000
27097,8.18,59.12,1000000
27098,8.31,59.12,1000000
27099,8.43,59.12,1000000
27100,8.56,59.12,1000000
27101,8.68,59.12,1000000
27102,8.81,59.12,1000000
27103,8.93,59.12,1000000
27104,9.06,59.12,1000000
27105,9.18,59.12,1000000
27106,9.31,59.12,1000000
27107,9.43,59.12,1000000
27108,9.56,59.12,1000000
27109,9.68,59.12,1000000
27110,9.81,59.12,1000000
27111,9.93,59.12,1000000
27112,10.06,59.12,1000000
27113,10.18,59.12,1000000
27114,10.31,59.12,7.26E-03
27115,10.43,59.12,3.79E-03
27116,10.56,59.12,2.31E-03
27117,10.68,59.12,1.97E-03
27118,10.81,59.12,1.68E-03
27119,10.93,59.12,9.43E-04
27120,11.06,59.12,1000000
27121,11.18,59.12,1000000
27122,11.31,59.12,1000000
27123,11.43,59.12,1000000
27124,11.56,59.12,1000000
27125,11.68,59.12,1000000
27126,11.81,59.12,1000000
27127,11.93,59.12,1000000
27128,12.06,59.12,1000000
27129,12.18,59.12,1000000
27130,12.31,59.12,1000000
27131,12.43,59.12,1000000
27132,12.56,59.12,1000000
27133,12.68,59.12,1000000
27134,12.81,59.12,1000000
27135,12.93,59.12,1000000
27136,-12.06,59.2,1000000
27137,-11.93,59.2,1000000
27138,-11.81,59.2,1000000
27139,-11.68,59.2,1000000
27140,-11.56,59.2,1000000
27141,-11.43,59.2,1000000
27142,-11.31,59.2,1000000
27143,-11.18,59.2,1000000
27144,-11.06,59.2,1000000
27145,-10.93,59.2,1000000
27146,-10.81,59.2,1000000
27147,-10.68,59.2,1000000
27148,-10.56,59.2,1000000
27149,-10.43,59.2,1000000
27150,-10.31,59.2,1000000
27151,-10.18,59.2,1000000
27152,-10.06,59.2,1000000
27153,-9.93,59.2,1000000
27154,-9.81,59.2,1000000
27155,-9.68,59.2,1000000
27156,-9.56,59.2,0.03
27157,-9.43,59.2,0.02
27158,-9.31,59.2,0.02
27159,-9.18,59.2,0.02
27160,-9.06,59.2,0.02
27161,-8.93,59.2,0.02
27162,-8.81,59.2,0.02
27163,-8.68,59.2,0.02
27164,-8.56,59.2,0.03
27165,-8.43,59.2,0.03
27166,-8.31,59.2,0.03
27167,-8.18,59.2,0.03
27168,-8.06,59.2,0.03
27169,-7.93,59.2,0.04
27170,-7.81,59.2,0.04
27171,-7.68,59.2,0.05
27172,-7.56,59.2,0.07
27173,-7.43,59.2,0.08
27174,-7.31,59.2,0.07
27175,-7.18,59.2,0.05
27176,-7.06,59.2,0.04
27177,-6.93,59.2,0.04
27178,-6.81,59.2,0.04
27179,-6.68,59.2,0.06
27180,-6.56,59.2,0.08
27181,-6.43,59.2,0.09
27182,-6.31,59.2,0.11
27183,-6.18,59.2,0.12
27184,-6.06,59.2,0.12
27185,-5.93,59.2,0.12
27186,-5.81,59.2,0.14
27187,-5.68,59.2,0.15
27188,-5.56,59.2,0.16
27189,-5.43,59.2,0.15
27190,-5.31,59.2,0.17
27191,-5.18,59.2,0.22
27192,-5.06,59.2,0.23
27193,-4.93,59.2,0.2
27194,-4.81,59.2,0.19
27195,-4.68,59.2,0.21
27196,-4.56,59.2,0.25
27197,-4.43,59.2,0.27
27198,-4.31,59.2,0.26
27199,-4.18,59.2,0.21
27200,-4.06,59.2,0.15
27201,-3.93,59.2,0.12
27202,-3.81,59.2,0.12
27203,-3.68,59.2,0.18
27204,-3.56,59.2,0.27
27205,-3.43,59.2,0.39
27206,-3.31,59.2,0.78
27207,-3.18,59.2,1.46
27208,-3.06,59.2,3
27209,-2.93,59.2,3
27210,-2.81,59.2,3
27211,-2.68,59.2,3
27212,-2.56,59.2,3
27213,-2.43,59.2,1.75
27214,-2.31,59.2,0.91
27215,-2.18,59.2,0.68
27216,-2.06,59.2,0.54
27217,-1.93,59.2,0.54
27218,-1.81,59.2,0.55
27219,-1.68,59.2,0.45
27220,-1.56,59.2,0.32
27221,-1.43,59.2,0.27
27222,-1.31,59.2,0.23
27223,-1.18,59.2,0.2
27224,-1.06,59.2,0.18
27225,-0.93,59.2,0.15
27226,-0.81,59.2,0.12
27227,-0.68,59.2,0.12
27228,-0.56,59.2,0.12
27229,-0.43,59.2,0.11
27230,-0.31,59.2,0.1
27231,-0.18,59.2,0.09
27232,-0.06,59.2,0.09
27233,0.06,59.2,0.09
27234,0.18,59.2,0.08
27235,0.31,59.2,0.07
27236,0.43,59.2,0.07
27237,0.56,59.2,0.06
27238,0.68,59.2,0.06
27239,0.81,59.2,0.07
27240,0.93,59.2,0.07
27241,1.06,59.2,0.08
27242,1.18,59.2,0.07
27243,1.31,59.2,0.07
27244,1.43,59.2,0.06
27245,1.56,59.2,0.06
27246,1.68,59.2,0.05
27247,1.81,59.2,0.05
27248,1.93,59.2,0.05
27249,2.06,59.2,0.05
27250,2.18,59.2,0.04
27251,2.31,59.2,0.04
27252,2.43,59.2,0.04
27253,2.56,59.2,0.04
27254,2.68,59.2,0.04
27255,2.81,59.2,0.04
27256,2.93,59.2,0.04
27257,3.06,59.2,0.03
27258,3.18,59.2,0.03
27259,3.31,59.2,0.03
27260,3.43,59.2,0.03
27261,3.56,59.2,0.03
27262,3.68,59.2,0.03
27263,3.81,59.2,0.03
27264,3.93,59.2,0.03
27265,4.06,59.2,0.03
27266,4.18,59.2,0.03
27267,4.31,59.2,0.03
27268,4.43,59.2,0.03
27269,4.56,59.2,0.04
27270,4.68,59.2,0.04
27271,4.81,59.2,0.05
27272,4.93,59.2,0.06
27273,5.06,59.2,0.07
27274,5.18,59.2,0.09
27275,5.31,59.2,1000000
27276,5.43,59.2,2.56E-04
27277,5.56,59.2,2.52E-05
27278,5.68,59.2,1.94E-04
27279,5.81,59.2,2.41E-04
27280,5.93,59.2,3.56E-05
27281,6.06,59.2,1.04E-05
27282,6.18,59.2,1000000
27283,6.31,59.2,1000000
27284,6.43,59.2,1000000
27285,6.56,59.2,1000000
27286,6.68,59.2,1000000
27287,6.81,59.2,1000000
27288,6.93,59.2,1000000
27289,7.06,59.2,1000000
27290,7.18,59.2,1000000
27291,7.31,59.2,1000000
27292,7.43,59.2,1000000
27293,7.56,59.2,1000000
27294,7.68,59.2,1000000
27295,7.81,59.2,1000000
27296,7.93,59.2,1000000
27297,8.06,59.2,1000000
27298,8.18,59.2,1000000
27299,8.31,59.2,1000000
27300,8.43,59.2,1000000
27301,8.56,59.2,1000000
27302,8.68,59.2,1000000
27303,8.81,59.2,1000000
27304,8.93,59.2,1000000
27305,9.06,59.2,1000000
27306,9.18,59.2,1000000
27307,9.31,59.2,1000000
27308,9.43,59.2,1000000
27309,9.56,59.2,1000000
27310,9.68,59.2,1000000
27311,9.81,59.2,1000000
27312,9.93,59.2,1000000
27313,10.06,59.2,1000000
27314,10.18,59.2,1000000
27315,10.31,59.2,1000000
27316,10.43,59.2,1000000
27317,10.56,59.2,2.97E-03
27318,10.68,59.2,7.10E-04
27319,10.81,59.2,2.65E-03
27320,10.93,59.2,1000000
27321,11.06,59.2,1000000
27322,11.18,59.2,1000000
27323,11.31,59.2,1000000
27324,11.43,59.2,1000000
27325,11.56,59.2,1000000
27326,11.68,59.2,1000000
27327,11.81,59.2,1000000
27328,11.93,59.2,1000000
27329,12.06,59.2,1000000
27330,12.18,59.2,1000000
27331,12.31,59.2,1000000
27332,12.43,59.2,1000000
27333,12.56,59.2,1000000
27334,12.68,59.2,1000000
27335,12.81,59.2,1000000
27336,12.93,59.2,1000000
27337,-12.06,59.29,1000000
27338,-11.93,59.29,1000000
27339,-11.81,59.29,1000000
27340,-11.68,59.29,1000000
27341,-11.56,59.29,1000000
27342,-11.43,59.29,1000000
27343,-11.31,59.29,1000000
27344,-11.18,59.29,1000000
27345,-11.06,59.29,1000000
27346,-10.93,59.29,1000000
27347,-10.81,59.29,1000000
27348,-10.68,59.29,1000000
27349,-10.56,59.29,1000000
27350,-10.43,59.29,1000000
27351,-10.31,59.29,1000000
27352,-10.18,59.29,1000000
27353,-10.06,59.29,1000000
27354,-9.93,59.29,1000000
27355,-9.81,59.29,1000000
27356,-9.68,59.29,1000000
27357,-9.56,59.29,1000000
27358,-9.43,59.29,0.02
27359,-9.31,59.29,0.02
27360,-9.18,59.29,0.02
27361,-9.06,59.29,0.02
27362,-8.93,59.29,0.02
27363,-8.81,59.29,0.02
27364,-8.68,59.29,0.02
27365,-8.56,59.29,0.03
27366,-8.43,59.29,0.03
27367,-8.31,59.29,0.03
27368,-8.18,59.29,0.03
27369,-8.06,59.29,0.04
27370,-7.93,59.29,0.04
27371,-7.81,59.29,0.05
27372,-7.68,59.29,0.06
27373,-7.56,59.29,0.06
27374,-7.43,59.29,0.06
27375,-7.31,59.29,0.06
27376,-7.18,59.29,0.06
27377,-7.06,59.29,0.06
27378,-6.93,59.29,0.05
27379,-6.81,59.29,0.04
27380,-6.68,59.29,0.06
27381,-6.56,59.29,0.08
27382,-6.43,59.29,0.1
27383,-6.31,59.29,0.11
27384,-6.18,59.29,0.12
27385,-6.06,59.29,0.14
27386,-5.93,59.29,0.14
27387,-5.81,59.29,0.14
27388,-5.68,59.29,0.15
27389,-5.56,59.29,0.15
27390,-5.43,59.29,0.15
27391,-5.31,59.29,0.15
27392,-5.18,59.29,0.17
27393,-5.06,59.29,0.18
27394,-4.93,59.29,0.17
27395,-4.81,59.29,0.17
27396,-4.68,59.29,0.2
27397,-4.56,59.29,0.22
27398,-4.43,59.29,0.22
27399,-4.31,59.29,0.2
27400,-4.18,59.29,0.17
27401,-4.06,59.29,0.16
27402,-3.93,59.29,0.14
27403,-3.81,59.29,0.15
27404,-3.68,59.29,0.2
27405,-3.56,59.29,0.25
27406,-3.43,59.29,0.34
27407,-3.31,59.29,0.61
27408,-3.18,59.29,1.09
27409,-3.06,59.29,2.04
27410,-2.93,59.29,3
27411,-2.81,59.29,2.37
27412,-2.68,59.29,2.38
27413,-2.56,59.29,3
27414,-2.43,59.29,2.98
27415,-2.31,59.29,1.27
27416,-2.18,59.29,0.77
27417,-2.06,59.29,0.54
27418,-1.93,59.29,0.45
27419,-1.81,59.29,0.52
27420,-1.68,59.29,0.54
27421,-1.56,59.29,0.41
27422,-1.43,59.29,0.29
27423,-1.31,59.29,0.24
27424,-1.18,59.29,0.21
27425,-1.06,59.29,0.18
27426,-0.93,59.29,0.16
27427,-0.81,59.29,0.13
27428,-0.68,59.29,0.12
27429,-0.56,59.29,0.11
27430,-0.43,59.29,0.11
27431,-0.31,59.29,0.1
27432,-0.18,59.29,0.1
27433,-0.06,59.29,0.1
27434,0.06,59.29,0.11
27435,0.18,59.29,0.09
27436,0.31,59.29,0.07
27437,0.43,59.29,0.07
27438,0.56,59.29,0.07
27439,0.68,59.29,0.06
27440,0.81,59.29,0.07
27441,0.93,59.29,0.07
27442,1.06,59.29,0.08
27443,1.18,59.29,0.08
27444,1.31,59.29,0.07
27445,1.43,59.29,0.07
27446,1.56,59.29,0.06
27447,1.68,59.29,0.06
27448,1.81,59.29,0.05
27449,1.93,59.29,0.05
27450,2.06,59.29,0.05
27451,2.18,59.29,0.04
27452,2.31,59.29,0.04
27453,2.43,59.29,0.04
27454,2.56,59.29,0.04
27455,2.68,59.29,0.04
27456,2.81,59.29,0.04
27457,2.93,59.29,0.04
27458,3.06,59.29,0.03
27459,3.18,59.29,0.03
27460,3.31,59.29,0.03
27461,3.43,59.29,0.03
27462,3.56,59.29,0.03
27463,3.68,59.29,0.03
27464,3.81,59.29,0.03
27465,3.93,59.29,0.03
27466,4.06,59.29,0.03
27467,4.18,59.29,0.03
27468,4.31,59.29,0.03
27469,4.43,59.29,0.03
27470,4.56,59.29,0.04
27471,4.68,59.29,0.04
27472,4.81,59.29,0.05
27473,4.93,59.29,0.07
27474,5.06,59.29,0.09
27475,5.18,59.29,0.09
27476,5.31,59.29,1000000
27477,5.43,59.29,1.11E-03
27478,5.56,59.29,7.61E-05
27479,5.68,59.29,7.63E-04
27480,5.81,59.29,1.56E-04
27481,5.93,59.29,1.26E-05
27482,6.06,59.29,6.08E-06
27483,6.18,59.29,1000000
27484,6.31,59.29,1000000
27485,6.43,59.29,1000000
27486,6.56,59.29,1000000
27487,6.68,59.29,1000000
27488,6.81,59.29,1000000
27489,6.93,59.29,1000000
27490,7.06,59.29,1000000
27491,7.18,59.29,1000000
27492,7.31,59.29,1000000
27493,7.43,59.29,1000000
27494,7.56,59.29,1000000
27495,7.68,59.29,1000000
27496,7.81,59.29,1000000
27497,7.93,59.29,1000000
27498,8.06,59.29,1000000
27499,8.18,59.29,1000000
27500,8.31,59.29,1000000
27501,8.43,59.29,1000000
27502,8.56,59.29,1000000
27503,8.68,59.29,1000000
27504,8.81,59.29,1000000
27505,8.93,59.29,1000000
27506,9.06,59.29,1000000
27507,9.18,59.29,1000000
27508,9.31,59.29,1000000
27509,9.43,59.29,1000000
27510,9.56,59.29,1000000
27511,9.68,59.29,1000000
27512,9.81,59.29,1000000
27513,9.93,59.29,1000000
27514,10.06,59.29,1000000
27515,10.18,59.29,1000000
27516,10.31,59.29,1000000
27517,10.43,59.29,1000000
27518,10.56,59.29,9.39E-03
27519,10.68,59.29,8.66E-03
27520,10.81,59.29,1000000
27521,10.93,59.29,1000000
27522,11.06,59.29,1000000
27523,11.18,59.29,1000000
27524,11.31,59.29,1000000
27525,11.43,59.29,1000000
27526,11.56,59.29,1000000
27527,11.68,59.29,1000000
27528,11.81,59.29,1000000
27529,11.93,59.29,1000000
27530,12.06,59.29,1000000
27531,12.18,59.29,1000000
27532,12.31,59.29,1000000
27533,12.43,59.29,1000000
27534,12.56,59.29,1000000
27535,12.68,59.29,1000000
27536,12.81,59.29,1000000
27537,12.93,59.29,1000000
27538,-12.06,59.37,1000000
27539,-11.93,59.37,1000000
27540,-11.81,59.37,1000000
27541,-11.68,59.37,1000000
27542,-11.56,59.37,1000000
27543,-11.43,59.37,1000000
27544,-11.31,59.37,1000000
27545,-11.18,59.37,1000000
27546,-11.06,59.37,1000000
27547,-10.93,59.37,1000000
27548,-10.81,59.37,1000000
27549,-10.68,59.37,1000000
27550,-10.56,59.37,1000000
27551,-10.43,59.37,1000000
27552,-10.31,59.37,1000000
27553,-10.18,59.37,1000000
27554,-10.06,59.37,1000000
27555,-9.93,59.37,1000000
27556,-9.81,59.37,1000000
27557,-9.68,59.37,1000000
27558,-9.56,59.37,1000000
27559,-9.43,59.37,1000000
27560,-9.31,59.37,0.02
27561,-9.18,59.37,0.02
27562,-9.06,59.37,0.02
27563,-8.93,59.37,0.02
27564,-8.81,59.37,0.02
27565,-8.68,59.37,0.02
27566,-8.56,59.37,0.02
27567,-8.43,59.37,0.03
27568,-8.31,59.37,0.03
27569,-8.18,59.37,0.03
27570,-8.06,59.37,0.04
27571,-7.93,59.37,0.04
27572,-7.81,59.37,0.05
27573,-7.68,59.37,0.05
27574,-7.56,59.37,0.06
27575,-7.43,59.37,0.07
27576,-7.31,59.37,0.07
27577,-7.18,59.37,0.07
27578,-7.06,59.37,0.06
27579,-6.93,59.37,0.06
27580,-6.81,59.37,0.05
27581,-6.68,59.37,0.05
27582,-6.56,59.37,0.08
27583,-6.43,59.37,0.12
27584,-6.31,59.37,0.14
27585,-6.18,59.37,0.14
27586,-6.06,59.37,0.15
27587,-5.93,59.37,0.15
27588,-5.81,59.37,0.15
27589,-5.68,59.37,0.14
27590,-5.56,59.37,0.13
27591,-5.43,59.37,0.13
27592,-5.31,59.37,0.13
27593,-5.18,59.37,0.13
27594,-5.06,59.37,0.15
27595,-4.93,59.37,0.16
27596,-4.81,59.37,0.16
27597,-4.68,59.37,0.17
27598,-4.56,59.37,0.17
27599,-4.43,59.37,0.17
27600,-4.31,59.37,0.16
27601,-4.18,59.37,0.16
27602,-4.06,59.37,0.16
27603,-3.93,59.37,0.16
27604,-3.81,59.37,0.17
27605,-3.68,59.37,0.2
27606,-3.56,59.37,0.22
27607,-3.43,59.37,0.32
27608,-3.31,59.37,0.6
27609,-3.18,59.37,0.92
27610,-3.06,59.37,1.34
27611,-2.93,59.37,1.96
27612,-2.81,59.37,1.84
27613,-2.68,59.37,1.3
27614,-2.56,59.37,1.99
27615,-2.43,59.37,2.98
27616,-2.31,59.37,1.86
27617,-2.18,59.37,0.99
27618,-2.06,59.37,0.71
27619,-1.93,59.37,0.47
27620,-1.81,59.37,0.45
27621,-1.68,59.37,0.52
27622,-1.56,59.37,0.47
27623,-1.43,59.37,0.34
27624,-1.31,59.37,0.25
27625,-1.18,59.37,0.2
27626,-1.06,59.37,0.17
27627,-0.93,59.37,0.15
27628,-0.81,59.37,0.13
27629,-0.68,59.37,0.11
27630,-0.56,59.37,0.1
27631,-0.43,59.37,0.11
27632,-0.31,59.37,0.1
27633,-0.18,59.37,0.1
27634,-0.06,59.37,0.1
27635,0.06,59.37,0.11
27636,0.18,59.37,0.11
27637,0.31,59.37,0.09
27638,0.43,59.37,0.08
27639,0.56,59.37,0.09
27640,0.68,59.37,0.08
27641,0.81,59.37,0.08
27642,0.93,59.37,0.08
27643,1.06,59.37,0.08
27644,1.18,59.37,0.08
27645,1.31,59.37,0.08
27646,1.43,59.37,0.07
27647,1.56,59.37,0.07
27648,1.68,59.37,0.06
27649,1.81,59.37,0.05
27650,1.93,59.37,0.04
27651,2.06,59.37,0.04
27652,2.18,59.37,0.04
27653,2.31,59.37,0.04
27654,2.43,59.37,0.04
27655,2.56,59.37,0.04
27656,2.68,59.37,0.04
27657,2.81,59.37,0.04
27658,2.93,59.37,0.04
27659,3.06,59.37,0.04
27660,3.18,59.37,0.03
27661,3.31,59.37,0.03
27662,3.43,59.37,0.03
27663,3.56,59.37,0.03
27664,3.68,59.37,0.03
27665,3.81,59.37,0.03
27666,3.93,59.37,0.03
27667,4.06,59.37,0.03
27668,4.18,59.37,0.03
27669,4.31,59.37,0.03
27670,4.43,59.37,0.03
27671,4.56,59.37,0.03
27672,4.68,59.37,0.04
27673,4.81,59.37,0.04
27674,4.93,59.37,0.06
27675,5.06,59.37,0.07
27676,5.18,59.37,0.07
27677,5.31,59.37,1000000
27678,5.43,59.37,1000000
27679,5.56,59.37,1000000
27680,5.68,59.37,1000000
27681,5.81,59.37,1000000
27682,5.93,59.37,1000000
27683,6.06,59.37,1000000
27684,6.18,59.37,1000000
27685,6.31,59.37,1000000
27686,6.43,59.37,1000000
27687,6.56,59.37,1000000
27688,6.68,59.37,1000000
27689,6.81,59.37,1000000
27690,6.93,59.37,1000000
27691,7.06,59.37,1000000
27692,7.18,59.37,1000000
27693,7.31,59.37,1000000
27694,7.43,59.37,1000000
27695,7.56,59.37,1000000
27696,7.68,59.37,1000000
27697,7.81,59.37,1000000
27698,7.93,59.37,1000000
27699,8.06,59.37,1000000
27700,8.18,59.37,1000000
27701,8.31,59.37,1000000
27702,8.43,59.37,1000000
27703,8.56,59.37,1000000
27704,8.68,59.37,1000000
27705,8.81,59.37,1000000
27706,8.93,59.37,1000000
27707,9.06,59.37,1000000
27708,9.18,59.37,1000000
27709,9.31,59.37,1000000
27710,9.43,59.37,1000000
27711,9.56,59.37,1000000
27712,9.68,59.37,1000000
27713,9.81,59.37,1000000
27714,9.93,59.37,1000000
27715,10.06,59.37,1000000
27716,10.18,59.37,1000000
27717,10.31,59.37,1000000
27718,10.43,59.37,1000000
27719,10.56,59.37,7.06E-03
27720,10.68,59.37,0.01
27721,10.81,59.37,1000000
27722,10.93,59.37,1000000
27723,11.06,59.37,1000000
27724,11.18,59.37,1000000
27725,11.31,59.37,1000000
27726,11.43,59.37,1000000
27727,11.56,59.37,1000000
27728,11.68,59.37,1000000
27729,11.81,59.37,1000000
27730,11.93,59.37,1000000
27731,12.06,59.37,1000000
27732,12.18,59.37,1000000
27733,12.31,59.37,1000000
27734,12.43,59.37,1000000
27735,12.56,59.37,1000000
27736,12.68,59.37,1000000
27737,12.81,59.37,1000000
27738,12.93,59.37,1000000
27739,-12.06,59.45,1000000
27740,-11.93,59.45,1000000
27741,-11.81,59.45,1000000
27742,-11.68,59.45,1000000
27743,-11.56,59.45,1000000
27744,-11.43,59.45,1000000
27745,-11.31,59.45,1000000
27746,-11.18,59.45,1000000
27747,-11.06,59.45,1000000
27748,-10.93,59.45,1000000
27749,-10.81,59.45,1000000
27750,-10.68,59.45,1000000
27751,-10.56,59.45,1000000
27752,-10.43,59.45,1000000
27753,-10.31,59.45,1000000
27754,-10.18,59.45,1000000
27755,-10.06,59.45,1000000
27756,-9.93,59.45,1000000
27757,-9.81,59.45,1000000
27758,-9.68,59.45,1000000
27759,-9.56,59.45,1000000
27760,-9.43,59.45,1000000
27761,-9.31,59.45,1000000
27762,-9.18,59.45,0.03
27763,-9.06,59.45,0.02
27764,-8.93,59.45,0.02
27765,-8.81,59.45,0.02
27766,-8.68,59.45,0.02
27767,-8.56,59.45,0.02
27768,-8.43,59.45,0.03
27769,-8.31,59.45,0.03
27770,-8.18,59.45,0.03
27771,-8.06,59.45,0.04
27772,-7.93,59.45,0.05
27773,-7.81,59.45,0.05
27774,-7.68,59.45,0.06
27775,-7.56,59.45,0.07
27776,-7.43,59.45,0.07
27777,-7.31,59.45,0.07
27778,-7.18,59.45,0.06
27779,-7.06,59.45,0.06
27780,-6.93,59.45,0.05
27781,-6.81,59.45,0.05
27782,-6.68,59.45,0.05
27783,-6.56,59.45,0.08
27784,-6.43,59.45,0.13
27785,-6.31,59.45,0.16
27786,-6.18,59.45,0.17
27787,-6.06,59.45,0.16
27788,-5.93,59.45,0.17
27789,-5.81,59.45,0.16
27790,-5.68,59.45,0.14
27791,-5.56,59.45,0.13
27792,-5.43,59.45,0.11
27793,-5.31,59.45,0.11
27794,-5.18,59.45,0.12
27795,-5.06,59.45,0.13
27796,-4.93,59.45,0.13
27797,-4.81,59.45,0.13
27798,-4.68,59.45,0.13
27799,-4.56,59.45,0.14
27800,-4.43,59.45,0.14
27801,-4.31,59.45,0.15
27802,-4.18,59.45,0.15
27803,-4.06,59.45,0.15
27804,-3.93,59.45,0.16
27805,-3.81,59.45,0.17
27806,-3.68,59.45,0.18
27807,-3.56,59.45,0.23
27808,-3.43,59.45,0.37
27809,-3.31,59.45,0.62
27810,-3.18,59.45,0.81
27811,-3.06,59.45,0.95
27812,-2.93,59.45,1.18
27813,-2.81,59.45,1.29
27814,-2.68,59.45,1.07
27815,-2.56,59.45,1.1
27816,-2.43,59.45,1.7
27817,-2.31,59.45,1.71
27818,-2.18,59.45,1.03
27819,-2.06,59.45,0.78
27820,-1.93,59.45,0.68
27821,-1.81,59.45,0.57
27822,-1.68,59.45,0.6
27823,-1.56,59.45,0.52
27824,-1.43,59.45,0.39
27825,-1.31,59.45,0.29
27826,-1.18,59.45,0.21
27827,-1.06,59.45,0.17
27828,-0.93,59.45,0.14
27829,-0.81,59.45,0.12
27830,-0.68,59.45,0.11
27831,-0.56,59.45,0.1
27832,-0.43,59.45,0.1
27833,-0.31,59.45,0.1
27834,-0.18,59.45,0.09
27835,-0.06,59.45,0.08
27836,0.06,59.45,0.08
27837,0.18,59.45,0.09
27838,0.31,59.45,0.09
27839,0.43,59.45,0.09
27840,0.56,59.45,0.1
27841,0.68,59.45,0.1
27842,0.81,59.45,0.09
27843,0.93,59.45,0.09
27844,1.06,59.45,0.08
27845,1.18,59.45,0.08
27846,1.31,59.45,0.08
27847,1.43,59.45,0.07
27848,1.56,59.45,0.07
27849,1.68,59.45,0.06
27850,1.81,59.45,0.05
27851,1.93,59.45,0.05
27852,2.06,59.45,0.04
27853,2.18,59.45,0.04
27854,2.31,59.45,0.04
27855,2.43,59.45,0.04
27856,2.56,59.45,0.04
27857,2.68,59.45,0.04
27858,2.81,59.45,0.04
27859,2.93,59.45,0.04
27860,3.06,59.45,0.04
27861,3.18,59.45,0.03
27862,3.31,59.45,0.03
27863,3.43,59.45,0.03
27864,3.56,59.45,0.03
27865,3.68,59.45,0.03
27866,3.81,59.45,0.03
27867,3.93,59.45,0.03
27868,4.06,59.45,0.03
27869,4.18,59.45,0.03
27870,4.31,59.45,0.03
27871,4.43,59.45,0.03
27872,4.56,59.45,0.03
27873,4.68,59.45,0.03
27874,4.81,59.45,0.04
27875,4.93,59.45,0.04
27876,5.06,59.45,0.04
27877,5.18,59.45,0.04
27878,5.31,59.45,1000000
27879,5.43,59.45,1000000
27880,5.56,59.45,1000000
27881,5.68,59.45,1000000
27882,5.81,59.45,1000000
27883,5.93,59.45,1000000
27884,6.06,59.45,1000000
27885,6.18,59.45,1000000
27886,6.31,59.45,1000000
27887,6.43,59.45,1000000
27888,6.56,59.45,1000000
27889,6.68,59.45,1000000
27890,6.81,59.45,1000000
27891,6.93,59.45,1000000
27892,7.06,59.45,1000000
27893,7.18,59.45,1000000
27894,7.31,59.45,1000000
27895,7.43,59.45,1000000
27896,7.56,59.45,1000000
27897,7.68,59.45,1000000
27898,7.81,59.45,1000000
27899,7.93,59.45,1000000
27900,8.06,59.45,1000000
27901,8.18,59.45,1000000
27902,8.31,59.45,1000000
27903,8.43,59.45,1000000
27904,8.56,59.45,1000000
27905,8.68,59.45,1000000
27906,8.81,59.45,1000000
27907,8.93,59.45,1000000
27908,9.06,59.45,1000000
27909,9.18,59.45,1000000
27910,9.31,59.45,1000000
27911,9.43,59.45,1000000
27912,9.56,59.45,1000000
27913,9.68,59.45,1000000
27914,9.81,59.45,1000000
27915,9.93,59.45,1000000
27916,10.06,59.45,1000000
27917,10.18,59.45,1000000
27918,10.31,59.45,1000000
27919,10.43,59.45,8.53E-04
27920,10.56,59.45,4.84E-03
27921,10.68,59.45,6.52E-03
27922,10.81,59.45,1000000
27923,10.93,59.45,1000000
27924,11.06,59.45,1000000
27925,11.18,59.45,1000000
27926,11.31,59.45,1000000
27927,11.43,59.45,1000000
27928,11.56,59.45,1000000
27929,11.68,59.45,1000000
27930,11.81,59.45,1000000
27931,11.93,59.45,1000000
27932,12.06,59.45,1000000
27933,12.18,59.45,1000000
27934,12.31,59.45,1000000
27935,12.43,59.45,1000000
27936,12.56,59.45,1000000
27937,12.68,59.45,1000000
27938,12.81,59.45,1000000
27939,12.93,59.45,1000000
27940,-12.06,59.54,1000000
27941,-11.93,59.54,1000000
27942,-11.81,59.54,1000000
27943,-11.68,59.54,1000000
27944,-11.56,59.54,1000000
27945,-11.43,59.54,1000000
27946,-11.31,59.54,1000000
27947,-11.18,59.54,1000000
27948,-11.06,59.54,1000000
27949,-10.93,59.54,1000000
27950,-10.81,59.54,1000000
27951,-10.68,59.54,1000000
27952,-10.56,59.54,1000000
27953,-10.43,59.54,1000000
27954,-10.31,59.54,1000000
27955,-10.18,59.54,1000000
27956,-10.06,59.54,1000000
27957,-9.93,59.54,1000000
27958,-9.81,59.54,1000000
27959,-9.68,59.54,1000000
27960,-9.56,59.54,1000000
27961,-9.43,59.54,1000000
27962,-9.31,59.54,1000000
27963,-9.18,59.54,1000000
27964,-9.06,59.54,0.03
27965,-8.93,59.54,0.03
27966,-8.81,59.54,0.02
27967,-8.68,59.54,0.02
27968,-8.56,59.54,0.02
27969,-8.43,59.54,0.03
27970,-8.31,59.54,0.03
27971,-8.18,59.54,0.04
27972,-8.06,59.54,0.04
27973,-7.93,59.54,0.05
27974,-7.81,59.54,0.06
27975,-7.68,59.54,0.07
27976,-7.56,59.54,0.07
27977,-7.43,59.54,0.07
27978,-7.31,59.54,0.06
27979,-7.18,59.54,0.06
27980,-7.06,59.54,0.05
27981,-6.93,59.54,0.05
27982,-6.81,59.54,0.06
27983,-6.68,59.54,0.07
27984,-6.56,59.54,0.1
27985,-6.43,59.54,0.15
27986,-6.31,59.54,0.18
27987,-6.18,59.54,0.19
27988,-6.06,59.54,0.19
27989,-5.93,59.54,0.18
27990,-5.81,59.54,0.15
27991,-5.68,59.54,0.13
27992,-5.56,59.54,0.1
27993,-5.43,59.54,0.09
27994,-5.31,59.54,0.09
27995,-5.18,59.54,0.1
27996,-5.06,59.54,0.11
27997,-4.93,59.54,0.11
27998,-4.81,59.54,0.11
27999,-4.68,59.54,0.12
28000,-4.56,59.54,0.12
28001,-4.43,59.54,0.13
28002,-4.31,59.54,0.14
28003,-4.18,59.54,0.14
28004,-4.06,59.54,0.15
28005,-3.93,59.54,0.15
28006,-3.81,59.54,0.16
28007,-3.68,59.54,0.2
28008,-3.56,59.54,0.23
28009,-3.43,59.54,0.34
28010,-3.31,59.54,0.62
28011,-3.18,59.54,0.79
28012,-3.06,59.54,0.74
28013,-2.93,59.54,0.8
28014,-2.81,59.54,0.89
28015,-2.68,59.54,0.87
28016,-2.56,59.54,0.85
28017,-2.43,59.54,0.99
28018,-2.31,59.54,1.09
28019,-2.18,59.54,0.87
28020,-2.06,59.54,0.63
28021,-1.93,59.54,0.62
28022,-1.81,59.54,0.63
28023,-1.68,59.54,0.71
28024,-1.56,59.54,0.68
28025,-1.43,59.54,0.47
28026,-1.31,59.54,0.33
28027,-1.18,59.54,0.24
28028,-1.06,59.54,0.18
28029,-0.93,59.54,0.15
28030,-0.81,59.54,0.12
28031,-0.68,59.54,0.11
28032,-0.56,59.54,0.1
28033,-0.43,59.54,0.1
28034,-0.31,59.54,0.1
28035,-0.18,59.54,0.08
28036,-0.06,59.54,0.08
28037,0.06,59.54,0.08
28038,0.18,59.54,0.08
28039,0.31,59.54,0.09
28040,0.43,59.54,0.1
28041,0.56,59.54,0.1
28042,0.68,59.54,0.1
28043,0.81,59.54,0.1
28044,0.93,59.54,0.09
28045,1.06,59.54,0.09
28046,1.18,59.54,0.08
28047,1.31,59.54,0.08
28048,1.43,59.54,0.07
28049,1.56,59.54,0.06
28050,1.68,59.54,0.06
28051,1.81,59.54,0.05
28052,1.93,59.54,0.05
28053,2.06,59.54,0.05
28054,2.18,59.54,0.05
28055,2.31,59.54,0.04
28056,2.43,59.54,0.04
28057,2.56,59.54,0.04
28058,2.68,59.54,0.04
28059,2.81,59.54,0.04
28060,2.93,59.54,0.04
28061,3.06,59.54,0.04
28062,3.18,59.54,0.03
28063,3.31,59.54,0.03
28064,3.43,59.54,0.03
28065,3.56,59.54,0.03
28066,3.68,59.54,0.03
28067,3.81,59.54,0.03
28068,3.93,59.54,0.03
28069,4.06,59.54,0.03
28070,4.18,59.54,0.03
28071,4.31,59.54,0.03
28072,4.43,59.54,0.03
28073,4.56,59.54,0.03
28074,4.68,59.54,0.03
28075,4.81,59.54,0.03
28076,4.93,59.54,0.03
28077,5.06,59.54,0.02
28078,5.18,59.54,0.01
28079,5.31,59.54,0.01
28080,5.43,59.54,1000000
28081,5.56,59.54,1000000
28082,5.68,59.54,1000000
28083,5.81,59.54,1000000
28084,5.93,59.54,1000000
28085,6.06,59.54,1000000
28086,6.18,59.54,1000000
28087,6.31,59.54,1000000
28088,6.43,59.54,1000000
28089,6.56,59.54,1000000
28090,6.68,59.54,1000000
28091,6.81,59.54,1000000
28092,6.93,59.54,1000000
28093,7.06,59.54,1000000
28094,7.18,59.54,1000000
28095,7.31,59.54,1000000
28096,7.43,59.54,1000000
28097,7.56,59.54,1000000
28098,7.68,59.54,1000000
28099,7.81,59.54,1000000
28100,7.93,59.54,1000000
28101,8.06,59.54,1000000
28102,8.18,59.54,1000000
28103,8.31,59.54,1000000
28104,8.43,59.54,1000000
28105,8.56,59.54,1000000
28106,8.68,59.54,1000000
28107,8.81,59.54,1000000
28108,8.93,59.54,1000000
28109,9.06,59.54,1000000
28110,9.18,59.54,1000000
28111,9.31,59.54,1000000
28112,9.43,59.54,1000000
28113,9.56,59.54,1000000
28114,9.68,59.54,1000000
28115,9.81,59.54,1000000
28116,9.93,59.54,1000000
28117,10.06,59.54,1000000
28118,10.18,59.54,1000000
28119,10.31,59.54,2.08E-04
28120,10.43,59.54,7.40E-04
28121,10.56,59.54,1000000
28122,10.68,59.54,6.47E-03
28123,10.81,59.54,1000000
28124,10.93,59.54,1000000
28125,11.06,59.54,1000000
28126,11.18,59.54,1000000
28127,11.31,59.54,1000000
28128,11.43,59.54,1000000
28129,11.56,59.54,1000000
28130,11.68,59.54,1000000
28131,11.81,59.54,1000000
28132,11.93,59.54,1000000
28133,12.06,59.54,1000000
28134,12.18,59.54,1000000
28135,12.31,59.54,1000000
28136,12.43,59.54,1000000
28137,12.56,59.54,1000000
28138,12.68,59.54,1000000
28139,12.81,59.54,1000000
28140,12.93,59.54,1000000
28141,-12.06,59.62,1000000
28142,-11.93,59.62,1000000
28143,-11.81,59.62,1000000
28144,-11.68,59.62,1000000
28145,-11.56,59.62,1000000
28146,-11.43,59.62,1000000
28147,-11.31,59.62,1000000
28148,-11.18,59.62,1000000
28149,-11.06,59.62,1000000
28150,-10.93,59.62,1000000
28151,-10.81,59.62,1000000
28152,-10.68,59.62,1000000
28153,-10.56,59.62,1000000
28154,-10.43,59.62,1000000
28155,-10.31,59.62,1000000
28156,-10.18,59.62,1000000
28157,-10.06,59.62,1000000
28158,-9.93,59.62,1000000
28159,-9.81,59.62,1000000
28160,-9.68,59.62,1000000
28161,-9.56,59.62,1000000
28162,-9.43,59.62,1000000
28163,-9.31,59.62,1000000
28164,-9.18,59.62,1000000
28165,-9.06,59.62,1000000
28166,-8.93,59.62,0.03
28167,-8.81,59.62,0.03
28168,-8.68,59.62,0.02
28169,-8.56,59.62,0.03
28170,-8.43,59.62,0.03
28171,-8.31,59.62,0.03
28172,-8.18,59.62,0.04
28173,-8.06,59.62,0.05
28174,-7.93,59.62,0.06
28175,-7.81,59.62,0.07
28176,-7.68,59.62,0.07
28177,-7.56,59.62,0.06
28178,-7.43,59.62,0.06
28179,-7.31,59.62,0.06
28180,-7.18,59.62,0.06
28181,-7.06,59.62,0.06
28182,-6.93,59.62,0.06
28183,-6.81,59.62,0.06
28184,-6.68,59.62,0.08
28185,-6.56,59.62,0.12
28186,-6.43,59.62,0.18
28187,-6.31,59.62,0.22
28188,-6.18,59.62,0.22
28189,-6.06,59.62,0.2
28190,-5.93,59.62,0.18
28191,-5.81,59.62,0.14
28192,-5.68,59.62,0.11
28193,-5.56,59.62,0.09
28194,-5.43,59.62,0.08
28195,-5.31,59.62,0.07
28196,-5.18,59.62,0.08
28197,-5.06,59.62,0.08
28198,-4.93,59.62,0.09
28199,-4.81,59.62,0.09
28200,-4.68,59.62,0.1
28201,-4.56,59.62,0.11
28202,-4.43,59.62,0.12
28203,-4.31,59.62,0.13
28204,-4.18,59.62,0.14
28205,-4.06,59.62,0.15
28206,-3.93,59.62,0.15
28207,-3.81,59.62,0.13
28208,-3.68,59.62,0.18
28209,-3.56,59.62,0.31
28210,-3.43,59.62,0.42
28211,-3.31,59.62,0.51
28212,-3.18,59.62,0.67
28213,-3.06,59.62,0.69
28214,-2.93,59.62,0.65
28215,-2.81,59.62,0.67
28216,-2.68,59.62,0.73
28217,-2.56,59.62,0.71
28218,-2.43,59.62,0.69
28219,-2.31,59.62,0.69
28220,-2.18,59.62,0.68
28221,-2.06,59.62,0.62
28222,-1.93,59.62,0.56
28223,-1.81,59.62,0.52
28224,-1.68,59.62,0.54
28225,-1.56,59.62,0.67
28226,-1.43,59.62,0.59
28227,-1.31,59.62,0.42
28228,-1.18,59.62,0.29
28229,-1.06,59.62,0.19
28230,-0.93,59.62,0.15
28231,-0.81,59.62,0.12
28232,-0.68,59.62,0.1
28233,-0.56,59.62,0.1
28234,-0.43,59.62,0.1
28235,-0.31,59.62,0.09
28236,-0.18,59.62,0.09
28237,-0.06,59.62,0.08
28238,0.06,59.62,0.09
28239,0.18,59.62,0.08
28240,0.31,59.62,0.09
28241,0.43,59.62,0.09
28242,0.56,59.62,0.09
28243,0.68,59.62,0.08
28244,0.81,59.62,0.09
28245,0.93,59.62,0.09
28246,1.06,59.62,0.09
28247,1.18,59.62,0.08
28248,1.31,59.62,0.08
28249,1.43,59.62,0.07
28250,1.56,59.62,0.06
28251,1.68,59.62,0.06
28252,1.81,59.62,0.05
28253,1.93,59.62,0.05
28254,2.06,59.62,0.05
28255,2.18,59.62,0.05
28256,2.31,59.62,0.04
28257,2.43,59.62,0.04
28258,2.56,59.62,0.04
28259,2.68,59.62,0.04
28260,2.81,59.62,0.04
28261,2.93,59.62,0.04
28262,3.06,59.62,0.03
28263,3.18,59.62,0.03
28264,3.31,59.62,0.03
28265,3.43,59.62,0.03
28266,3.56,59.62,0.03
28267,3.68,59.62,0.03
28268,3.81,59.62,0.03
28269,3.93,59.62,0.03
28270,4.06,59.62,0.03
28271,4.18,59.62,0.03
28272,4.31,59.62,0.03
28273,4.43,59.62,0.03
28274,4.56,59.62,0.03
28275,4.68,59.62,0.03
28276,4.81,59.62,0.03
28277,4.93,59.62,0.03
28278,5.06,59.62,0.03
28279,5.18,59.62,0.01
28280,5.31,59.62,0.01
28281,5.43,59.62,1000000
28282,5.56,59.62,1000000
28283,5.68,59.62,1000000
28284,5.81,59.62,1000000
28285,5.93,59.62,1000000
28286,6.06,59.62,1000000
28287,6.18,59.62,1000000
28288,6.31,59.62,1000000
28289,6.43,59.62,1000000
28290,6.56,59.62,1000000
28291,6.68,59.62,1000000
28292,6.81,59.62,1000000
28293,6.93,59.62,1000000
28294,7.06,59.62,1000000
28295,7.18,59.62,1000000
28296,7.31,59.62,1000000
28297,7.43,59.62,1000000
28298,7.56,59.62,1000000
28299,7.68,59.62,1000000
28300,7.81,59.62,1000000
28301,7.93,59.62,1000000
28302,8.06,59.62,1000000
28303,8.18,59.62,1000000
28304,8.31,59.62,1000000
28305,8.43,59.62,1000000
28306,8.56,59.62,1000000
28307,8.68,59.62,1000000
28308,8.81,59.62,1000000
28309,8.93,59.62,1000000
28310,9.06,59.62,1000000
28311,9.18,59.62,1000000
28312,9.31,59.62,1000000
28313,9.43,59.62,1000000
28314,9.56,59.62,1000000
28315,9.68,59.62,1000000
28316,9.81,59.62,1000000
28317,9.93,59.62,1000000
28318,10.06,59.62,1000000
28319,10.18,59.62,1000000
28320,10.31,59.62,1000000
28321,10.43,59.62,1000000
28322,10.56,59.62,1000000
28323,10.68,59.62,1000000
28324,10.81,59.62,1000000
28325,10.93,59.62,1000000
28326,11.06,59.62,1000000
28327,11.18,59.62,1000000
28328,11.31,59.62,1000000
28329,11.43,59.62,1000000
28330,11.56,59.62,1000000
28331,11.68,59.62,1000000
28332,11.81,59.62,1000000
28333,11.93,59.62,1000000
28334,12.06,59.62,1000000
28335,12.18,59.62,1000000
28336,12.31,59.62,1000000
28337,12.43,59.62,1000000
28338,12.56,59.62,1000000
28339,12.68,59.62,1000000
28340,12.81,59.62,1000000
28341,12.93,59.62,1000000
28342,-12.06,59.7,1000000
28343,-11.93,59.7,1000000
28344,-11.81,59.7,1000000
28345,-11.68,59.7,1000000
28346,-11.56,59.7,1000000
28347,-11.43,59.7,1000000
28348,-11.31,59.7,1000000
28349,-11.18,59.7,1000000
28350,-11.06,59.7,1000000
28351,-10.93,59.7,1000000
28352,-10.81,59.7,1000000
28353,-10.68,59.7,1000000
28354,-10.56,59.7,1000000
28355,-10.43,59.7,1000000
28356,-10.31,59.7,1000000
28357,-10.18,59.7,1000000
28358,-10.06,59.7,1000000
28359,-9.93,59.7,1000000
28360,-9.81,59.7,1000000
28361,-9.68,59.7,1000000
28362,-9.56,59.7,1000000
28363,-9.43,59.7,1000000
28364,-9.31,59.7,1000000
28365,-9.18,59.7,1000000
28366,-9.06,59.7,1000000
28367,-8.93,59.7,1000000
28368,-8.81,59.7,0.04
28369,-8.68,59.7,0.03
28370,-8.56,59.7,0.03
28371,-8.43,59.7,0.03
28372,-8.31,59.7,0.04
28373,-8.18,59.7,0.04
28374,-8.06,59.7,0.06
28375,-7.93,59.7,0.07
28376,-7.81,59.7,0.07
28377,-7.68,59.7,0.06
28378,-7.56,59.7,0.06
28379,-7.43,59.7,0.06
28380,-7.31,59.7,0.06
28381,-7.18,59.7,0.05
28382,-7.06,59.7,0.05
28383,-6.93,59.7,0.06
28384,-6.81,59.7,0.07
28385,-6.68,59.7,0.1
28386,-6.56,59.7,0.15
28387,-6.43,59.7,0.21
28388,-6.31,59.7,0.26
28389,-6.18,59.7,0.24
28390,-6.06,59.7,0.21
28391,-5.93,59.7,0.16
28392,-5.81,59.7,0.12
28393,-5.68,59.7,0.09
28394,-5.56,59.7,0.08
28395,-5.43,59.7,0.06
28396,-5.31,59.7,0.06
28397,-5.18,59.7,0.05
28398,-5.06,59.7,0.06
28399,-4.93,59.7,0.07
28400,-4.81,59.7,0.08
28401,-4.68,59.7,0.09
28402,-4.56,59.7,0.1
28403,-4.43,59.7,0.11
28404,-4.31,59.7,0.12
28405,-4.18,59.7,0.13
28406,-4.06,59.7,0.14
28407,-3.93,59.7,0.16
28408,-3.81,59.7,0.16
28409,-3.68,59.7,0.17
28410,-3.56,59.7,0.23
28411,-3.43,59.7,0.41
28412,-3.31,59.7,0.57
28413,-3.18,59.7,0.61
28414,-3.06,59.7,0.62
28415,-2.93,59.7,0.59
28416,-2.81,59.7,0.58
28417,-2.68,59.7,0.62
28418,-2.56,59.7,0.65
28419,-2.43,59.7,0.63
28420,-2.31,59.7,0.55
28421,-2.18,59.7,0.45
28422,-2.06,59.7,0.47
28423,-1.93,59.7,0.51
28424,-1.81,59.7,0.5
28425,-1.68,59.7,0.47
28426,-1.56,59.7,0.61
28427,-1.43,59.7,0.72
28428,-1.31,59.7,0.54
28429,-1.18,59.7,0.34
28430,-1.06,59.7,0.21
28431,-0.93,59.7,0.14
28432,-0.81,59.7,0.11
28433,-0.68,59.7,0.09
28434,-0.56,59.7,0.08
28435,-0.43,59.7,0.09
28436,-0.31,59.7,0.1
28437,-0.18,59.7,0.1
28438,-0.06,59.7,0.1
28439,0.06,59.7,0.1
28440,0.18,59.7,0.09
28441,0.31,59.7,0.09
28442,0.43,59.7,0.09
28443,0.56,59.7,0.08
28444,0.68,59.7,0.08
28445,0.81,59.7,0.08
28446,0.93,59.7,0.08
28447,1.06,59.7,0.09
28448,1.18,59.7,0.09
28449,1.31,59.7,0.08
28450,1.43,59.7,0.07
28451,1.56,59.7,0.07
28452,1.68,59.7,0.06
28453,1.81,59.7,0.06
28454,1.93,59.7,0.05
28455,2.06,59.7,0.05
28456,2.18,59.7,0.05
28457,2.31,59.7,0.05
28458,2.43,59.7,0.04
28459,2.56,59.7,0.04
28460,2.68,59.7,0.04
28461,2.81,59.7,0.04
28462,2.93,59.7,0.04
28463,3.06,59.7,0.03
28464,3.18,59.7,0.03
28465,3.31,59.7,0.03
28466,3.43,59.7,0.02
28467,3.56,59.7,0.02
28468,3.68,59.7,0.03
28469,3.81,59.7,0.02
28470,3.93,59.7,0.02
28471,4.06,59.7,0.02
28472,4.18,59.7,0.02
28473,4.31,59.7,0.02
28474,4.43,59.7,0.02
28475,4.56,59.7,0.02
28476,4.68,59.7,0.02
28477,4.81,59.7,0.03
28478,4.93,59.7,0.03
28479,5.06,59.7,0.04
28480,5.18,59.7,0.02
28481,5.31,59.7,0.01
28482,5.43,59.7,3.31E-03
28483,5.56,59.7,1.98E-03
28484,5.68,59.7,5.74E-04
28485,5.81,59.7,1.40E-04
28486,5.93,59.7,1.00E-04
28487,6.06,59.7,1000000
28488,6.18,59.7,1000000
28489,6.31,59.7,1000000
28490,6.43,59.7,1000000
28491,6.56,59.7,1000000
28492,6.68,59.7,1000000
28493,6.81,59.7,1000000
28494,6.93,59.7,1000000
28495,7.06,59.7,1000000
28496,7.18,59.7,1000000
28497,7.31,59.7,1000000
28498,7.43,59.7,1000000
28499,7.56,59.7,1000000
28500,7.68,59.7,1000000
28501,7.81,59.7,1000000
28502,7.93,59.7,1000000
28503,8.06,59.7,1000000
28504,8.18,59.7,1000000
28505,8.31,59.7,1000000
28506,8.43,59.7,1000000
28507,8.56,59.7,1000000
28508,8.68,59.7,1000000
28509,8.81,59.7,1000000
28510,8.93,59.7,1000000
28511,9.06,59.7,1000000
28512,9.18,59.7,1000000
28513,9.31,59.7,1000000
28514,9.43,59.7,1000000
28515,9.56,59.7,1000000
28516,9.68,59.7,1000000
28517,9.81,59.7,1000000
28518,9.93,59.7,1000000
28519,10.06,59.7,1000000
28520,10.18,59.7,1000000
28521,10.31,59.7,1000000
28522,10.43,59.7,1000000
28523,10.56,59.7,1000000
28524,10.68,59.7,1000000
28525,10.81,59.7,1000000
28526,10.93,59.7,1000000
28527,11.06,59.7,1000000
28528,11.18,59.7,1000000
28529,11.31,59.7,1000000
28530,11.43,59.7,1000000
28531,11.56,59.7,1000000
28532,11.68,59.7,1000000
28533,11.81,59.7,1000000
28534,11.93,59.7,1000000
28535,12.06,59.7,1000000
28536,12.18,59.7,1000000
28537,12.31,59.7,1000000
28538,12.43,59.7,1000000
28539,12.56,59.7,1000000
28540,12.68,59.7,1000000
28541,12.81,59.7,1000000
28542,12.93,59.7,1000000
28543,-12.06,59.79,1000000
28544,-11.93,59.79,1000000
28545,-11.81,59.79,1000000
28546,-11.68,59.79,1000000
28547,-11.56,59.79,1000000
28548,-11.43,59.79,1000000
28549,-11.31,59.79,1000000
28550,-11.18,59.79,1000000
28551,-11.06,59.79,1000000
28552,-10.93,59.79,1000000
28553,-10.81,59.79,1000000
28554,-10.68,59.79,1000000
28555,-10.56,59.79,1000000
28556,-10.43,59.79,1000000
28557,-10.31,59.79,1000000
28558,-10.18,59.79,1000000
28559,-10.06,59.79,1000000
28560,-9.93,59.79,1000000
28561,-9.81,59.79,1000000
28562,-9.68,59.79,1000000
28563,-9.56,59.79,1000000
28564,-9.43,59.79,1000000
28565,-9.31,59.79,1000000
28566,-9.18,59.79,1000000
28567,-9.06,59.79,1000000
28568,-8.93,59.79,1000000
28569,-8.81,59.79,1000000
28570,-8.68,59.79,0.04
28571,-8.56,59.79,0.04
28572,-8.43,59.79,0.04
28573,-8.31,59.79,0.04
28574,-8.18,59.79,0.05
28575,-8.06,59.79,0.07
28576,-7.93,59.79,0.07
28577,-7.81,59.79,0.07
28578,-7.68,59.79,0.06
28579,-7.56,59.79,0.06
28580,-7.43,59.79,0.05
28581,-7.31,59.79,0.05
28582,-7.18,59.79,0.05
28583,-7.06,59.79,0.06
28584,-6.93,59.79,0.07
28585,-6.81,59.79,0.1
28586,-6.68,59.79,0.12
28587,-6.56,59.79,0.15
28588,-6.43,59.79,0.21
28589,-6.31,59.79,0.23
28590,-6.18,59.79,0.2
28591,-6.06,59.79,0.14
28592,-5.93,59.79,0.1
28593,-5.81,59.79,0.08
28594,-5.68,59.79,0.07
28595,-5.56,59.79,0.06
28596,-5.43,59.79,0.05
28597,-5.31,59.79,0.05
28598,-5.18,59.79,0.05
28599,-5.06,59.79,0.05
28600,-4.93,59.79,0.06
28601,-4.81,59.79,0.06
28602,-4.68,59.79,0.07
28603,-4.56,59.79,0.08
28604,-4.43,59.79,0.1
28605,-4.31,59.79,0.11
28606,-4.18,59.79,0.12
28607,-4.06,59.79,0.13
28608,-3.93,59.79,0.15
28609,-3.81,59.79,0.18
28610,-3.68,59.79,0.18
28611,-3.56,59.79,0.21
28612,-3.43,59.79,0.3
28613,-3.31,59.79,0.48
28614,-3.18,59.79,0.59
28615,-3.06,59.79,0.58
28616,-2.93,59.79,0.56
28617,-2.81,59.79,0.53
28618,-2.68,59.79,0.51
28619,-2.56,59.79,0.55
28620,-2.43,59.79,0.58
28621,-2.31,59.79,0.56
28622,-2.18,59.79,0.46
28623,-2.06,59.79,0.37
28624,-1.93,59.79,0.38
28625,-1.81,59.79,0.44
28626,-1.68,59.79,0.47
28627,-1.56,59.79,0.62
28628,-1.43,59.79,1.15
28629,-1.31,59.79,0.89
28630,-1.18,59.79,0.46
28631,-1.06,59.79,0.26
28632,-0.93,59.79,0.16
28633,-0.81,59.79,0.11
28634,-0.68,59.79,0.09
28635,-0.56,59.79,0.09
28636,-0.43,59.79,0.09
28637,-0.31,59.79,0.09
28638,-0.18,59.79,0.1
28639,-0.06,59.79,0.11
28640,0.06,59.79,0.12
28641,0.18,59.79,0.11
28642,0.31,59.79,0.1
28643,0.43,59.79,0.09
28644,0.56,59.79,0.09
28645,0.68,59.79,0.08
28646,0.81,59.79,0.08
28647,0.93,59.79,0.08
28648,1.06,59.79,0.08
28649,1.18,59.79,0.08
28650,1.31,59.79,0.08
28651,1.43,59.79,0.07
28652,1.56,59.79,0.07
28653,1.68,59.79,0.07
28654,1.81,59.79,0.06
28655,1.93,59.79,0.06
28656,2.06,59.79,0.06
28657,2.18,59.79,0.06
28658,2.31,59.79,0.05
28659,2.43,59.79,0.05
28660,2.56,59.79,0.04
28661,2.68,59.79,0.04
28662,2.81,59.79,0.04
28663,2.93,59.79,0.04
28664,3.06,59.79,0.03
28665,3.18,59.79,0.03
28666,3.31,59.79,0.03
28667,3.43,59.79,0.02
28668,3.56,59.79,0.02
28669,3.68,59.79,0.02
28670,3.81,59.79,0.02
28671,3.93,59.79,0.02
28672,4.06,59.79,0.02
28673,4.18,59.79,0.02
28674,4.31,59.79,0.02
28675,4.43,59.79,0.02
28676,4.56,59.79,0.02
28677,4.68,59.79,0.02
28678,4.81,59.79,0.02
28679,4.93,59.79,0.03
28680,5.06,59.79,0.05
28681,5.18,59.79,1000000
28682,5.31,59.79,1000000
28683,5.43,59.79,1000000
28684,5.56,59.79,4.47E-04
28685,5.68,59.79,1.12E-04
28686,5.81,59.79,1.30E-05
28687,5.93,59.79,1000000
28688,6.06,59.79,1000000
28689,6.18,59.79,1000000
28690,6.31,59.79,1000000
28691,6.43,59.79,1000000
28692,6.56,59.79,1000000
28693,6.68,59.79,1000000
28694,6.81,59.79,1000000
28695,6.93,59.79,1000000
28696,7.06,59.79,1000000
28697,7.18,59.79,1000000
28698,7.31,59.79,1000000
28699,7.43,59.79,1000000
28700,7.56,59.79,1000000
28701,7.68,59.79,1000000
28702,7.81,59.79,1000000
28703,7.93,59.79,1000000
28704,8.06,59.79,1000000
28705,8.18,59.79,1000000
28706,8.31,59.79,1000000
28707,8.43,59.79,1000000
28708,8.56,59.79,1000000
28709,8.68,59.79,1000000
28710,8.81,59.79,1000000
28711,8.93,59.79,1000000
28712,9.06,59.79,1000000
28713,9.18,59.79,1000000
28714,9.31,59.79,1000000
28715,9.43,59.79,1000000
28716,9.56,59.79,1000000
28717,9.68,59.79,1000000
28718,9.81,59.79,1000000
28719,9.93,59.79,1000000
28720,10.06,59.79,1000000
28721,10.18,59.79,1000000
28722,10.31,59.79,1000000
28723,10.43,59.79,1000000
28724,10.56,59.79,1000000
28725,10.68,59.79,1000000
28726,10.81,59.79,1000000
28727,10.93,59.79,1000000
28728,11.06,59.79,1000000
28729,11.18,59.79,1000000
28730,11.31,59.79,1000000
28731,11.43,59.79,1000000
28732,11.56,59.79,1000000
28733,11.68,59.79,1000000
28734,11.81,59.79,1000000
28735,11.93,59.79,1000000
28736,12.06,59.79,1000000
28737,12.18,59.79,1000000
28738,12.31,59.79,1000000
28739,12.43,59.79,1000000
28740,12.56,59.79,1000000
28741,12.68,59.79,1000000
28742,12.81,59.79,1000000
28743,12.93,59.79,1000000
28744,-12.06,59.87,1000000
28745,-11.93,59.87,1000000
28746,-11.81,59.87,1000000
28747,-11.68,59.87,1000000
28748,-11.56,59.87,1000000
28749,-11.43,59.87,1000000
28750,-11.31,59.87,1000000
28751,-11.18,59.87,1000000
28752,-11.06,59.87,1000000
28753,-10.93,59.87,1000000
28754,-10.81,59.87,1000000
28755,-10.68,59.87,1000000
28756,-10.56,59.87,1000000
28757,-10.43,59.87,1000000
28758,-10.31,59.87,1000000
28759,-10.18,59.87,1000000
28760,-10.06,59.87,1000000
28761,-9.93,59.87,1000000
28762,-9.81,59.87,1000000
28763,-9.68,59.87,1000000
28764,-9.56,59.87,1000000
28765,-9.43,59.87,1000000
28766,-9.31,59.87,1000000
28767,-9.18,59.87,1000000
28768,-9.06,59.87,1000000
28769,-8.93,59.87,1000000
28770,-8.81,59.87,1000000
28771,-8.68,59.87,1000000
28772,-8.56,59.87,0.04
28773,-8.43,59.87,0.05
28774,-8.31,59.87,0.06
28775,-8.18,59.87,0.08
28776,-8.06,59.87,0.09
28777,-7.93,59.87,0.09
28778,-7.81,59.87,0.08
28779,-7.68,59.87,0.06
28780,-7.56,59.87,0.06
28781,-7.43,59.87,0.06
28782,-7.31,59.87,0.06
28783,-7.18,59.87,0.07
28784,-7.06,59.87,0.09
28785,-6.93,59.87,0.1
28786,-6.81,59.87,0.11
28787,-6.68,59.87,0.12
28788,-6.56,59.87,0.16
28789,-6.43,59.87,0.23
28790,-6.31,59.87,0.22
28791,-6.18,59.87,0.13
28792,-6.06,59.87,0.08
28793,-5.93,59.87,0.07
28794,-5.81,59.87,0.06
28795,-5.68,59.87,0.06
28796,-5.56,59.87,0.05
28797,-5.43,59.87,0.05
28798,-5.31,59.87,0.05
28799,-5.18,59.87,0.05
28800,-5.06,59.87,0.05
28801,-4.93,59.87,0.06
28802,-4.81,59.87,0.06
28803,-4.68,59.87,0.06
28804,-4.56,59.87,0.07
28805,-4.43,59.87,0.08
28806,-4.31,59.87,0.1
28807,-4.18,59.87,0.11
28808,-4.06,59.87,0.12
28809,-3.93,59.87,0.14
28810,-3.81,59.87,0.18
28811,-3.68,59.87,0.2
28812,-3.56,59.87,0.2
28813,-3.43,59.87,0.22
28814,-3.31,59.87,0.29
28815,-3.18,59.87,0.48
28816,-3.06,59.87,0.58
28817,-2.93,59.87,0.51
28818,-2.81,59.87,0.46
28819,-2.68,59.87,0.45
28820,-2.56,59.87,0.48
28821,-2.43,59.87,0.48
28822,-2.31,59.87,0.51
28823,-2.18,59.87,0.53
28824,-2.06,59.87,0.44
28825,-1.93,59.87,0.34
28826,-1.81,59.87,0.34
28827,-1.68,59.87,0.41
28828,-1.56,59.87,0.56
28829,-1.43,59.87,1.65
28830,-1.31,59.87,1.83
28831,-1.18,59.87,0.97
28832,-1.06,59.87,0.31
28833,-0.93,59.87,0.17
28834,-0.81,59.87,0.13
28835,-0.68,59.87,0.11
28836,-0.56,59.87,0.09
28837,-0.43,59.87,0.09
28838,-0.31,59.87,0.09
28839,-0.18,59.87,0.1
28840,-0.06,59.87,0.1
28841,0.06,59.87,0.11
28842,0.18,59.87,0.12
28843,0.31,59.87,0.11
28844,0.43,59.87,0.1
28845,0.56,59.87,0.09
28846,0.68,59.87,0.09
28847,0.81,59.87,0.08
28848,0.93,59.87,0.08
28849,1.06,59.87,0.08
28850,1.18,59.87,0.08
28851,1.31,59.87,0.08
28852,1.43,59.87,0.07
28853,1.56,59.87,0.07
28854,1.68,59.87,0.07
28855,1.81,59.87,0.07
28856,1.93,59.87,0.06
28857,2.06,59.87,0.06
28858,2.18,59.87,0.06
28859,2.31,59.87,0.05
28860,2.43,59.87,0.05
28861,2.56,59.87,0.04
28862,2.68,59.87,0.04
28863,2.81,59.87,0.04
28864,2.93,59.87,0.04
28865,3.06,59.87,0.03
28866,3.18,59.87,0.03
28867,3.31,59.87,0.02
28868,3.43,59.87,0.02
28869,3.56,59.87,0.02
28870,3.68,59.87,0.02
28871,3.81,59.87,0.02
28872,3.93,59.87,0.02
28873,4.06,59.87,0.02
28874,4.18,59.87,0.02
28875,4.31,59.87,0.02
28876,4.43,59.87,0.02
28877,4.56,59.87,0.02
28878,4.68,59.87,0.02
28879,4.81,59.87,0.02
28880,4.93,59.87,0.02
28881,5.06,59.87,0.03
28882,5.18,59.87,2.69E-03
28883,5.31,59.87,1000000
28884,5.43,59.87,1000000
28885,5.56,59.87,1000000
28886,5.68,59.87,4.00E-05
28887,5.81,59.87,1000000
28888,5.93,59.87,1000000
28889,6.06,59.87,1000000
28890,6.18,59.87,1000000
28891,6.31,59.87,1000000
28892,6.43,59.87,1000000
28893,6.56,59.87,1000000
28894,6.68,59.87,1000000
28895,6.81,59.87,1000000
28896,6.93,59.87,1000000
28897,7.06,59.87,1000000
28898,7.18,59.87,1000000
28899,7.31,59.87,1000000
28900,7.43,59.87,1000000
28901,7.56,59.87,1000000
28902,7.68,59.87,1000000
28903,7.81,59.87,1000000
28904,7.93,59.87,1000000
28905,8.06,59.87,1000000
28906,8.18,59.87,1000000
28907,8.31,59.87,1000000
28908,8.43,59.87,1000000
28909,8.56,59.87,1000000
28910,8.68,59.87,1000000
28911,8.81,59.87,1000000
28912,8.93,59.87,1000000
28913,9.06,59.87,1000000
28914,9.18,59.87,1000000
28915,9.31,59.87,1000000
28916,9.43,59.87,1000000
28917,9.56,59.87,1000000
28918,9.68,59.87,1000000
28919,9.81,59.87,1000000
28920,9.93,59.87,1000000
28921,10.06,59.87,1000000
28922,10.18,59.87,1000000
28923,10.31,59.87,1000000
28924,10.43,59.87,1000000
28925,10.56,59.87,1000000
28926,10.68,59.87,1000000
28927,10.81,59.87,1000000
28928,10.93,59.87,1000000
28929,11.06,59.87,1000000
28930,11.18,59.87,1000000
28931,11.31,59.87,1000000
28932,11.43,59.87,1000000
28933,11.56,59.87,1000000
28934,11.68,59.87,1000000
28935,11.81,59.87,1000000
28936,11.93,59.87,1000000
28937,12.06,59.87,1000000
28938,12.18,59.87,1000000
28939,12.31,59.87,1000000
28940,12.43,59.87,1000000
28941,12.56,59.87,1000000
28942,12.68,59.87,1000000
28943,12.81,59.87,1000000
28944,12.93,59.87,1000000
28945,-12.06,59.95,1000000
28946,-11.93,59.95,1000000
28947,-11.81,59.95,1000000
28948,-11.68,59.95,1000000
28949,-11.56,59.95,1000000
28950,-11.43,59.95,1000000
28951,-11.31,59.95,1000000
28952,-11.18,59.95,1000000
28953,-11.06,59.95,1000000
28954,-10.93,59.95,1000000
28955,-10.81,59.95,1000000
28956,-10.68,59.95,1000000
28957,-10.56,59.95,1000000
28958,-10.43,59.95,1000000
28959,-10.31,59.95,1000000
28960,-10.18,59.95,1000000
28961,-10.06,59.95,1000000
28962,-9.93,59.95,1000000
28963,-9.81,59.95,1000000
28964,-9.68,59.95,1000000
28965,-9.56,59.95,1000000
28966,-9.43,59.95,1000000
28967,-9.31,59.95,1000000
28968,-9.18,59.95,1000000
28969,-9.06,59.95,1000000
28970,-8.93,59.95,1000000
28971,-8.81,59.95,1000000
28972,-8.68,59.95,1000000
28973,-8.56,59.95,1000000
28974,-8.43,59.95,0.06
28975,-8.31,59.95,0.09
28976,-8.18,59.95,0.11
28977,-8.06,59.95,0.09
28978,-7.93,59.95,0.08
28979,-7.81,59.95,0.08
28980,-7.68,59.95,0.08
28981,-7.56,59.95,0.08
28982,-7.43,59.95,0.08
28983,-7.31,59.95,0.1
28984,-7.18,59.95,0.11
28985,-7.06,59.95,0.12
28986,-6.93,59.95,0.13
28987,-6.81,59.95,0.13
28988,-6.68,59.95,0.16
28989,-6.56,59.95,0.24
28990,-6.43,59.95,0.21
28991,-6.31,59.95,0.11
28992,-6.18,59.95,0.06
28993,-6.06,59.95,0.06
28994,-5.93,59.95,0.06
28995,-5.81,59.95,0.06
28996,-5.68,59.95,0.06
28997,-5.56,59.95,0.05
28998,-5.43,59.95,0.06
28999,-5.31,59.95,0.06
29000,-5.18,59.95,0.05
29001,-5.06,59.95,0.06
29002,-4.93,59.95,0.05
29003,-4.81,59.95,0.05
29004,-4.68,59.95,0.05
29005,-4.56,59.95,0.06
29006,-4.43,59.95,0.07
29007,-4.31,59.95,0.08
29008,-4.18,59.95,0.09
29009,-4.06,59.95,0.11
29010,-3.93,59.95,0.13
29011,-3.81,59.95,0.19
29012,-3.68,59.95,0.21
29013,-3.56,59.95,0.2
29014,-3.43,59.95,0.2
29015,-3.31,59.95,0.22
29016,-3.18,59.95,0.29
29017,-3.06,59.95,0.45
29018,-2.93,59.95,0.51
29019,-2.81,59.95,0.42
29020,-2.68,59.95,0.37
29021,-2.56,59.95,0.41
29022,-2.43,59.95,0.42
29023,-2.31,59.95,0.42
29024,-2.18,59.95,0.51
29025,-2.06,59.95,0.53
29026,-1.93,59.95,0.43
29027,-1.81,59.95,0.34
29028,-1.68,59.95,0.32
29029,-1.56,59.95,0.33
29030,-1.43,59.95,0.5
29031,-1.31,59.95,1000000
29032,-1.18,59.95,0.26
29033,-1.06,59.95,0.18
29034,-0.93,59.95,0.18
29035,-0.81,59.95,0.17
29036,-0.68,59.95,0.15
29037,-0.56,59.95,0.13
29038,-0.43,59.95,0.12
29039,-0.31,59.95,0.11
29040,-0.18,59.95,0.1
29041,-0.06,59.95,0.1
29042,0.06,59.95,0.09
29043,0.18,59.95,0.1
29044,0.31,59.95,0.1
29045,0.43,59.95,0.11
29046,0.56,59.95,0.1
29047,0.68,59.95,0.09
29048,0.81,59.95,0.08
29049,0.93,59.95,0.09
29050,1.06,59.95,0.09
29051,1.18,59.95,0.08
29052,1.31,59.95,0.08
29053,1.43,59.95,0.08
29054,1.56,59.95,0.07
29055,1.68,59.95,0.07
29056,1.81,59.95,0.07
29057,1.93,59.95,0.07
29058,2.06,59.95,0.06
29059,2.18,59.95,0.06
29060,2.31,59.95,0.05
29061,2.43,59.95,0.05
29062,2.56,59.95,0.05
29063,2.68,59.95,0.04
29064,2.81,59.95,0.04
29065,2.93,59.95,0.03
29066,3.06,59.95,0.03
29067,3.18,59.95,0.03
29068,3.31,59.95,0.02
29069,3.43,59.95,0.02
29070,3.56,59.95,0.02
29071,3.68,59.95,0.02
29072,3.81,59.95,0.02
29073,3.93,59.95,0.02
29074,4.06,59.95,0.02
29075,4.18,59.95,0.02
29076,4.31,59.95,0.02
29077,4.43,59.95,0.02
29078,4.56,59.95,0.02
29079,4.68,59.95,0.02
29080,4.81,59.95,0.02
29081,4.93,59.95,0.01
29082,5.06,59.95,0.01
29083,5.18,59.95,0.02
29084,5.31,59.95,1000000
29085,5.43,59.95,1000000
29086,5.56,59.95,1000000
29087,5.68,59.95,2.76E-05
29088,5.81,59.95,5.49E-06
29089,5.93,59.95,1000000
29090,6.06,59.95,1000000
29091,6.18,59.95,1000000
29092,6.31,59.95,1000000
29093,6.43,59.95,1000000
29094,6.56,59.95,1000000
29095,6.68,59.95,1000000
29096,6.81,59.95,1000000
29097,6.93,59.95,1000000
29098,7.06,59.95,1000000
29099,7.18,59.95,1000000
29100,7.31,59.95,1000000
29101,7.43,59.95,1000000
29102,7.56,59.95,1000000
29103,7.68,59.95,1000000
29104,7.81,59.95,1000000
29105,7.93,59.95,1000000
29106,8.06,59.95,1000000
29107,8.18,59.95,1000000
29108,8.31,59.95,1000000
29109,8.43,59.95,1000000
29110,8.56,59.95,1000000
29111,8.68,59.95,1000000
29112,8.81,59.95,1000000
29113,8.93,59.95,1000000
29114,9.06,59.95,1000000
29115,9.18,59.95,1000000
29116,9.31,59.95,1000000
29117,9.43,59.95,1000000
29118,9.56,59.95,1000000
29119,9.68,59.95,1000000
29120,9.81,59.95,1000000
29121,9.93,59.95,1000000
29122,10.06,59.95,1000000
29123,10.18,59.95,1000000
29124,10.31,59.95,1000000
29125,10.43,59.95,1000000
29126,10.56,59.95,1000000
29127,10.68,59.95,1000000
29128,10.81,59.95,1000000
29129,10.93,59.95,1000000
29130,11.06,59.95,1000000
29131,11.18,59.95,1000000
29132,11.31,59.95,1000000
29133,11.43,59.95,1000000
29134,11.56,59.95,1000000
29135,11.68,59.95,1000000
29136,11.81,59.95,1000000
29137,11.93,59.95,1000000
29138,12.06,59.95,1000000
29139,12.18,59.95,1000000
29140,12.31,59.95,1000000
29141,12.43,59.95,1000000
29142,12.56,59.95,1000000
29143,12.68,59.95,1000000
29144,12.81,59.95,1000000
29145,12.93,59.95,1000000
29146,-12.06,60.04,1000000
29147,-11.93,60.04,1000000
29148,-11.81,60.04,1000000
29149,-11.68,60.04,1000000
29150,-11.56,60.04,1000000
29151,-11.43,60.04,1000000
29152,-11.31,60.04,1000000
29153,-11.18,60.04,1000000
29154,-11.06,60.04,1000000
29155,-10.93,60.04,1000000
29156,-10.81,60.04,1000000
29157,-10.68,60.04,1000000
29158,-10.56,60.04,1000000
29159,-10.43,60.04,1000000
29160,-10.31,60.04,1000000
29161,-10.18,60.04,1000000
29162,-10.06,60.04,1000000
29163,-9.93,60.04,1000000
29164,-9.81,60.04,1000000
29165,-9.68,60.04,1000000
29166,-9.56,60.04,1000000
29167,-9.43,60.04,1000000
29168,-9.31,60.04,1000000
29169,-9.18,60.04,1000000
29170,-9.06,60.04,1000000
29171,-8.93,60.04,1000000
29172,-8.81,60.04,1000000
29173,-8.68,60.04,1000000
29174,-8.56,60.04,1000000
29175,-8.43,60.04,1000000
29176,-8.31,60.04,0.09
29177,-8.18,60.04,0.09
29178,-8.06,60.04,0.08
29179,-7.93,60.04,0.08
29180,-7.81,60.04,0.08
29181,-7.68,60.04,0.08
29182,-7.56,60.04,0.09
29183,-7.43,60.04,0.1
29184,-7.31,60.04,0.12
29185,-7.18,60.04,0.14
29186,-7.06,60.04,0.13
29187,-6.93,60.04,0.13
29188,-6.81,60.04,0.12
29189,-6.68,60.04,0.14
29190,-6.56,60.04,0.12
29191,-6.43,60.04,0.08
29192,-6.31,60.04,0.05
29193,-6.18,60.04,0.05
29194,-6.06,60.04,0.05
29195,-5.93,60.04,0.06
29196,-5.81,60.04,0.06
29197,-5.68,60.04,0.06
29198,-5.56,60.04,0.06
29199,-5.43,60.04,0.06
29200,-5.31,60.04,0.06
29201,-5.18,60.04,0.06
29202,-5.06,60.04,0.06
29203,-4.93,60.04,0.05
29204,-4.81,60.04,0.05
29205,-4.68,60.04,0.04
29206,-4.56,60.04,0.05
29207,-4.43,60.04,0.07
29208,-4.31,60.04,0.07
29209,-4.18,60.04,0.07
29210,-4.06,60.04,0.09
29211,-3.93,60.04,0.12
29212,-3.81,60.04,0.18
29213,-3.68,60.04,0.21
29214,-3.56,60.04,0.2
29215,-3.43,60.04,0.17
29216,-3.31,60.04,0.17
29217,-3.18,60.04,0.21
29218,-3.06,60.04,0.25
29219,-2.93,60.04,0.36
29220,-2.81,60.04,0.45
29221,-2.68,60.04,0.39
29222,-2.56,60.04,0.34
29223,-2.43,60.04,0.35
29224,-2.31,60.04,0.37
29225,-2.18,60.04,0.51
29226,-2.06,60.04,0.66
29227,-1.93,60.04,0.54
29228,-1.81,60.04,0.44
29229,-1.68,60.04,0.35
29230,-1.56,60.04,0.25
29231,-1.43,60.04,0.18
29232,-1.31,60.04,1000000
29233,-1.18,60.04,0.15
29234,-1.06,60.04,0.18
29235,-0.93,60.04,0.28
29236,-0.81,60.04,0.23
29237,-0.68,60.04,0.19
29238,-0.56,60.04,0.16
29239,-0.43,60.04,0.13
29240,-0.31,60.04,0.11
29241,-0.18,60.04,0.1
29242,-0.06,60.04,0.09
29243,0.06,60.04,0.08
29244,0.18,60.04,0.08
29245,0.31,60.04,0.09
29246,0.43,60.04,0.09
29247,0.56,60.04,0.09
29248,0.68,60.04,0.08
29249,0.81,60.04,0.08
29250,0.93,60.04,0.08
29251,1.06,60.04,0.08
29252,1.18,60.04,0.08
29253,1.31,60.04,0.08
29254,1.43,60.04,0.08
29255,1.56,60.04,0.07
29256,1.68,60.04,0.06
29257,1.81,60.04,0.06
29258,1.93,60.04,0.06
29259,2.06,60.04,0.06
29260,2.18,60.04,0.06
29261,2.31,60.04,0.05
29262,2.43,60.04,0.05
29263,2.56,60.04,0.05
29264,2.68,60.04,0.05
29265,2.81,60.04,0.04
29266,2.93,60.04,0.04
29267,3.06,60.04,0.03
29268,3.18,60.04,0.03
29269,3.31,60.04,0.02
29270,3.43,60.04,0.02
29271,3.56,60.04,0.02
29272,3.68,60.04,0.02
29273,3.81,60.04,0.02
29274,3.93,60.04,0.02
29275,4.06,60.04,0.02
29276,4.18,60.04,0.02
29277,4.31,60.04,0.02
29278,4.43,60.04,0.02
29279,4.56,60.04,0.02
29280,4.68,60.04,0.01
29281,4.81,60.04,0.01
29282,4.93,60.04,0.01
29283,5.06,60.04,0.01
29284,5.18,60.04,0.02
29285,5.31,60.04,1000000
29286,5.43,60.04,1000000
29287,5.56,60.04,1000000
29288,5.68,60.04,1000000
29289,5.81,60.04,1000000
29290,5.93,60.04,1000000
29291,6.06,60.04,1000000
29292,6.18,60.04,1000000
29293,6.31,60.04,1000000
29294,6.43,60.04,1000000
29295,6.56,60.04,1000000
29296,6.68,60.04,1000000
29297,6.81,60.04,1000000
29298,6.93,60.04,1000000
29299,7.06,60.04,1000000
29300,7.18,60.04,1000000
29301,7.31,60.04,1000000
29302,7.43,60.04,1000000
29303,7.56,60.04,1000000
29304,7.68,60.04,1000000
29305,7.81,60.04,1000000
29306,7.93,60.04,1000000
29307,8.06,60.04,1000000
29308,8.18,60.04,1000000
29309,8.31,60.04,1000000
29310,8.43,60.04,1000000
29311,8.56,60.04,1000000
29312,8.68,60.04,1000000
29313,8.81,60.04,1000000
29314,8.93,60.04,1000000
29315,9.06,60.04,1000000
29316,9.18,60.04,1000000
29317,9.31,60.04,1000000
29318,9.43,60.04,1000000
29319,9.56,60.04,1000000
29320,9.68,60.04,1000000
29321,9.81,60.04,1000000
29322,9.93,60.04,1000000
29323,10.06,60.04,1000000
29324,10.18,60.04,1000000
29325,10.31,60.04,1000000
29326,10.43,60.04,1000000
29327,10.56,60.04,1000000
29328,10.68,60.04,1000000
29329,10.81,60.04,1000000
29330,10.93,60.04,1000000
29331,11.06,60.04,1000000
29332,11.18,60.04,1000000
29333,11.31,60.04,1000000
29334,11.43,60.04,1000000
29335,11.56,60.04,1000000
29336,11.68,60.04,1000000
29337,11.81,60.04,1000000
29338,11.93,60.04,1000000
29339,12.06,60.04,1000000
29340,12.18,60.04,1000000
29341,12.31,60.04,1000000
29342,12.43,60.04,1000000
29343,12.56,60.04,1000000
29344,12.68,60.04,1000000
29345,12.81,60.04,1000000
29346,12.93,60.04,1000000
29347,-12.06,60.12,1000000
29348,-11.93,60.12,1000000
29349,-11.81,60.12,1000000
29350,-11.68,60.12,1000000
29351,-11.56,60.12,1000000
29352,-11.43,60.12,1000000
29353,-11.31,60.12,1000000
29354,-11.18,60.12,1000000
29355,-11.06,60.12,1000000
29356,-10.93,60.12,1000000
29357,-10.81,60.12,1000000
29358,-10.68,60.12,1000000
29359,-10.56,60.12,1000000
29360,-10.43,60.12,1000000
29361,-10.31,60.12,1000000
29362,-10.18,60.12,1000000
29363,-10.06,60.12,1000000
29364,-9.93,60.12,1000000
29365,-9.81,60.12,1000000
29366,-9.68,60.12,1000000
29367,-9.56,60.12,1000000
29368,-9.43,60.12,1000000
29369,-9.31,60.12,1000000
29370,-9.18,60.12,1000000
29371,-9.06,60.12,1000000
29372,-8.93,60.12,1000000
29373,-8.81,60.12,1000000
29374,-8.68,60.12,1000000
29375,-8.56,60.12,1000000
29376,-8.43,60.12,1000000
29377,-8.31,60.12,1000000
29378,-8.18,60.12,0.08
29379,-8.06,60.12,0.08
29380,-7.93,60.12,0.09
29381,-7.81,60.12,0.08
29382,-7.68,60.12,0.09
29383,-7.56,60.12,0.1
29384,-7.43,60.12,0.11
29385,-7.31,60.12,0.11
29386,-7.18,60.12,0.09
29387,-7.06,60.12,0.07
29388,-6.93,60.12,0.06
29389,-6.81,60.12,0.06
29390,-6.68,60.12,0.06
29391,-6.56,60.12,0.05
29392,-6.43,60.12,0.04
29393,-6.31,60.12,0.04
29394,-6.18,60.12,0.05
29395,-6.06,60.12,0.05
29396,-5.93,60.12,0.06
29397,-5.81,60.12,0.06
29398,-5.68,60.12,0.06
29399,-5.56,60.12,0.06
29400,-5.43,60.12,0.06
29401,-5.31,60.12,0.06
29402,-5.18,60.12,0.06
29403,-5.06,60.12,0.05
29404,-4.93,60.12,0.05
29405,-4.81,60.12,0.04
29406,-4.68,60.12,0.05
29407,-4.56,60.12,0.05
29408,-4.43,60.12,0.05
29409,-4.31,60.12,0.05
29410,-4.18,60.12,0.06
29411,-4.06,60.12,0.08
29412,-3.93,60.12,0.11
29413,-3.81,60.12,0.15
29414,-3.68,60.12,0.19
29415,-3.56,60.12,0.2
29416,-3.43,60.12,0.16
29417,-3.31,60.12,0.11
29418,-3.18,60.12,0.16
29419,-3.06,60.12,0.18
29420,-2.93,60.12,0.18
29421,-2.81,60.12,0.29
29422,-2.68,60.12,0.37
29423,-2.56,60.12,0.32
29424,-2.43,60.12,0.29
29425,-2.31,60.12,0.29
29426,-2.18,60.12,0.4
29427,-2.06,60.12,0.73
29428,-1.93,60.12,0.71
29429,-1.81,60.12,0.57
29430,-1.68,60.12,0.58
29431,-1.56,60.12,0.35
29432,-1.43,60.12,0.11
29433,-1.31,60.12,1.76E-04
29434,-1.18,60.12,1000000
29435,-1.06,60.12,1000000
29436,-0.93,60.12,0.25
29437,-0.81,60.12,0.19
29438,-0.68,60.12,0.15
29439,-0.56,60.12,0.13
29440,-0.43,60.12,0.12
29441,-0.31,60.12,0.11
29442,-0.18,60.12,0.1
29443,-0.06,60.12,0.1
29444,0.06,60.12,0.09
29445,0.18,60.12,0.08
29446,0.31,60.12,0.08
29447,0.43,60.12,0.07
29448,0.56,60.12,0.07
29449,0.68,60.12,0.06
29450,0.81,60.12,0.06
29451,0.93,60.12,0.06
29452,1.06,60.12,0.06
29453,1.18,60.12,0.07
29454,1.31,60.12,0.07
29455,1.43,60.12,0.07
29456,1.56,60.12,0.07
29457,1.68,60.12,0.06
29458,1.81,60.12,0.06
29459,1.93,60.12,0.06
29460,2.06,60.12,0.06
29461,2.18,60.12,0.06
29462,2.31,60.12,0.05
29463,2.43,60.12,0.05
29464,2.56,60.12,0.05
29465,2.68,60.12,0.05
29466,2.81,60.12,0.04
29467,2.93,60.12,0.04
29468,3.06,60.12,0.03
29469,3.18,60.12,0.03
29470,3.31,60.12,0.02
29471,3.43,60.12,0.02
29472,3.56,60.12,0.02
29473,3.68,60.12,0.02
29474,3.81,60.12,0.02
29475,3.93,60.12,0.02
29476,4.06,60.12,0.02
29477,4.18,60.12,0.02
29478,4.31,60.12,0.02
29479,4.43,60.12,0.01
29480,4.56,60.12,0.01
29481,4.68,60.12,0.01
29482,4.81,60.12,0.01
29483,4.93,60.12,0.01
29484,5.06,60.12,2.14E-03
29485,5.18,60.12,6.29E-04
29486,5.31,60.12,1.39E-05
29487,5.43,60.12,8.95E-06
29488,5.56,60.12,4.64E-06
29489,5.68,60.12,2.67E-06
29490,5.81,60.12,1000000
29491,5.93,60.12,1000000
29492,6.06,60.12,1000000
29493,6.18,60.12,1000000
29494,6.31,60.12,1000000
29495,6.43,60.12,1000000
29496,6.56,60.12,1000000
29497,6.68,60.12,1000000
29498,6.81,60.12,1000000
29499,6.93,60.12,1000000
29500,7.06,60.12,1000000
29501,7.18,60.12,1000000
29502,7.31,60.12,1000000
29503,7.43,60.12,1000000
29504,7.56,60.12,1000000
29505,7.68,60.12,1000000
29506,7.81,60.12,1000000
29507,7.93,60.12,1000000
29508,8.06,60.12,1000000
29509,8.18,60.12,1000000
29510,8.31,60.12,1000000
29511,8.43,60.12,1000000
29512,8.56,60.12,1000000
29513,8.68,60.12,1000000
29514,8.81,60.12,1000000
29515,8.93,60.12,1000000
29516,9.06,60.12,1000000
29517,9.18,60.12,1000000
29518,9.31,60.12,1000000
29519,9.43,60.12,1000000
29520,9.56,60.12,1000000
29521,9.68,60.12,1000000
29522,9.81,60.12,1000000
29523,9.93,60.12,1000000
29524,10.06,60.12,1000000
29525,10.18,60.12,1000000
29526,10.31,60.12,1000000
29527,10.43,60.12,1000000
29528,10.56,60.12,1000000
29529,10.68,60.12,1000000
29530,10.81,60.12,1000000
29531,10.93,60.12,1000000
29532,11.06,60.12,1000000
29533,11.18,60.12,1000000
29534,11.31,60.12,1000000
29535,11.43,60.12,1000000
29536,11.56,60.12,1000000
29537,11.68,60.12,1000000
29538,11.81,60.12,1000000
29539,11.93,60.12,1000000
29540,12.06,60.12,1000000
29541,12.18,60.12,1000000
29542,12.31,60.12,1000000
29543,12.43,60.12,1000000
29544,12.56,60.12,1000000
29545,12.68,60.12,1000000
29546,12.81,60.12,1000000
29547,12.93,60.12,1000000
29548,-12.06,60.2,1000000
29549,-11.93,60.2,1000000
29550,-11.81,60.2,1000000
29551,-11.68,60.2,1000000
29552,-11.56,60.2,1000000
29553,-11.43,60.2,1000000
29554,-11.31,60.2,1000000
29555,-11.18,60.2,1000000
29556,-11.06,60.2,1000000
29557,-10.93,60.2,1000000
29558,-10.81,60.2,1000000
29559,-10.68,60.2,1000000
29560,-10.56,60.2,1000000
29561,-10.43,60.2,1000000
29562,-10.31,60.2,1000000
29563,-10.18,60.2,1000000
29564,-10.06,60.2,1000000
29565,-9.93,60.2,1000000
29566,-9.81,60.2,1000000
29567,-9.68,60.2,1000000
29568,-9.56,60.2,1000000
29569,-9.43,60.2,1000000
29570,-9.31,60.2,1000000
29571,-9.18,60.2,1000000
29572,-9.06,60.2,1000000
29573,-8.93,60.2,1000000
29574,-8.81,60.2,1000000
29575,-8.68,60.2,1000000
29576,-8.56,60.2,1000000
29577,-8.43,60.2,1000000
29578,-8.31,60.2,1000000
29579,-8.18,60.2,1000000
29580,-8.06,60.2,0.1
29581,-7.93,60.2,0.09
29582,-7.81,60.2,0.08
29583,-7.68,60.2,0.09
29584,-7.56,60.2,0.08
29585,-7.43,60.2,0.07
29586,-7.31,60.2,0.05
29587,-7.18,60.2,0.04
29588,-7.06,60.2,0.03
29589,-6.93,60.2,0.03
29590,-6.81,60.2,0.03
29591,-6.68,60.2,0.03
29592,-6.56,60.2,0.04
29593,-6.43,60.2,0.04
29594,-6.31,60.2,0.04
29595,-6.18,60.2,0.05
29596,-6.06,60.2,0.06
29597,-5.93,60.2,0.07
29598,-5.81,60.2,0.07
29599,-5.68,60.2,0.07
29600,-5.56,60.2,0.07
29601,-5.43,60.2,0.06
29602,-5.31,60.2,0.06
29603,-5.18,60.2,0.06
29604,-5.06,60.2,0.05
29605,-4.93,60.2,0.05
29606,-4.81,60.2,0.05
29607,-4.68,60.2,0.04
29608,-4.56,60.2,0.04
29609,-4.43,60.2,0.04
29610,-4.31,60.2,0.04
29611,-4.18,60.2,0.06
29612,-4.06,60.2,0.08
29613,-3.93,60.2,0.1
29614,-3.81,60.2,0.12
29615,-3.68,60.2,0.14
29616,-3.56,60.2,0.16
29617,-3.43,60.2,0.16
29618,-3.31,60.2,0.13
29619,-3.18,60.2,0.13
29620,-3.06,60.2,0.13
29621,-2.93,60.2,0.1
29622,-2.81,60.2,0.12
29623,-2.68,60.2,0.22
29624,-2.56,60.2,0.28
29625,-2.43,60.2,0.24
29626,-2.31,60.2,0.23
29627,-2.18,60.2,0.27
29628,-2.06,60.2,0.47
29629,-1.93,60.2,0.69
29630,-1.81,60.2,0.72
29631,-1.68,60.2,1.02
29632,-1.56,60.2,0.68
29633,-1.43,60.2,1000000
29634,-1.31,60.2,1000000
29635,-1.18,60.2,1000000
29636,-1.06,60.2,0.19
29637,-0.93,60.2,0.19
29638,-0.81,60.2,0.14
29639,-0.68,60.2,0.13
29640,-0.56,60.2,0.13
29641,-0.43,60.2,0.12
29642,-0.31,60.2,0.11
29643,-0.18,60.2,0.1
29644,-0.06,60.2,0.1
29645,0.06,60.2,0.09
29646,0.18,60.2,0.08
29647,0.31,60.2,0.08
29648,0.43,60.2,0.07
29649,0.56,60.2,0.07
29650,0.68,60.2,0.06
29651,0.81,60.2,0.05
29652,0.93,60.2,0.05
29653,1.06,60.2,0.06
29654,1.18,60.2,0.06
29655,1.31,60.2,0.06
29656,1.43,60.2,0.07
29657,1.56,60.2,0.07
29658,1.68,60.2,0.06
29659,1.81,60.2,0.06
29660,1.93,60.2,0.06
29661,2.06,60.2,0.06
29662,2.18,60.2,0.06
29663,2.31,60.2,0.05
29664,2.43,60.2,0.05
29665,2.56,60.2,0.05
29666,2.68,60.2,0.05
29667,2.81,60.2,0.04
29668,2.93,60.2,0.04
29669,3.06,60.2,0.03
29670,3.18,60.2,0.03
29671,3.31,60.2,0.02
29672,3.43,60.2,0.02
29673,3.56,60.2,0.02
29674,3.68,60.2,0.02
29675,3.81,60.2,0.02
29676,3.93,60.2,0.02
29677,4.06,60.2,0.02
29678,4.18,60.2,0.02
29679,4.31,60.2,0.01
29680,4.43,60.2,0.01
29681,4.56,60.2,0.01
29682,4.68,60.2,0.01
29683,4.81,60.2,0.02
29684,4.93,60.2,0.02
29685,5.06,60.2,4.78E-03
29686,5.18,60.2,7.19E-05
29687,5.31,60.2,6.00E-05
29688,5.43,60.2,1000000
29689,5.56,60.2,1000000
29690,5.68,60.2,1000000
29691,5.81,60.2,1000000
29692,5.93,60.2,1000000
29693,6.06,60.2,1000000
29694,6.18,60.2,1000000
29695,6.31,60.2,1000000
29696,6.43,60.2,1000000
29697,6.56,60.2,1000000
29698,6.68,60.2,1000000
29699,6.81,60.2,1000000
29700,6.93,60.2,1000000
29701,7.06,60.2,1000000
29702,7.18,60.2,1000000
29703,7.31,60.2,1000000
29704,7.43,60.2,1000000
29705,7.56,60.2,1000000
29706,7.68,60.2,1000000
29707,7.81,60.2,1000000
29708,7.93,60.2,1000000
29709,8.06,60.2,1000000
29710,8.18,60.2,1000000
29711,8.31,60.2,1000000
29712,8.43,60.2,1000000
29713,8.56,60.2,1000000
29714,8.68,60.2,1000000
29715,8.81,60.2,1000000
29716,8.93,60.2,1000000
29717,9.06,60.2,1000000
29718,9.18,60.2,1000000
29719,9.31,60.2,1000000
29720,9.43,60.2,1000000
29721,9.56,60.2,1000000
29722,9.68,60.2,1000000
29723,9.81,60.2,1000000
29724,9.93,60.2,1000000
29725,10.06,60.2,1000000
29726,10.18,60.2,1000000
29727,10.31,60.2,1000000
29728,10.43,60.2,1000000
29729,10.56,60.2,1000000
29730,10.68,60.2,1000000
29731,10.81,60.2,1000000
29732,10.93,60.2,1000000
29733,11.06,60.2,1000000
29734,11.18,60.2,1000000
29735,11.31,60.2,1000000
29736,11.43,60.2,1000000
29737,11.56,60.2,1000000
29738,11.68,60.2,1000000
29739,11.81,60.2,1000000
29740,11.93,60.2,1000000
29741,12.06,60.2,1000000
29742,12.18,60.2,1000000
29743,12.31,60.2,1000000
29744,12.43,60.2,1000000
29745,12.56,60.2,1000000
29746,12.68,60.2,1000000
29747,12.81,60.2,1000000
29748,12.93,60.2,1000000
29749,-12.06,60.29,1000000
29750,-11.93,60.29,1000000
29751,-11.81,60.29,1000000
29752,-11.68,60.29,1000000
29753,-11.56,60.29,1000000
29754,-11.43,60.29,1000000
29755,-11.31,60.29,1000000
29756,-11.18,60.29,1000000
29757,-11.06,60.29,1000000
29758,-10.93,60.29,1000000
29759,-10.81,60.29,1000000
29760,-10.68,60.29,1000000
29761,-10.56,60.29,1000000
29762,-10.43,60.29,1000000
29763,-10.31,60.29,1000000
29764,-10.18,60.29,1000000
29765,-10.06,60.29,1000000
29766,-9.93,60.29,1000000
29767,-9.81,60.29,1000000
29768,-9.68,60.29,1000000
29769,-9.56,60.29,1000000
29770,-9.43,60.29,1000000
29771,-9.31,60.29,1000000
29772,-9.18,60.29,1000000
29773,-9.06,60.29,1000000
29774,-8.93,60.29,1000000
29775,-8.81,60.29,1000000
29776,-8.68,60.29,1000000
29777,-8.56,60.29,1000000
29778,-8.43,60.29,1000000
29779,-8.31,60.29,1000000
29780,-8.18,60.29,1000000
29781,-8.06,60.29,1000000
29782,-7.93,60.29,0.08
29783,-7.81,60.29,0.07
29784,-7.68,60.29,0.06
29785,-7.56,60.29,0.04
29786,-7.43,60.29,0.03
29787,-7.31,60.29,0.03
29788,-7.18,60.29,0.02
29789,-7.06,60.29,0.02
29790,-6.93,60.29,0.02
29791,-6.81,60.29,0.03
29792,-6.68,60.29,0.03
29793,-6.56,60.29,0.03
29794,-6.43,60.29,0.04
29795,-6.31,60.29,0.06
29796,-6.18,60.29,0.08
29797,-6.06,60.29,0.1
29798,-5.93,60.29,0.1
29799,-5.81,60.29,0.1
29800,-5.68,60.29,0.08
29801,-5.56,60.29,0.07
29802,-5.43,60.29,0.06
29803,-5.31,60.29,0.06
29804,-5.18,60.29,0.06
29805,-5.06,60.29,0.05
29806,-4.93,60.29,0.05
29807,-4.81,60.29,0.05
29808,-4.68,60.29,0.04
29809,-4.56,60.29,0.04
29810,-4.43,60.29,0.04
29811,-4.31,60.29,0.05
29812,-4.18,60.29,0.06
29813,-4.06,60.29,0.07
29814,-3.93,60.29,0.08
29815,-3.81,60.29,0.1
29816,-3.68,60.29,0.1
29817,-3.56,60.29,0.11
29818,-3.43,60.29,0.12
29819,-3.31,60.29,0.11
29820,-3.18,60.29,0.1
29821,-3.06,60.29,0.1
29822,-2.93,60.29,0.09
29823,-2.81,60.29,0.09
29824,-2.68,60.29,0.12
29825,-2.56,60.29,0.17
29826,-2.43,60.29,0.18
29827,-2.31,60.29,0.17
29828,-2.18,60.29,0.19
29829,-2.06,60.29,0.25
29830,-1.93,60.29,0.41
29831,-1.81,60.29,0.58
29832,-1.68,60.29,0.86
29833,-1.56,60.29,1000000
29834,-1.43,60.29,1000000
29835,-1.31,60.29,1000000
29836,-1.18,60.29,1000000
29837,-1.06,60.29,0.45
29838,-0.93,60.29,0.27
29839,-0.81,60.29,0.18
29840,-0.68,60.29,0.16
29841,-0.56,60.29,0.16
29842,-0.43,60.29,0.14
29843,-0.31,60.29,0.12
29844,-0.18,60.29,0.11
29845,-0.06,60.29,0.09
29846,0.06,60.29,0.08
29847,0.18,60.29,0.08
29848,0.31,60.29,0.08
29849,0.43,60.29,0.08
29850,0.56,60.29,0.07
29851,0.68,60.29,0.06
29852,0.81,60.29,0.05
29853,0.93,60.29,0.05
29854,1.06,60.29,0.05
29855,1.18,60.29,0.05
29856,1.31,60.29,0.06
29857,1.43,60.29,0.06
29858,1.56,60.29,0.07
29859,1.68,60.29,0.07
29860,1.81,60.29,0.06
29861,1.93,60.29,0.06
29862,2.06,60.29,0.06
29863,2.18,60.29,0.06
29864,2.31,60.29,0.05
29865,2.43,60.29,0.05
29866,2.56,60.29,0.05
29867,2.68,60.29,0.05
29868,2.81,60.29,0.05
29869,2.93,60.29,0.04
29870,3.06,60.29,0.03
29871,3.18,60.29,0.03
29872,3.31,60.29,0.02
29873,3.43,60.29,0.02
29874,3.56,60.29,0.02
29875,3.68,60.29,0.02
29876,3.81,60.29,0.02
29877,3.93,60.29,0.02
29878,4.06,60.29,0.01
29879,4.18,60.29,0.01
29880,4.31,60.29,0.01
29881,4.43,60.29,0.01
29882,4.56,60.29,0.01
29883,4.68,60.29,0.01
29884,4.81,60.29,0.02
29885,4.93,60.29,0.03
29886,5.06,60.29,1000000
29887,5.18,60.29,1000000
29888,5.31,60.29,1000000
29889,5.43,60.29,1000000
29890,5.56,60.29,1000000
29891,5.68,60.29,1000000
29892,5.81,60.29,1000000
29893,5.93,60.29,1000000
29894,6.06,60.29,1000000
29895,6.18,60.29,1000000
29896,6.31,60.29,1000000
29897,6.43,60.29,1000000
29898,6.56,60.29,1000000
29899,6.68,60.29,1000000
29900,6.81,60.29,1000000
29901,6.93,60.29,1000000
29902,7.06,60.29,1000000
29903,7.18,60.29,1000000
29904,7.31,60.29,1000000
29905,7.43,60.29,1000000
29906,7.56,60.29,1000000
29907,7.68,60.29,1000000
29908,7.81,60.29,1000000
29909,7.93,60.29,1000000
29910,8.06,60.29,1000000
29911,8.18,60.29,1000000
29912,8.31,60.29,1000000
29913,8.43,60.29,1000000
29914,8.56,60.29,1000000
29915,8.68,60.29,1000000
29916,8.81,60.29,1000000
29917,8.93,60.29,1000000
29918,9.06,60.29,1000000
29919,9.18,60.29,1000000
29920,9.31,60.29,1000000
29921,9.43,60.29,1000000
29922,9.56,60.29,1000000
29923,9.68,60.29,1000000
29924,9.81,60.29,1000000
29925,9.93,60.29,1000000
29926,10.06,60.29,1000000
29927,10.18,60.29,1000000
29928,10.31,60.29,1000000
29929,10.43,60.29,1000000
29930,10.56,60.29,1000000
29931,10.68,60.29,1000000
29932,10.81,60.29,1000000
29933,10.93,60.29,1000000
29934,11.06,60.29,1000000
29935,11.18,60.29,1000000
29936,11.31,60.29,1000000
29937,11.43,60.29,1000000
29938,11.56,60.29,1000000
29939,11.68,60.29,1000000
29940,11.81,60.29,1000000
29941,11.93,60.29,1000000
29942,12.06,60.29,1000000
29943,12.18,60.29,1000000
29944,12.31,60.29,1000000
29945,12.43,60.29,1000000
29946,12.56,60.29,1000000
29947,12.68,60.29,1000000
29948,12.81,60.29,1000000
29949,12.93,60.29,1000000
29950,-12.06,60.37,1000000
29951,-11.93,60.37,1000000
29952,-11.81,60.37,1000000
29953,-11.68,60.37,1000000
29954,-11.56,60.37,1000000
29955,-11.43,60.37,1000000
29956,-11.31,60.37,1000000
29957,-11.18,60.37,1000000
29958,-11.06,60.37,1000000
29959,-10.93,60.37,1000000
29960,-10.81,60.37,1000000
29961,-10.68,60.37,1000000
29962,-10.56,60.37,1000000
29963,-10.43,60.37,1000000
29964,-10.31,60.37,1000000
29965,-10.18,60.37,1000000
29966,-10.06,60.37,1000000
29967,-9.93,60.37,1000000
29968,-9.81,60.37,1000000
29969,-9.68,60.37,1000000
29970,-9.56,60.37,1000000
29971,-9.43,60.37,1000000
29972,-9.31,60.37,1000000
29973,-9.18,60.37,1000000
29974,-9.06,60.37,1000000
29975,-8.93,60.37,1000000
29976,-8.81,60.37,1000000
29977,-8.68,60.37,1000000
29978,-8.56,60.37,1000000
29979,-8.43,60.37,1000000
29980,-8.31,60.37,1000000
29981,-8.18,60.37,1000000
29982,-8.06,60.37,1000000
29983,-7.93,60.37,1000000
29984,-7.81,60.37,0.05
29985,-7.68,60.37,0.03
29986,-7.56,60.37,0.03
29987,-7.43,60.37,0.02
29988,-7.31,60.37,0.02
29989,-7.18,60.37,0.02
29990,-7.06,60.37,0.02
29991,-6.93,60.37,0.02
29992,-6.81,60.37,0.02
29993,-6.68,60.37,0.03
29994,-6.56,60.37,0.05
29995,-6.43,60.37,0.1
29996,-6.31,60.37,0.14
29997,-6.18,60.37,0.15
29998,-6.06,60.37,0.14
29999,-5.93,60.37,0.12
30000,-5.81,60.37,0.09
30001,-5.68,60.37,0.07
30002,-5.56,60.37,0.07
30003,-5.43,60.37,0.06
30004,-5.31,60.37,0.06
30005,-5.18,60.37,0.06
30006,-5.06,60.37,0.05
30007,-4.93,60.37,0.05
30008,-4.81,60.37,0.05
30009,-4.68,60.37,0.04
30010,-4.56,60.37,0.04
30011,-4.43,60.37,0.04
30012,-4.31,60.37,0.05
30013,-4.18,60.37,0.05
30014,-4.06,60.37,0.06
30015,-3.93,60.37,0.07
30016,-3.81,60.37,0.08
30017,-3.68,60.37,0.07
30018,-3.56,60.37,0.07
30019,-3.43,60.37,0.07
30020,-3.31,60.37,0.08
30021,-3.18,60.37,0.08
30022,-3.06,60.37,0.09
30023,-2.93,60.37,0.09
30024,-2.81,60.37,0.09
30025,-2.68,60.37,0.09
30026,-2.56,60.37,0.1
30027,-2.43,60.37,0.11
30028,-2.31,60.37,0.12
30029,-2.18,60.37,0.13
30030,-2.06,60.37,0.14
30031,-1.93,60.37,0.2
30032,-1.81,60.37,0.31
30033,-1.68,60.37,0.4
30034,-1.56,60.37,0.09
30035,-1.43,60.37,5.93E-04
30036,-1.31,60.37,1000000
30037,-1.18,60.37,1000000
30038,-1.06,60.37,0.66
30039,-0.93,60.37,0.41
30040,-0.81,60.37,0.23
30041,-0.68,60.37,0.16
30042,-0.56,60.37,0.15
30043,-0.43,60.37,0.16
30044,-0.31,60.37,0.15
30045,-0.18,60.37,0.12
30046,-0.06,60.37,0.1
30047,0.06,60.37,0.09
30048,0.18,60.37,0.09
30049,0.31,60.37,0.09
30050,0.43,60.37,0.08
30051,0.56,60.37,0.08
30052,0.68,60.37,0.07
30053,0.81,60.37,0.06
30054,0.93,60.37,0.05
30055,1.06,60.37,0.04
30056,1.18,60.37,0.04
30057,1.31,60.37,0.05
30058,1.43,60.37,0.06
30059,1.56,60.37,0.06
30060,1.68,60.37,0.06
30061,1.81,60.37,0.06
30062,1.93,60.37,0.06
30063,2.06,60.37,0.06
30064,2.18,60.37,0.06
30065,2.31,60.37,0.05
30066,2.43,60.37,0.05
30067,2.56,60.37,0.06
30068,2.68,60.37,0.05
30069,2.81,60.37,0.05
30070,2.93,60.37,0.04
30071,3.06,60.37,0.03
30072,3.18,60.37,0.03
30073,3.31,60.37,0.02
30074,3.43,60.37,0.02
30075,3.56,60.37,0.02
30076,3.68,60.37,0.02
30077,3.81,60.37,0.02
30078,3.93,60.37,0.02
30079,4.06,60.37,0.01
30080,4.18,60.37,0.01
30081,4.31,60.37,0.01
30082,4.43,60.37,0.01
30083,4.56,60.37,0.01
30084,4.68,60.37,0.01
30085,4.81,60.37,0.01
30086,4.93,60.37,0.02
30087,5.06,60.37,1000000
30088,5.18,60.37,1000000
30089,5.31,60.37,1000000
30090,5.43,60.37,1000000
30091,5.56,60.37,1000000
30092,5.68,60.37,1000000
30093,5.81,60.37,1000000
30094,5.93,60.37,1000000
30095,6.06,60.37,1000000
30096,6.18,60.37,1000000
30097,6.31,60.37,1000000
30098,6.43,60.37,1000000
30099,6.56,60.37,1000000
30100,6.68,60.37,1000000
30101,6.81,60.37,1000000
30102,6.93,60.37,1000000
30103,7.06,60.37,1000000
30104,7.18,60.37,1000000
30105,7.31,60.37,1000000
30106,7.43,60.37,1000000
30107,7.56,60.37,1000000
30108,7.68,60.37,1000000
30109,7.81,60.37,1000000
30110,7.93,60.37,1000000
30111,8.06,60.37,1000000
30112,8.18,60.37,1000000
30113,8.31,60.37,1000000
30114,8.43,60.37,1000000
30115,8.56,60.37,1000000
30116,8.68,60.37,1000000
30117,8.81,60.37,1000000
30118,8.93,60.37,1000000
30119,9.06,60.37,1000000
30120,9.18,60.37,1000000
30121,9.31,60.37,1000000
30122,9.43,60.37,1000000
30123,9.56,60.37,1000000
30124,9.68,60.37,1000000
30125,9.81,60.37,1000000
30126,9.93,60.37,1000000
30127,10.06,60.37,1000000
30128,10.18,60.37,1000000
30129,10.31,60.37,1000000
30130,10.43,60.37,1000000
30131,10.56,60.37,1000000
30132,10.68,60.37,1000000
30133,10.81,60.37,1000000
30134,10.93,60.37,1000000
30135,11.06,60.37,1000000
30136,11.18,60.37,1000000
30137,11.31,60.37,1000000
30138,11.43,60.37,1000000
30139,11.56,60.37,1000000
30140,11.68,60.37,1000000
30141,11.81,60.37,1000000
30142,11.93,60.37,1000000
30143,12.06,60.37,1000000
30144,12.18,60.37,1000000
30145,12.31,60.37,1000000
30146,12.43,60.37,1000000
30147,12.56,60.37,1000000
30148,12.68,60.37,1000000
30149,12.81,60.37,1000000
30150,12.93,60.37,1000000
30151,-12.06,60.45,1000000
30152,-11.93,60.45,1000000
30153,-11.81,60.45,1000000
30154,-11.68,60.45,1000000
30155,-11.56,60.45,1000000
30156,-11.43,60.45,1000000
30157,-11.31,60.45,1000000
30158,-11.18,60.45,1000000
30159,-11.06,60.45,1000000
30160,-10.93,60.45,1000000
30161,-10.81,60.45,1000000
30162,-10.68,60.45,1000000
30163,-10.56,60.45,1000000
30164,-10.43,60.45,1000000
30165,-10.31,60.45,1000000
30166,-10.18,60.45,1000000
30167,-10.06,60.45,1000000
30168,-9.93,60.45,1000000
30169,-9.81,60.45,1000000
30170,-9.68,60.45,1000000
30171,-9.56,60.45,1000000
30172,-9.43,60.45,1000000
30173,-9.31,60.45,1000000
30174,-9.18,60.45,1000000
30175,-9.06,60.45,1000000
30176,-8.93,60.45,1000000
30177,-8.81,60.45,1000000
30178,-8.68,60.45,1000000
30179,-8.56,60.45,1000000
30180,-8.43,60.45,1000000
30181,-8.31,60.45,1000000
30182,-8.18,60.45,1000000
30183,-8.06,60.45,1000000
30184,-7.93,60.45,1000000
30185,-7.81,60.45,1000000
30186,-7.68,60.45,0.02
30187,-7.56,60.45,0.02
30188,-7.43,60.45,0.02
30189,-7.31,60.45,0.02
30190,-7.18,60.45,0.02
30191,-7.06,60.45,0.02
30192,-6.93,60.45,0.02
30193,-6.81,60.45,0.03
30194,-6.68,60.45,0.06
30195,-6.56,60.45,0.13
30196,-6.43,60.45,0.2
30197,-6.31,60.45,0.21
30198,-6.18,60.45,0.18
30199,-6.06,60.45,0.14
30200,-5.93,60.45,0.11
30201,-5.81,60.45,0.08
30202,-5.68,60.45,0.07
30203,-5.56,60.45,0.07
30204,-5.43,60.45,0.06
30205,-5.31,60.45,0.06
30206,-5.18,60.45,0.06
30207,-5.06,60.45,0.06
30208,-4.93,60.45,0.05
30209,-4.81,60.45,0.05
30210,-4.68,60.45,0.04
30211,-4.56,60.45,0.04
30212,-4.43,60.45,0.04
30213,-4.31,60.45,0.04
30214,-4.18,60.45,0.05
30215,-4.06,60.45,0.06
30216,-3.93,60.45,0.06
30217,-3.81,60.45,0.05
30218,-3.68,60.45,0.05
30219,-3.56,60.45,0.04
30220,-3.43,60.45,0.04
30221,-3.31,60.45,0.04
30222,-3.18,60.45,0.06
30223,-3.06,60.45,0.07
30224,-2.93,60.45,0.08
30225,-2.81,60.45,0.08
30226,-2.68,60.45,0.08
30227,-2.56,60.45,0.07
30228,-2.43,60.45,0.07
30229,-2.31,60.45,0.08
30230,-2.18,60.45,0.08
30231,-2.06,60.45,0.09
30232,-1.93,60.45,0.11
30233,-1.81,60.45,0.14
30234,-1.68,60.45,0.15
30235,-1.56,60.45,0.16
30236,-1.43,60.45,1000000
30237,-1.31,60.45,1000000
30238,-1.18,60.45,3
30239,-1.06,60.45,0.71
30240,-0.93,60.45,0.21
30241,-0.81,60.45,0.15
30242,-0.68,60.45,0.14
30243,-0.56,60.45,0.13
30244,-0.43,60.45,0.18
30245,-0.31,60.45,0.19
30246,-0.18,60.45,0.14
30247,-0.06,60.45,0.12
30248,0.06,60.45,0.1
30249,0.18,60.45,0.09
30250,0.31,60.45,0.1
30251,0.43,60.45,0.09
30252,0.56,60.45,0.08
30253,0.68,60.45,0.08
30254,0.81,60.45,0.07
30255,0.93,60.45,0.06
30256,1.06,60.45,0.05
30257,1.18,60.45,0.04
30258,1.31,60.45,0.04
30259,1.43,60.45,0.05
30260,1.56,60.45,0.05
30261,1.68,60.45,0.05
30262,1.81,60.45,0.05
30263,1.93,60.45,0.06
30264,2.06,60.45,0.06
30265,2.18,60.45,0.05
30266,2.31,60.45,0.05
30267,2.43,60.45,0.05
30268,2.56,60.45,0.05
30269,2.68,60.45,0.05
30270,2.81,60.45,0.05
30271,2.93,60.45,0.04
30272,3.06,60.45,0.03
30273,3.18,60.45,0.02
30274,3.31,60.45,0.02
30275,3.43,60.45,0.02
30276,3.56,60.45,0.02
30277,3.68,60.45,0.02
30278,3.81,60.45,0.02
30279,3.93,60.45,0.01
30280,4.06,60.45,0.01
30281,4.18,60.45,0.01
30282,4.31,60.45,0.01
30283,4.43,60.45,0.01
30284,4.56,60.45,0.01
30285,4.68,60.45,0.01
30286,4.81,60.45,0.01
30287,4.93,60.45,0.01
30288,5.06,60.45,2.69E-05
30289,5.18,60.45,1000000
30290,5.31,60.45,1000000
30291,5.43,60.45,1000000
30292,5.56,60.45,1000000
30293,5.68,60.45,1000000
30294,5.81,60.45,1000000
30295,5.93,60.45,1000000
30296,6.06,60.45,1000000
30297,6.18,60.45,1000000
30298,6.31,60.45,1000000
30299,6.43,60.45,1000000
30300,6.56,60.45,1000000
30301,6.68,60.45,1000000
30302,6.81,60.45,1000000
30303,6.93,60.45,1000000
30304,7.06,60.45,1000000
30305,7.18,60.45,1000000
30306,7.31,60.45,1000000
30307,7.43,60.45,1000000
30308,7.56,60.45,1000000
30309,7.68,60.45,1000000
30310,7.81,60.45,1000000
30311,7.93,60.45,1000000
30312,8.06,60.45,1000000
30313,8.18,60.45,1000000
30314,8.31,60.45,1000000
30315,8.43,60.45,1000000
30316,8.56,60.45,1000000
30317,8.68,60.45,1000000
30318,8.81,60.45,1000000
30319,8.93,60.45,1000000
30320,9.06,60.45,1000000
30321,9.18,60.45,1000000
30322,9.31,60.45,1000000
30323,9.43,60.45,1000000
30324,9.56,60.45,1000000
30325,9.68,60.45,1000000
30326,9.81,60.45,1000000
30327,9.93,60.45,1000000
30328,10.06,60.45,1000000
30329,10.18,60.45,1000000
30330,10.31,60.45,1000000
30331,10.43,60.45,1000000
30332,10.56,60.45,1000000
30333,10.68,60.45,1000000
30334,10.81,60.45,1000000
30335,10.93,60.45,1000000
30336,11.06,60.45,1000000
30337,11.18,60.45,1000000
30338,11.31,60.45,1000000
30339,11.43,60.45,1000000
30340,11.56,60.45,1000000
30341,11.68,60.45,1000000
30342,11.81,60.45,1000000
30343,11.93,60.45,1000000
30344,12.06,60.45,1000000
30345,12.18,60.45,1000000
30346,12.31,60.45,1000000
30347,12.43,60.45,1000000
30348,12.56,60.45,1000000
30349,12.68,60.45,1000000
30350,12.81,60.45,1000000
30351,12.93,60.45,1000000
30352,-12.06,60.54,1000000
30353,-11.93,60.54,1000000
30354,-11.81,60.54,1000000
30355,-11.68,60.54,1000000
30356,-11.56,60.54,1000000
30357,-11.43,60.54,1000000
30358,-11.31,60.54,1000000
30359,-11.18,60.54,1000000
30360,-11.06,60.54,1000000
30361,-10.93,60.54,1000000
30362,-10.81,60.54,1000000
30363,-10.68,60.54,1000000
30364,-10.56,60.54,1000000
30365,-10.43,60.54,1000000
30366,-10.31,60.54,1000000
30367,-10.18,60.54,1000000
30368,-10.06,60.54,1000000
30369,-9.93,60.54,1000000
30370,-9.81,60.54,1000000
30371,-9.68,60.54,1000000
30372,-9.56,60.54,1000000
30373,-9.43,60.54,1000000
30374,-9.31,60.54,1000000
30375,-9.18,60.54,1000000
30376,-9.06,60.54,1000000
30377,-8.93,60.54,1000000
30378,-8.81,60.54,1000000
30379,-8.68,60.54,1000000
30380,-8.56,60.54,1000000
30381,-8.43,60.54,1000000
30382,-8.31,60.54,1000000
30383,-8.18,60.54,1000000
30384,-8.06,60.54,1000000
30385,-7.93,60.54,1000000
30386,-7.81,60.54,1000000
30387,-7.68,60.54,1000000
30388,-7.56,60.54,0.02
30389,-7.43,60.54,0.02
30390,-7.31,60.54,0.01
30391,-7.18,60.54,0.02
30392,-7.06,60.54,0.02
30393,-6.93,60.54,0.04
30394,-6.81,60.54,0.07
30395,-6.68,60.54,0.13
30396,-6.56,60.54,0.23
30397,-6.43,60.54,0.26
30398,-6.31,60.54,0.21
30399,-6.18,60.54,0.18
30400,-6.06,60.54,0.15
30401,-5.93,60.54,0.11
30402,-5.81,60.54,0.08
30403,-5.68,60.54,0.07
30404,-5.56,60.54,0.07
30405,-5.43,60.54,0.07
30406,-5.31,60.54,0.06
30407,-5.18,60.54,0.06
30408,-5.06,60.54,0.05
30409,-4.93,60.54,0.05
30410,-4.81,60.54,0.04
30411,-4.68,60.54,0.04
30412,-4.56,60.54,0.04
30413,-4.43,60.54,0.04
30414,-4.31,60.54,0.04
30415,-4.18,60.54,0.05
30416,-4.06,60.54,0.05
30417,-3.93,60.54,0.04
30418,-3.81,60.54,0.04
30419,-3.68,60.54,0.04
30420,-3.56,60.54,0.03
30421,-3.43,60.54,0.03
30422,-3.31,60.54,0.03
30423,-3.18,60.54,0.03
30424,-3.06,60.54,0.04
30425,-2.93,60.54,0.06
30426,-2.81,60.54,0.07
30427,-2.68,60.54,0.07
30428,-2.56,60.54,0.07
30429,-2.43,60.54,0.06
30430,-2.31,60.54,0.06
30431,-2.18,60.54,0.07
30432,-2.06,60.54,0.08
30433,-1.93,60.54,0.1
30434,-1.81,60.54,0.13
30435,-1.68,60.54,0.19
30436,-1.56,60.54,0.34
30437,-1.43,60.54,1000000
30438,-1.31,60.54,1000000
30439,-1.18,60.54,2.3
30440,-1.06,60.54,1000000
30441,-0.93,60.54,0.06
30442,-0.81,60.54,0.14
30443,-0.68,60.54,0.19
30444,-0.56,60.54,0.18
30445,-0.43,60.54,0.18
30446,-0.31,60.54,0.21
30447,-0.18,60.54,0.18
30448,-0.06,60.54,0.14
30449,0.06,60.54,0.12
30450,0.18,60.54,0.1
30451,0.31,60.54,0.1
30452,0.43,60.54,0.1
30453,0.56,60.54,0.09
30454,0.68,60.54,0.08
30455,0.81,60.54,0.07
30456,0.93,60.54,0.06
30457,1.06,60.54,0.06
30458,1.18,60.54,0.05
30459,1.31,60.54,0.05
30460,1.43,60.54,0.05
30461,1.56,60.54,0.05
30462,1.68,60.54,0.05
30463,1.81,60.54,0.05
30464,1.93,60.54,0.05
30465,2.06,60.54,0.05
30466,2.18,60.54,0.04
30467,2.31,60.54,0.04
30468,2.43,60.54,0.04
30469,2.56,60.54,0.05
30470,2.68,60.54,0.05
30471,2.81,60.54,0.04
30472,2.93,60.54,0.04
30473,3.06,60.54,0.03
30474,3.18,60.54,0.02
30475,3.31,60.54,0.02
30476,3.43,60.54,0.02
30477,3.56,60.54,0.02
30478,3.68,60.54,0.01
30479,3.81,60.54,0.01
30480,3.93,60.54,0.01
30481,4.06,60.54,0.01
30482,4.18,60.54,0.01
30483,4.31,60.54,0.01
30484,4.43,60.54,0.01
30485,4.56,60.54,0.01
30486,4.68,60.54,0.01
30487,4.81,60.54,0.01
30488,4.93,60.54,0.01
30489,5.06,60.54,1000000
30490,5.18,60.54,1000000
30491,5.31,60.54,1000000
30492,5.43,60.54,1000000
30493,5.56,60.54,1000000
30494,5.68,60.54,1000000
30495,5.81,60.54,1000000
30496,5.93,60.54,1000000
30497,6.06,60.54,1000000
30498,6.18,60.54,1000000
30499,6.31,60.54,1000000
30500,6.43,60.54,1000000
30501,6.56,60.54,1000000
30502,6.68,60.54,1000000
30503,6.81,60.54,1000000
30504,6.93,60.54,1000000
30505,7.06,60.54,1000000
30506,7.18,60.54,1000000
30507,7.31,60.54,1000000
30508,7.43,60.54,1000000
30509,7.56,60.54,1000000
30510,7.68,60.54,1000000
30511,7.81,60.54,1000000
30512,7.93,60.54,1000000
30513,8.06,60.54,1000000
30514,8.18,60.54,1000000
30515,8.31,60.54,1000000
30516,8.43,60.54,1000000
30517,8.56,60.54,1000000
30518,8.68,60.54,1000000
30519,8.81,60.54,1000000
30520,8.93,60.54,1000000
30521,9.06,60.54,1000000
30522,9.18,60.54,1000000
30523,9.31,60.54,1000000
30524,9.43,60.54,1000000
30525,9.56,60.54,1000000
30526,9.68,60.54,1000000
30527,9.81,60.54,1000000
30528,9.93,60.54,1000000
30529,10.06,60.54,1000000
30530,10.18,60.54,1000000
30531,10.31,60.54,1000000
30532,10.43,60.54,1000000
30533,10.56,60.54,1000000
30534,10.68,60.54,1000000
30535,10.81,60.54,1000000
30536,10.93,60.54,1000000
30537,11.06,60.54,1000000
30538,11.18,60.54,1000000
30539,11.31,60.54,1000000
30540,11.43,60.54,1000000
30541,11.56,60.54,1000000
30542,11.68,60.54,1000000
30543,11.81,60.54,1000000
30544,11.93,60.54,1000000
30545,12.06,60.54,1000000
30546,12.18,60.54,1000000
30547,12.31,60.54,1000000
30548,12.43,60.54,1000000
30549,12.56,60.54,1000000
30550,12.68,60.54,1000000
30551,12.81,60.54,1000000
30552,12.93,60.54,1000000
30553,-12.06,60.62,1000000
30554,-11.93,60.62,1000000
30555,-11.81,60.62,1000000
30556,-11.68,60.62,1000000
30557,-11.56,60.62,1000000
30558,-11.43,60.62,1000000
30559,-11.31,60.62,1000000
30560,-11.18,60.62,1000000
30561,-11.06,60.62,1000000
30562,-10.93,60.62,1000000
30563,-10.81,60.62,1000000
30564,-10.68,60.62,1000000
30565,-10.56,60.62,1000000
30566,-10.43,60.62,1000000
30567,-10.31,60.62,1000000
30568,-10.18,60.62,1000000
30569,-10.06,60.62,1000000
30570,-9.93,60.62,1000000
30571,-9.81,60.62,1000000
30572,-9.68,60.62,1000000
30573,-9.56,60.62,1000000
30574,-9.43,60.62,1000000
30575,-9.31,60.62,1000000
30576,-9.18,60.62,1000000
30577,-9.06,60.62,1000000
30578,-8.93,60.62,1000000
30579,-8.81,60.62,1000000
30580,-8.68,60.62,1000000
30581,-8.56,60.62,1000000
30582,-8.43,60.62,1000000
30583,-8.31,60.62,1000000
30584,-8.18,60.62,1000000
30585,-8.06,60.62,1000000
30586,-7.93,60.62,1000000
30587,-7.81,60.62,1000000
30588,-7.68,60.62,1000000
30589,-7.56,60.62,1000000
30590,-7.43,60.62,0.02
30591,-7.31,60.62,0.02
30592,-7.18,60.62,0.02
30593,-7.06,60.62,0.03
30594,-6.93,60.62,0.05
30595,-6.81,60.62,0.09
30596,-6.68,60.62,0.19
30597,-6.56,60.62,0.27
30598,-6.43,60.62,0.25
30599,-6.31,60.62,0.23
30600,-6.18,60.62,0.2
30601,-6.06,60.62,0.14
30602,-5.93,60.62,0.1
30603,-5.81,60.62,0.08
30604,-5.68,60.62,0.07
30605,-5.56,60.62,0.07
30606,-5.43,60.62,0.06
30607,-5.31,60.62,0.06
30608,-5.18,60.62,0.06
30609,-5.06,60.62,0.05
30610,-4.93,60.62,0.04
30611,-4.81,60.62,0.04
30612,-4.68,60.62,0.04
30613,-4.56,60.62,0.04
30614,-4.43,60.62,0.04
30615,-4.31,60.62,0.04
30616,-4.18,60.62,0.04
30617,-4.06,60.62,0.04
30618,-3.93,60.62,0.03
30619,-3.81,60.62,0.03
30620,-3.68,60.62,0.03
30621,-3.56,60.62,0.03
30622,-3.43,60.62,0.03
30623,-3.31,60.62,0.02
30624,-3.18,60.62,0.03
30625,-3.06,60.62,0.03
30626,-2.93,60.62,0.04
30627,-2.81,60.62,0.05
30628,-2.68,60.62,0.06
30629,-2.56,60.62,0.07
30630,-2.43,60.62,0.07
30631,-2.31,60.62,0.06
30632,-2.18,60.62,0.07
30633,-2.06,60.62,0.08
30634,-1.93,60.62,0.1
30635,-1.81,60.62,0.14
30636,-1.68,60.62,0.25
30637,-1.56,60.62,0.45
30638,-1.43,60.62,0.45
30639,-1.31,60.62,0.45
30640,-1.18,60.62,1.35
30641,-1.06,60.62,1000000
30642,-0.93,60.62,0.25
30643,-0.81,60.62,0.32
30644,-0.68,60.62,0.33
30645,-0.56,60.62,0.25
30646,-0.43,60.62,0.2
30647,-0.31,60.62,0.2
30648,-0.18,60.62,0.22
30649,-0.06,60.62,0.18
30650,0.06,60.62,0.15
30651,0.18,60.62,0.13
30652,0.31,60.62,0.11
30653,0.43,60.62,0.1
30654,0.56,60.62,0.09
30655,0.68,60.62,0.08
30656,0.81,60.62,0.07
30657,0.93,60.62,0.06
30658,1.06,60.62,0.06
30659,1.18,60.62,0.06
30660,1.31,60.62,0.06
30661,1.43,60.62,0.05
30662,1.56,60.62,0.05
30663,1.68,60.62,0.04
30664,1.81,60.62,0.04
30665,1.93,60.62,0.04
30666,2.06,60.62,0.04
30667,2.18,60.62,0.04
30668,2.31,60.62,0.04
30669,2.43,60.62,0.04
30670,2.56,60.62,0.04
30671,2.68,60.62,0.04
30672,2.81,60.62,0.04
30673,2.93,60.62,0.03
30674,3.06,60.62,0.03
30675,3.18,60.62,0.02
30676,3.31,60.62,0.02
30677,3.43,60.62,0.01
30678,3.56,60.62,0.01
30679,3.68,60.62,0.01
30680,3.81,60.62,0.01
30681,3.93,60.62,0.01
30682,4.06,60.62,0.01
30683,4.18,60.62,0.01
30684,4.31,60.62,0.01
30685,4.43,60.62,0.01
30686,4.56,60.62,0.01
30687,4.68,60.62,0.01
30688,4.81,60.62,0.01
30689,4.93,60.62,8.27E-03
30690,5.06,60.62,1000000
30691,5.18,60.62,1000000
30692,5.31,60.62,1000000
30693,5.43,60.62,1000000
30694,5.56,60.62,1000000
30695,5.68,60.62,1000000
30696,5.81,60.62,1000000
30697,5.93,60.62,1000000
30698,6.06,60.62,1000000
30699,6.18,60.62,1000000
30700,6.31,60.62,1000000
30701,6.43,60.62,1000000
30702,6.56,60.62,1000000
30703,6.68,60.62,1000000
30704,6.81,60.62,1000000
30705,6.93,60.62,1000000
30706,7.06,60.62,1000000
30707,7.18,60.62,1000000
30708,7.31,60.62,1000000
30709,7.43,60.62,1000000
30710,7.56,60.62,1000000
30711,7.68,60.62,1000000
30712,7.81,60.62,1000000
30713,7.93,60.62,1000000
30714,8.06,60.62,1000000
30715,8.18,60.62,1000000
30716,8.31,60.62,1000000
30717,8.43,60.62,1000000
30718,8.56,60.62,1000000
30719,8.68,60.62,1000000
30720,8.81,60.62,1000000
30721,8.93,60.62,1000000
30722,9.06,60.62,1000000
30723,9.18,60.62,1000000
30724,9.31,60.62,1000000
30725,9.43,60.62,1000000
30726,9.56,60.62,1000000
30727,9.68,60.62,1000000
30728,9.81,60.62,1000000
30729,9.93,60.62,1000000
30730,10.06,60.62,1000000
30731,10.18,60.62,1000000
30732,10.31,60.62,1000000
30733,10.43,60.62,1000000
30734,10.56,60.62,1000000
30735,10.68,60.62,1000000
30736,10.81,60.62,1000000
30737,10.93,60.62,1000000
30738,11.06,60.62,1000000
30739,11.18,60.62,1000000
30740,11.31,60.62,1000000
30741,11.43,60.62,1000000
30742,11.56,60.62,1000000
30743,11.68,60.62,1000000
30744,11.81,60.62,1000000
30745,11.93,60.62,1000000
30746,12.06,60.62,1000000
30747,12.18,60.62,1000000
30748,12.31,60.62,1000000
30749,12.43,60.62,1000000
30750,12.56,60.62,1000000
30751,12.68,60.62,1000000
30752,12.81,60.62,1000000
30753,12.93,60.62,1000000
30754,-12.06,60.7,1000000
30755,-11.93,60.7,1000000
30756,-11.81,60.7,1000000
30757,-11.68,60.7,1000000
30758,-11.56,60.7,1000000
30759,-11.43,60.7,1000000
30760,-11.31,60.7,1000000
30761,-11.18,60.7,1000000
30762,-11.06,60.7,1000000
30763,-10.93,60.7,1000000
30764,-10.81,60.7,1000000
30765,-10.68,60.7,1000000
30766,-10.56,60.7,1000000
30767,-10.43,60.7,1000000
30768,-10.31,60.7,1000000
30769,-10.18,60.7,1000000
30770,-10.06,60.7,1000000
30771,-9.93,60.7,1000000
30772,-9.81,60.7,1000000
30773,-9.68,60.7,1000000
30774,-9.56,60.7,1000000
30775,-9.43,60.7,1000000
30776,-9.31,60.7,1000000
30777,-9.18,60.7,1000000
30778,-9.06,60.7,1000000
30779,-8.93,60.7,1000000
30780,-8.81,60.7,1000000
30781,-8.68,60.7,1000000
30782,-8.56,60.7,1000000
30783,-8.43,60.7,1000000
30784,-8.31,60.7,1000000
30785,-8.18,60.7,1000000
30786,-8.06,60.7,1000000
30787,-7.93,60.7,1000000
30788,-7.81,60.7,1000000
30789,-7.68,60.7,1000000
30790,-7.56,60.7,1000000
30791,-7.43,60.7,1000000
30792,-7.31,60.7,0.02
30793,-7.18,60.7,0.03
30794,-7.06,60.7,0.04
30795,-6.93,60.7,0.06
30796,-6.81,60.7,0.12
30797,-6.68,60.7,0.2
30798,-6.56,60.7,0.23
30799,-6.43,60.7,0.26
30800,-6.31,60.7,0.3
30801,-6.18,60.7,0.23
30802,-6.06,60.7,0.13
30803,-5.93,60.7,0.09
30804,-5.81,60.7,0.08
30805,-5.68,60.7,0.08
30806,-5.56,60.7,0.07
30807,-5.43,60.7,0.07
30808,-5.31,60.7,0.06
30809,-5.18,60.7,0.06
30810,-5.06,60.7,0.05
30811,-4.93,60.7,0.04
30812,-4.81,60.7,0.04
30813,-4.68,60.7,0.04
30814,-4.56,60.7,0.04
30815,-4.43,60.7,0.04
30816,-4.31,60.7,0.03
30817,-4.18,60.7,0.03
30818,-4.06,60.7,0.03
30819,-3.93,60.7,0.03
30820,-3.81,60.7,0.03
30821,-3.68,60.7,0.03
30822,-3.56,60.7,0.02
30823,-3.43,60.7,0.02
30824,-3.31,60.7,0.02
30825,-3.18,60.7,0.02
30826,-3.06,60.7,0.02
30827,-2.93,60.7,0.03
30828,-2.81,60.7,0.04
30829,-2.68,60.7,0.05
30830,-2.56,60.7,0.06
30831,-2.43,60.7,0.06
30832,-2.31,60.7,0.06
30833,-2.18,60.7,0.07
30834,-2.06,60.7,0.08
30835,-1.93,60.7,0.1
30836,-1.81,60.7,0.13
30837,-1.68,60.7,0.17
30838,-1.56,60.7,0.19
30839,-1.43,60.7,0.17
30840,-1.31,60.7,0.13
30841,-1.18,60.7,0.24
30842,-1.06,60.7,1000000
30843,-0.93,60.7,1000000
30844,-0.81,60.7,0.28
30845,-0.68,60.7,0.38
30846,-0.56,60.7,0.31
30847,-0.43,60.7,0.23
30848,-0.31,60.7,0.2
30849,-0.18,60.7,0.22
30850,-0.06,60.7,0.21
30851,0.06,60.7,0.16
30852,0.18,60.7,0.13
30853,0.31,60.7,0.11
30854,0.43,60.7,0.1
30855,0.56,60.7,0.09
30856,0.68,60.7,0.07
30857,0.81,60.7,0.06
30858,0.93,60.7,0.06
30859,1.06,60.7,0.06
30860,1.18,60.7,0.06
30861,1.31,60.7,0.06
30862,1.43,60.7,0.05
30863,1.56,60.7,0.05
30864,1.68,60.7,0.04
30865,1.81,60.7,0.04
30866,1.93,60.7,0.04
30867,2.06,60.7,0.04
30868,2.18,60.7,0.03
30869,2.31,60.7,0.03
30870,2.43,60.7,0.03
30871,2.56,60.7,0.03
30872,2.68,60.7,0.03
30873,2.81,60.7,0.03
30874,2.93,60.7,0.02
30875,3.06,60.7,0.02
30876,3.18,60.7,0.02
30877,3.31,60.7,0.01
30878,3.43,60.7,0.01
30879,3.56,60.7,0.01
30880,3.68,60.7,0.01
30881,3.81,60.7,0.01
30882,3.93,60.7,0.01
30883,4.06,60.7,0.01
30884,4.18,60.7,0.01
30885,4.31,60.7,0.01
30886,4.43,60.7,0.01
30887,4.56,60.7,0.01
30888,4.68,60.7,0.01
30889,4.81,60.7,0.01
30890,4.93,60.7,1000000
30891,5.06,60.7,1000000
30892,5.18,60.7,1000000
30893,5.31,60.7,1000000
30894,5.43,60.7,1000000
30895,5.56,60.7,1000000
30896,5.68,60.7,1000000
30897,5.81,60.7,1000000
30898,5.93,60.7,1000000
30899,6.06,60.7,1000000
30900,6.18,60.7,1000000
30901,6.31,60.7,1000000
30902,6.43,60.7,1000000
30903,6.56,60.7,1000000
30904,6.68,60.7,1000000
30905,6.81,60.7,1000000
30906,6.93,60.7,1000000
30907,7.06,60.7,1000000
30908,7.18,60.7,1000000
30909,7.31,60.7,1000000
30910,7.43,60.7,1000000
30911,7.56,60.7,1000000
30912,7.68,60.7,1000000
30913,7.81,60.7,1000000
30914,7.93,60.7,1000000
30915,8.06,60.7,1000000
30916,8.18,60.7,1000000
30917,8.31,60.7,1000000
30918,8.43,60.7,1000000
30919,8.56,60.7,1000000
30920,8.68,60.7,1000000
30921,8.81,60.7,1000000
30922,8.93,60.7,1000000
30923,9.06,60.7,1000000
30924,9.18,60.7,1000000
30925,9.31,60.7,1000000
30926,9.43,60.7,1000000
30927,9.56,60.7,1000000
30928,9.68,60.7,1000000
30929,9.81,60.7,1000000
30930,9.93,60.7,1000000
30931,10.06,60.7,1000000
30932,10.18,60.7,1000000
30933,10.31,60.7,1000000
30934,10.43,60.7,1000000
30935,10.56,60.7,1000000
30936,10.68,60.7,1000000
30937,10.81,60.7,1000000
30938,10.93,60.7,1000000
30939,11.06,60.7,1000000
30940,11.18,60.7,1000000
30941,11.31,60.7,1000000
30942,11.43,60.7,1000000
30943,11.56,60.7,1000000
30944,11.68,60.7,1000000
30945,11.81,60.7,1000000
30946,11.93,60.7,1000000
30947,12.06,60.7,1000000
30948,12.18,60.7,1000000
30949,12.31,60.7,1000000
30950,12.43,60.7,1000000
30951,12.56,60.7,1000000
30952,12.68,60.7,1000000
30953,12.81,60.7,1000000
30954,12.93,60.7,1000000
30955,-12.06,60.79,1000000
30956,-11.93,60.79,1000000
30957,-11.81,60.79,1000000
30958,-11.68,60.79,1000000
30959,-11.56,60.79,1000000
30960,-11.43,60.79,1000000
30961,-11.31,60.79,1000000
30962,-11.18,60.79,1000000
30963,-11.06,60.79,1000000
30964,-10.93,60.79,1000000
30965,-10.81,60.79,1000000
30966,-10.68,60.79,1000000
30967,-10.56,60.79,1000000
30968,-10.43,60.79,1000000
30969,-10.31,60.79,1000000
30970,-10.18,60.79,1000000
30971,-10.06,60.79,1000000
30972,-9.93,60.79,1000000
30973,-9.81,60.79,1000000
30974,-9.68,60.79,1000000
30975,-9.56,60.79,1000000
30976,-9.43,60.79,1000000
30977,-9.31,60.79,1000000
30978,-9.18,60.79,1000000
30979,-9.06,60.79,1000000
30980,-8.93,60.79,1000000
30981,-8.81,60.79,1000000
30982,-8.68,60.79,1000000
30983,-8.56,60.79,1000000
30984,-8.43,60.79,1000000
30985,-8.31,60.79,1000000
30986,-8.18,60.79,1000000
30987,-8.06,60.79,1000000
30988,-7.93,60.79,1000000
30989,-7.81,60.79,1000000
30990,-7.68,60.79,1000000
30991,-7.56,60.79,1000000
30992,-7.43,60.79,1000000
30993,-7.31,60.79,1000000
30994,-7.18,60.79,0.04
30995,-7.06,60.79,0.06
30996,-6.93,60.79,0.12
30997,-6.81,60.79,0.21
30998,-6.68,60.79,0.23
30999,-6.56,60.79,0.25
31000,-6.43,60.79,0.31
31001,-6.31,60.79,0.32
31002,-6.18,60.79,0.22
31003,-6.06,60.79,0.13
31004,-5.93,60.79,0.1
31005,-5.81,60.79,0.09
31006,-5.68,60.79,0.08
31007,-5.56,60.79,0.08
31008,-5.43,60.79,0.07
31009,-5.31,60.79,0.06
31010,-5.18,60.79,0.05
31011,-5.06,60.79,0.04
31012,-4.93,60.79,0.04
31013,-4.81,60.79,0.04
31014,-4.68,60.79,0.03
31015,-4.56,60.79,0.03
31016,-4.43,60.79,0.03
31017,-4.31,60.79,0.03
31018,-4.18,60.79,0.03
31019,-4.06,60.79,0.03
31020,-3.93,60.79,0.03
31021,-3.81,60.79,0.02
31022,-3.68,60.79,0.02
31023,-3.56,60.79,0.02
31024,-3.43,60.79,0.02
31025,-3.31,60.79,0.02
31026,-3.18,60.79,0.02
31027,-3.06,60.79,0.02
31028,-2.93,60.79,0.02
31029,-2.81,60.79,0.03
31030,-2.68,60.79,0.04
31031,-2.56,60.79,0.04
31032,-2.43,60.79,0.05
31033,-2.31,60.79,0.05
31034,-2.18,60.79,0.06
31035,-2.06,60.79,0.07
31036,-1.93,60.79,0.09
31037,-1.81,60.79,0.11
31038,-1.68,60.79,0.13
31039,-1.56,60.79,0.14
31040,-1.43,60.79,0.14
31041,-1.31,60.79,0.13
31042,-1.18,60.79,0.13
31043,-1.06,60.79,0.16
31044,-0.93,60.79,1000000
31045,-0.81,60.79,1000000
31046,-0.68,60.79,0.54
31047,-0.56,60.79,0.36
31048,-0.43,60.79,0.26
31049,-0.31,60.79,0.19
31050,-0.18,60.79,0.17
31051,-0.06,60.79,0.16
31052,0.06,60.79,0.14
31053,0.18,60.79,0.12
31054,0.31,60.79,0.1
31055,0.43,60.79,0.09
31056,0.56,60.79,0.08
31057,0.68,60.79,0.07
31058,0.81,60.79,0.06
31059,0.93,60.79,0.05
31060,1.06,60.79,0.05
31061,1.18,60.79,0.05
31062,1.31,60.79,0.05
31063,1.43,60.79,0.05
31064,1.56,60.79,0.04
31065,1.68,60.79,0.04
31066,1.81,60.79,0.04
31067,1.93,60.79,0.04
31068,2.06,60.79,0.03
31069,2.18,60.79,0.03
31070,2.31,60.79,0.03
31071,2.43,60.79,0.03
31072,2.56,60.79,0.03
31073,2.68,60.79,0.03
31074,2.81,60.79,0.02
31075,2.93,60.79,0.02
31076,3.06,60.79,0.01
31077,3.18,60.79,0.01
31078,3.31,60.79,0.01
31079,3.43,60.79,0.01
31080,3.56,60.79,0.01
31081,3.68,60.79,0.01
31082,3.81,60.79,0.01
31083,3.93,60.79,0.01
31084,4.06,60.79,0.01
31085,4.18,60.79,0.01
31086,4.31,60.79,0.01
31087,4.43,60.79,0.01
31088,4.56,60.79,0.01
31089,4.68,60.79,0.01
31090,4.81,60.79,6.08E-03
31091,4.93,60.79,2.50E-04
31092,5.06,60.79,8.28E-05
31093,5.18,60.79,1.21E-05
31094,5.31,60.79,1000000
31095,5.43,60.79,1000000
31096,5.56,60.79,1000000
31097,5.68,60.79,1000000
31098,5.81,60.79,1000000
31099,5.93,60.79,1000000
31100,6.06,60.79,1000000
31101,6.18,60.79,1000000
31102,6.31,60.79,1000000
31103,6.43,60.79,1000000
31104,6.56,60.79,1000000
31105,6.68,60.79,1000000
31106,6.81,60.79,1000000
31107,6.93,60.79,1000000
31108,7.06,60.79,1000000
31109,7.18,60.79,1000000
31110,7.31,60.79,1000000
31111,7.43,60.79,1000000
31112,7.56,60.79,1000000
31113,7.68,60.79,1000000
31114,7.81,60.79,1000000
31115,7.93,60.79,1000000
31116,8.06,60.79,1000000
31117,8.18,60.79,1000000
31118,8.31,60.79,1000000
31119,8.43,60.79,1000000
31120,8.56,60.79,1000000
31121,8.68,60.79,1000000
31122,8.81,60.79,1000000
31123,8.93,60.79,1000000
31124,9.06,60.79,1000000
31125,9.18,60.79,1000000
31126,9.31,60.79,1000000
31127,9.43,60.79,1000000
31128,9.56,60.79,1000000
31129,9.68,60.79,1000000
31130,9.81,60.79,1000000
31131,9.93,60.79,1000000
31132,10.06,60.79,1000000
31133,10.18,60.79,1000000
31134,10.31,60.79,1000000
31135,10.43,60.79,1000000
31136,10.56,60.79,1000000
31137,10.68,60.79,1000000
31138,10.81,60.79,1000000
31139,10.93,60.79,1000000
31140,11.06,60.79,1000000
31141,11.18,60.79,1000000
31142,11.31,60.79,1000000
31143,11.43,60.79,1000000
31144,11.56,60.79,1000000
31145,11.68,60.79,1000000
31146,11.81,60.79,1000000
31147,11.93,60.79,1000000
31148,12.06,60.79,1000000
31149,12.18,60.79,1000000
31150,12.31,60.79,1000000
31151,12.43,60.79,1000000
31152,12.56,60.79,1000000
31153,12.68,60.79,1000000
31154,12.81,60.79,1000000
31155,12.93,60.79,1000000
31156,-12.06,60.87,1000000
31157,-11.93,60.87,1000000
31158,-11.81,60.87,1000000
31159,-11.68,60.87,1000000
31160,-11.56,60.87,1000000
31161,-11.43,60.87,1000000
31162,-11.31,60.87,1000000
31163,-11.18,60.87,1000000
31164,-11.06,60.87,1000000
31165,-10.93,60.87,1000000
31166,-10.81,60.87,1000000
31167,-10.68,60.87,1000000
31168,-10.56,60.87,1000000
31169,-10.43,60.87,1000000
31170,-10.31,60.87,1000000
31171,-10.18,60.87,1000000
31172,-10.06,60.87,1000000
31173,-9.93,60.87,1000000
31174,-9.81,60.87,1000000
31175,-9.68,60.87,1000000
31176,-9.56,60.87,1000000
31177,-9.43,60.87,1000000
31178,-9.31,60.87,1000000
31179,-9.18,60.87,1000000
31180,-9.06,60.87,1000000
31181,-8.93,60.87,1000000
31182,-8.81,60.87,1000000
31183,-8.68,60.87,1000000
31184,-8.56,60.87,1000000
31185,-8.43,60.87,1000000
31186,-8.31,60.87,1000000
31187,-8.18,60.87,1000000
31188,-8.06,60.87,1000000
31189,-7.93,60.87,1000000
31190,-7.81,60.87,1000000
31191,-7.68,60.87,1000000
31192,-7.56,60.87,1000000
31193,-7.43,60.87,1000000
31194,-7.31,60.87,1000000
31195,-7.18,60.87,1000000
31196,-7.06,60.87,0.13
31197,-6.93,60.87,0.21
31198,-6.81,60.87,0.25
31199,-6.68,60.87,0.25
31200,-6.56,60.87,0.32
31201,-6.43,60.87,0.33
31202,-6.31,60.87,0.25
31203,-6.18,60.87,0.18
31204,-6.06,60.87,0.13
31205,-5.93,60.87,0.11
31206,-5.81,60.87,0.1
31207,-5.68,60.87,0.1
31208,-5.56,60.87,0.08
31209,-5.43,60.87,0.07
31210,-5.31,60.87,0.05
31211,-5.18,60.87,0.04
31212,-5.06,60.87,0.04
31213,-4.93,60.87,0.04
31214,-4.81,60.87,0.03
31215,-4.68,60.87,0.03
31216,-4.56,60.87,0.03
31217,-4.43,60.87,0.03
31218,-4.31,60.87,0.03
31219,-4.18,60.87,0.03
31220,-4.06,60.87,0.03
31221,-3.93,60.87,0.02
31222,-3.81,60.87,0.02
31223,-3.68,60.87,0.02
31224,-3.56,60.87,0.02
31225,-3.43,60.87,0.02
31226,-3.31,60.87,0.02
31227,-3.18,60.87,0.02
31228,-3.06,60.87,0.02
31229,-2.93,60.87,0.02
31230,-2.81,60.87,0.02
31231,-2.68,60.87,0.03
31232,-2.56,60.87,0.03
31233,-2.43,60.87,0.03
31234,-2.31,60.87,0.04
31235,-2.18,60.87,0.04
31236,-2.06,60.87,0.06
31237,-1.93,60.87,0.07
31238,-1.81,60.87,0.09
31239,-1.68,60.87,0.1
31240,-1.56,60.87,0.14
31241,-1.43,60.87,0.16
31242,-1.31,60.87,0.15
31243,-1.18,60.87,0.2
31244,-1.06,60.87,0.36
31245,-0.93,60.87,0.77
31246,-0.81,60.87,1.19
31247,-0.68,60.87,0.97
31248,-0.56,60.87,0.39
31249,-0.43,60.87,0.26
31250,-0.31,60.87,0.19
31251,-0.18,60.87,0.14
31252,-0.06,60.87,0.12
31253,0.06,60.87,0.11
31254,0.18,60.87,0.12
31255,0.31,60.87,0.1
31256,0.43,60.87,0.08
31257,0.56,60.87,0.08
31258,0.68,60.87,0.07
31259,0.81,60.87,0.06
31260,0.93,60.87,0.05
31261,1.06,60.87,0.05
31262,1.18,60.87,0.04
31263,1.31,60.87,0.04
31264,1.43,60.87,0.04
31265,1.56,60.87,0.04
31266,1.68,60.87,0.04
31267,1.81,60.87,0.04
31268,1.93,60.87,0.03
31269,2.06,60.87,0.03
31270,2.18,60.87,0.03
31271,2.31,60.87,0.03
31272,2.43,60.87,0.03
31273,2.56,60.87,0.03
31274,2.68,60.87,0.02
31275,2.81,60.87,0.02
31276,2.93,60.87,0.01
31277,3.06,60.87,0.01
31278,3.18,60.87,0.01
31279,3.31,60.87,0.01
31280,3.43,60.87,0.01
31281,3.56,60.87,0.01
31282,3.68,60.87,0.01
31283,3.81,60.87,0.01
31284,3.93,60.87,0.01
31285,4.06,60.87,0.01
31286,4.18,60.87,0.01
31287,4.31,60.87,0.01
31288,4.43,60.87,0.02
31289,4.56,60.87,0.01
31290,4.68,60.87,0.03
31291,4.81,60.87,0.04
31292,4.93,60.87,1000000
31293,5.06,60.87,1000000
31294,5.18,60.87,1000000
31295,5.31,60.87,1000000
31296,5.43,60.87,1000000
31297,5.56,60.87,1000000
31298,5.68,60.87,1000000
31299,5.81,60.87,1000000
31300,5.93,60.87,1000000
31301,6.06,60.87,1000000
31302,6.18,60.87,1000000
31303,6.31,60.87,1000000
31304,6.43,60.87,1000000
31305,6.56,60.87,1000000
31306,6.68,60.87,1000000
31307,6.81,60.87,1000000
31308,6.93,60.87,1000000
31309,7.06,60.87,1000000
31310,7.18,60.87,1000000
31311,7.31,60.87,1000000
31312,7.43,60.87,1000000
31313,7.56,60.87,1000000
31314,7.68,60.87,1000000
31315,7.81,60.87,1000000
31316,7.93,60.87,1000000
31317,8.06,60.87,1000000
31318,8.18,60.87,1000000
31319,8.31,60.87,1000000
31320,8.43,60.87,1000000
31321,8.56,60.87,1000000
31322,8.68,60.87,1000000
31323,8.81,60.87,1000000
31324,8.93,60.87,1000000
31325,9.06,60.87,1000000
31326,9.18,60.87,1000000
31327,9.31,60.87,1000000
31328,9.43,60.87,1000000
31329,9.56,60.87,1000000
31330,9.68,60.87,1000000
31331,9.81,60.87,1000000
31332,9.93,60.87,1000000
31333,10.06,60.87,1000000
31334,10.18,60.87,1000000
31335,10.31,60.87,1000000
31336,10.43,60.87,1000000
31337,10.56,60.87,1000000
31338,10.68,60.87,1000000
31339,10.81,60.87,1000000
31340,10.93,60.87,1000000
31341,11.06,60.87,1000000
31342,11.18,60.87,1000000
31343,11.31,60.87,1000000
31344,11.43,60.87,1000000
31345,11.56,60.87,1000000
31346,11.68,60.87,1000000
31347,11.81,60.87,1000000
31348,11.93,60.87,1000000
31349,12.06,60.87,1000000
31350,12.18,60.87,1000000
31351,12.31,60.87,1000000
31352,12.43,60.87,1000000
31353,12.56,60.87,1000000
31354,12.68,60.87,1000000
31355,12.81,60.87,1000000
31356,12.93,60.87,1000000
31357,-12.06,60.95,1000000
31358,-11.93,60.95,1000000
31359,-11.81,60.95,1000000
31360,-11.68,60.95,1000000
31361,-11.56,60.95,1000000
31362,-11.43,60.95,1000000
31363,-11.31,60.95,1000000
31364,-11.18,60.95,1000000
31365,-11.06,60.95,1000000
31366,-10.93,60.95,1000000
31367,-10.81,60.95,1000000
31368,-10.68,60.95,1000000
31369,-10.56,60.95,1000000
31370,-10.43,60.95,1000000
31371,-10.31,60.95,1000000
31372,-10.18,60.95,1000000
31373,-10.06,60.95,1000000
31374,-9.93,60.95,1000000
31375,-9.81,60.95,1000000
31376,-9.68,60.95,1000000
31377,-9.56,60.95,1000000
31378,-9.43,60.95,1000000
31379,-9.31,60.95,1000000
31380,-9.18,60.95,1000000
31381,-9.06,60.95,1000000
31382,-8.93,60.95,1000000
31383,-8.81,60.95,1000000
31384,-8.68,60.95,1000000
31385,-8.56,60.95,1000000
31386,-8.43,60.95,1000000
31387,-8.31,60.95,1000000
31388,-8.18,60.95,1000000
31389,-8.06,60.95,1000000
31390,-7.93,60.95,1000000
31391,-7.81,60.95,1000000
31392,-7.68,60.95,1000000
31393,-7.56,60.95,1000000
31394,-7.43,60.95,1000000
31395,-7.31,60.95,1000000
31396,-7.18,60.95,1000000
31397,-7.06,60.95,1000000
31398,-6.93,60.95,0.22
31399,-6.81,60.95,0.23
31400,-6.68,60.95,0.26
31401,-6.56,60.95,0.31
31402,-6.43,60.95,0.31
31403,-6.31,60.95,0.24
31404,-6.18,60.95,0.16
31405,-6.06,60.95,0.13
31406,-5.93,60.95,0.11
31407,-5.81,60.95,0.1
31408,-5.68,60.95,0.09
31409,-5.56,60.95,0.07
31410,-5.43,60.95,0.05
31411,-5.31,60.95,0.05
31412,-5.18,60.95,0.04
31413,-5.06,60.95,0.04
31414,-4.93,60.95,0.03
31415,-4.81,60.95,0.03
31416,-4.68,60.95,0.03
31417,-4.56,60.95,0.03
31418,-4.43,60.95,0.03
31419,-4.31,60.95,0.03
31420,-4.18,60.95,0.03
31421,-4.06,60.95,0.02
31422,-3.93,60.95,0.02
31423,-3.81,60.95,0.02
31424,-3.68,60.95,0.02
31425,-3.56,60.95,0.02
31426,-3.43,60.95,0.02
31427,-3.31,60.95,0.02
31428,-3.18,60.95,0.02
31429,-3.06,60.95,0.02
31430,-2.93,60.95,0.02
31431,-2.81,60.95,0.02
31432,-2.68,60.95,0.02
31433,-2.56,60.95,0.02
31434,-2.43,60.95,0.02
31435,-2.31,60.95,0.03
31436,-2.18,60.95,0.03
31437,-2.06,60.95,0.04
31438,-1.93,60.95,0.05
31439,-1.81,60.95,0.07
31440,-1.68,60.95,0.09
31441,-1.56,60.95,0.11
31442,-1.43,60.95,0.14
31443,-1.31,60.95,0.16
31444,-1.18,60.95,0.19
31445,-1.06,60.95,0.27
31446,-0.93,60.95,0.4
31447,-0.81,60.95,0.59
31448,-0.68,60.95,0.57
31449,-0.56,60.95,0.3
31450,-0.43,60.95,0.22
31451,-0.31,60.95,0.19
31452,-0.18,60.95,0.15
31453,-0.06,60.95,0.12
31454,0.06,60.95,0.1
31455,0.18,60.95,0.11
31456,0.31,60.95,0.1
31457,0.43,60.95,0.09
31458,0.56,60.95,0.08
31459,0.68,60.95,0.07
31460,0.81,60.95,0.06
31461,0.93,60.95,0.06
31462,1.06,60.95,0.05
31463,1.18,60.95,0.04
31464,1.31,60.95,0.04
31465,1.43,60.95,0.04
31466,1.56,60.95,0.04
31467,1.68,60.95,0.04
31468,1.81,60.95,0.03
31469,1.93,60.95,0.03
31470,2.06,60.95,0.03
31471,2.18,60.95,0.03
31472,2.31,60.95,0.03
31473,2.43,60.95,0.02
31474,2.56,60.95,0.02
31475,2.68,60.95,0.02
31476,2.81,60.95,0.01
31477,2.93,60.95,0.01
31478,3.06,60.95,0.01
31479,3.18,60.95,0.01
31480,3.31,60.95,0.01
31481,3.43,60.95,0.01
31482,3.56,60.95,0.01
31483,3.68,60.95,0.01
31484,3.81,60.95,0.01
31485,3.93,60.95,0.01
31486,4.06,60.95,0.01
31487,4.18,60.95,0.01
31488,4.31,60.95,0.02
31489,4.43,60.95,0.02
31490,4.56,60.95,0.02
31491,4.68,60.95,0.08
31492,4.81,60.95,0.26
31493,4.93,60.95,0.29
31494,5.06,60.95,1000000
31495,5.18,60.95,1000000
31496,5.31,60.95,1000000
31497,5.43,60.95,1000000
31498,5.56,60.95,1000000
31499,5.68,60.95,1000000
31500,5.81,60.95,1000000
31501,5.93,60.95,1000000
31502,6.06,60.95,1000000
31503,6.18,60.95,1000000
31504,6.31,60.95,1000000
31505,6.43,60.95,1000000
31506,6.56,60.95,1000000
31507,6.68,60.95,1000000
31508,6.81,60.95,1000000
31509,6.93,60.95,1000000
31510,7.06,60.95,1000000
31511,7.18,60.95,1000000
31512,7.31,60.95,1000000
31513,7.43,60.95,1000000
31514,7.56,60.95,1000000
31515,7.68,60.95,1000000
31516,7.81,60.95,1000000
31517,7.93,60.95,1000000
31518,8.06,60.95,1000000
31519,8.18,60.95,1000000
31520,8.31,60.95,1000000
31521,8.43,60.95,1000000
31522,8.56,60.95,1000000
31523,8.68,60.95,1000000
31524,8.81,60.95,1000000
31525,8.93,60.95,1000000
31526,9.06,60.95,1000000
31527,9.18,60.95,1000000
31528,9.31,60.95,1000000
31529,9.43,60.95,1000000
31530,9.56,60.95,1000000
31531,9.68,60.95,1000000
31532,9.81,60.95,1000000
31533,9.93,60.95,1000000
31534,10.06,60.95,1000000
31535,10.18,60.95,1000000
31536,10.31,60.95,1000000
31537,10.43,60.95,1000000
31538,10.56,60.95,1000000
31539,10.68,60.95,1000000
31540,10.81,60.95,1000000
31541,10.93,60.95,1000000
31542,11.06,60.95,1000000
31543,11.18,60.95,1000000
31544,11.31,60.95,1000000
31545,11.43,60.95,1000000
31546,11.56,60.95,1000000
31547,11.68,60.95,1000000
31548,11.81,60.95,1000000
31549,11.93,60.95,1000000
31550,12.06,60.95,1000000
31551,12.18,60.95,1000000
31552,12.31,60.95,1000000
31553,12.43,60.95,1000000
31554,12.56,60.95,1000000
31555,12.68,60.95,1000000
31556,12.81,60.95,1000000
31557,12.93,60.95,1000000
31558,-12.06,61.04,1000000
31559,-11.93,61.04,1000000
31560,-11.81,61.04,1000000
31561,-11.68,61.04,1000000
31562,-11.56,61.04,1000000
31563,-11.43,61.04,1000000
31564,-11.31,61.04,1000000
31565,-11.18,61.04,1000000
31566,-11.06,61.04,1000000
31567,-10.93,61.04,1000000
31568,-10.81,61.04,1000000
31569,-10.68,61.04,1000000
31570,-10.56,61.04,1000000
31571,-10.43,61.04,1000000
31572,-10.31,61.04,1000000
31573,-10.18,61.04,1000000
31574,-10.06,61.04,1000000
31575,-9.93,61.04,1000000
31576,-9.81,61.04,1000000
31577,-9.68,61.04,1000000
31578,-9.56,61.04,1000000
31579,-9.43,61.04,1000000
31580,-9.31,61.04,1000000
31581,-9.18,61.04,1000000
31582,-9.06,61.04,1000000
31583,-8.93,61.04,1000000
31584,-8.81,61.04,1000000
31585,-8.68,61.04,1000000
31586,-8.56,61.04,1000000
31587,-8.43,61.04,1000000
31588,-8.31,61.04,1000000
31589,-8.18,61.04,1000000
31590,-8.06,61.04,1000000
31591,-7.93,61.04,1000000
31592,-7.81,61.04,1000000
31593,-7.68,61.04,1000000
31594,-7.56,61.04,1000000
31595,-7.43,61.04,1000000
31596,-7.31,61.04,1000000
31597,-7.18,61.04,1000000
31598,-7.06,61.04,1000000
31599,-6.93,61.04,1000000
31600,-6.81,61.04,0.23
31601,-6.68,61.04,0.26
31602,-6.56,61.04,0.28
31603,-6.43,61.04,0.26
31604,-6.31,61.04,0.2
31605,-6.18,61.04,0.14
31606,-6.06,61.04,0.11
31607,-5.93,61.04,0.1
31608,-5.81,61.04,0.08
31609,-5.68,61.04,0.07
31610,-5.56,61.04,0.06
31611,-5.43,61.04,0.06
31612,-5.31,61.04,0.06
31613,-5.18,61.04,0.04
31614,-5.06,61.04,0.04
31615,-4.93,61.04,0.04
31616,-4.81,61.04,0.03
31617,-4.68,61.04,0.03
31618,-4.56,61.04,0.03
31619,-4.43,61.04,0.03
31620,-4.31,61.04,0.02
31621,-4.18,61.04,0.02
31622,-4.06,61.04,0.02
31623,-3.93,61.04,0.02
31624,-3.81,61.04,0.02
31625,-3.68,61.04,0.02
31626,-3.56,61.04,0.02
31627,-3.43,61.04,0.02
31628,-3.31,61.04,0.02
31629,-3.18,61.04,0.02
31630,-3.06,61.04,0.02
31631,-2.93,61.04,0.01
31632,-2.81,61.04,0.01
31633,-2.68,61.04,0.02
31634,-2.56,61.04,0.02
31635,-2.43,61.04,0.02
31636,-2.31,61.04,0.02
31637,-2.18,61.04,0.02
31638,-2.06,61.04,0.03
31639,-1.93,61.04,0.04
31640,-1.81,61.04,0.06
31641,-1.68,61.04,0.07
31642,-1.56,61.04,0.09
31643,-1.43,61.04,0.12
31644,-1.31,61.04,0.14
31645,-1.18,61.04,0.17
31646,-1.06,61.04,0.23
31647,-0.93,61.04,0.27
31648,-0.81,61.04,0.29
31649,-0.68,61.04,0.34
31650,-0.56,61.04,0.28
31651,-0.43,61.04,0.21
31652,-0.31,61.04,0.18
31653,-0.18,61.04,0.16
31654,-0.06,61.04,0.12
31655,0.06,61.04,0.11
31656,0.18,61.04,0.1
31657,0.31,61.04,0.1
31658,0.43,61.04,0.09
31659,0.56,61.04,0.08
31660,0.68,61.04,0.07
31661,0.81,61.04,0.06
31662,0.93,61.04,0.05
31663,1.06,61.04,0.05
31664,1.18,61.04,0.04
31665,1.31,61.04,0.04
31666,1.43,61.04,0.04
31667,1.56,61.04,0.03
31668,1.68,61.04,0.03
31669,1.81,61.04,0.03
31670,1.93,61.04,0.03
31671,2.06,61.04,0.03
31672,2.18,61.04,0.03
31673,2.31,61.04,0.02
31674,2.43,61.04,0.02
31675,2.56,61.04,0.01
31676,2.68,61.04,0.01
31677,2.81,61.04,0.01
31678,2.93,61.04,0.01
31679,3.06,61.04,0.01
31680,3.18,61.04,0.01
31681,3.31,61.04,0.01
31682,3.43,61.04,0.01
31683,3.56,61.04,0.01
31684,3.68,61.04,0.01
31685,3.81,61.04,0.01
31686,3.93,61.04,0.01
31687,4.06,61.04,0.01
31688,4.18,61.04,0.01
31689,4.31,61.04,0.02
31690,4.43,61.04,0.02
31691,4.56,61.04,0.03
31692,4.68,61.04,0.07
31693,4.81,61.04,1000000
31694,4.93,61.04,7.11E-03
31695,5.06,61.04,7.81E-05
31696,5.18,61.04,1.25E-05
31697,5.31,61.04,1000000
31698,5.43,61.04,1000000
31699,5.56,61.04,1000000
31700,5.68,61.04,1000000
31701,5.81,61.04,1000000
31702,5.93,61.04,1000000
31703,6.06,61.04,1000000
31704,6.18,61.04,1000000
31705,6.31,61.04,1000000
31706,6.43,61.04,1000000
31707,6.56,61.04,1000000
31708,6.68,61.04,1000000
31709,6.81,61.04,1000000
31710,6.93,61.04,1000000
31711,7.06,61.04,1000000
31712,7.18,61.04,1000000
31713,7.31,61.04,1000000
31714,7.43,61.04,1000000
31715,7.56,61.04,1000000
31716,7.68,61.04,1000000
31717,7.81,61.04,1000000
31718,7.93,61.04,1000000
31719,8.06,61.04,1000000
31720,8.18,61.04,1000000
31721,8.31,61.04,1000000
31722,8.43,61.04,1000000
31723,8.56,61.04,1000000
31724,8.68,61.04,1000000
31725,8.81,61.04,1000000
31726,8.93,61.04,1000000
31727,9.06,61.04,1000000
31728,9.18,61.04,1000000
31729,9.31,61.04,1000000
31730,9.43,61.04,1000000
31731,9.56,61.04,1000000
31732,9.68,61.04,1000000
31733,9.81,61.04,1000000
31734,9.93,61.04,1000000
31735,10.06,61.04,1000000
31736,10.18,61.04,1000000
31737,10.31,61.04,1000000
31738,10.43,61.04,1000000
31739,10.56,61.04,1000000
31740,10.68,61.04,1000000
31741,10.81,61.04,1000000
31742,10.93,61.04,1000000
31743,11.06,61.04,1000000
31744,11.18,61.04,1000000
31745,11.31,61.04,1000000
31746,11.43,61.04,1000000
31747,11.56,61.04,1000000
31748,11.68,61.04,1000000
31749,11.81,61.04,1000000
31750,11.93,61.04,1000000
31751,12.06,61.04,1000000
31752,12.18,61.04,1000000
31753,12.31,61.04,1000000
31754,12.43,61.04,1000000
31755,12.56,61.04,1000000
31756,12.68,61.04,1000000
31757,12.81,61.04,1000000
31758,12.93,61.04,1000000
31759,-12.06,61.12,1000000
31760,-11.93,61.12,1000000
31761,-11.81,61.12,1000000
31762,-11.68,61.12,1000000
31763,-11.56,61.12,1000000
31764,-11.43,61.12,1000000
31765,-11.31,61.12,1000000
31766,-11.18,61.12,1000000
31767,-11.06,61.12,1000000
31768,-10.93,61.12,1000000
31769,-10.81,61.12,1000000
31770,-10.68,61.12,1000000
31771,-10.56,61.12,1000000
31772,-10.43,61.12,1000000
31773,-10.31,61.12,1000000
31774,-10.18,61.12,1000000
31775,-10.06,61.12,1000000
31776,-9.93,61.12,1000000
31777,-9.81,61.12,1000000
31778,-9.68,61.12,1000000
31779,-9.56,61.12,1000000
31780,-9.43,61.12,1000000
31781,-9.31,61.12,1000000
31782,-9.18,61.12,1000000
31783,-9.06,61.12,1000000
31784,-8.93,61.12,1000000
31785,-8.81,61.12,1000000
31786,-8.68,61.12,1000000
31787,-8.56,61.12,1000000
31788,-8.43,61.12,1000000
31789,-8.31,61.12,1000000
31790,-8.18,61.12,1000000
31791,-8.06,61.12,1000000
31792,-7.93,61.12,1000000
31793,-7.81,61.12,1000000
31794,-7.68,61.12,1000000
31795,-7.56,61.12,1000000
31796,-7.43,61.12,1000000
31797,-7.31,61.12,1000000
31798,-7.18,61.12,1000000
31799,-7.06,61.12,1000000
31800,-6.93,61.12,1000000
31801,-6.81,61.12,1000000
31802,-6.68,61.12,0.26
31803,-6.56,61.12,0.24
31804,-6.43,61.12,0.19
31805,-6.31,61.12,0.15
31806,-6.18,61.12,0.11
31807,-6.06,61.12,0.09
31808,-5.93,61.12,0.07
31809,-5.81,61.12,0.07
31810,-5.68,61.12,0.07
31811,-5.56,61.12,0.07
31812,-5.43,61.12,0.07
31813,-5.31,61.12,0.05
31814,-5.18,61.12,0.04
31815,-5.06,61.12,0.03
31816,-4.93,61.12,0.03
31817,-4.81,61.12,0.03
31818,-4.68,61.12,0.03
31819,-4.56,61.12,0.03
31820,-4.43,61.12,0.02
31821,-4.31,61.12,0.02
31822,-4.18,61.12,0.02
31823,-4.06,61.12,0.02
31824,-3.93,61.12,0.02
31825,-3.81,61.12,0.02
31826,-3.68,61.12,0.02
31827,-3.56,61.12,0.02
31828,-3.43,61.12,0.02
31829,-3.31,61.12,0.02
31830,-3.18,61.12,0.01
31831,-3.06,61.12,0.01
31832,-2.93,61.12,0.01
31833,-2.81,61.12,0.01
31834,-2.68,61.12,0.01
31835,-2.56,61.12,0.01
31836,-2.43,61.12,0.01
31837,-2.31,61.12,0.01
31838,-2.18,61.12,0.02
31839,-2.06,61.12,0.02
31840,-1.93,61.12,0.03
31841,-1.81,61.12,0.04
31842,-1.68,61.12,0.05
31843,-1.56,61.12,0.08
31844,-1.43,61.12,0.11
31845,-1.31,61.12,0.13
31846,-1.18,61.12,0.16
31847,-1.06,61.12,0.18
31848,-0.93,61.12,0.2
31849,-0.81,61.12,0.21
31850,-0.68,61.12,0.23
31851,-0.56,61.12,0.23
31852,-0.43,61.12,0.2
31853,-0.31,61.12,0.17
31854,-0.18,61.12,0.15
31855,-0.06,61.12,0.13
31856,0.06,61.12,0.1
31857,0.18,61.12,0.09
31858,0.31,61.12,0.08
31859,0.43,61.12,0.07
31860,0.56,61.12,0.07
31861,0.68,61.12,0.06
31862,0.81,61.12,0.06
31863,0.93,61.12,0.05
31864,1.06,61.12,0.04
31865,1.18,61.12,0.04
31866,1.31,61.12,0.04
31867,1.43,61.12,0.03
31868,1.56,61.12,0.03
31869,1.68,61.12,0.03
31870,1.81,61.12,0.03
31871,1.93,61.12,0.03
31872,2.06,61.12,0.03
31873,2.18,61.12,0.02
31874,2.31,61.12,0.02
31875,2.43,61.12,0.01
31876,2.56,61.12,0.01
31877,2.68,61.12,0.01
31878,2.81,61.12,0.01
31879,2.93,61.12,9.87E-03
31880,3.06,61.12,9.38E-03
31881,3.18,61.12,9.48E-03
31882,3.31,61.12,9.61E-03
31883,3.43,61.12,9.94E-03
31884,3.56,61.12,0.01
31885,3.68,61.12,0.01
31886,3.81,61.12,0.01
31887,3.93,61.12,0.01
31888,4.06,61.12,0.01
31889,4.18,61.12,0.01
31890,4.31,61.12,0.02
31891,4.43,61.12,0.02
31892,4.56,61.12,0.1
31893,4.68,61.12,0.16
31894,4.81,61.12,0.06
31895,4.93,61.12,9.58E-03
31896,5.06,61.12,5.52E-05
31897,5.18,61.12,1000000
31898,5.31,61.12,1000000
31899,5.43,61.12,1000000
31900,5.56,61.12,1000000
31901,5.68,61.12,1000000
31902,5.81,61.12,1000000
31903,5.93,61.12,1000000
31904,6.06,61.12,1000000
31905,6.18,61.12,1000000
31906,6.31,61.12,1000000
31907,6.43,61.12,1000000
31908,6.56,61.12,1000000
31909,6.68,61.12,1000000
31910,6.81,61.12,1000000
31911,6.93,61.12,1000000
31912,7.06,61.12,1000000
31913,7.18,61.12,1000000
31914,7.31,61.12,1000000
31915,7.43,61.12,1000000
31916,7.56,61.12,1000000
31917,7.68,61.12,1000000
31918,7.81,61.12,1000000
31919,7.93,61.12,1000000
31920,8.06,61.12,1000000
31921,8.18,61.12,1000000
31922,8.31,61.12,1000000
31923,8.43,61.12,1000000
31924,8.56,61.12,1000000
31925,8.68,61.12,1000000
31926,8.81,61.12,1000000
31927,8.93,61.12,1000000
31928,9.06,61.12,1000000
31929,9.18,61.12,1000000
31930,9.31,61.12,1000000
31931,9.43,61.12,1000000
31932,9.56,61.12,1000000
31933,9.68,61.12,1000000
31934,9.81,61.12,1000000
31935,9.93,61.12,1000000
31936,10.06,61.12,1000000
31937,10.18,61.12,1000000
31938,10.31,61.12,1000000
31939,10.43,61.12,1000000
31940,10.56,61.12,1000000
31941,10.68,61.12,1000000
31942,10.81,61.12,1000000
31943,10.93,61.12,1000000
31944,11.06,61.12,1000000
31945,11.18,61.12,1000000
31946,11.31,61.12,1000000
31947,11.43,61.12,1000000
31948,11.56,61.12,1000000
31949,11.68,61.12,1000000
31950,11.81,61.12,1000000
31951,11.93,61.12,1000000
31952,12.06,61.12,1000000
31953,12.18,61.12,1000000
31954,12.31,61.12,1000000
31955,12.43,61.12,1000000
31956,12.56,61.12,1000000
31957,12.68,61.12,1000000
31958,12.81,61.12,1000000
31959,12.93,61.12,1000000
31960,-12.06,61.2,1000000
31961,-11.93,61.2,1000000
31962,-11.81,61.2,1000000
31963,-11.68,61.2,1000000
31964,-11.56,61.2,1000000
31965,-11.43,61.2,1000000
31966,-11.31,61.2,1000000
31967,-11.18,61.2,1000000
31968,-11.06,61.2,1000000
31969,-10.93,61.2,1000000
31970,-10.81,61.2,1000000
31971,-10.68,61.2,1000000
31972,-10.56,61.2,1000000
31973,-10.43,61.2,1000000
31974,-10.31,61.2,1000000
31975,-10.18,61.2,1000000
31976,-10.06,61.2,1000000
31977,-9.93,61.2,1000000
31978,-9.81,61.2,1000000
31979,-9.68,61.2,1000000
31980,-9.56,61.2,1000000
31981,-9.43,61.2,1000000
31982,-9.31,61.2,1000000
31983,-9.18,61.2,1000000
31984,-9.06,61.2,1000000
31985,-8.93,61.2,1000000
31986,-8.81,61.2,1000000
31987,-8.68,61.2,1000000
31988,-8.56,61.2,1000000
31989,-8.43,61.2,1000000
31990,-8.31,61.2,1000000
31991,-8.18,61.2,1000000
31992,-8.06,61.2,1000000
31993,-7.93,61.2,1000000
31994,-7.81,61.2,1000000
31995,-7.68,61.2,1000000
31996,-7.56,61.2,1000000
31997,-7.43,61.2,1000000
31998,-7.31,61.2,1000000
31999,-7.18,61.2,1000000
32000,-7.06,61.2,1000000
32001,-6.93,61.2,1000000
32002,-6.81,61.2,1000000
32003,-6.68,61.2,1000000
32004,-6.56,61.2,0.19
32005,-6.43,61.2,0.14
32006,-6.31,61.2,0.11
32007,-6.18,61.2,0.08
32008,-6.06,61.2,0.07
32009,-5.93,61.2,0.06
32010,-5.81,61.2,0.07
32011,-5.68,61.2,0.07
32012,-5.56,61.2,0.07
32013,-5.43,61.2,0.06
32014,-5.31,61.2,0.04
32015,-5.18,61.2,0.04
32016,-5.06,61.2,0.04
32017,-4.93,61.2,0.03
32018,-4.81,61.2,0.03
32019,-4.68,61.2,0.03
32020,-4.56,61.2,0.03
32021,-4.43,61.2,0.02
32022,-4.31,61.2,0.02
32023,-4.18,61.2,0.02
32024,-4.06,61.2,0.02
32025,-3.93,61.2,0.02
32026,-3.81,61.2,0.02
32027,-3.68,61.2,0.02
32028,-3.56,61.2,0.02
32029,-3.43,61.2,0.02
32030,-3.31,61.2,0.01
32031,-3.18,61.2,0.01
32032,-3.06,61.2,0.01
32033,-2.93,61.2,0.01
32034,-2.81,61.2,0.01
32035,-2.68,61.2,0.01
32036,-2.56,61.2,0.01
32037,-2.43,61.2,0.01
32038,-2.31,61.2,0.01
32039,-2.18,61.2,0.01
32040,-2.06,61.2,0.02
32041,-1.93,61.2,0.02
32042,-1.81,61.2,0.03
32043,-1.68,61.2,0.04
32044,-1.56,61.2,0.06
32045,-1.43,61.2,0.09
32046,-1.31,61.2,0.12
32047,-1.18,61.2,0.14
32048,-1.06,61.2,0.15
32049,-0.93,61.2,0.16
32050,-0.81,61.2,0.17
32051,-0.68,61.2,0.18
32052,-0.56,61.2,0.18
32053,-0.43,61.2,0.17
32054,-0.31,61.2,0.14
32055,-0.18,61.2,0.13
32056,-0.06,61.2,0.11
32057,0.06,61.2,0.1
32058,0.18,61.2,0.08
32059,0.31,61.2,0.07
32060,0.43,61.2,0.07
32061,0.56,61.2,0.06
32062,0.68,61.2,0.05
32063,0.81,61.2,0.05
32064,0.93,61.2,0.04
32065,1.06,61.2,0.04
32066,1.18,61.2,0.04
32067,1.31,61.2,0.03
32068,1.43,61.2,0.03
32069,1.56,61.2,0.03
32070,1.68,61.2,0.03
32071,1.81,61.2,0.02
32072,1.93,61.2,0.02
32073,2.06,61.2,0.02
32074,2.18,61.2,0.02
32075,2.31,61.2,0.01
32076,2.43,61.2,0.01
32077,2.56,61.2,0.01
32078,2.68,61.2,8.57E-03
32079,2.81,61.2,7.92E-03
32080,2.93,61.2,7.97E-03
32081,3.06,61.2,8.08E-03
32082,3.18,61.2,8.27E-03
32083,3.31,61.2,8.59E-03
32084,3.43,61.2,9.03E-03
32085,3.56,61.2,9.60E-03
32086,3.68,61.2,0.01
32087,3.81,61.2,0.01
32088,3.93,61.2,0.01
32089,4.06,61.2,0.01
32090,4.18,61.2,0.01
32091,4.31,61.2,0.02
32092,4.43,61.2,0.03
32093,4.56,61.2,0.07
32094,4.68,61.2,0.06
32095,4.81,61.2,0.03
32096,4.93,61.2,0.01
32097,5.06,61.2,1000000
32098,5.18,61.2,1000000
32099,5.31,61.2,1000000
32100,5.43,61.2,1000000
32101,5.56,61.2,1000000
32102,5.68,61.2,1000000
32103,5.81,61.2,1000000
32104,5.93,61.2,1000000
32105,6.06,61.2,1000000
32106,6.18,61.2,1000000
32107,6.31,61.2,1000000
32108,6.43,61.2,1000000
32109,6.56,61.2,1000000
32110,6.68,61.2,1000000
32111,6.81,61.2,1000000
32112,6.93,61.2,1000000
32113,7.06,61.2,1000000
32114,7.18,61.2,1000000
32115,7.31,61.2,1000000
32116,7.43,61.2,1000000
32117,7.56,61.2,1000000
32118,7.68,61.2,1000000
32119,7.81,61.2,1000000
32120,7.93,61.2,1000000
32121,8.06,61.2,1000000
32122,8.18,61.2,1000000
32123,8.31,61.2,1000000
32124,8.43,61.2,1000000
32125,8.56,61.2,1000000
32126,8.68,61.2,1000000
32127,8.81,61.2,1000000
32128,8.93,61.2,1000000
32129,9.06,61.2,1000000
32130,9.18,61.2,1000000
32131,9.31,61.2,1000000
32132,9.43,61.2,1000000
32133,9.56,61.2,1000000
32134,9.68,61.2,1000000
32135,9.81,61.2,1000000
32136,9.93,61.2,1000000
32137,10.06,61.2,1000000
32138,10.18,61.2,1000000
32139,10.31,61.2,1000000
32140,10.43,61.2,1000000
32141,10.56,61.2,1000000
32142,10.68,61.2,1000000
32143,10.81,61.2,1000000
32144,10.93,61.2,1000000
32145,11.06,61.2,1000000
32146,11.18,61.2,1000000
32147,11.31,61.2,1000000
32148,11.43,61.2,1000000
32149,11.56,61.2,1000000
32150,11.68,61.2,1000000
32151,11.81,61.2,1000000
32152,11.93,61.2,1000000
32153,12.06,61.2,1000000
32154,12.18,61.2,1000000
32155,12.31,61.2,1000000
32156,12.43,61.2,1000000
32157,12.56,61.2,1000000
32158,12.68,61.2,1000000
32159,12.81,61.2,1000000
32160,12.93,61.2,1000000
32161,-12.06,61.29,1000000
32162,-11.93,61.29,1000000
32163,-11.81,61.29,1000000
32164,-11.68,61.29,1000000
32165,-11.56,61.29,1000000
32166,-11.43,61.29,1000000
32167,-11.31,61.29,1000000
32168,-11.18,61.29,1000000
32169,-11.06,61.29,1000000
32170,-10.93,61.29,1000000
32171,-10.81,61.29,1000000
32172,-10.68,61.29,1000000
32173,-10.56,61.29,1000000
32174,-10.43,61.29,1000000
32175,-10.31,61.29,1000000
32176,-10.18,61.29,1000000
32177,-10.06,61.29,1000000
32178,-9.93,61.29,1000000
32179,-9.81,61.29,1000000
32180,-9.68,61.29,1000000
32181,-9.56,61.29,1000000
32182,-9.43,61.29,1000000
32183,-9.31,61.29,1000000
32184,-9.18,61.29,1000000
32185,-9.06,61.29,1000000
32186,-8.93,61.29,1000000
32187,-8.81,61.29,1000000
32188,-8.68,61.29,1000000
32189,-8.56,61.29,1000000
32190,-8.43,61.29,1000000
32191,-8.31,61.29,1000000
32192,-8.18,61.29,1000000
32193,-8.06,61.29,1000000
32194,-7.93,61.29,1000000
32195,-7.81,61.29,1000000
32196,-7.68,61.29,1000000
32197,-7.56,61.29,1000000
32198,-7.43,61.29,1000000
32199,-7.31,61.29,1000000
32200,-7.18,61.29,1000000
32201,-7.06,61.29,1000000
32202,-6.93,61.29,1000000
32203,-6.81,61.29,1000000
32204,-6.68,61.29,1000000
32205,-6.56,61.29,1000000
32206,-6.43,61.29,0.1
32207,-6.31,61.29,0.07
32208,-6.18,61.29,0.06
32209,-6.06,61.29,0.06
32210,-5.93,61.29,0.07
32211,-5.81,61.29,0.07
32212,-5.68,61.29,0.06
32213,-5.56,61.29,0.06
32214,-5.43,61.29,0.05
32215,-5.31,61.29,0.05
32216,-5.18,61.29,0.04
32217,-5.06,61.29,0.03
32218,-4.93,61.29,0.03
32219,-4.81,61.29,0.03
32220,-4.68,61.29,0.03
32221,-4.56,61.29,0.02
32222,-4.43,61.29,0.02
32223,-4.31,61.29,0.02
32224,-4.18,61.29,0.02
32225,-4.06,61.29,0.02
32226,-3.93,61.29,0.02
32227,-3.81,61.29,0.02
32228,-3.68,61.29,0.02
32229,-3.56,61.29,0.01
32230,-3.43,61.29,0.01
32231,-3.31,61.29,0.01
32232,-3.18,61.29,0.01
32233,-3.06,61.29,0.01
32234,-2.93,61.29,0.01
32235,-2.81,61.29,0.01
32236,-2.68,61.29,0.01
32237,-2.56,61.29,0.01
32238,-2.43,61.29,0.01
32239,-2.31,61.29,0.01
32240,-2.18,61.29,0.01
32241,-2.06,61.29,0.02
32242,-1.93,61.29,0.02
32243,-1.81,61.29,0.02
32244,-1.68,61.29,0.03
32245,-1.56,61.29,0.04
32246,-1.43,61.29,0.06
32247,-1.31,61.29,0.1
32248,-1.18,61.29,0.13
32249,-1.06,61.29,0.14
32250,-0.93,61.29,0.14
32251,-0.81,61.29,0.14
32252,-0.68,61.29,0.15
32253,-0.56,61.29,0.15
32254,-0.43,61.29,0.14
32255,-0.31,61.29,0.13
32256,-0.18,61.29,0.11
32257,-0.06,61.29,0.1
32258,0.06,61.29,0.09
32259,0.18,61.29,0.08
32260,0.31,61.29,0.07
32261,0.43,61.29,0.07
32262,0.56,61.29,0.06
32263,0.68,61.29,0.05
32264,0.81,61.29,0.04
32265,0.93,61.29,0.04
32266,1.06,61.29,0.04
32267,1.18,61.29,0.03
32268,1.31,61.29,0.03
32269,1.43,61.29,0.03
32270,1.56,61.29,0.03
32271,1.68,61.29,0.02
32272,1.81,61.29,0.02
32273,1.93,61.29,0.02
32274,2.06,61.29,0.01
32275,2.18,61.29,0.01
32276,2.31,61.29,0.01
32277,2.43,61.29,8.55E-03
32278,2.56,61.29,7.69E-03
32279,2.68,61.29,7.11E-03
32280,2.81,61.29,6.76E-03
32281,2.93,61.29,6.75E-03
32282,3.06,61.29,7.10E-03
32283,3.18,61.29,7.43E-03
32284,3.31,61.29,7.80E-03
32285,3.43,61.29,8.23E-03
32286,3.56,61.29,8.75E-03
32287,3.68,61.29,9.32E-03
32288,3.81,61.29,0.01
32289,3.93,61.29,0.01
32290,4.06,61.29,0.01
32291,4.18,61.29,0.01
32292,4.31,61.29,0.01
32293,4.43,61.29,0.03
32294,4.56,61.29,0.03
32295,4.68,61.29,0.01
32296,4.81,61.29,0.01
32297,4.93,61.29,9.48E-03
32298,5.06,61.29,1000000
32299,5.18,61.29,1000000
32300,5.31,61.29,1000000
32301,5.43,61.29,1000000
32302,5.56,61.29,1000000
32303,5.68,61.29,1000000
32304,5.81,61.29,1000000
32305,5.93,61.29,1000000
32306,6.06,61.29,1000000
32307,6.18,61.29,1000000
32308,6.31,61.29,1000000
32309,6.43,61.29,1000000
32310,6.56,61.29,1000000
32311,6.68,61.29,1000000
32312,6.81,61.29,1000000
32313,6.93,61.29,1000000
32314,7.06,61.29,1000000
32315,7.18,61.29,1000000
32316,7.31,61.29,1000000
32317,7.43,61.29,1000000
32318,7.56,61.29,1000000
32319,7.68,61.29,1000000
32320,7.81,61.29,1000000
32321,7.93,61.29,1000000
32322,8.06,61.29,1000000
32323,8.18,61.29,1000000
32324,8.31,61.29,1000000
32325,8.43,61.29,1000000
32326,8.56,61.29,1000000
32327,8.68,61.29,1000000
32328,8.81,61.29,1000000
32329,8.93,61.29,1000000
32330,9.06,61.29,1000000
32331,9.18,61.29,1000000
32332,9.31,61.29,1000000
32333,9.43,61.29,1000000
32334,9.56,61.29,1000000
32335,9.68,61.29,1000000
32336,9.81,61.29,1000000
32337,9.93,61.29,1000000
32338,10.06,61.29,1000000
32339,10.18,61.29,1000000
32340,10.31,61.29,1000000
32341,10.43,61.29,1000000
32342,10.56,61.29,1000000
32343,10.68,61.29,1000000
32344,10.81,61.29,1000000
32345,10.93,61.29,1000000
32346,11.06,61.29,1000000
32347,11.18,61.29,1000000
32348,11.31,61.29,1000000
32349,11.43,61.29,1000000
32350,11.56,61.29,1000000
32351,11.68,61.29,1000000
32352,11.81,61.29,1000000
32353,11.93,61.29,1000000
32354,12.06,61.29,1000000
32355,12.18,61.29,1000000
32356,12.31,61.29,1000000
32357,12.43,61.29,1000000
32358,12.56,61.29,1000000
32359,12.68,61.29,1000000
32360,12.81,61.29,1000000
32361,12.93,61.29,1000000
32362,-12.06,61.37,1000000
32363,-11.93,61.37,1000000
32364,-11.81,61.37,1000000
32365,-11.68,61.37,1000000
32366,-11.56,61.37,1000000
32367,-11.43,61.37,1000000
32368,-11.31,61.37,1000000
32369,-11.18,61.37,1000000
32370,-11.06,61.37,1000000
32371,-10.93,61.37,1000000
32372,-10.81,61.37,1000000
32373,-10.68,61.37,1000000
32374,-10.56,61.37,1000000
32375,-10.43,61.37,1000000
32376,-10.31,61.37,1000000
32377,-10.18,61.37,1000000
32378,-10.06,61.37,1000000
32379,-9.93,61.37,1000000
32380,-9.81,61.37,1000000
32381,-9.68,61.37,1000000
32382,-9.56,61.37,1000000
32383,-9.43,61.37,1000000
32384,-9.31,61.37,1000000
32385,-9.18,61.37,1000000
32386,-9.06,61.37,1000000
32387,-8.93,61.37,1000000
32388,-8.81,61.37,1000000
32389,-8.68,61.37,1000000
32390,-8.56,61.37,1000000
32391,-8.43,61.37,1000000
32392,-8.31,61.37,1000000
32393,-8.18,61.37,1000000
32394,-8.06,61.37,1000000
32395,-7.93,61.37,1000000
32396,-7.81,61.37,1000000
32397,-7.68,61.37,1000000
32398,-7.56,61.37,1000000
32399,-7.43,61.37,1000000
32400,-7.31,61.37,1000000
32401,-7.18,61.37,1000000
32402,-7.06,61.37,1000000
32403,-6.93,61.37,1000000
32404,-6.81,61.37,1000000
32405,-6.68,61.37,1000000
32406,-6.56,61.37,1000000
32407,-6.43,61.37,1000000
32408,-6.31,61.37,0.05
32409,-6.18,61.37,0.06
32410,-6.06,61.37,0.06
32411,-5.93,61.37,0.06
32412,-5.81,61.37,0.06
32413,-5.68,61.37,0.06
32414,-5.56,61.37,0.06
32415,-5.43,61.37,0.05
32416,-5.31,61.37,0.03
32417,-5.18,61.37,0.03
32418,-5.06,61.37,0.03
32419,-4.93,61.37,0.03
32420,-4.81,61.37,0.03
32421,-4.68,61.37,0.02
32422,-4.56,61.37,0.02
32423,-4.43,61.37,0.02
32424,-4.31,61.37,0.02
32425,-4.18,61.37,0.02
32426,-4.06,61.37,0.02
32427,-3.93,61.37,0.02
32428,-3.81,61.37,0.01
32429,-3.68,61.37,0.01
32430,-3.56,61.37,0.01
32431,-3.43,61.37,0.01
32432,-3.31,61.37,0.01
32433,-3.18,61.37,0.01
32434,-3.06,61.37,0.01
32435,-2.93,61.37,0.01
32436,-2.81,61.37,0.01
32437,-2.68,61.37,0.01
32438,-2.56,61.37,0.01
32439,-2.43,61.37,0.01
32440,-2.31,61.37,0.01
32441,-2.18,61.37,0.01
32442,-2.06,61.37,0.01
32443,-1.93,61.37,0.01
32444,-1.81,61.37,0.02
32445,-1.68,61.37,0.02
32446,-1.56,61.37,0.03
32447,-1.43,61.37,0.05
32448,-1.31,61.37,0.07
32449,-1.18,61.37,0.1
32450,-1.06,61.37,0.12
32451,-0.93,61.37,0.13
32452,-0.81,61.37,0.13
32453,-0.68,61.37,0.13
32454,-0.56,61.37,0.13
32455,-0.43,61.37,0.13
32456,-0.31,61.37,0.11
32457,-0.18,61.37,0.1
32458,-0.06,61.37,0.09
32459,0.06,61.37,0.08
32460,0.18,61.37,0.07
32461,0.31,61.37,0.07
32462,0.43,61.37,0.07
32463,0.56,61.37,0.06
32464,0.68,61.37,0.05
32465,0.81,61.37,0.04
32466,0.93,61.37,0.04
32467,1.06,61.37,0.03
32468,1.18,61.37,0.03
32469,1.31,61.37,0.03
32470,1.43,61.37,0.02
32471,1.56,61.37,0.02
32472,1.68,61.37,0.02
32473,1.81,61.37,0.02
32474,1.93,61.37,0.01
32475,2.06,61.37,0.01
32476,2.18,61.37,8.65E-03
32477,2.31,61.37,7.31E-03
32478,2.43,61.37,6.42E-03
32479,2.56,61.37,6.04E-03
32480,2.68,61.37,6.12E-03
32481,2.81,61.37,6.31E-03
32482,2.93,61.37,6.34E-03
32483,3.06,61.37,6.55E-03
32484,3.18,61.37,6.84E-03
32485,3.31,61.37,7.18E-03
32486,3.43,61.37,7.53E-03
32487,3.56,61.37,7.93E-03
32488,3.68,61.37,8.38E-03
32489,3.81,61.37,8.87E-03
32490,3.93,61.37,9.42E-03
32491,4.06,61.37,0.01
32492,4.18,61.37,0.01
32493,4.31,61.37,0.01
32494,4.43,61.37,0.01
32495,4.56,61.37,0.01
32496,4.68,61.37,0.03
32497,4.81,61.37,0.02
32498,4.93,61.37,0.01
32499,5.06,61.37,1000000
32500,5.18,61.37,1000000
32501,5.31,61.37,1000000
32502,5.43,61.37,1000000
32503,5.56,61.37,1000000
32504,5.68,61.37,1000000
32505,5.81,61.37,1000000
32506,5.93,61.37,1000000
32507,6.06,61.37,1000000
32508,6.18,61.37,1000000
32509,6.31,61.37,1000000
32510,6.43,61.37,1000000
32511,6.56,61.37,1000000
32512,6.68,61.37,1000000
32513,6.81,61.37,1000000
32514,6.93,61.37,1000000
32515,7.06,61.37,1000000
32516,7.18,61.37,1000000
32517,7.31,61.37,1000000
32518,7.43,61.37,1000000
32519,7.56,61.37,1000000
32520,7.68,61.37,1000000
32521,7.81,61.37,1000000
32522,7.93,61.37,1000000
32523,8.06,61.37,1000000
32524,8.18,61.37,1000000
32525,8.31,61.37,1000000
32526,8.43,61.37,1000000
32527,8.56,61.37,1000000
32528,8.68,61.37,1000000
32529,8.81,61.37,1000000
32530,8.93,61.37,1000000
32531,9.06,61.37,1000000
32532,9.18,61.37,1000000
32533,9.31,61.37,1000000
32534,9.43,61.37,1000000
32535,9.56,61.37,1000000
32536,9.68,61.37,1000000
32537,9.81,61.37,1000000
32538,9.93,61.37,1000000
32539,10.06,61.37,1000000
32540,10.18,61.37,1000000
32541,10.31,61.37,1000000
32542,10.43,61.37,1000000
32543,10.56,61.37,1000000
32544,10.68,61.37,1000000
32545,10.81,61.37,1000000
32546,10.93,61.37,1000000
32547,11.06,61.37,1000000
32548,11.18,61.37,1000000
32549,11.31,61.37,1000000
32550,11.43,61.37,1000000
32551,11.56,61.37,1000000
32552,11.68,61.37,1000000
32553,11.81,61.37,1000000
32554,11.93,61.37,1000000
32555,12.06,61.37,1000000
32556,12.18,61.37,1000000
32557,12.31,61.37,1000000
32558,12.43,61.37,1000000
32559,12.56,61.37,1000000
32560,12.68,61.37,1000000
32561,12.81,61.37,1000000
32562,12.93,61.37,1000000
32563,-12.06,61.45,1000000
32564,-11.93,61.45,1000000
32565,-11.81,61.45,1000000
32566,-11.68,61.45,1000000
32567,-11.56,61.45,1000000
32568,-11.43,61.45,1000000
32569,-11.31,61.45,1000000
32570,-11.18,61.45,1000000
32571,-11.06,61.45,1000000
32572,-10.93,61.45,1000000
32573,-10.81,61.45,1000000
32574,-10.68,61.45,1000000
32575,-10.56,61.45,1000000
32576,-10.43,61.45,1000000
32577,-10.31,61.45,1000000
32578,-10.18,61.45,1000000
32579,-10.06,61.45,1000000
32580,-9.93,61.45,1000000
32581,-9.81,61.45,1000000
32582,-9.68,61.45,1000000
32583,-9.56,61.45,1000000
32584,-9.43,61.45,1000000
32585,-9.31,61.45,1000000
32586,-9.18,61.45,1000000
32587,-9.06,61.45,1000000
32588,-8.93,61.45,1000000
32589,-8.81,61.45,1000000
32590,-8.68,61.45,1000000
32591,-8.56,61.45,1000000
32592,-8.43,61.45,1000000
32593,-8.31,61.45,1000000
32594,-8.18,61.45,1000000
32595,-8.06,61.45,1000000
32596,-7.93,61.45,1000000
32597,-7.81,61.45,1000000
32598,-7.68,61.45,1000000
32599,-7.56,61.45,1000000
32600,-7.43,61.45,1000000
32601,-7.31,61.45,1000000
32602,-7.18,61.45,1000000
32603,-7.06,61.45,1000000
32604,-6.93,61.45,1000000
32605,-6.81,61.45,1000000
32606,-6.68,61.45,1000000
32607,-6.56,61.45,1000000
32608,-6.43,61.45,1000000
32609,-6.31,61.45,1000000
32610,-6.18,61.45,0.06
32611,-6.06,61.45,0.06
32612,-5.93,61.45,0.05
32613,-5.81,61.45,0.05
32614,-5.68,61.45,0.05
32615,-5.56,61.45,0.05
32616,-5.43,61.45,0.04
32617,-5.31,61.45,0.03
32618,-5.18,61.45,0.04
32619,-5.06,61.45,0.04
32620,-4.93,61.45,0.03
32621,-4.81,61.45,0.02
32622,-4.68,61.45,0.01
32623,-4.56,61.45,0.01
32624,-4.43,61.45,0.01
32625,-4.31,61.45,0.01
32626,-4.18,61.45,0.01
32627,-4.06,61.45,0.01
32628,-3.93,61.45,0.01
32629,-3.81,61.45,0.01
32630,-3.68,61.45,0.01
32631,-3.56,61.45,0.01
32632,-3.43,61.45,0.01
32633,-3.31,61.45,0.01
32634,-3.18,61.45,0.01
32635,-3.06,61.45,0.01
32636,-2.93,61.45,0.01
32637,-2.81,61.45,0.01
32638,-2.68,61.45,0.01
32639,-2.56,61.45,0.01
32640,-2.43,61.45,0.01
32641,-2.31,61.45,0.01
32642,-2.18,61.45,0.01
32643,-2.06,61.45,0.01
32644,-1.93,61.45,0.01
32645,-1.81,61.45,0.01
32646,-1.68,61.45,0.02
32647,-1.56,61.45,0.03
32648,-1.43,61.45,0.04
32649,-1.31,61.45,0.06
32650,-1.18,61.45,0.08
32651,-1.06,61.45,0.1
32652,-0.93,61.45,0.12
32653,-0.81,61.45,0.13
32654,-0.68,61.45,0.13
32655,-0.56,61.45,0.12
32656,-0.43,61.45,0.11
32657,-0.31,61.45,0.1
32658,-0.18,61.45,0.09
32659,-0.06,61.45,0.09
32660,0.06,61.45,0.08
32661,0.18,61.45,0.07
32662,0.31,61.45,0.06
32663,0.43,61.45,0.06
32664,0.56,61.45,0.06
32665,0.68,61.45,0.05
32666,0.81,61.45,0.04
32667,0.93,61.45,0.04
32668,1.06,61.45,0.03
32669,1.18,61.45,0.03
32670,1.31,61.45,0.03
32671,1.43,61.45,0.02
32672,1.56,61.45,0.02
32673,1.68,61.45,0.01
32674,1.81,61.45,0.01
32675,1.93,61.45,0.01
32676,2.06,61.45,8.49E-03
32677,2.18,61.45,6.94E-03
32678,2.31,61.45,6.02E-03
32679,2.43,61.45,5.53E-03
32680,2.56,61.45,5.38E-03
32681,2.68,61.45,5.56E-03
32682,2.81,61.45,5.83E-03
32683,2.93,61.45,6.02E-03
32684,3.06,61.45,6.20E-03
32685,3.18,61.45,6.42E-03
32686,3.31,61.45,6.71E-03
32687,3.43,61.45,7.05E-03
32688,3.56,61.45,7.36E-03
32689,3.68,61.45,7.70E-03
32690,3.81,61.45,8.13E-03
32691,3.93,61.45,8.52E-03
32692,4.06,61.45,8.96E-03
32693,4.18,61.45,9.70E-03
32694,4.31,61.45,0.01
32695,4.43,61.45,0.01
32696,4.56,61.45,0.01
32697,4.68,61.45,0.03
32698,4.81,61.45,0.03
32699,4.93,61.45,0.01
32700,5.06,61.45,4.95E-04
32701,5.18,61.45,7.75E-05
32702,5.31,61.45,1000000
32703,5.43,61.45,1000000
32704,5.56,61.45,1000000
32705,5.68,61.45,1000000
32706,5.81,61.45,1000000
32707,5.93,61.45,1000000
32708,6.06,61.45,1000000
32709,6.18,61.45,1000000
32710,6.31,61.45,1000000
32711,6.43,61.45,1000000
32712,6.56,61.45,1000000
32713,6.68,61.45,1000000
32714,6.81,61.45,1000000
32715,6.93,61.45,1000000
32716,7.06,61.45,1000000
32717,7.18,61.45,1000000
32718,7.31,61.45,1000000
32719,7.43,61.45,1000000
32720,7.56,61.45,1000000
32721,7.68,61.45,1000000
32722,7.81,61.45,1000000
32723,7.93,61.45,1000000
32724,8.06,61.45,1000000
32725,8.18,61.45,1000000
32726,8.31,61.45,1000000
32727,8.43,61.45,1000000
32728,8.56,61.45,1000000
32729,8.68,61.45,1000000
32730,8.81,61.45,1000000
32731,8.93,61.45,1000000
32732,9.06,61.45,1000000
32733,9.18,61.45,1000000
32734,9.31,61.45,1000000
32735,9.43,61.45,1000000
32736,9.56,61.45,1000000
32737,9.68,61.45,1000000
32738,9.81,61.45,1000000
32739,9.93,61.45,1000000
32740,10.06,61.45,1000000
32741,10.18,61.45,1000000
32742,10.31,61.45,1000000
32743,10.43,61.45,1000000
32744,10.56,61.45,1000000
32745,10.68,61.45,1000000
32746,10.81,61.45,1000000
32747,10.93,61.45,1000000
32748,11.06,61.45,1000000
32749,11.18,61.45,1000000
32750,11.31,61.45,1000000
32751,11.43,61.45,1000000
32752,11.56,61.45,1000000
32753,11.68,61.45,1000000
32754,11.81,61.45,1000000
32755,11.93,61.45,1000000
32756,12.06,61.45,1000000
32757,12.18,61.45,1000000
32758,12.31,61.45,1000000
32759,12.43,61.45,1000000
32760,12.56,61.45,1000000
32761,12.68,61.45,1000000
32762,12.81,61.45,1000000
32763,12.93,61.45,1000000
32764,-12.06,61.54,1000000
32765,-11.93,61.54,1000000
32766,-11.81,61.54,1000000
32767,-11.68,61.54,1000000
32768,-11.56,61.54,1000000
32769,-11.43,61.54,1000000
32770,-11.31,61.54,1000000
32771,-11.18,61.54,1000000
32772,-11.06,61.54,1000000
32773,-10.93,61.54,1000000
32774,-10.81,61.54,1000000
32775,-10.68,61.54,1000000
32776,-10.56,61.54,1000000
32777,-10.43,61.54,1000000
32778,-10.31,61.54,1000000
32779,-10.18,61.54,1000000
32780,-10.06,61.54,1000000
32781,-9.93,61.54,1000000
32782,-9.81,61.54,1000000
32783,-9.68,61.54,1000000
32784,-9.56,61.54,1000000
32785,-9.43,61.54,1000000
32786,-9.31,61.54,1000000
32787,-9.18,61.54,1000000
32788,-9.06,61.54,1000000
32789,-8.93,61.54,1000000
32790,-8.81,61.54,1000000
32791,-8.68,61.54,1000000
32792,-8.56,61.54,1000000
32793,-8.43,61.54,1000000
32794,-8.31,61.54,1000000
32795,-8.18,61.54,1000000
32796,-8.06,61.54,1000000
32797,-7.93,61.54,1000000
32798,-7.81,61.54,1000000
32799,-7.68,61.54,1000000
32800,-7.56,61.54,1000000
32801,-7.43,61.54,1000000
32802,-7.31,61.54,1000000
32803,-7.18,61.54,1000000
32804,-7.06,61.54,1000000
32805,-6.93,61.54,1000000
32806,-6.81,61.54,1000000
32807,-6.68,61.54,1000000
32808,-6.56,61.54,1000000
32809,-6.43,61.54,1000000
32810,-6.31,61.54,1000000
32811,-6.18,61.54,1000000
32812,-6.06,61.54,0.05
32813,-5.93,61.54,0.05
32814,-5.81,61.54,0.05
32815,-5.68,61.54,0.04
32816,-5.56,61.54,0.03
32817,-5.43,61.54,0.02
32818,-5.31,61.54,0.03
32819,-5.18,61.54,0.03
32820,-5.06,61.54,0.03
32821,-4.93,61.54,0.02
32822,-4.81,61.54,0.01
32823,-4.68,61.54,0.01
32824,-4.56,61.54,0.01
32825,-4.43,61.54,0.01
32826,-4.31,61.54,0.01
32827,-4.18,61.54,0.01
32828,-4.06,61.54,0.01
32829,-3.93,61.54,0.01
32830,-3.81,61.54,0.01
32831,-3.68,61.54,0.01
32832,-3.56,61.54,0.01
32833,-3.43,61.54,0.01
32834,-3.31,61.54,0.01
32835,-3.18,61.54,0.01
32836,-3.06,61.54,0.01
32837,-2.93,61.54,0.01
32838,-2.81,61.54,0.01
32839,-2.68,61.54,0.01
32840,-2.56,61.54,0.01
32841,-2.43,61.54,0.01
32842,-2.31,61.54,0.01
32843,-2.18,61.54,0.01
32844,-2.06,61.54,0.01
32845,-1.93,61.54,0.01
32846,-1.81,61.54,0.01
32847,-1.68,61.54,0.01
32848,-1.56,61.54,0.02
32849,-1.43,61.54,0.03
32850,-1.31,61.54,0.05
32851,-1.18,61.54,0.07
32852,-1.06,61.54,0.09
32853,-0.93,61.54,0.11
32854,-0.81,61.54,0.12
32855,-0.68,61.54,0.12
32856,-0.56,61.54,0.11
32857,-0.43,61.54,0.1
32858,-0.31,61.54,0.09
32859,-0.18,61.54,0.08
32860,-0.06,61.54,0.08
32861,0.06,61.54,0.07
32862,0.18,61.54,0.07
32863,0.31,61.54,0.06
32864,0.43,61.54,0.05
32865,0.56,61.54,0.05
32866,0.68,61.54,0.04
32867,0.81,61.54,0.04
32868,0.93,61.54,0.04
32869,1.06,61.54,0.03
32870,1.18,61.54,0.03
32871,1.31,61.54,0.02
32872,1.43,61.54,0.02
32873,1.56,61.54,0.02
32874,1.68,61.54,0.01
32875,1.81,61.54,0.01
32876,1.93,61.54,8.72E-03
32877,2.06,61.54,6.68E-03
32878,2.18,61.54,5.75E-03
32879,2.31,61.54,5.26E-03
32880,2.43,61.54,5.12E-03
32881,2.56,61.54,5.12E-03
32882,2.68,61.54,5.23E-03
32883,2.81,61.54,5.42E-03
32884,2.93,61.54,5.67E-03
32885,3.06,61.54,5.88E-03
32886,3.18,61.54,6.10E-03
32887,3.31,61.54,6.40E-03
32888,3.43,61.54,6.75E-03
32889,3.56,61.54,7.15E-03
32890,3.68,61.54,7.61E-03
32891,3.81,61.54,8.20E-03
32892,3.93,61.54,8.88E-03
32893,4.06,61.54,9.87E-03
32894,4.18,61.54,0.01
32895,4.31,61.54,0.01
32896,4.43,61.54,0.01
32897,4.56,61.54,0.01
32898,4.68,61.54,0.02
32899,4.81,61.54,9.17E-03
32900,4.93,61.54,3.05E-03
32901,5.06,61.54,3.08E-04
32902,5.18,61.54,5.67E-05
32903,5.31,61.54,1000000
32904,5.43,61.54,1000000
32905,5.56,61.54,1000000
32906,5.68,61.54,1000000
32907,5.81,61.54,1000000
32908,5.93,61.54,1000000
32909,6.06,61.54,1000000
32910,6.18,61.54,1000000
32911,6.31,61.54,1000000
32912,6.43,61.54,1000000
32913,6.56,61.54,1000000
32914,6.68,61.54,1000000
32915,6.81,61.54,1000000
32916,6.93,61.54,1000000
32917,7.06,61.54,1000000
32918,7.18,61.54,1000000
32919,7.31,61.54,1000000
32920,7.43,61.54,1000000
32921,7.56,61.54,1000000
32922,7.68,61.54,1000000
32923,7.81,61.54,1000000
32924,7.93,61.54,1000000
32925,8.06,61.54,1000000
32926,8.18,61.54,1000000
32927,8.31,61.54,1000000
32928,8.43,61.54,1000000
32929,8.56,61.54,1000000
32930,8.68,61.54,1000000
32931,8.81,61.54,1000000
32932,8.93,61.54,1000000
32933,9.06,61.54,1000000
32934,9.18,61.54,1000000
32935,9.31,61.54,1000000
32936,9.43,61.54,1000000
32937,9.56,61.54,1000000
32938,9.68,61.54,1000000
32939,9.81,61.54,1000000
32940,9.93,61.54,1000000
32941,10.06,61.54,1000000
32942,10.18,61.54,1000000
32943,10.31,61.54,1000000
32944,10.43,61.54,1000000
32945,10.56,61.54,1000000
32946,10.68,61.54,1000000
32947,10.81,61.54,1000000
32948,10.93,61.54,1000000
32949,11.06,61.54,1000000
32950,11.18,61.54,1000000
32951,11.31,61.54,1000000
32952,11.43,61.54,1000000
32953,11.56,61.54,1000000
32954,11.68,61.54,1000000
32955,11.81,61.54,1000000
32956,11.93,61.54,1000000
32957,12.06,61.54,1000000
32958,12.18,61.54,1000000
32959,12.31,61.54,1000000
32960,12.43,61.54,1000000
32961,12.56,61.54,1000000
32962,12.68,61.54,1000000
32963,12.81,61.54,1000000
32964,12.93,61.54,1000000
32965,-12.06,61.62,1000000
32966,-11.93,61.62,1000000
32967,-11.81,61.62,1000000
32968,-11.68,61.62,1000000
32969,-11.56,61.62,1000000
32970,-11.43,61.62,1000000
32971,-11.31,61.62,1000000
32972,-11.18,61.62,1000000
32973,-11.06,61.62,1000000
32974,-10.93,61.62,1000000
32975,-10.81,61.62,1000000
32976,-10.68,61.62,1000000
32977,-10.56,61.62,1000000
32978,-10.43,61.62,1000000
32979,-10.31,61.62,1000000
32980,-10.18,61.62,1000000
32981,-10.06,61.62,1000000
32982,-9.93,61.62,1000000
32983,-9.81,61.62,1000000
32984,-9.68,61.62,1000000
32985,-9.56,61.62,1000000
32986,-9.43,61.62,1000000
32987,-9.31,61.62,1000000
32988,-9.18,61.62,1000000
32989,-9.06,61.62,1000000
32990,-8.93,61.62,1000000
32991,-8.81,61.62,1000000
32992,-8.68,61.62,1000000
32993,-8.56,61.62,1000000
32994,-8.43,61.62,1000000
32995,-8.31,61.62,1000000
32996,-8.18,61.62,1000000
32997,-8.06,61.62,1000000
32998,-7.93,61.62,1000000
32999,-7.81,61.62,1000000
33000,-7.68,61.62,1000000
33001,-7.56,61.62,1000000
33002,-7.43,61.62,1000000
33003,-7.31,61.62,1000000
33004,-7.18,61.62,1000000
33005,-7.06,61.62,1000000
33006,-6.93,61.62,1000000
33007,-6.81,61.62,1000000
33008,-6.68,61.62,1000000
33009,-6.56,61.62,1000000
33010,-6.43,61.62,1000000
33011,-6.31,61.62,1000000
33012,-6.18,61.62,1000000
33013,-6.06,61.62,1000000
33014,-5.93,61.62,0.04
33015,-5.81,61.62,0.03
33016,-5.68,61.62,0.02
33017,-5.56,61.62,0.02
33018,-5.43,61.62,0.02
33019,-5.31,61.62,0.03
33020,-5.18,61.62,0.03
33021,-5.06,61.62,0.02
33022,-4.93,61.62,0.01
33023,-4.81,61.62,0.01
33024,-4.68,61.62,0.01
33025,-4.56,61.62,0.01
33026,-4.43,61.62,0.01
33027,-4.31,61.62,0.01
33028,-4.18,61.62,0.01
33029,-4.06,61.62,0.01
33030,-3.93,61.62,0.01
33031,-3.81,61.62,0.01
33032,-3.68,61.62,0.01
33033,-3.56,61.62,0.01
33034,-3.43,61.62,0.01
33035,-3.31,61.62,0.01
33036,-3.18,61.62,0.01
33037,-3.06,61.62,0.01
33038,-2.93,61.62,0.01
33039,-2.81,61.62,0.01
33040,-2.68,61.62,0.01
33041,-2.56,61.62,0.01
33042,-2.43,61.62,0.01
33043,-2.31,61.62,0.01
33044,-2.18,61.62,0.01
33045,-2.06,61.62,0.01
33046,-1.93,61.62,0.01
33047,-1.81,61.62,0.01
33048,-1.68,61.62,0.01
33049,-1.56,61.62,0.02
33050,-1.43,61.62,0.03
33051,-1.31,61.62,0.05
33052,-1.18,61.62,0.07
33053,-1.06,61.62,0.08
33054,-0.93,61.62,0.09
33055,-0.81,61.62,0.1
33056,-0.68,61.62,0.11
33057,-0.56,61.62,0.1
33058,-0.43,61.62,0.09
33059,-0.31,61.62,0.08
33060,-0.18,61.62,0.08
33061,-0.06,61.62,0.07
33062,0.06,61.62,0.07
33063,0.18,61.62,0.06
33064,0.31,61.62,0.05
33065,0.43,61.62,0.04
33066,0.56,61.62,0.04
33067,0.68,61.62,0.04
33068,0.81,61.62,0.04
33069,0.93,61.62,0.04
33070,1.06,61.62,0.03
33071,1.18,61.62,0.03
33072,1.31,61.62,0.02
33073,1.43,61.62,0.02
33074,1.56,61.62,0.01
33075,1.68,61.62,0.01
33076,1.81,61.62,7.94E-03
33077,1.93,61.62,6.40E-03
33078,2.06,61.62,5.32E-03
33079,2.18,61.62,4.90E-03
33080,2.31,61.62,4.80E-03
33081,2.43,61.62,4.84E-03
33082,2.56,61.62,4.94E-03
33083,2.68,61.62,5.08E-03
33084,2.81,61.62,5.27E-03
33085,2.93,61.62,5.46E-03
33086,3.06,61.62,5.66E-03
33087,3.18,61.62,5.91E-03
33088,3.31,61.62,6.25E-03
33089,3.43,61.62,6.70E-03
33090,3.56,61.62,7.41E-03
33091,3.68,61.62,8.21E-03
33092,3.81,61.62,9.12E-03
33093,3.93,61.62,0.01
33094,4.06,61.62,0.01
33095,4.18,61.62,0.01
33096,4.31,61.62,0.01
33097,4.43,61.62,0.02
33098,4.56,61.62,0.02
33099,4.68,61.62,0.01
33100,4.81,61.62,9.90E-03
33101,4.93,61.62,4.42E-03
33102,5.06,61.62,1000000
33103,5.18,61.62,1000000
33104,5.31,61.62,1000000
33105,5.43,61.62,1000000
33106,5.56,61.62,1000000
33107,5.68,61.62,1000000
33108,5.81,61.62,1000000
33109,5.93,61.62,1000000
33110,6.06,61.62,1000000
33111,6.18,61.62,1000000
33112,6.31,61.62,1000000
33113,6.43,61.62,1000000
33114,6.56,61.62,1000000
33115,6.68,61.62,1000000
33116,6.81,61.62,1000000
33117,6.93,61.62,1000000
33118,7.06,61.62,1000000
33119,7.18,61.62,1000000
33120,7.31,61.62,1000000
33121,7.43,61.62,1000000
33122,7.56,61.62,1000000
33123,7.68,61.62,1000000
33124,7.81,61.62,1000000
33125,7.93,61.62,1000000
33126,8.06,61.62,1000000
33127,8.18,61.62,1000000
33128,8.31,61.62,1000000
33129,8.43,61.62,1000000
33130,8.56,61.62,1000000
33131,8.68,61.62,1000000
33132,8.81,61.62,1000000
33133,8.93,61.62,1000000
33134,9.06,61.62,1000000
33135,9.18,61.62,1000000
33136,9.31,61.62,1000000
33137,9.43,61.62,1000000
33138,9.56,61.62,1000000
33139,9.68,61.62,1000000
33140,9.81,61.62,1000000
33141,9.93,61.62,1000000
33142,10.06,61.62,1000000
33143,10.18,61.62,1000000
33144,10.31,61.62,1000000
33145,10.43,61.62,1000000
33146,10.56,61.62,1000000
33147,10.68,61.62,1000000
33148,10.81,61.62,1000000
33149,10.93,61.62,1000000
33150,11.06,61.62,1000000
33151,11.18,61.62,1000000
33152,11.31,61.62,1000000
33153,11.43,61.62,1000000
33154,11.56,61.62,1000000
33155,11.68,61.62,1000000
33156,11.81,61.62,1000000
33157,11.93,61.62,1000000
33158,12.06,61.62,1000000
33159,12.18,61.62,1000000
33160,12.31,61.62,1000000
33161,12.43,61.62,1000000
33162,12.56,61.62,1000000
33163,12.68,61.62,1000000
33164,12.81,61.62,1000000
33165,12.93,61.62,1000000
33166,-12.06,61.7,1000000
33167,-11.93,61.7,1000000
33168,-11.81,61.7,1000000
33169,-11.68,61.7,1000000
33170,-11.56,61.7,1000000
33171,-11.43,61.7,1000000
33172,-11.31,61.7,1000000
33173,-11.18,61.7,1000000
33174,-11.06,61.7,1000000
33175,-10.93,61.7,1000000
33176,-10.81,61.7,1000000
33177,-10.68,61.7,1000000
33178,-10.56,61.7,1000000
33179,-10.43,61.7,1000000
33180,-10.31,61.7,1000000
33181,-10.18,61.7,1000000
33182,-10.06,61.7,1000000
33183,-9.93,61.7,1000000
33184,-9.81,61.7,1000000
33185,-9.68,61.7,1000000
33186,-9.56,61.7,1000000
33187,-9.43,61.7,1000000
33188,-9.31,61.7,1000000
33189,-9.18,61.7,1000000
33190,-9.06,61.7,1000000
33191,-8.93,61.7,1000000
33192,-8.81,61.7,1000000
33193,-8.68,61.7,1000000
33194,-8.56,61.7,1000000
33195,-8.43,61.7,1000000
33196,-8.31,61.7,1000000
33197,-8.18,61.7,1000000
33198,-8.06,61.7,1000000
33199,-7.93,61.7,1000000
33200,-7.81,61.7,1000000
33201,-7.68,61.7,1000000
33202,-7.56,61.7,1000000
33203,-7.43,61.7,1000000
33204,-7.31,61.7,1000000
33205,-7.18,61.7,1000000
33206,-7.06,61.7,1000000
33207,-6.93,61.7,1000000
33208,-6.81,61.7,1000000
33209,-6.68,61.7,1000000
33210,-6.56,61.7,1000000
33211,-6.43,61.7,1000000
33212,-6.31,61.7,1000000
33213,-6.18,61.7,1000000
33214,-6.06,61.7,1000000
33215,-5.93,61.7,1000000
33216,-5.81,61.7,0.01
33217,-5.68,61.7,0.02
33218,-5.56,61.7,0.02
33219,-5.43,61.7,0.03
33220,-5.31,61.7,0.03
33221,-5.18,61.7,0.02
33222,-5.06,61.7,0.02
33223,-4.93,61.7,0.01
33224,-4.81,61.7,0.01
33225,-4.68,61.7,0.01
33226,-4.56,61.7,0.01
33227,-4.43,61.7,0.01
33228,-4.31,61.7,0.01
33229,-4.18,61.7,0.01
33230,-4.06,61.7,0.01
33231,-3.93,61.7,0.01
33232,-3.81,61.7,0.01
33233,-3.68,61.7,0.01
33234,-3.56,61.7,0.01
33235,-3.43,61.7,0.01
33236,-3.31,61.7,0.01
33237,-3.18,61.7,0.01
33238,-3.06,61.7,0.01
33239,-2.93,61.7,0.01
33240,-2.81,61.7,0.01
33241,-2.68,61.7,0.01
33242,-2.56,61.7,0.01
33243,-2.43,61.7,0.01
33244,-2.31,61.7,0.01
33245,-2.18,61.7,0.01
33246,-2.06,61.7,0.01
33247,-1.93,61.7,0.01
33248,-1.81,61.7,0.01
33249,-1.68,61.7,0.01
33250,-1.56,61.7,0.02
33251,-1.43,61.7,0.03
33252,-1.31,61.7,0.04
33253,-1.18,61.7,0.05
33254,-1.06,61.7,0.06
33255,-0.93,61.7,0.07
33256,-0.81,61.7,0.08
33257,-0.68,61.7,0.08
33258,-0.56,61.7,0.08
33259,-0.43,61.7,0.07
33260,-0.31,61.7,0.07
33261,-0.18,61.7,0.07
33262,-0.06,61.7,0.06
33263,0.06,61.7,0.06
33264,0.18,61.7,0.05
33265,0.31,61.7,0.05
33266,0.43,61.7,0.04
33267,0.56,61.7,0.04
33268,0.68,61.7,0.03
33269,0.81,61.7,0.03
33270,0.93,61.7,0.03
33271,1.06,61.7,0.03
33272,1.18,61.7,0.03
33273,1.31,61.7,0.03
33274,1.43,61.7,0.02
33275,1.56,61.7,0.01
33276,1.68,61.7,7.98E-03
33277,1.81,61.7,6.19E-03
33278,1.93,61.7,5.19E-03
33279,2.06,61.7,4.67E-03
33280,2.18,61.7,4.62E-03
33281,2.31,61.7,4.71E-03
33282,2.43,61.7,4.83E-03
33283,2.56,61.7,4.94E-03
33284,2.68,61.7,5.09E-03
33285,2.81,61.7,5.26E-03
33286,2.93,61.7,5.44E-03
33287,3.06,61.7,5.63E-03
33288,3.18,61.7,5.90E-03
33289,3.31,61.7,6.31E-03
33290,3.43,61.7,7.03E-03
33291,3.56,61.7,7.90E-03
33292,3.68,61.7,8.93E-03
33293,3.81,61.7,0.01
33294,3.93,61.7,0.01
33295,4.06,61.7,0.01
33296,4.18,61.7,0.01
33297,4.31,61.7,0.01
33298,4.43,61.7,0.02
33299,4.56,61.7,0.02
33300,4.68,61.7,0.01
33301,4.81,61.7,0.03
33302,4.93,61.7,8.34E-03
33303,5.06,61.7,1000000
33304,5.18,61.7,1000000
33305,5.31,61.7,1000000
33306,5.43,61.7,1000000
33307,5.56,61.7,1000000
33308,5.68,61.7,1000000
33309,5.81,61.7,1000000
33310,5.93,61.7,1000000
33311,6.06,61.7,1000000
33312,6.18,61.7,1000000
33313,6.31,61.7,1000000
33314,6.43,61.7,1000000
33315,6.56,61.7,1000000
33316,6.68,61.7,1000000
33317,6.81,61.7,1000000
33318,6.93,61.7,1000000
33319,7.06,61.7,1000000
33320,7.18,61.7,1000000
33321,7.31,61.7,1000000
33322,7.43,61.7,1000000
33323,7.56,61.7,1000000
33324,7.68,61.7,1000000
33325,7.81,61.7,1000000
33326,7.93,61.7,1000000
33327,8.06,61.7,1000000
33328,8.18,61.7,1000000
33329,8.31,61.7,1000000
33330,8.43,61.7,1000000
33331,8.56,61.7,1000000
33332,8.68,61.7,1000000
33333,8.81,61.7,1000000
33334,8.93,61.7,1000000
33335,9.06,61.7,1000000
33336,9.18,61.7,1000000
33337,9.31,61.7,1000000
33338,9.43,61.7,1000000
33339,9.56,61.7,1000000
33340,9.68,61.7,1000000
33341,9.81,61.7,1000000
33342,9.93,61.7,1000000
33343,10.06,61.7,1000000
33344,10.18,61.7,1000000
33345,10.31,61.7,1000000
33346,10.43,61.7,1000000
33347,10.56,61.7,1000000
33348,10.68,61.7,1000000
33349,10.81,61.7,1000000
33350,10.93,61.7,1000000
33351,11.06,61.7,1000000
33352,11.18,61.7,1000000
33353,11.31,61.7,1000000
33354,11.43,61.7,1000000
33355,11.56,61.7,1000000
33356,11.68,61.7,1000000
33357,11.81,61.7,1000000
33358,11.93,61.7,1000000
33359,12.06,61.7,1000000
33360,12.18,61.7,1000000
33361,12.31,61.7,1000000
33362,12.43,61.7,1000000
33363,12.56,61.7,1000000
33364,12.68,61.7,1000000
33365,12.81,61.7,1000000
33366,12.93,61.7,1000000
33367,-12.06,61.79,1000000
33368,-11.93,61.79,1000000
33369,-11.81,61.79,1000000
33370,-11.68,61.79,1000000
33371,-11.56,61.79,1000000
33372,-11.43,61.79,1000000
33373,-11.31,61.79,1000000
33374,-11.18,61.79,1000000
33375,-11.06,61.79,1000000
33376,-10.93,61.79,1000000
33377,-10.81,61.79,1000000
33378,-10.68,61.79,1000000
33379,-10.56,61.79,1000000
33380,-10.43,61.79,1000000
33381,-10.31,61.79,1000000
33382,-10.18,61.79,1000000
33383,-10.06,61.79,1000000
33384,-9.93,61.79,1000000
33385,-9.81,61.79,1000000
33386,-9.68,61.79,1000000
33387,-9.56,61.79,1000000
33388,-9.43,61.79,1000000
33389,-9.31,61.79,1000000
33390,-9.18,61.79,1000000
33391,-9.06,61.79,1000000
33392,-8.93,61.79,1000000
33393,-8.81,61.79,1000000
33394,-8.68,61.79,1000000
33395,-8.56,61.79,1000000
33396,-8.43,61.79,1000000
33397,-8.31,61.79,1000000
33398,-8.18,61.79,1000000
33399,-8.06,61.79,1000000
33400,-7.93,61.79,1000000
33401,-7.81,61.79,1000000
33402,-7.68,61.79,1000000
33403,-7.56,61.79,1000000
33404,-7.43,61.79,1000000
33405,-7.31,61.79,1000000
33406,-7.18,61.79,1000000
33407,-7.06,61.79,1000000
33408,-6.93,61.79,1000000
33409,-6.81,61.79,1000000
33410,-6.68,61.79,1000000
33411,-6.56,61.79,1000000
33412,-6.43,61.79,1000000
33413,-6.31,61.79,1000000
33414,-6.18,61.79,1000000
33415,-6.06,61.79,1000000
33416,-5.93,61.79,1000000
33417,-5.81,61.79,1000000
33418,-5.68,61.79,0.02
33419,-5.56,61.79,0.03
33420,-5.43,61.79,0.03
33421,-5.31,61.79,0.02
33422,-5.18,61.79,0.02
33423,-5.06,61.79,0.01
33424,-4.93,61.79,0.01
33425,-4.81,61.79,0.01
33426,-4.68,61.79,0.01
33427,-4.56,61.79,0.01
33428,-4.43,61.79,0.01
33429,-4.31,61.79,0.01
33430,-4.18,61.79,0.01
33431,-4.06,61.79,0.01
33432,-3.93,61.79,0.01
33433,-3.81,61.79,0.01
33434,-3.68,61.79,0.01
33435,-3.56,61.79,0.01
33436,-3.43,61.79,0.01
33437,-3.31,61.79,0.01
33438,-3.18,61.79,0.01
33439,-3.06,61.79,9.93E-03
33440,-2.93,61.79,9.54E-03
33441,-2.81,61.79,9.41E-03
33442,-2.68,61.79,9.29E-03
33443,-2.56,61.79,9.30E-03
33444,-2.43,61.79,9.43E-03
33445,-2.31,61.79,9.69E-03
33446,-2.18,61.79,9.99E-03
33447,-2.06,61.79,0.01
33448,-1.93,61.79,0.01
33449,-1.81,61.79,0.01
33450,-1.68,61.79,0.01
33451,-1.56,61.79,0.02
33452,-1.43,61.79,0.02
33453,-1.31,61.79,0.03
33454,-1.18,61.79,0.03
33455,-1.06,61.79,0.03
33456,-0.93,61.79,0.04
33457,-0.81,61.79,0.06
33458,-0.68,61.79,0.06
33459,-0.56,61.79,0.05
33460,-0.43,61.79,0.05
33461,-0.31,61.79,0.06
33462,-0.18,61.79,0.05
33463,-0.06,61.79,0.05
33464,0.06,61.79,0.05
33465,0.18,61.79,0.04
33466,0.31,61.79,0.04
33467,0.43,61.79,0.04
33468,0.56,61.79,0.03
33469,0.68,61.79,0.03
33470,0.81,61.79,0.03
33471,0.93,61.79,0.03
33472,1.06,61.79,0.02
33473,1.18,61.79,0.03
33474,1.31,61.79,0.03
33475,1.43,61.79,0.01
33476,1.56,61.79,0.01
33477,1.68,61.79,7.06E-03
33478,1.81,61.79,6.13E-03
33479,1.93,61.79,5.34E-03
33480,2.06,61.79,4.97E-03
33481,2.18,61.79,4.95E-03
33482,2.31,61.79,5.00E-03
33483,2.43,61.79,5.06E-03
33484,2.56,61.79,5.13E-03
33485,2.68,61.79,5.26E-03
33486,2.81,61.79,5.42E-03
33487,2.93,61.79,5.59E-03
33488,3.06,61.79,5.80E-03
33489,3.18,61.79,6.11E-03
33490,3.31,61.79,6.66E-03
33491,3.43,61.79,7.45E-03
33492,3.56,61.79,8.39E-03
33493,3.68,61.79,9.67E-03
33494,3.81,61.79,0.01
33495,3.93,61.79,0.01
33496,4.06,61.79,0.01
33497,4.18,61.79,0.01
33498,4.31,61.79,0.01
33499,4.43,61.79,0.02
33500,4.56,61.79,0.02
33501,4.68,61.79,0.04
33502,4.81,61.79,0.07
33503,4.93,61.79,1000000
33504,5.06,61.79,1000000
33505,5.18,61.79,1000000
33506,5.31,61.79,1000000
33507,5.43,61.79,1000000
33508,5.56,61.79,1000000
33509,5.68,61.79,1000000
33510,5.81,61.79,1000000
33511,5.93,61.79,1000000
33512,6.06,61.79,1000000
33513,6.18,61.79,1000000
33514,6.31,61.79,1000000
33515,6.43,61.79,1000000
33516,6.56,61.79,1000000
33517,6.68,61.79,1000000
33518,6.81,61.79,1000000
33519,6.93,61.79,1000000
33520,7.06,61.79,1000000
33521,7.18,61.79,1000000
33522,7.31,61.79,1000000
33523,7.43,61.79,1000000
33524,7.56,61.79,1000000
33525,7.68,61.79,1000000
33526,7.81,61.79,1000000
33527,7.93,61.79,1000000
33528,8.06,61.79,1000000
33529,8.18,61.79,1000000
33530,8.31,61.79,1000000
33531,8.43,61.79,1000000
33532,8.56,61.79,1000000
33533,8.68,61.79,1000000
33534,8.81,61.79,1000000
33535,8.93,61.79,1000000
33536,9.06,61.79,1000000
33537,9.18,61.79,1000000
33538,9.31,61.79,1000000
33539,9.43,61.79,1000000
33540,9.56,61.79,1000000
33541,9.68,61.79,1000000
33542,9.81,61.79,1000000
33543,9.93,61.79,1000000
33544,10.06,61.79,1000000
33545,10.18,61.79,1000000
33546,10.31,61.79,1000000
33547,10.43,61.79,1000000
33548,10.56,61.79,1000000
33549,10.68,61.79,1000000
33550,10.81,61.79,1000000
33551,10.93,61.79,1000000
33552,11.06,61.79,1000000
33553,11.18,61.79,1000000
33554,11.31,61.79,1000000
33555,11.43,61.79,1000000
33556,11.56,61.79,1000000
33557,11.68,61.79,1000000
33558,11.81,61.79,1000000
33559,11.93,61.79,1000000
33560,12.06,61.79,1000000
33561,12.18,61.79,1000000
33562,12.31,61.79,1000000
33563,12.43,61.79,1000000
33564,12.56,61.79,1000000
33565,12.68,61.79,1000000
33566,12.81,61.79,1000000
33567,12.93,61.79,1000000
33568,-12.06,61.87,1000000
33569,-11.93,61.87,1000000
33570,-11.81,61.87,1000000
33571,-11.68,61.87,1000000
33572,-11.56,61.87,1000000
33573,-11.43,61.87,1000000
33574,-11.31,61.87,1000000
33575,-11.18,61.87,1000000
33576,-11.06,61.87,1000000
33577,-10.93,61.87,1000000
33578,-10.81,61.87,1000000
33579,-10.68,61.87,1000000
33580,-10.56,61.87,1000000
33581,-10.43,61.87,1000000
33582,-10.31,61.87,1000000
33583,-10.18,61.87,1000000
33584,-10.06,61.87,1000000
33585,-9.93,61.87,1000000
33586,-9.81,61.87,1000000
33587,-9.68,61.87,1000000
33588,-9.56,61.87,1000000
33589,-9.43,61.87,1000000
33590,-9.31,61.87,1000000
33591,-9.18,61.87,1000000
33592,-9.06,61.87,1000000
33593,-8.93,61.87,1000000
33594,-8.81,61.87,1000000
33595,-8.68,61.87,1000000
33596,-8.56,61.87,1000000
33597,-8.43,61.87,1000000
33598,-8.31,61.87,1000000
33599,-8.18,61.87,1000000
33600,-8.06,61.87,1000000
33601,-7.93,61.87,1000000
33602,-7.81,61.87,1000000
33603,-7.68,61.87,1000000
33604,-7.56,61.87,1000000
33605,-7.43,61.87,1000000
33606,-7.31,61.87,1000000
33607,-7.18,61.87,1000000
33608,-7.06,61.87,1000000
33609,-6.93,61.87,1000000
33610,-6.81,61.87,1000000
33611,-6.68,61.87,1000000
33612,-6.56,61.87,1000000
33613,-6.43,61.87,1000000
33614,-6.31,61.87,1000000
33615,-6.18,61.87,1000000
33616,-6.06,61.87,1000000
33617,-5.93,61.87,1000000
33618,-5.81,61.87,1000000
33619,-5.68,61.87,1000000
33620,-5.56,61.87,0.02
33621,-5.43,61.87,0.01
33622,-5.31,61.87,0.01
33623,-5.18,61.87,0.01
33624,-5.06,61.87,0.01
33625,-4.93,61.87,0.01
33626,-4.81,61.87,0.01
33627,-4.68,61.87,0.01
33628,-4.56,61.87,0.01
33629,-4.43,61.87,0.01
33630,-4.31,61.87,0.01
33631,-4.18,61.87,0.01
33632,-4.06,61.87,0.01
33633,-3.93,61.87,0.01
33634,-3.81,61.87,0.01
33635,-3.68,61.87,0.01
33636,-3.56,61.87,0.01
33637,-3.43,61.87,0.01
33638,-3.31,61.87,0.01
33639,-3.18,61.87,9.54E-03
33640,-3.06,61.87,8.76E-03
33641,-2.93,61.87,8.62E-03
33642,-2.81,61.87,8.54E-03
33643,-2.68,61.87,8.53E-03
33644,-2.56,61.87,8.65E-03
33645,-2.43,61.87,8.95E-03
33646,-2.31,61.87,9.39E-03
33647,-2.18,61.87,9.93E-03
33648,-2.06,61.87,0.01
33649,-1.93,61.87,0.01
33650,-1.81,61.87,0.01
33651,-1.68,61.87,0.01
33652,-1.56,61.87,0.01
33653,-1.43,61.87,0.02
33654,-1.31,61.87,0.02
33655,-1.18,61.87,0.02
33656,-1.06,61.87,0.02
33657,-0.93,61.87,0.03
33658,-0.81,61.87,0.03
33659,-0.68,61.87,0.03
33660,-0.56,61.87,0.03
33661,-0.43,61.87,0.04
33662,-0.31,61.87,0.04
33663,-0.18,61.87,0.04
33664,-0.06,61.87,0.04
33665,0.06,61.87,0.03
33666,0.18,61.87,0.04
33667,0.31,61.87,0.04
33668,0.43,61.87,0.04
33669,0.56,61.87,0.03
33670,0.68,61.87,0.03
33671,0.81,61.87,0.03
33672,0.93,61.87,0.03
33673,1.06,61.87,0.02
33674,1.18,61.87,0.02
33675,1.31,61.87,0.02
33676,1.43,61.87,0.01
33677,1.56,61.87,8.99E-03
33678,1.68,61.87,7.12E-03
33679,1.81,61.87,6.25E-03
33680,1.93,61.87,5.65E-03
33681,2.06,61.87,5.46E-03
33682,2.18,61.87,5.42E-03
33683,2.31,61.87,5.41E-03
33684,2.43,61.87,5.42E-03
33685,2.56,61.87,5.49E-03
33686,2.68,61.87,5.60E-03
33687,2.81,61.87,5.72E-03
33688,2.93,61.87,5.90E-03
33689,3.06,61.87,6.17E-03
33690,3.18,61.87,6.60E-03
33691,3.31,61.87,7.19E-03
33692,3.43,61.87,7.95E-03
33693,3.56,61.87,9.28E-03
33694,3.68,61.87,0.01
33695,3.81,61.87,0.01
33696,3.93,61.87,0.01
33697,4.06,61.87,0.01
33698,4.18,61.87,0.01
33699,4.31,61.87,0.02
33700,4.43,61.87,0.02
33701,4.56,61.87,0.04
33702,4.68,61.87,0.05
33703,4.81,61.87,0.05
33704,4.93,61.87,0.04
33705,5.06,61.87,1000000
33706,5.18,61.87,1000000
33707,5.31,61.87,1000000
33708,5.43,61.87,1000000
33709,5.56,61.87,1000000
33710,5.68,61.87,1000000
33711,5.81,61.87,1000000
33712,5.93,61.87,1000000
33713,6.06,61.87,1000000
33714,6.18,61.87,1000000
33715,6.31,61.87,1000000
33716,6.43,61.87,1000000
33717,6.56,61.87,1000000
33718,6.68,61.87,1000000
33719,6.81,61.87,1000000
33720,6.93,61.87,1000000
33721,7.06,61.87,1000000
33722,7.18,61.87,1000000
33723,7.31,61.87,1000000
33724,7.43,61.87,1000000
33725,7.56,61.87,1000000
33726,7.68,61.87,1000000
33727,7.81,61.87,1000000
33728,7.93,61.87,1000000
33729,8.06,61.87,1000000
33730,8.18,61.87,1000000
33731,8.31,61.87,1000000
33732,8.43,61.87,1000000
33733,8.56,61.87,1000000
33734,8.68,61.87,1000000
33735,8.81,61.87,1000000
33736,8.93,61.87,1000000
33737,9.06,61.87,1000000
33738,9.18,61.87,1000000
33739,9.31,61.87,1000000
33740,9.43,61.87,1000000
33741,9.56,61.87,1000000
33742,9.68,61.87,1000000
33743,9.81,61.87,1000000
33744,9.93,61.87,1000000
33745,10.06,61.87,1000000
33746,10.18,61.87,1000000
33747,10.31,61.87,1000000
33748,10.43,61.87,1000000
33749,10.56,61.87,1000000
33750,10.68,61.87,1000000
33751,10.81,61.87,1000000
33752,10.93,61.87,1000000
33753,11.06,61.87,1000000
33754,11.18,61.87,1000000
33755,11.31,61.87,1000000
33756,11.43,61.87,1000000
33757,11.56,61.87,1000000
33758,11.68,61.87,1000000
33759,11.81,61.87,1000000
33760,11.93,61.87,1000000
33761,12.06,61.87,1000000
33762,12.18,61.87,1000000
33763,12.31,61.87,1000000
33764,12.43,61.87,1000000
33765,12.56,61.87,1000000
33766,12.68,61.87,1000000
33767,12.81,61.87,1000000
33768,12.93,61.87,1000000
33769,-12.06,61.95,1000000
33770,-11.93,61.95,1000000
33771,-11.81,61.95,1000000
33772,-11.68,61.95,1000000
33773,-11.56,61.95,1000000
33774,-11.43,61.95,1000000
33775,-11.31,61.95,1000000
33776,-11.18,61.95,1000000
33777,-11.06,61.95,1000000
33778,-10.93,61.95,1000000
33779,-10.81,61.95,1000000
33780,-10.68,61.95,1000000
33781,-10.56,61.95,1000000
33782,-10.43,61.95,1000000
33783,-10.31,61.95,1000000
33784,-10.18,61.95,1000000
33785,-10.06,61.95,1000000
33786,-9.93,61.95,1000000
33787,-9.81,61.95,1000000
33788,-9.68,61.95,1000000
33789,-9.56,61.95,1000000
33790,-9.43,61.95,1000000
33791,-9.31,61.95,1000000
33792,-9.18,61.95,1000000
33793,-9.06,61.95,1000000
33794,-8.93,61.95,1000000
33795,-8.81,61.95,1000000
33796,-8.68,61.95,1000000
33797,-8.56,61.95,1000000
33798,-8.43,61.95,1000000
33799,-8.31,61.95,1000000
33800,-8.18,61.95,1000000
33801,-8.06,61.95,1000000
33802,-7.93,61.95,1000000
33803,-7.81,61.95,1000000
33804,-7.68,61.95,1000000
33805,-7.56,61.95,1000000
33806,-7.43,61.95,1000000
33807,-7.31,61.95,1000000
33808,-7.18,61.95,1000000
33809,-7.06,61.95,1000000
33810,-6.93,61.95,1000000
33811,-6.81,61.95,1000000
33812,-6.68,61.95,1000000
33813,-6.56,61.95,1000000
33814,-6.43,61.95,1000000
33815,-6.31,61.95,1000000
33816,-6.18,61.95,1000000
33817,-6.06,61.95,1000000
33818,-5.93,61.95,1000000
33819,-5.81,61.95,1000000
33820,-5.68,61.95,1000000
33821,-5.56,61.95,1000000
33822,-5.43,61.95,0.01
33823,-5.31,61.95,0.01
33824,-5.18,61.95,0.01
33825,-5.06,61.95,0.01
33826,-4.93,61.95,0.01
33827,-4.81,61.95,0.01
33828,-4.68,61.95,0.01
33829,-4.56,61.95,0.01
33830,-4.43,61.95,9.20E-03
33831,-4.31,61.95,8.91E-03
33832,-4.18,61.95,9.71E-03
33833,-4.06,61.95,9.94E-03
33834,-3.93,61.95,0.01
33835,-3.81,61.95,0.01
33836,-3.68,61.95,0.01
33837,-3.56,61.95,9.83E-03
33838,-3.43,61.95,9.40E-03
33839,-3.31,61.95,8.64E-03
33840,-3.18,61.95,7.82E-03
33841,-3.06,61.95,7.48E-03
33842,-2.93,61.95,7.42E-03
33843,-2.81,61.95,7.45E-03
33844,-2.68,61.95,7.64E-03
33845,-2.56,61.95,8.00E-03
33846,-2.43,61.95,8.50E-03
33847,-2.31,61.95,9.19E-03
33848,-2.18,61.95,0.01
33849,-2.06,61.95,0.01
33850,-1.93,61.95,0.01
33851,-1.81,61.95,0.01
33852,-1.68,61.95,0.01
33853,-1.56,61.95,0.01
33854,-1.43,61.95,0.02
33855,-1.31,61.95,0.02
33856,-1.18,61.95,0.02
33857,-1.06,61.95,0.02
33858,-0.93,61.95,0.02
33859,-0.81,61.95,0.03
33860,-0.68,61.95,0.03
33861,-0.56,61.95,0.03
33862,-0.43,61.95,0.03
33863,-0.31,61.95,0.03
33864,-0.18,61.95,0.03
33865,-0.06,61.95,0.04
33866,0.06,61.95,0.03
33867,0.18,61.95,0.04
33868,0.31,61.95,0.04
33869,0.43,61.95,0.03
33870,0.56,61.95,0.03
33871,0.68,61.95,0.03
33872,0.81,61.95,0.02
33873,0.93,61.95,0.02
33874,1.06,61.95,0.02
33875,1.18,61.95,0.02
33876,1.31,61.95,0.01
33877,1.43,61.95,0.01
33878,1.56,61.95,8.15E-03
33879,1.68,61.95,6.75E-03
33880,1.81,61.95,6.26E-03
33881,1.93,61.95,6.00E-03
33882,2.06,61.95,5.92E-03
33883,2.18,61.95,5.86E-03
33884,2.31,61.95,5.81E-03
33885,2.43,61.95,5.82E-03
33886,2.56,61.95,5.90E-03
33887,2.68,61.95,6.03E-03
33888,2.81,61.95,6.20E-03
33889,2.93,61.95,6.44E-03
33890,3.06,61.95,6.80E-03
33891,3.18,61.95,7.26E-03
33892,3.31,61.95,7.90E-03
33893,3.43,61.95,9.04E-03
33894,3.56,61.95,0.01
33895,3.68,61.95,0.01
33896,3.81,61.95,0.01
33897,3.93,61.95,0.01
33898,4.06,61.95,0.01
33899,4.18,61.95,0.02
33900,4.31,61.95,0.02
33901,4.43,61.95,0.02
33902,4.56,61.95,0.02
33903,4.68,61.95,0.02
33904,4.81,61.95,0.02
33905,4.93,61.95,0.04
33906,5.06,61.95,0.04
33907,5.18,61.95,1000000
33908,5.31,61.95,1000000
33909,5.43,61.95,1000000
33910,5.56,61.95,1000000
33911,5.68,61.95,1000000
33912,5.81,61.95,1000000
33913,5.93,61.95,1000000
33914,6.06,61.95,1000000
33915,6.18,61.95,1000000
33916,6.31,61.95,1000000
33917,6.43,61.95,1000000
33918,6.56,61.95,1000000
33919,6.68,61.95,1000000
33920,6.81,61.95,1000000
33921,6.93,61.95,1000000
33922,7.06,61.95,1000000
33923,7.18,61.95,1000000
33924,7.31,61.95,1000000
33925,7.43,61.95,1000000
33926,7.56,61.95,1000000
33927,7.68,61.95,1000000
33928,7.81,61.95,1000000
33929,7.93,61.95,1000000
33930,8.06,61.95,1000000
33931,8.18,61.95,1000000
33932,8.31,61.95,1000000
33933,8.43,61.95,1000000
33934,8.56,61.95,1000000
33935,8.68,61.95,1000000
33936,8.81,61.95,1000000
33937,8.93,61.95,1000000
33938,9.06,61.95,1000000
33939,9.18,61.95,1000000
33940,9.31,61.95,1000000
33941,9.43,61.95,1000000
33942,9.56,61.95,1000000
33943,9.68,61.95,1000000
33944,9.81,61.95,1000000
33945,9.93,61.95,1000000
33946,10.06,61.95,1000000
33947,10.18,61.95,1000000
33948,10.31,61.95,1000000
33949,10.43,61.95,1000000
33950,10.56,61.95,1000000
33951,10.68,61.95,1000000
33952,10.81,61.95,1000000
33953,10.93,61.95,1000000
33954,11.06,61.95,1000000
33955,11.18,61.95,1000000
33956,11.31,61.95,1000000
33957,11.43,61.95,1000000
33958,11.56,61.95,1000000
33959,11.68,61.95,1000000
33960,11.81,61.95,1000000
33961,11.93,61.95,1000000
33962,12.06,61.95,1000000
33963,12.18,61.95,1000000
33964,12.31,61.95,1000000
33965,12.43,61.95,1000000
33966,12.56,61.95,1000000
33967,12.68,61.95,1000000
33968,12.81,61.95,1000000
33969,12.93,61.95,1000000
33970,-12.06,62.04,1000000
33971,-11.93,62.04,1000000
33972,-11.81,62.04,1000000
33973,-11.68,62.04,1000000
33974,-11.56,62.04,1000000
33975,-11.43,62.04,1000000
33976,-11.31,62.04,1000000
33977,-11.18,62.04,1000000
33978,-11.06,62.04,1000000
33979,-10.93,62.04,1000000
33980,-10.81,62.04,1000000
33981,-10.68,62.04,1000000
33982,-10.56,62.04,1000000
33983,-10.43,62.04,1000000
33984,-10.31,62.04,1000000
33985,-10.18,62.04,1000000
33986,-10.06,62.04,1000000
33987,-9.93,62.04,1000000
33988,-9.81,62.04,1000000
33989,-9.68,62.04,1000000
33990,-9.56,62.04,1000000
33991,-9.43,62.04,1000000
33992,-9.31,62.04,1000000
33993,-9.18,62.04,1000000
33994,-9.06,62.04,1000000
33995,-8.93,62.04,1000000
33996,-8.81,62.04,1000000
33997,-8.68,62.04,1000000
33998,-8.56,62.04,1000000
33999,-8.43,62.04,1000000
34000,-8.31,62.04,1000000
34001,-8.18,62.04,1000000
34002,-8.06,62.04,1000000
34003,-7.93,62.04,1000000
34004,-7.81,62.04,1000000
34005,-7.68,62.04,1000000
34006,-7.56,62.04,1000000
34007,-7.43,62.04,1000000
34008,-7.31,62.04,1000000
34009,-7.18,62.04,1000000
34010,-7.06,62.04,1000000
34011,-6.93,62.04,1000000
34012,-6.81,62.04,1000000
34013,-6.68,62.04,1000000
34014,-6.56,62.04,1000000
34015,-6.43,62.04,1000000
34016,-6.31,62.04,1000000
34017,-6.18,62.04,1000000
34018,-6.06,62.04,1000000
34019,-5.93,62.04,1000000
34020,-5.81,62.04,1000000
34021,-5.68,62.04,1000000
34022,-5.56,62.04,1000000
34023,-5.43,62.04,1000000
34024,-5.31,62.04,0.01
34025,-5.18,62.04,0.01
34026,-5.06,62.04,0.01
34027,-4.93,62.04,0.01
34028,-4.81,62.04,0.01
34029,-4.68,62.04,0.01
34030,-4.56,62.04,8.47E-03
34031,-4.43,62.04,7.14E-03
34032,-4.31,62.04,7.94E-03
34033,-4.18,62.04,9.13E-03
34034,-4.06,62.04,9.34E-03
34035,-3.93,62.04,9.52E-03
34036,-3.81,62.04,9.13E-03
34037,-3.68,62.04,8.49E-03
34038,-3.56,62.04,8.03E-03
34039,-3.43,62.04,7.43E-03
34040,-3.31,62.04,6.86E-03
34041,-3.18,62.04,6.31E-03
34042,-3.06,62.04,6.09E-03
34043,-2.93,62.04,6.14E-03
34044,-2.81,62.04,6.34E-03
34045,-2.68,62.04,6.69E-03
34046,-2.56,62.04,7.19E-03
34047,-2.43,62.04,7.86E-03
34048,-2.31,62.04,8.74E-03
34049,-2.18,62.04,9.71E-03
34050,-2.06,62.04,0.01
34051,-1.93,62.04,0.01
34052,-1.81,62.04,0.01
34053,-1.68,62.04,0.01
34054,-1.56,62.04,0.01
34055,-1.43,62.04,0.02
34056,-1.31,62.04,0.02
34057,-1.18,62.04,0.02
34058,-1.06,62.04,0.02
34059,-0.93,62.04,0.02
34060,-0.81,62.04,0.03
34061,-0.68,62.04,0.03
34062,-0.56,62.04,0.03
34063,-0.43,62.04,0.03
34064,-0.31,62.04,0.03
34065,-0.18,62.04,0.03
34066,-0.06,62.04,0.03
34067,0.06,62.04,0.03
34068,0.18,62.04,0.03
34069,0.31,62.04,0.02
34070,0.43,62.04,0.02
34071,0.56,62.04,0.02
34072,0.68,62.04,0.02
34073,0.81,62.04,0.02
34074,0.93,62.04,0.02
34075,1.06,62.04,0.01
34076,1.18,62.04,0.01
34077,1.31,62.04,0.01
34078,1.43,62.04,9.69E-03
34079,1.56,62.04,7.50E-03
34080,1.68,62.04,6.75E-03
34081,1.81,62.04,6.39E-03
34082,1.93,62.04,6.31E-03
34083,2.06,62.04,6.35E-03
34084,2.18,62.04,6.33E-03
34085,2.31,62.04,6.29E-03
34086,2.43,62.04,6.43E-03
34087,2.56,62.04,6.57E-03
34088,2.68,62.04,6.76E-03
34089,2.81,62.04,7.00E-03
34090,2.93,62.04,7.23E-03
34091,3.06,62.04,7.67E-03
34092,3.18,62.04,8.10E-03
34093,3.31,62.04,8.93E-03
34094,3.43,62.04,0.01
34095,3.56,62.04,0.01
34096,3.68,62.04,0.01
34097,3.81,62.04,0.01
34098,3.93,62.04,0.02
34099,4.06,62.04,0.02
34100,4.18,62.04,0.02
34101,4.31,62.04,0.02
34102,4.43,62.04,0.02
34103,4.56,62.04,0.02
34104,4.68,62.04,0.02
34105,4.81,62.04,0.03
34106,4.93,62.04,0.02
34107,5.06,62.04,0.01
34108,5.18,62.04,1.91E-03
34109,5.31,62.04,2.04E-03
34110,5.43,62.04,1000000
34111,5.56,62.04,1000000
34112,5.68,62.04,1000000
34113,5.81,62.04,1000000
34114,5.93,62.04,1000000
34115,6.06,62.04,1000000
34116,6.18,62.04,1000000
34117,6.31,62.04,1000000
34118,6.43,62.04,1000000
34119,6.56,62.04,1000000
34120,6.68,62.04,1000000
34121,6.81,62.04,1000000
34122,6.93,62.04,1000000
34123,7.06,62.04,1000000
34124,7.18,62.04,1000000
34125,7.31,62.04,1000000
34126,7.43,62.04,1000000
34127,7.56,62.04,1000000
34128,7.68,62.04,1000000
34129,7.81,62.04,1000000
34130,7.93,62.04,1000000
34131,8.06,62.04,1000000
34132,8.18,62.04,1000000
34133,8.31,62.04,1000000
34134,8.43,62.04,1000000
34135,8.56,62.04,1000000
34136,8.68,62.04,1000000
34137,8.81,62.04,1000000
34138,8.93,62.04,1000000
34139,9.06,62.04,1000000
34140,9.18,62.04,1000000
34141,9.31,62.04,1000000
34142,9.43,62.04,1000000
34143,9.56,62.04,1000000
34144,9.68,62.04,1000000
34145,9.81,62.04,1000000
34146,9.93,62.04,1000000
34147,10.06,62.04,1000000
34148,10.18,62.04,1000000
34149,10.31,62.04,1000000
34150,10.43,62.04,1000000
34151,10.56,62.04,1000000
34152,10.68,62.04,1000000
34153,10.81,62.04,1000000
34154,10.93,62.04,1000000
34155,11.06,62.04,1000000
34156,11.18,62.04,1000000
34157,11.31,62.04,1000000
34158,11.43,62.04,1000000
34159,11.56,62.04,1000000
34160,11.68,62.04,1000000
34161,11.81,62.04,1000000
34162,11.93,62.04,1000000
34163,12.06,62.04,1000000
34164,12.18,62.04,1000000
34165,12.31,62.04,1000000
34166,12.43,62.04,1000000
34167,12.56,62.04,1000000
34168,12.68,62.04,1000000
34169,12.81,62.04,1000000
34170,12.93,62.04,1000000
34171,-12.06,62.12,1000000
34172,-11.93,62.12,1000000
34173,-11.81,62.12,1000000
34174,-11.68,62.12,1000000
34175,-11.56,62.12,1000000
34176,-11.43,62.12,1000000
34177,-11.31,62.12,1000000
34178,-11.18,62.12,1000000
34179,-11.06,62.12,1000000
34180,-10.93,62.12,1000000
34181,-10.81,62.12,1000000
34182,-10.68,62.12,1000000
34183,-10.56,62.12,1000000
34184,-10.43,62.12,1000000
34185,-10.31,62.12,1000000
34186,-10.18,62.12,1000000
34187,-10.06,62.12,1000000
34188,-9.93,62.12,1000000
34189,-9.81,62.12,1000000
34190,-9.68,62.12,1000000
34191,-9.56,62.12,1000000
34192,-9.43,62.12,1000000
34193,-9.31,62.12,1000000
34194,-9.18,62.12,1000000
34195,-9.06,62.12,1000000
34196,-8.93,62.12,1000000
34197,-8.81,62.12,1000000
34198,-8.68,62.12,1000000
34199,-8.56,62.12,1000000
34200,-8.43,62.12,1000000
34201,-8.31,62.12,1000000
34202,-8.18,62.12,1000000
34203,-8.06,62.12,1000000
34204,-7.93,62.12,1000000
34205,-7.81,62.12,1000000
34206,-7.68,62.12,1000000
34207,-7.56,62.12,1000000
34208,-7.43,62.12,1000000
34209,-7.31,62.12,1000000
34210,-7.18,62.12,1000000
34211,-7.06,62.12,1000000
34212,-6.93,62.12,1000000
34213,-6.81,62.12,1000000
34214,-6.68,62.12,1000000
34215,-6.56,62.12,1000000
34216,-6.43,62.12,1000000
34217,-6.31,62.12,1000000
34218,-6.18,62.12,1000000
34219,-6.06,62.12,1000000
34220,-5.93,62.12,1000000
34221,-5.81,62.12,1000000
34222,-5.68,62.12,1000000
34223,-5.56,62.12,1000000
34224,-5.43,62.12,1000000
34225,-5.31,62.12,1000000
34226,-5.18,62.12,9.79E-03
34227,-5.06,62.12,7.89E-03
34228,-4.93,62.12,0.01
34229,-4.81,62.12,9.99E-03
34230,-4.68,62.12,8.19E-03
34231,-4.56,62.12,6.53E-03
34232,-4.43,62.12,6.74E-03
34233,-4.31,62.12,8.06E-03
34234,-4.18,62.12,8.04E-03
34235,-4.06,62.12,7.51E-03
34236,-3.93,62.12,7.15E-03
34237,-3.81,62.12,6.59E-03
34238,-3.68,62.12,6.56E-03
34239,-3.56,62.12,6.46E-03
34240,-3.43,62.12,5.81E-03
34241,-3.31,62.12,5.24E-03
34242,-3.18,62.12,4.96E-03
34243,-3.06,62.12,4.88E-03
34244,-2.93,62.12,4.75E-03
34245,-2.81,62.12,4.88E-03
34246,-2.68,62.12,5.21E-03
34247,-2.56,62.12,5.84E-03
34248,-2.43,62.12,6.59E-03
34249,-2.31,62.12,7.64E-03
34250,-2.18,62.12,8.93E-03
34251,-2.06,62.12,0.01
34252,-1.93,62.12,0.01
34253,-1.81,62.12,0.01
34254,-1.68,62.12,0.01
34255,-1.56,62.12,0.02
34256,-1.43,62.12,0.02
34257,-1.31,62.12,0.02
34258,-1.18,62.12,0.02
34259,-1.06,62.12,0.02
34260,-0.93,62.12,0.02
34261,-0.81,62.12,0.02
34262,-0.68,62.12,0.02
34263,-0.56,62.12,0.02
34264,-0.43,62.12,0.02
34265,-0.31,62.12,0.02
34266,-0.18,62.12,0.02
34267,-0.06,62.12,0.02
34268,0.06,62.12,0.02
34269,0.18,62.12,0.02
34270,0.31,62.12,0.02
34271,0.43,62.12,0.02
34272,0.56,62.12,0.02
34273,0.68,62.12,0.02
34274,0.81,62.12,0.01
34275,0.93,62.12,0.01
34276,1.06,62.12,0.01
34277,1.18,62.12,0.01
34278,1.31,62.12,0.01
34279,1.43,62.12,8.58E-03
34280,1.56,62.12,7.19E-03
34281,1.68,62.12,6.13E-03
34282,1.81,62.12,5.99E-03
34283,1.93,62.12,6.21E-03
34284,2.06,62.12,6.60E-03
34285,2.18,62.12,6.94E-03
34286,2.31,62.12,6.97E-03
34287,2.43,62.12,7.46E-03
34288,2.56,62.12,7.55E-03
34289,2.68,62.12,7.87E-03
34290,2.81,62.12,8.43E-03
34291,2.93,62.12,8.37E-03
34292,3.06,62.12,9.17E-03
34293,3.18,62.12,9.33E-03
34294,3.31,62.12,0.01
34295,3.43,62.12,0.01
34296,3.56,62.12,0.01
34297,3.68,62.12,0.01
34298,3.81,62.12,0.02
34299,3.93,62.12,0.02
34300,4.06,62.12,0.03
34301,4.18,62.12,0.02
34302,4.31,62.12,0.02
34303,4.43,62.12,0.01
34304,4.56,62.12,0.01
34305,4.68,62.12,0.01
34306,4.81,62.12,0.02
34307,4.93,62.12,0.02
34308,5.06,62.12,0.02
34309,5.18,62.12,1000000
34310,5.31,62.12,1000000
34311,5.43,62.12,1000000
34312,5.56,62.12,1000000
34313,5.68,62.12,1000000
34314,5.81,62.12,1000000
34315,5.93,62.12,1000000
34316,6.06,62.12,1000000
34317,6.18,62.12,1000000
34318,6.31,62.12,1000000
34319,6.43,62.12,1000000
34320,6.56,62.12,1000000
34321,6.68,62.12,1000000
34322,6.81,62.12,1000000
34323,6.93,62.12,1000000
34324,7.06,62.12,1000000
34325,7.18,62.12,1000000
34326,7.31,62.12,1000000
34327,7.43,62.12,1000000
34328,7.56,62.12,1000000
34329,7.68,62.12,1000000
34330,7.81,62.12,1000000
34331,7.93,62.12,1000000
34332,8.06,62.12,1000000
34333,8.18,62.12,1000000
34334,8.31,62.12,1000000
34335,8.43,62.12,1000000
34336,8.56,62.12,1000000
34337,8.68,62.12,1000000
34338,8.81,62.12,1000000
34339,8.93,62.12,1000000
34340,9.06,62.12,1000000
34341,9.18,62.12,1000000
34342,9.31,62.12,1000000
34343,9.43,62.12,1000000
34344,9.56,62.12,1000000
34345,9.68,62.12,1000000
34346,9.81,62.12,1000000
34347,9.93,62.12,1000000
34348,10.06,62.12,1000000
34349,10.18,62.12,1000000
34350,10.31,62.12,1000000
34351,10.43,62.12,1000000
34352,10.56,62.12,1000000
34353,10.68,62.12,1000000
34354,10.81,62.12,1000000
34355,10.93,62.12,1000000
34356,11.06,62.12,1000000
34357,11.18,62.12,1000000
34358,11.31,62.12,1000000
34359,11.43,62.12,1000000
34360,11.56,62.12,1000000
34361,11.68,62.12,1000000
34362,11.81,62.12,1000000
34363,11.93,62.12,1000000
34364,12.06,62.12,1000000
34365,12.18,62.12,1000000
34366,12.31,62.12,1000000
34367,12.43,62.12,1000000
34368,12.56,62.12,1000000
34369,12.68,62.12,1000000
34370,12.81,62.12,1000000
34371,12.93,62.12,1000000
34372,-12.06,62.2,1000000
34373,-11.93,62.2,1000000
34374,-11.81,62.2,1000000
34375,-11.68,62.2,1000000
34376,-11.56,62.2,1000000
34377,-11.43,62.2,1000000
34378,-11.31,62.2,1000000
34379,-11.18,62.2,1000000
34380,-11.06,62.2,1000000
34381,-10.93,62.2,1000000
34382,-10.81,62.2,1000000
34383,-10.68,62.2,1000000
34384,-10.56,62.2,1000000
34385,-10.43,62.2,1000000
34386,-10.31,62.2,1000000
34387,-10.18,62.2,1000000
34388,-10.06,62.2,1000000
34389,-9.93,62.2,1000000
34390,-9.81,62.2,1000000
34391,-9.68,62.2,1000000
34392,-9.56,62.2,1000000
34393,-9.43,62.2,1000000
34394,-9.31,62.2,1000000
34395,-9.18,62.2,1000000
34396,-9.06,62.2,1000000
34397,-8.93,62.2,1000000
34398,-8.81,62.2,1000000
34399,-8.68,62.2,1000000
34400,-8.56,62.2,1000000
34401,-8.43,62.2,1000000
34402,-8.31,62.2,1000000
34403,-8.18,62.2,1000000
34404,-8.06,62.2,1000000
34405,-7.93,62.2,1000000
34406,-7.81,62.2,1000000
34407,-7.68,62.2,1000000
34408,-7.56,62.2,1000000
34409,-7.43,62.2,1000000
34410,-7.31,62.2,1000000
34411,-7.18,62.2,1000000
34412,-7.06,62.2,1000000
34413,-6.93,62.2,1000000
34414,-6.81,62.2,1000000
34415,-6.68,62.2,1000000
34416,-6.56,62.2,1000000
34417,-6.43,62.2,1000000
34418,-6.31,62.2,1000000
34419,-6.18,62.2,1000000
34420,-6.06,62.2,1000000
34421,-5.93,62.2,1000000
34422,-5.81,62.2,1000000
34423,-5.68,62.2,1000000
34424,-5.56,62.2,1000000
34425,-5.43,62.2,1000000
34426,-5.31,62.2,1000000
34427,-5.18,62.2,1000000
34428,-5.06,62.2,0.01
34429,-4.93,62.2,0.01
34430,-4.81,62.2,8.18E-03
34431,-4.68,62.2,5.96E-03
34432,-4.56,62.2,5.31E-03
34433,-4.43,62.2,5.80E-03
34434,-4.31,62.2,5.88E-03
34435,-4.18,62.2,5.38E-03
34436,-4.06,62.2,5.02E-03
34437,-3.93,62.2,4.89E-03
34438,-3.81,62.2,4.96E-03
34439,-3.68,62.2,5.05E-03
34440,-3.56,62.2,4.79E-03
34441,-3.43,62.2,4.17E-03
34442,-3.31,62.2,3.81E-03
34443,-3.18,62.2,3.71E-03
34444,-3.06,62.2,3.38E-03
34445,-2.93,62.2,2.78E-03
34446,-2.81,62.2,2.92E-03
34447,-2.68,62.2,3.28E-03
34448,-2.56,62.2,3.95E-03
34449,-2.43,62.2,4.55E-03
34450,-2.31,62.2,5.63E-03
34451,-2.18,62.2,6.80E-03
34452,-2.06,62.2,8.30E-03
34453,-1.93,62.2,0.01
34454,-1.81,62.2,0.01
34455,-1.68,62.2,0.01
34456,-1.56,62.2,0.02
34457,-1.43,62.2,0.02
34458,-1.31,62.2,0.02
34459,-1.18,62.2,0.02
34460,-1.06,62.2,0.02
34461,-0.93,62.2,0.02
34462,-0.81,62.2,0.02
34463,-0.68,62.2,0.02
34464,-0.56,62.2,0.02
34465,-0.43,62.2,0.01
34466,-0.31,62.2,0.01
34467,-0.18,62.2,0.02
34468,-0.06,62.2,0.02
34469,0.06,62.2,0.01
34470,0.18,62.2,0.02
34471,0.31,62.2,0.02
34472,0.43,62.2,0.02
34473,0.56,62.2,0.01
34474,0.68,62.2,0.01
34475,0.81,62.2,0.01
34476,0.93,62.2,0.01
34477,1.06,62.2,0.01
34478,1.18,62.2,0.01
34479,1.31,62.2,0.01
34480,1.43,62.2,7.60E-03
34481,1.56,62.2,6.87E-03
34482,1.68,62.2,4.49E-03
34483,1.81,62.2,4.92E-03
34484,1.93,62.2,5.50E-03
34485,2.06,62.2,6.79E-03
34486,2.18,62.2,8.31E-03
34487,2.31,62.2,7.37E-03
34488,2.43,62.2,9.41E-03
34489,2.56,62.2,8.92E-03
34490,2.68,62.2,9.44E-03
34491,2.81,62.2,0.01
34492,2.93,62.2,9.89E-03
34493,3.06,62.2,0.01
34494,3.18,62.2,0.01
34495,3.31,62.2,0.01
34496,3.43,62.2,0.01
34497,3.56,62.2,0.01
34498,3.68,62.2,0.02
34499,3.81,62.2,0.02
34500,3.93,62.2,0.04
34501,4.06,62.2,0.04
34502,4.18,62.2,0.03
34503,4.31,62.2,0.02
34504,4.43,62.2,0.01
34505,4.56,62.2,0.01
34506,4.68,62.2,0.01
34507,4.81,62.2,0.01
34508,4.93,62.2,0.02
34509,5.06,62.2,0.03
34510,5.18,62.2,0.02
34511,5.31,62.2,5.93E-03
34512,5.43,62.2,6.87E-03
34513,5.56,62.2,1000000
34514,5.68,62.2,1000000
34515,5.81,62.2,1000000
34516,5.93,62.2,1000000
34517,6.06,62.2,1000000
34518,6.18,62.2,1000000
34519,6.31,62.2,1000000
34520,6.43,62.2,1000000
34521,6.56,62.2,1000000
34522,6.68,62.2,1000000
34523,6.81,62.2,1000000
34524,6.93,62.2,1000000
34525,7.06,62.2,1000000
34526,7.18,62.2,1000000
34527,7.31,62.2,1000000
34528,7.43,62.2,1000000
34529,7.56,62.2,1000000
34530,7.68,62.2,1000000
34531,7.81,62.2,1000000
34532,7.93,62.2,1000000
34533,8.06,62.2,1000000
34534,8.18,62.2,1000000
34535,8.31,62.2,1000000
34536,8.43,62.2,1000000
34537,8.56,62.2,1000000
34538,8.68,62.2,1000000
34539,8.81,62.2,1000000
34540,8.93,62.2,1000000
34541,9.06,62.2,1000000
34542,9.18,62.2,1000000
34543,9.31,62.2,1000000
34544,9.43,62.2,1000000
34545,9.56,62.2,1000000
34546,9.68,62.2,1000000
34547,9.81,62.2,1000000
34548,9.93,62.2,1000000
34549,10.06,62.2,1000000
34550,10.18,62.2,1000000
34551,10.31,62.2,1000000
34552,10.43,62.2,1000000
34553,10.56,62.2,1000000
34554,10.68,62.2,1000000
34555,10.81,62.2,1000000
34556,10.93,62.2,1000000
34557,11.06,62.2,1000000
34558,11.18,62.2,1000000
34559,11.31,62.2,1000000
34560,11.43,62.2,1000000
34561,11.56,62.2,1000000
34562,11.68,62.2,1000000
34563,11.81,62.2,1000000
34564,11.93,62.2,1000000
34565,12.06,62.2,1000000
34566,12.18,62.2,1000000
34567,12.31,62.2,1000000
34568,12.43,62.2,1000000
34569,12.56,62.2,1000000
34570,12.68,62.2,1000000
34571,12.81,62.2,1000000
34572,12.93,62.2,1000000
34573,-12.06,62.29,1000000
34574,-11.93,62.29,1000000
34575,-11.81,62.29,1000000
34576,-11.68,62.29,1000000
34577,-11.56,62.29,1000000
34578,-11.43,62.29,1000000
34579,-11.31,62.29,1000000
34580,-11.18,62.29,1000000
34581,-11.06,62.29,1000000
34582,-10.93,62.29,1000000
34583,-10.81,62.29,1000000
34584,-10.68,62.29,1000000
34585,-10.56,62.29,1000000
34586,-10.43,62.29,1000000
34587,-10.31,62.29,1000000
34588,-10.18,62.29,1000000
34589,-10.06,62.29,1000000
34590,-9.93,62.29,1000000
34591,-9.81,62.29,1000000
34592,-9.68,62.29,1000000
34593,-9.56,62.29,1000000
34594,-9.43,62.29,1000000
34595,-9.31,62.29,1000000
34596,-9.18,62.29,1000000
34597,-9.06,62.29,1000000
34598,-8.93,62.29,1000000
34599,-8.81,62.29,1000000
34600,-8.68,62.29,1000000
34601,-8.56,62.29,1000000
34602,-8.43,62.29,1000000
34603,-8.31,62.29,1000000
34604,-8.18,62.29,1000000
34605,-8.06,62.29,1000000
34606,-7.93,62.29,1000000
34607,-7.81,62.29,1000000
34608,-7.68,62.29,1000000
34609,-7.56,62.29,1000000
34610,-7.43,62.29,1000000
34611,-7.31,62.29,1000000
34612,-7.18,62.29,1000000
34613,-7.06,62.29,1000000
34614,-6.93,62.29,1000000
34615,-6.81,62.29,1000000
34616,-6.68,62.29,1000000
34617,-6.56,62.29,1000000
34618,-6.43,62.29,1000000
34619,-6.31,62.29,1000000
34620,-6.18,62.29,1000000
34621,-6.06,62.29,1000000
34622,-5.93,62.29,1000000
34623,-5.81,62.29,1000000
34624,-5.68,62.29,1000000
34625,-5.56,62.29,1000000
34626,-5.43,62.29,1000000
34627,-5.31,62.29,1000000
34628,-5.18,62.29,1000000
34629,-5.06,62.29,1000000
34630,-4.93,62.29,5.49E-03
34631,-4.81,62.29,4.27E-03
34632,-4.68,62.29,3.43E-03
34633,-4.56,62.29,3.45E-03
34634,-4.43,62.29,3.53E-03
34635,-4.31,62.29,3.18E-03
34636,-4.18,62.29,2.90E-03
34637,-4.06,62.29,2.91E-03
34638,-3.93,62.29,3.07E-03
34639,-3.81,62.29,3.10E-03
34640,-3.68,62.29,2.91E-03
34641,-3.56,62.29,2.56E-03
34642,-3.43,62.29,2.22E-03
34643,-3.31,62.29,2.25E-03
34644,-3.18,62.29,2.13E-03
34645,-3.06,62.29,2.48E-03
34646,-2.93,62.29,1.69E-03
34647,-2.81,62.29,1.87E-03
34648,-2.68,62.29,1.79E-03
34649,-2.56,62.29,1.65E-03
34650,-2.43,62.29,2.05E-03
34651,-2.31,62.29,2.66E-03
34652,-2.18,62.29,2.97E-03
34653,-2.06,62.29,3.96E-03
34654,-1.93,62.29,5.70E-03
34655,-1.81,62.29,7.29E-03
34656,-1.68,62.29,0.01
34657,-1.56,62.29,0.01
34658,-1.43,62.29,0.01
34659,-1.31,62.29,0.01
34660,-1.18,62.29,0.02
34661,-1.06,62.29,0.02
34662,-0.93,62.29,0.02
34663,-0.81,62.29,0.02
34664,-0.68,62.29,0.01
34665,-0.56,62.29,9.44E-03
34666,-0.43,62.29,8.04E-03
34667,-0.31,62.29,9.65E-03
34668,-0.18,62.29,0.01
34669,-0.06,62.29,0.01
34670,0.06,62.29,0.01
34671,0.18,62.29,0.01
34672,0.31,62.29,0.01
34673,0.43,62.29,0.01
34674,0.56,62.29,0.01
34675,0.68,62.29,0.01
34676,0.81,62.29,0.01
34677,0.93,62.29,0.01
34678,1.06,62.29,0.01
34679,1.18,62.29,0.01
34680,1.31,62.29,8.76E-03
34681,1.43,62.29,5.72E-03
34682,1.56,62.29,5.92E-03
34683,1.68,62.29,1.84E-03
34684,1.81,62.29,3.57E-03
34685,1.93,62.29,3.76E-03
34686,2.06,62.29,7.08E-03
34687,2.18,62.29,8.47E-03
34688,2.31,62.29,6.52E-03
34689,2.43,62.29,0.01
34690,2.56,62.29,8.39E-03
34691,2.68,62.29,0.01
34692,2.81,62.29,0.01
34693,2.93,62.29,0.01
34694,3.06,62.29,0.01
34695,3.18,62.29,0.01
34696,3.31,62.29,0.01
34697,3.43,62.29,0.02
34698,3.56,62.29,0.01
34699,3.68,62.29,0.02
34700,3.81,62.29,0.03
34701,3.93,62.29,0.06
34702,4.06,62.29,0.05
34703,4.18,62.29,0.03
34704,4.31,62.29,0.02
34705,4.43,62.29,0.02
34706,4.56,62.29,0.01
34707,4.68,62.29,0.01
34708,4.81,62.29,0.02
34709,4.93,62.29,0.03
34710,5.06,62.29,0.04
34711,5.18,62.29,0.01
34712,5.31,62.29,2.02E-03
34713,5.43,62.29,1.48E-03
34714,5.56,62.29,1000000
34715,5.68,62.29,1000000
34716,5.81,62.29,1000000
34717,5.93,62.29,1000000
34718,6.06,62.29,1000000
34719,6.18,62.29,1000000
34720,6.31,62.29,1000000
34721,6.43,62.29,1000000
34722,6.56,62.29,1000000
34723,6.68,62.29,1000000
34724,6.81,62.29,1000000
34725,6.93,62.29,1000000
34726,7.06,62.29,1000000
34727,7.18,62.29,1000000
34728,7.31,62.29,1000000
34729,7.43,62.29,1000000
34730,7.56,62.29,1000000
34731,7.68,62.29,1000000
34732,7.81,62.29,1000000
34733,7.93,62.29,1000000
34734,8.06,62.29,1000000
34735,8.18,62.29,1000000
34736,8.31,62.29,1000000
34737,8.43,62.29,1000000
34738,8.56,62.29,1000000
34739,8.68,62.29,1000000
34740,8.81,62.29,1000000
34741,8.93,62.29,1000000
34742,9.06,62.29,1000000
34743,9.18,62.29,1000000
34744,9.31,62.29,1000000
34745,9.43,62.29,1000000
34746,9.56,62.29,1000000
34747,9.68,62.29,1000000
34748,9.81,62.29,1000000
34749,9.93,62.29,1000000
34750,10.06,62.29,1000000
34751,10.18,62.29,1000000
34752,10.31,62.29,1000000
34753,10.43,62.29,1000000
34754,10.56,62.29,1000000
34755,10.68,62.29,1000000
34756,10.81,62.29,1000000
34757,10.93,62.29,1000000
34758,11.06,62.29,1000000
34759,11.18,62.29,1000000
34760,11.31,62.29,1000000
34761,11.43,62.29,1000000
34762,11.56,62.29,1000000
34763,11.68,62.29,1000000
34764,11.81,62.29,1000000
34765,11.93,62.29,1000000
34766,12.06,62.29,1000000
34767,12.18,62.29,1000000
34768,12.31,62.29,1000000
34769,12.43,62.29,1000000
34770,12.56,62.29,1000000
34771,12.68,62.29,1000000
34772,12.81,62.29,1000000
34773,12.93,62.29,1000000
34774,-12.06,62.37,1000000
34775,-11.93,62.37,1000000
34776,-11.81,62.37,1000000
34777,-11.68,62.37,1000000
34778,-11.56,62.37,1000000
34779,-11.43,62.37,1000000
34780,-11.31,62.37,1000000
34781,-11.18,62.37,1000000
34782,-11.06,62.37,1000000
34783,-10.93,62.37,1000000
34784,-10.81,62.37,1000000
34785,-10.68,62.37,1000000
34786,-10.56,62.37,1000000
34787,-10.43,62.37,1000000
34788,-10.31,62.37,1000000
34789,-10.18,62.37,1000000
34790,-10.06,62.37,1000000
34791,-9.93,62.37,1000000
34792,-9.81,62.37,1000000
34793,-9.68,62.37,1000000
34794,-9.56,62.37,1000000
34795,-9.43,62.37,1000000
34796,-9.31,62.37,1000000
34797,-9.18,62.37,1000000
34798,-9.06,62.37,1000000
34799,-8.93,62.37,1000000
34800,-8.81,62.37,1000000
34801,-8.68,62.37,1000000
34802,-8.56,62.37,1000000
34803,-8.43,62.37,1000000
34804,-8.31,62.37,1000000
34805,-8.18,62.37,1000000
34806,-8.06,62.37,1000000
34807,-7.93,62.37,1000000
34808,-7.81,62.37,1000000
34809,-7.68,62.37,1000000
34810,-7.56,62.37,1000000
34811,-7.43,62.37,1000000
34812,-7.31,62.37,1000000
34813,-7.18,62.37,1000000
34814,-7.06,62.37,1000000
34815,-6.93,62.37,1000000
34816,-6.81,62.37,1000000
34817,-6.68,62.37,1000000
34818,-6.56,62.37,1000000
34819,-6.43,62.37,1000000
34820,-6.31,62.37,1000000
34821,-6.18,62.37,1000000
34822,-6.06,62.37,1000000
34823,-5.93,62.37,1000000
34824,-5.81,62.37,1000000
34825,-5.68,62.37,1000000
34826,-5.56,62.37,1000000
34827,-5.43,62.37,1000000
34828,-5.31,62.37,1000000
34829,-5.18,62.37,1000000
34830,-5.06,62.37,1000000
34831,-4.93,62.37,1000000
34832,-4.81,62.37,1000000
34833,-4.68,62.37,1000000
34834,-4.56,62.37,1000000
34835,-4.43,62.37,1000000
34836,-4.31,62.37,1000000
34837,-4.18,62.37,1000000
34838,-4.06,62.37,1000000
34839,-3.93,62.37,1000000
34840,-3.81,62.37,1000000
34841,-3.68,62.37,1000000
34842,-3.56,62.37,1000000
34843,-3.43,62.37,1000000
34844,-3.31,62.37,1000000
34845,-3.18,62.37,1000000
34846,-3.06,62.37,1000000
34847,-2.93,62.37,1000000
34848,-2.81,62.37,1000000
34849,-2.68,62.37,1000000
34850,-2.56,62.37,1000000
34851,-2.43,62.37,1000000
34852,-2.31,62.37,1000000
34853,-2.18,62.37,1000000
34854,-2.06,62.37,1000000
34855,-1.93,62.37,1000000
34856,-1.81,62.37,1000000
34857,-1.68,62.37,1000000
34858,-1.56,62.37,1000000
34859,-1.43,62.37,1000000
34860,-1.31,62.37,1000000
34861,-1.18,62.37,1000000
34862,-1.06,62.37,1000000
34863,-0.93,62.37,1000000
34864,-0.81,62.37,1000000
34865,-0.68,62.37,1000000
34866,-0.56,62.37,1000000
34867,-0.43,62.37,1000000
34868,-0.31,62.37,1000000
34869,-0.18,62.37,1000000
34870,-0.06,62.37,1000000
34871,0.06,62.37,1000000
34872,0.18,62.37,1000000
34873,0.31,62.37,1000000
34874,0.43,62.37,1000000
34875,0.56,62.37,1000000
34876,0.68,62.37,1000000
34877,0.81,62.37,1000000
34878,0.93,62.37,1000000
34879,1.06,62.37,1000000
34880,1.18,62.37,1000000
34881,1.31,62.37,1000000
34882,1.43,62.37,1000000
34883,1.56,62.37,1000000
34884,1.68,62.37,1000000
34885,1.81,62.37,1000000
34886,1.93,62.37,1000000
34887,2.06,62.37,1000000
34888,2.18,62.37,1000000
34889,2.31,62.37,1000000
34890,2.43,62.37,1000000
34891,2.56,62.37,1000000
34892,2.68,62.37,1000000
34893,2.81,62.37,1000000
34894,2.93,62.37,1000000
34895,3.06,62.37,1000000
34896,3.18,62.37,1000000
34897,3.31,62.37,1000000
34898,3.43,62.37,1000000
34899,3.56,62.37,1000000
34900,3.68,62.37,1000000
34901,3.81,62.37,1000000
34902,3.93,62.37,1000000
34903,4.06,62.37,1000000
34904,4.18,62.37,1000000
34905,4.31,62.37,1000000
34906,4.43,62.37,1000000
34907,4.56,62.37,1000000
34908,4.68,62.37,1000000
34909,4.81,62.37,1000000
34910,4.93,62.37,1000000
34911,5.06,62.37,1000000
34912,5.18,62.37,1000000
34913,5.31,62.37,1000000
34914,5.43,62.37,1.68E-03
34915,5.56,62.37,1000000
34916,5.68,62.37,1000000
34917,5.81,62.37,1000000
34918,5.93,62.37,1000000
34919,6.06,62.37,1000000
34920,6.18,62.37,1000000
34921,6.31,62.37,1000000
34922,6.43,62.37,1000000
34923,6.56,62.37,1000000
34924,6.68,62.37,1000000
34925,6.81,62.37,1000000
34926,6.93,62.37,1000000
34927,7.06,62.37,1000000
34928,7.18,62.37,1000000
34929,7.31,62.37,1000000
34930,7.43,62.37,1000000
34931,7.56,62.37,1000000
34932,7.68,62.37,1000000
34933,7.81,62.37,1000000
34934,7.93,62.37,1000000
34935,8.06,62.37,1000000
34936,8.18,62.37,1000000
34937,8.31,62.37,1000000
34938,8.43,62.37,1000000
34939,8.56,62.37,1000000
34940,8.68,62.37,1000000
34941,8.81,62.37,1000000
34942,8.93,62.37,1000000
34943,9.06,62.37,1000000
34944,9.18,62.37,1000000
34945,9.31,62.37,1000000
34946,9.43,62.37,1000000
34947,9.56,62.37,1000000
34948,9.68,62.37,1000000
34949,9.81,62.37,1000000
34950,9.93,62.37,1000000
34951,10.06,62.37,1000000
34952,10.18,62.37,1000000
34953,10.31,62.37,1000000
34954,10.43,62.37,1000000
34955,10.56,62.37,1000000
34956,10.68,62.37,1000000
34957,10.81,62.37,1000000
34958,10.93,62.37,1000000
34959,11.06,62.37,1000000
34960,11.18,62.37,1000000
34961,11.31,62.37,1000000
34962,11.43,62.37,1000000
34963,11.56,62.37,1000000
34964,11.68,62.37,1000000
34965,11.81,62.37,1000000
34966,11.93,62.37,1000000
34967,12.06,62.37,1000000
34968,12.18,62.37,1000000
34969,12.31,62.37,1000000
34970,12.43,62.37,1000000
34971,12.56,62.37,1000000
34972,12.68,62.37,1000000
34973,12.81,62.37,1000000
34974,12.93,62.37,1000000
34975,-12.06,62.45,1000000
34976,-11.93,62.45,1000000
34977,-11.81,62.45,1000000
34978,-11.68,62.45,1000000
34979,-11.56,62.45,1000000
34980,-11.43,62.45,1000000
34981,-11.31,62.45,1000000
34982,-11.18,62.45,1000000
34983,-11.06,62.45,1000000
34984,-10.93,62.45,1000000
34985,-10.81,62.45,1000000
34986,-10.68,62.45,1000000
34987,-10.56,62.45,1000000
34988,-10.43,62.45,1000000
34989,-10.31,62.45,1000000
34990,-10.18,62.45,1000000
34991,-10.06,62.45,1000000
34992,-9.93,62.45,1000000
34993,-9.81,62.45,1000000
34994,-9.68,62.45,1000000
34995,-9.56,62.45,1000000
34996,-9.43,62.45,1000000
34997,-9.31,62.45,1000000
34998,-9.18,62.45,1000000
34999,-9.06,62.45,1000000
35000,-8.93,62.45,1000000
35001,-8.81,62.45,1000000
35002,-8.68,62.45,1000000
35003,-8.56,62.45,1000000
35004,-8.43,62.45,1000000
35005,-8.31,62.45,1000000
35006,-8.18,62.45,1000000
35007,-8.06,62.45,1000000
35008,-7.93,62.45,1000000
35009,-7.81,62.45,1000000
35010,-7.68,62.45,1000000
35011,-7.56,62.45,1000000
35012,-7.43,62.45,1000000
35013,-7.31,62.45,1000000
35014,-7.18,62.45,1000000
35015,-7.06,62.45,1000000
35016,-6.93,62.45,1000000
35017,-6.81,62.45,1000000
35018,-6.68,62.45,1000000
35019,-6.56,62.45,1000000
35020,-6.43,62.45,1000000
35021,-6.31,62.45,1000000
35022,-6.18,62.45,1000000
35023,-6.06,62.45,1000000
35024,-5.93,62.45,1000000
35025,-5.81,62.45,1000000
35026,-5.68,62.45,1000000
35027,-5.56,62.45,1000000
35028,-5.43,62.45,1000000
35029,-5.31,62.45,1000000
35030,-5.18,62.45,1000000
35031,-5.06,62.45,1000000
35032,-4.93,62.45,1000000
35033,-4.81,62.45,1000000
35034,-4.68,62.45,1000000
35035,-4.56,62.45,1000000
35036,-4.43,62.45,1000000
35037,-4.31,62.45,1000000
35038,-4.18,62.45,1000000
35039,-4.06,62.45,1000000
35040,-3.93,62.45,1000000
35041,-3.81,62.45,1000000
35042,-3.68,62.45,1000000
35043,-3.56,62.45,1000000
35044,-3.43,62.45,1000000
35045,-3.31,62.45,1000000
35046,-3.18,62.45,1000000
35047,-3.06,62.45,1000000
35048,-2.93,62.45,1000000
35049,-2.81,62.45,1000000
35050,-2.68,62.45,1000000
35051,-2.56,62.45,1000000
35052,-2.43,62.45,1000000
35053,-2.31,62.45,1000000
35054,-2.18,62.45,1000000
35055,-2.06,62.45,1000000
35056,-1.93,62.45,1000000
35057,-1.81,62.45,1000000
35058,-1.68,62.45,1000000
35059,-1.56,62.45,1000000
35060,-1.43,62.45,1000000
35061,-1.31,62.45,1000000
35062,-1.18,62.45,1000000
35063,-1.06,62.45,1000000
35064,-0.93,62.45,1000000
35065,-0.81,62.45,1000000
35066,-0.68,62.45,1000000
35067,-0.56,62.45,1000000
35068,-0.43,62.45,1000000
35069,-0.31,62.45,1000000
35070,-0.18,62.45,1000000
35071,-0.06,62.45,1000000
35072,0.06,62.45,1000000
35073,0.18,62.45,1000000
35074,0.31,62.45,1000000
35075,0.43,62.45,1000000
35076,0.56,62.45,1000000
35077,0.68,62.45,1000000
35078,0.81,62.45,1000000
35079,0.93,62.45,1000000
35080,1.06,62.45,1000000
35081,1.18,62.45,1000000
35082,1.31,62.45,1000000
35083,1.43,62.45,1000000
35084,1.56,62.45,1000000
35085,1.68,62.45,1000000
35086,1.81,62.45,1000000
35087,1.93,62.45,1000000
35088,2.06,62.45,1000000
35089,2.18,62.45,1000000
35090,2.31,62.45,1000000
35091,2.43,62.45,1000000
35092,2.56,62.45,1000000
35093,2.68,62.45,1000000
35094,2.81,62.45,1000000
35095,2.93,62.45,1000000
35096,3.06,62.45,1000000
35097,3.18,62.45,1000000
35098,3.31,62.45,1000000
35099,3.43,62.45,1000000
35100,3.56,62.45,1000000
35101,3.68,62.45,1000000
35102,3.81,62.45,1000000
35103,3.93,62.45,1000000
35104,4.06,62.45,1000000
35105,4.18,62.45,1000000
35106,4.31,62.45,1000000
35107,4.43,62.45,1000000
35108,4.56,62.45,1000000
35109,4.68,62.45,1000000
35110,4.81,62.45,1000000
35111,4.93,62.45,1000000
35112,5.06,62.45,1000000
35113,5.18,62.45,1000000
35114,5.31,62.45,1000000
35115,5.43,62.45,1000000
35116,5.56,62.45,1000000
35117,5.68,62.45,1000000
35118,5.81,62.45,1000000
35119,5.93,62.45,1000000
35120,6.06,62.45,1000000
35121,6.18,62.45,1000000
35122,6.31,62.45,1000000
35123,6.43,62.45,1000000
35124,6.56,62.45,1000000
35125,6.68,62.45,1000000
35126,6.81,62.45,1000000
35127,6.93,62.45,1000000
35128,7.06,62.45,1000000
35129,7.18,62.45,1000000
35130,7.31,62.45,1000000
35131,7.43,62.45,1000000
35132,7.56,62.45,1000000
35133,7.68,62.45,1000000
35134,7.81,62.45,1000000
35135,7.93,62.45,1000000
35136,8.06,62.45,1000000
35137,8.18,62.45,1000000
35138,8.31,62.45,1000000
35139,8.43,62.45,1000000
35140,8.56,62.45,1000000
35141,8.68,62.45,1000000
35142,8.81,62.45,1000000
35143,8.93,62.45,1000000
35144,9.06,62.45,1000000
35145,9.18,62.45,1000000
35146,9.31,62.45,1000000
35147,9.43,62.45,1000000
35148,9.56,62.45,1000000
35149,9.68,62.45,1000000
35150,9.81,62.45,1000000
35151,9.93,62.45,1000000
35152,10.06,62.45,1000000
35153,10.18,62.45,1000000
35154,10.31,62.45,1000000
35155,10.43,62.45,1000000
35156,10.56,62.45,1000000
35157,10.68,62.45,1000000
35158,10.81,62.45,1000000
35159,10.93,62.45,1000000
35160,11.06,62.45,1000000
35161,11.18,62.45,1000000
35162,11.31,62.45,1000000
35163,11.43,62.45,1000000
35164,11.56,62.45,1000000
35165,11.68,62.45,1000000
35166,11.81,62.45,1000000
35167,11.93,62.45,1000000
35168,12.06,62.45,1000000
35169,12.18,62.45,1000000
35170,12.31,62.45,1000000
35171,12.43,62.45,1000000
35172,12.56,62.45,1000000
35173,12.68,62.45,1000000
35174,12.81,62.45,1000000
35175,12.93,62.45,1000000
