"Metier","OT_CRU","OT_REST","TBB_ALL"
"Area fished (10^3 km^2)",152.133713023926,1242.68178945138,155.321990803283
"Intensity (indicator 1)",1.33432952994549,3.46508522597945,0.78012485580126
"Aggregation of fishing pressure, smallest prop of grid cells with 90% effort (indicator 4)",0.184470310888463,0.259191260843622,0.415646571560055
"average impact (indicator 6)",0.100913919567823,0.163212764755374,0.1236313502574
"Landings 10^3 tonnes",37.903942635178,542.638206414891,74.1556525483033
"Value 10^6 euro",165.964209696098,418.95891899016,296.533213781264
"Average impact/landings ratio (10^-2)",0.266235944210634,0.0300776397286307,0.1667187139603
"Average impact/value ratio (10^-2)",0.0608046275474752,0.0389567466778784,0.0416922437392108
