"Metier","OT_CRU","OT_REST","TBB_ALL"
"Area fished (10^3 km^2)",152.133713023926,1242.68178945138,155.321990803283
"Intensity (indicator 1)",1.40706144703727,3.49233095891579,0.797436742869998
"Aggregation of fishing pressure, smallest prop of grid cells with 90% effort (indicator 4)",0.194530764449969,0.261229587824397,0.424875341048076
"average impact (indicator 6)",0.106347361554505,0.164481873415356,0.126304524585074
"Landings 10^3 tonnes",37.8237313826955,542.593511465065,74.0108947619161
"Value 10^6 euro",165.76886116026,418.865817543699,296.245502222777
"Average impact/landings ratio (10^-2)",0.281165706467447,0.0303140140712771,0.170656664794258
"Average impact/value ratio (10^-2)",0.0641540038401373,0.0392683925319822,0.0426350859801723
