"csquares","TBB_SurfSAR","OT_SurfSAR","TD_SurfSAR","Seine_SurfSAR"
"7500:371:247:3",NA,0.289603910183446,0.1480682835538,NA
"7500:371:246:4",NA,0.59177874878433,1.43845411092943,0.312880352862297
"7500:371:246:3",NA,0.110973740955982,1.3321236615743,NA
"7500:371:245:4",NA,0.203061516312389,1.47114989131167,0.623153369450741
"7500:371:245:3",NA,0.131762821676095,1.62110006386707,0.320702361683854
"7500:371:144:4",NA,0.151276407817482,1.03970711459274,0.312880352862297
"7500:371:144:3",NA,0.172489045622349,NA,NA
"7500:371:143:4",NA,0.44245025718155,NA,1.56179442803763
"7500:371:143:3",NA,0.295916787729199,NA,4.98783429187978
"7500:371:142:4",NA,0.395015351169797,NA,3.1548768913615
"7500:371:142:3",NA,0.331955648623037,0.215255083882142,0.312880352862297
"7500:371:141:4",NA,0.020914395628612,0.160482797299653,NA
"7500:371:141:3",NA,0.306417615391201,0.069293362468918,NA
"7500:371:140:4",NA,0.093442382557299,NA,NA
"7500:371:140:3",NA,0.197551873910041,NA,NA
"7500:370:249:4",NA,0.199095344108039,NA,NA
"7500:370:249:3",NA,0.392839509006849,NA,1.55657975548993
"7500:370:248:4",NA,0.714662504552249,NA,NA
"7500:370:248:3",NA,0.492256024707702,NA,0.312880352862297
"7500:370:247:4",NA,0.653414345521679,NA,0.026073362738525
"7500:370:247:3",NA,0.587795494790952,NA,NA
"7500:370:246:4",NA,0.188235598065782,NA,NA
"7500:370:246:3",NA,0.146685265382365,NA,NA
"7500:370:245:4",NA,0.449979098030076,NA,NA
"7500:370:245:3",NA,0.079218034854535,NA,0.625760705724594
"7500:370:144:4",NA,0.118040844365867,NA,0.312880352862297
"7500:370:144:3",NA,0.150142747705376,NA,1.24369940262763
"7500:370:143:4",NA,NA,NA,0.625760705724594
"7500:370:143:3",NA,0.075546059424394,NA,0.258126291111395
"7500:370:142:4",NA,0.127074375085925,NA,0.312880352862297
"7500:370:142:3",NA,0.093442382557299,NA,0.147375176906758
"7500:370:141:4",NA,0.024781468178988,NA,0.135209580585923
"7500:370:141:3",NA,NA,NA,0.486623852833396
"7500:370:140:4",NA,0.352900888819844,NA,0.375252927393048
"7500:370:140:3",NA,0.215279292344733,NA,0.815772970628946
"1500:370:140:3",NA,0.352772714643155,NA,0.32914911779555
"1500:370:140:4",NA,0.093442382557299,NA,0.312880352862297
"1500:370:141:3",NA,NA,NA,NA
"1500:370:141:4",NA,0.440757189482869,NA,NA
"1500:370:142:3",NA,0.124589843409732,NA,NA
"1500:370:142:4",NA,0.136270141229395,NA,NA
"1500:370:143:3",NA,0.422945799188839,NA,NA
"1500:370:143:4",NA,0.299494616777346,NA,NA
"1500:370:144:3",NA,0.28344189375714,NA,NA
"1500:370:144:4",NA,NA,NA,NA
"1500:370:245:3",NA,0.273920781799205,NA,NA
"1500:370:245:4",NA,0.09625743471522,NA,NA
"1500:370:246:3",NA,NA,NA,NA
"1500:370:246:4",NA,0.053789481911739,NA,NA
"1500:370:247:3",NA,0.366229922118304,NA,0.449033875337142
"1500:370:247:4",NA,2.14541624243788,NA,NA
"1500:370:248:3",NA,3.07429823715957,NA,NA
"1500:370:248:4",NA,1.33296868032259,NA,NA
"1500:370:249:3",NA,1.30394029646873,NA,0.365027078339346
"1500:370:249:4",NA,2.74316394109318,NA,NA
"1500:371:140:3",NA,0.822544343260297,NA,0.225155892114415
"1500:371:140:4",NA,0.306288741724008,NA,0.675467676343246
"1500:371:141:3",NA,0.223385708890987,NA,2.39840175912869
"1500:371:141:4",NA,NA,NA,0.448435485127877
"1500:371:142:3",NA,NA,NA,NA
"1500:371:142:4",NA,NA,NA,0.450311784228831
"1500:371:143:3",NA,NA,NA,0.225155892114415
"1500:371:143:4",NA,0.098744679369429,NA,NA
"1500:371:144:3",NA,NA,NA,NA
"1500:371:144:4",NA,NA,NA,NA
"1500:371:245:3",NA,NA,NA,NA
"1500:371:245:4",NA,NA,NA,NA
"1500:371:246:3",NA,NA,NA,NA
"1500:371:246:4",NA,NA,NA,NA
"1500:371:247:3",NA,NA,NA,NA
"1500:371:247:4",NA,NA,NA,NA
"1500:371:248:3",NA,NA,NA,NA
"1500:371:248:4",NA,NA,NA,NA
"1500:371:249:3",NA,NA,NA,NA
"1500:371:249:4",NA,NA,NA,NA
"1500:372:140:3",NA,NA,NA,NA
"1500:372:140:4",NA,NA,NA,NA
"1500:372:141:3",NA,NA,NA,NA
"1500:372:141:4",NA,0.064546893439622,NA,NA
"1500:372:142:3",NA,NA,NA,NA
"1500:372:142:4",NA,NA,NA,NA
"1500:372:143:3",NA,0.095271094767901,NA,NA
"1500:372:143:4",NA,0.319267970364083,NA,NA
"1500:372:144:3",NA,0.755788616438967,NA,NA
"1500:372:144:4",NA,0.232294206957604,NA,NA
"1500:372:245:3",NA,0.31584447068893,NA,NA
"1500:372:245:4",NA,0.476374817882238,NA,NA
"1500:372:246:3",NA,0.214625140002661,NA,NA
"1500:372:246:4",NA,0.500783317295513,NA,NA
"1500:372:247:3",NA,0.456950938607048,NA,NA
"1500:372:247:4",NA,0.199663469807402,NA,NA
"1500:372:248:3",NA,0.325353760354314,NA,NA
"1500:372:248:4",NA,0.364036979234356,NA,NA
"1500:372:249:3",NA,0.2100697730427,NA,NA
"1500:372:249:4",NA,0.279999636934705,NA,NA
"1500:373:140:3",NA,0.561628755505917,NA,NA
"1500:373:140:4",NA,0.498171990041884,NA,NA
"1500:373:141:3",NA,0.84178381950184,NA,NA
"1500:373:141:4",NA,0.952932256795327,NA,NA
"1500:373:142:3",NA,1.10060440332516,NA,NA
"1500:373:142:4",NA,0.635991787191769,NA,NA
"1500:373:143:3",NA,0.770141033505689,NA,NA
"1500:373:143:4",NA,0.656411538907563,NA,NA
"1500:373:144:3",NA,0.521178849671815,NA,NA
"1500:373:144:4",NA,0.782419661632516,NA,NA
"1500:373:245:3",NA,0.498830224425328,NA,NA
"1500:373:245:4",NA,0.378762946470136,NA,NA
"1500:373:246:3",NA,0.34716960004157,NA,NA
"1500:373:246:4",NA,0.48146001838182,NA,NA
"1500:373:247:3",NA,0.217023782372409,NA,NA
"1500:373:247:4",NA,0.262453874346872,NA,NA
"1500:373:248:3",NA,0.601989130541179,NA,NA
"1500:373:248:4",NA,0.10479084688132,NA,NA
"1500:373:249:3",NA,0.249968942950553,NA,NA
"1500:373:249:4",NA,0.229624168574206,NA,NA
"1500:374:140:3",NA,0.203025293013956,NA,NA
"1500:374:140:4",0.187928989531205,0.13434409110527,NA,NA
"1500:374:141:3",0.053091353160795,0.201056426973507,NA,NA
"1500:374:141:4",NA,0.044864223530607,NA,NA
"1500:374:142:3",NA,0.151429498864637,NA,NA
"1500:374:142:4",NA,NA,NA,0.312880352862297
"1500:374:143:3",NA,0.180547809506992,NA,0.164262185252706
"1500:374:143:4",NA,1.27711920688387,NA,0.370241750887052
"1500:374:144:3",NA,1.62681116248473,NA,NA
"1500:374:144:4",NA,0.144257515661436,NA,NA
"1500:374:245:3",NA,0.719207641666468,NA,NA
"1500:374:245:4",NA,1.59118275767774,NA,NA
"1500:374:246:3",NA,0.505242594356921,NA,NA
"1500:374:246:4",NA,0.123022782164884,NA,NA
"1500:374:247:3",NA,0.325330751465635,NA,NA
"1500:374:247:4",NA,0.547460662353536,NA,NA
"1500:374:248:3",NA,0.493881633479778,NA,NA
"1500:374:248:4",NA,1.06990990782232,NA,NA
"1500:374:249:3",NA,0.131935519532021,NA,NA
"1500:374:249:4",NA,0.065726682932109,NA,NA
"1500:475:140:3",NA,0.459820831170828,NA,NA
"1500:475:140:4",0.025882034665888,1.02364266271301,NA,0.163772831157272
"1500:475:141:3",NA,0.776518500802642,NA,NA
"1500:475:141:4",NA,1.81481994555014,NA,NA
"1500:475:142:3",NA,1.23228083424818,NA,NA
"1500:475:142:4",NA,1.74994711861313,NA,NA
"1500:475:143:3",NA,0.579509488696175,NA,NA
"1500:475:143:4",NA,1.30673266269984,NA,NA
"1500:475:144:3",NA,0.590504115323844,NA,NA
"1500:475:144:4",NA,0.384686708430496,NA,NA
"1500:475:245:3",NA,0.457917433394739,NA,NA
"1500:475:245:4",NA,0.041711555043262,NA,NA
"1500:475:246:3",NA,0.063606467353654,NA,0.077701999940214
"1500:475:246:4",NA,0.095455289425927,NA,0.157994066545102
"1500:475:247:3",NA,0.251290775545903,NA,2.56416599802707
"1500:475:247:4",NA,0.715167010332797,NA,2.48646399808686
"1500:475:248:3",NA,0.749249310676157,NA,0.077701999940214
"1500:475:248:4",NA,0.728228033965182,NA,3.03216204766184
"1500:475:249:3",NA,0.319496001699049,NA,0.47458083091813
"1500:475:249:4",NA,0.460585947052455,NA,0.155403999880429
"1500:476:140:3",NA,0.458460636857736,NA,0.163772831157272
"1500:476:140:4",NA,0.152112145679458,NA,0.906759733985188
"1500:476:141:3",NA,0.435480835717057,NA,0.333004756686452
"1500:476:141:4",NA,0.573133124673656,NA,0.163772831157272
"1500:476:142:3",NA,0.122760198200218,NA,0.163772831157272
"1500:476:142:4",NA,0.053330959891686,NA,NA
"1500:476:143:3",NA,0.20353490891332,NA,0.173515019088745
"1500:476:143:4",NA,0.102660261611579,NA,0.352813872147113
"1500:476:144:3",NA,0.327854437729758,NA,NA
"1500:476:144:4",NA,0.318234937019928,NA,0.173945261275721
"1500:476:245:3",NA,0.478230084615724,NA,NA
"1500:476:245:4",NA,1.0215924743917,NA,0.342746944617925
"1500:476:246:3",NA,2.08616249752852,NA,NA
"1500:476:246:4",NA,3.0674214860811,NA,NA
"1500:476:247:3",NA,4.76345862873964,NA,0.173945261275721
"1500:476:247:4",NA,5.43274194573889,NA,NA
"1500:476:248:3",NA,7.25349933574475,NA,NA
"1500:476:248:4",NA,10.1264659763412,NA,0.173515019088745
"1500:476:249:3",NA,9.29620500575153,NA,0.219785690845744
"1500:476:249:4",NA,11.565125860319,NA,0.127244347331746
"1500:477:140:3",NA,13.3842735150232,NA,0.347030038177489
"1500:477:140:4",NA,16.5484003508638,NA,0.179298853058369
"1500:477:141:3",NA,15.5380842996676,NA,0.179298853058369
"1500:477:141:4",NA,16.8826338466459,NA,0.526328891235858
"1500:477:142:3",NA,17.5134194137967,NA,NA
"1500:477:142:4",NA,13.7355061980752,NA,0.554335124776414
"1500:477:143:3",NA,15.3486076947055,NA,0.751573841098152
"1500:477:143:4",NA,11.5257480200204,NA,2.6268207341912
"1500:477:144:3",NA,14.3297888286627,NA,0.509468396630427
"1500:477:144:4",NA,10.3355129865081,NA,1.07698323872538
"1500:477:245:3",NA,9.57834067896136,NA,2.57216943691691
"1500:477:245:4",NA,8.25683792009993,NA,7.17924611872236
"1500:477:246:3",NA,7.3653287656985,NA,4.14451670225152
"1500:477:246:4",NA,8.25187895469903,NA,1.84897498479666
"1500:477:247:3",NA,7.96574750578649,NA,1.42449876539248
"1500:477:247:4",NA,7.69078266462261,NA,1.66289525037797
"1500:477:248:3",NA,6.59619136824166,NA,0.421625780131312
"1500:477:248:4",NA,7.50496005012215,NA,0.161202524110929
"1500:477:249:3",NA,5.20682015480739,NA,2.45661917160485
"1500:477:249:4",NA,6.94296464229406,NA,2.91812068653541
"7500:371:247:2",NA,0.070483851076479,0.054278624652582,NA
"7500:371:247:1",NA,0.357761485496748,0.136100373621623,NA
"7500:371:246:2",NA,0.230537191639335,1.07799616100454,NA
"7500:371:246:1",NA,0.098609770349213,1.04898682312428,NA
"7500:371:245:2",NA,0.06166034605673,1.0178492572615,NA
"7500:371:245:1",NA,0.225324568246402,0.160944425588208,NA
"7500:371:144:2",NA,0.174849081481251,0.058038796041557,NA
"7500:371:144:1",NA,0.189759533738752,NA,NA
"7500:371:143:2",NA,0.426864330914506,0.018879521618289,0.312452882925493
"7500:371:143:1",NA,0.200476681919153,NA,1.55705686657871
"7500:371:142:2",NA,0.125154808138188,0.015103617294631,0.315056656949872
"7500:371:142:1",NA,0.145921467668463,0.559240895426657,0.312452882925493
"7500:371:141:2",NA,0.098887971305719,0.556587026991312,0.627509539875365
"7500:371:141:1",NA,0.030405209568138,0.575173102621092,NA
"7500:371:140:2",NA,NA,0.319123700500879,NA
"7500:371:140:1",NA,NA,0.212826150128457,0.312452882925493
"7500:370:249:2",NA,NA,0.13147339245041,0.307245334876735
"7500:370:249:1",NA,0.147689631556636,0.056187554060653,1.25501907975073
"7500:370:248:2",NA,NA,0.326143735955946,NA
"7500:370:248:1",NA,NA,0.26676938857028,NA
"7500:370:247:2",NA,NA,0.257535554395083,NA
"7500:370:247:1",NA,0.075442845307712,0.063141511190056,NA
"7500:370:246:2",NA,0.334511949515138,0.129524006924585,NA
"7500:370:246:1",NA,0.136490685628764,0.232125965858963,NA
"7500:370:245:2",NA,0.190045402630557,0.131490315270908,NA
"7500:370:245:1",NA,0.042436726827989,NA,0.418719548966993
"7500:370:144:2",NA,0.066150327307348,NA,0.312452882925493
"7500:370:144:1",NA,NA,NA,NA
"7500:370:143:2",NA,NA,NA,NA
"7500:370:143:1",NA,0.031960731585311,NA,0.31766043097425
"7500:370:142:2",NA,NA,NA,0.621813922868563
"7500:370:142:1",NA,0.264583570449455,NA,0.283694697240967
"7500:370:141:2",NA,0.404886814717294,NA,0.627509539875365
"7500:370:141:1",NA,0.455983676397509,0.011327712970974,NA
"7500:370:140:2",NA,0.230877924300894,NA,NA
"7500:370:140:1",NA,2.59687535353781,0.022356500182991,0.961816794427773
"1500:370:140:1",NA,0.853648310673751,0.011327712970974,1.74403121601209
"1500:370:140:2",NA,0.738995235573636,NA,NA
"1500:370:141:1",NA,0.053895269926392,NA,NA
"1500:370:141:2",NA,0.259465493675869,NA,NA
"1500:370:142:1",NA,0.207853687496402,NA,NA
"1500:370:142:2",NA,0.313790287628896,NA,NA
"1500:370:143:1",NA,0.027037878048312,NA,NA
"1500:370:143:2",NA,NA,NA,NA
"1500:370:144:1",NA,0.173294877989019,NA,NA
"1500:370:144:2",NA,0.07488368651942,NA,NA
"1500:370:245:1",NA,0.190052738175835,NA,0.309849108901113
"1500:370:245:2",NA,0.124419623669178,NA,NA
"1500:370:246:1",NA,0.093314717751883,NA,NA
"1500:370:246:2",NA,0.173294877989019,NA,0.309849108901113
"1500:370:247:1",NA,0.092466551931111,NA,NA
"1500:370:247:2",NA,NA,NA,NA
"1500:370:248:1",NA,1.29701602352557,NA,NA
"1500:370:248:2",NA,0.651605142892878,NA,NA
"1500:370:249:1",NA,0.982176836670833,NA,NA
"1500:370:249:2",NA,1.17622302445826,NA,NA
"1500:371:140:1",NA,0.616454909029552,NA,NA
"1500:371:140:2",NA,0.109642455654189,NA,0.537301157849846
"1500:371:141:1",NA,NA,NA,NA
"1500:371:141:2",NA,NA,NA,NA
"1500:371:142:1",NA,NA,NA,NA
"1500:371:142:2",NA,0.414234378062678,NA,NA
"1500:371:143:1",NA,0.225049174496363,NA,NA
"1500:371:143:2",NA,0.358471185090635,NA,NA
"1500:371:144:1",NA,NA,NA,NA
"1500:371:144:2",NA,NA,NA,NA
"1500:371:245:1",NA,NA,NA,NA
"1500:371:245:2",NA,NA,NA,NA
"1500:371:246:1",NA,NA,NA,NA
"1500:371:246:2",NA,NA,NA,NA
"1500:371:247:1",NA,NA,NA,NA
"1500:371:247:2",NA,NA,NA,NA
"1500:371:248:1",NA,0.394616380370833,NA,NA
"1500:371:248:2",NA,NA,NA,NA
"1500:371:249:1",NA,NA,NA,NA
"1500:371:249:2",NA,NA,NA,NA
"1500:372:140:1",NA,NA,NA,NA
"1500:372:140:2",NA,NA,NA,NA
"1500:372:141:1",NA,NA,NA,NA
"1500:372:141:2",NA,NA,NA,NA
"1500:372:142:1",NA,NA,NA,NA
"1500:372:142:2",NA,NA,NA,NA
"1500:372:143:1",NA,0.037418242599058,NA,NA
"1500:372:143:2",NA,0.317013654619821,NA,NA
"1500:372:144:1",NA,0.502569721586081,NA,NA
"1500:372:144:2",NA,0.069387603365016,NA,NA
"1500:372:245:1",NA,0.169416787791845,NA,NA
"1500:372:245:2",NA,0.436955797394652,NA,NA
"1500:372:246:1",NA,0.060135922916347,NA,NA
"1500:372:246:2",NA,0.331570522430234,NA,NA
"1500:372:247:1",NA,0.399619148080265,NA,NA
"1500:372:247:2",NA,0.443594361055547,NA,NA
"1500:372:248:1",NA,0.537260524177005,NA,NA
"1500:372:248:2",NA,0.410810089143183,NA,NA
"1500:372:249:1",NA,0.270718886829802,NA,NA
"1500:372:249:2",NA,0.170371875879556,NA,NA
"1500:373:140:1",NA,0.483485515580123,NA,NA
"1500:373:140:2",NA,0.417300370008722,NA,NA
"1500:373:141:1",NA,0.486560106458085,NA,NA
"1500:373:141:2",NA,0.745456701643456,NA,NA
"1500:373:142:1",NA,1.17973170618995,NA,NA
"1500:373:142:2",NA,1.45368758525663,NA,NA
"1500:373:143:1",NA,0.580410606218898,NA,NA
"1500:373:143:2",NA,0.39220835719045,NA,NA
"1500:373:144:1",NA,0.666861722862918,NA,NA
"1500:373:144:2",NA,0.427409261867504,NA,NA
"1500:373:245:1",NA,0.500048212211497,NA,NA
"1500:373:245:2",NA,0.640757831586523,NA,NA
"1500:373:246:1",NA,0.693486580168317,NA,NA
"1500:373:246:2",NA,0.608891139241901,NA,NA
"1500:373:247:1",NA,0.610991709054394,NA,NA
"1500:373:247:2",NA,0.103713261161667,NA,NA
"1500:373:248:1",NA,0.34801984931614,NA,NA
"1500:373:248:2",NA,0.059958172241556,NA,NA
"1500:373:249:1",NA,0.219473774383165,NA,NA
"1500:373:249:2",0.018023117260379,0.233928813751668,NA,NA
"1500:374:140:1",0.018023117260379,0.14357964263493,NA,NA
"1500:374:140:2",0.035787701868083,0.548035134593554,NA,NA
"1500:374:141:1",0.050699244313118,0.322288038808665,NA,NA
"1500:374:141:2",0.087479408652061,0.514420915118735,NA,NA
"1500:374:142:1",NA,0.410874005055691,NA,NA
"1500:374:142:2",NA,0.048212917519225,NA,NA
"1500:374:143:1",NA,1.72951468123571,NA,NA
"1500:374:143:2",NA,1.68325603002467,NA,NA
"1500:374:144:1",NA,0.564436749065358,NA,NA
"1500:374:144:2",NA,1.48918712917512,NA,NA
"1500:374:245:1",NA,0.539251697017585,NA,NA
"1500:374:245:2",NA,0.501074422857343,NA,NA
"1500:374:246:1",NA,0.77234726039774,NA,NA
"1500:374:246:2",NA,0.180075531428154,NA,NA
"1500:374:247:1",NA,0.127792781425416,NA,NA
"1500:374:247:2",NA,0.144060425142523,NA,NA
"1500:374:248:1",NA,0.226935462313935,NA,0.354113267315559
"1500:374:248:2",NA,0.065636884449263,NA,0.276770555810716
"1500:374:249:1",NA,0.405375392150229,NA,0.415155833716074
"1500:374:249:2",0.009742207730756,1.33112259760608,NA,0.332549791965932
"1500:475:140:1",NA,2.66157972265268,NA,0.631192352147101
"1500:475:140:2",NA,1.49473898011166,NA,8.91220165507883
"1500:475:141:1",NA,2.24830722706497,NA,5.76100437436487
"1500:475:141:2",NA,1.96747021325808,NA,1.61101548546367
"1500:475:142:1",NA,1.60660693492067,NA,0.483925105380569
"1500:475:142:2",0.003976411318676,2.35891298723033,NA,0.196381683208082
"1500:475:143:1",NA,1.42595239589992,NA,NA
"1500:475:143:2",NA,1.39146658106059,NA,NA
"1500:475:144:1",NA,1.44055816371182,NA,NA
"1500:475:144:2",NA,0.913948161505285,NA,NA
"1500:475:245:1",NA,0.625006957422093,NA,NA
"1500:475:245:2",NA,0.776803771665206,NA,NA
"1500:475:246:1",NA,0.661495047918863,NA,NA
"1500:475:246:2",NA,1.19363534277063,NA,NA
"1500:475:247:1",NA,1.29156134303389,NA,NA
"1500:475:247:2",NA,3.70320280012465,NA,0.077595840289408
"1500:475:248:1",NA,2.5376440489641,NA,0.328469636350654
"1500:475:248:2",NA,4.35140391320444,NA,1.11135069610882
"1500:475:249:1",NA,3.37644057565243,NA,0.179341417983465
"1500:475:249:2",NA,4.36014274478661,NA,0.76173852823027
"1500:476:140:1",NA,3.6792923825061,NA,0.391737367968746
"1500:476:140:2",NA,2.81360213961108,NA,0.318740758594849
"1500:476:141:1",NA,1.93823251230497,NA,1.62951264607757
"1500:476:141:2",NA,1.12016956829654,NA,0.080182368299055
"1500:476:142:1",NA,0.547493149176886,NA,0.310383361157633
"1500:476:142:2",NA,0.119200700881486,NA,NA
"1500:476:143:1",NA,0.164316552951185,NA,NA
"1500:476:143:2",NA,0.048168007271147,NA,NA
"1500:476:144:1",NA,0.21162195748756,NA,0.179053887630899
"1500:476:144:2",NA,0.255052482657964,NA,NA
"1500:476:245:1",NA,0.206884475386817,NA,NA
"1500:476:245:2",NA,0.37033842560323,NA,NA
"1500:476:246:1",NA,0.413768950773634,NA,NA
"1500:476:246:2",NA,0.259789964758707,NA,NA
"1500:476:247:1",NA,0.255052482657964,NA,NA
"1500:476:247:2",NA,0.178727404397871,NA,NA
"1500:476:248:1",NA,0.051217305347015,NA,NA
"1500:476:248:2",NA,0.140622280136722,NA,0.1690007139499
"1500:476:249:1",NA,0.472402880943525,NA,NA
"1500:476:249:2",NA,0.547342503392823,NA,NA
"1500:477:140:1",NA,0.376936445636067,NA,NA
"1500:477:140:2",NA,0.451931668949789,NA,NA
"1500:477:141:1",NA,0.738750207465583,NA,NA
"1500:477:141:2",NA,0.898505875363826,NA,NA
"1500:477:142:1",NA,1.02535314734259,NA,NA
"1500:477:142:2",NA,1.67653523397769,NA,NA
"1500:477:143:1",NA,1.91176664315732,NA,NA
"1500:477:143:2",NA,3.60357266816924,NA,NA
"1500:477:144:1",NA,3.17091206929453,NA,NA
"1500:477:144:2",NA,3.66367097007754,NA,0.346555911543676
"1500:477:245:1",NA,5.66033595563838,NA,2.46080022171717
"1500:477:245:2",NA,5.94008109899348,NA,4.09601269047675
"1500:477:246:1",NA,5.97976617281272,NA,4.54609358617907
"1500:477:246:2",NA,3.81244099815789,NA,1.38821267268101
"1500:477:247:1",NA,4.36580748348725,NA,0.998913755118722
"1500:477:247:2",NA,3.82726171033628,NA,2.2812046049759
"1500:477:248:1",NA,4.15387809636699,NA,4.03648393521472
"1500:477:248:2",NA,4.2355726297743,NA,7.24935969950143
"1500:477:249:1",NA,5.10328652992015,NA,9.82535573437496
"1500:477:249:2",NA,6.06912250952417,NA,15.1613967041605
"7500:371:238:3",NA,0.454288473112261,NA,NA
"7500:371:237:4",NA,0.168498279441983,0.080442782611839,NA
"7500:371:237:3",NA,0.197373158737742,0.045673275205589,NA
"7500:371:236:4",NA,NA,0.048799859920385,NA
"7500:371:236:3",NA,0.091402762631774,0.033936798914369,NA
"7500:371:235:4",NA,NA,0.01131226630479,NA
"7500:371:235:3",NA,NA,0.006787359782874,NA
"7500:371:134:4",NA,NA,NA,NA
"7500:371:134:3",NA,NA,0.023001608153073,NA
"7500:371:133:4",NA,0.217034379202548,0.014580254348396,NA
"7500:371:133:3",NA,NA,NA,NA
"7500:371:132:4",NA,0.118056561634995,NA,NA
"7500:371:132:3",NA,0.239856883202341,0.034125336686116,NA
"7500:371:131:4",NA,0.250431809545913,0.207339925483644,NA
"7500:371:131:3",NA,0.114762626236137,0.39660777098264,NA
"7500:371:130:4",NA,NA,0.414548853944062,NA
"7500:371:130:3",NA,0.161524951781724,0.187829857303534,NA
"7500:370:239:4",NA,0.162006052368744,0.48198895772943,NA
"7500:370:239:3",NA,NA,0.479905629506118,NA
"7500:370:238:4",NA,NA,0.318246045442275,0.304226146327973
"7500:370:238:3",NA,0.120587201859492,0.405713415090937,NA
"7500:370:237:4",NA,0.121504539276558,0.23288342680937,0.294916251882898
"7500:370:237:3",NA,0.180513764819095,0.30818212771708,NA
"7500:370:236:4",NA,0.117235866879678,0.373109267405881,0.294916251882898
"7500:370:236:3",NA,NA,0.306235618055443,NA
"7500:370:235:4",NA,0.218629015430389,0.199566707677634,NA
"7500:370:235:3",NA,0.094638670764095,0.145346083615519,NA
"7500:370:134:4",NA,NA,NA,NA
"7500:370:134:3",NA,0.189786253418204,0.019089449389333,0.418148575716341
"7500:370:133:4",NA,0.410561639055978,0.305164095052683,NA
"7500:370:133:3",NA,0.71275942542432,0.051761474084903,0.418148575716341
"7500:370:132:4",NA,0.38600286578362,0.220494924057528,NA
"7500:370:132:3",NA,0.310655772238222,0.347850662250653,NA
"7500:370:131:4",NA,0.315636047720409,0.264549542639412,NA
"7500:370:131:3",NA,NA,0.090556487367668,NA
"7500:370:130:4",NA,0.189031825987188,0.068789352720079,0.832138952660578
"7500:370:130:3",NA,4.8164954747842,0.03628454307207,0.766218831905264
"1500:370:130:3",NA,0.94521941429818,0.03308837894151,0.702480439756964
"1500:370:130:4",NA,0.365654471508721,NA,NA
"1500:370:131:3",NA,0.265027863169079,NA,NA
"1500:370:131:4",NA,NA,NA,NA
"1500:370:132:3",NA,0.38570627094117,NA,0.257422123815977
"1500:370:132:4",NA,NA,NA,NA
"1500:370:133:3",NA,0.167406254114369,NA,0.093608045023992
"1500:370:133:4",NA,NA,NA,NA
"1500:370:134:3",NA,NA,NA,NA
"1500:370:134:4",NA,0.183895482835724,NA,NA
"1500:370:235:3",NA,NA,NA,NA
"1500:370:235:4",NA,0.143818416999051,NA,NA
"1500:370:236:3",NA,0.105612468472665,NA,NA
"1500:370:236:4",NA,0.093187472181764,NA,NA
"1500:370:237:3",NA,0.186374944363527,NA,NA
"1500:370:237:4",NA,0.273529863685739,NA,0.07800670418666
"1500:370:238:3",NA,0.459716677472241,NA,0.897077098146587
"1500:370:238:4",NA,0.854463400823641,NA,0.980284249279024
"1500:370:239:3",NA,0.816644948084413,NA,0.62145341002039
"1500:370:239:4",NA,0.135716544674552,NA,1.88776224131716
"1500:371:130:3",NA,0.386293692568322,NA,0.049404245984885
"1500:371:130:4",NA,NA,NA,NA
"1500:371:131:3",NA,0.122715238176929,NA,NA
"1500:371:131:4",NA,NA,NA,NA
"1500:371:132:3",NA,NA,NA,NA
"1500:371:132:4",NA,0.180596485874439,NA,NA
"1500:371:133:3",NA,1.14943039741962,NA,NA
"1500:371:133:4",NA,2.84621906912939,NA,NA
"1500:371:134:3",NA,NA,NA,NA
"1500:371:134:4",NA,NA,NA,NA
"1500:371:235:3",NA,NA,NA,NA
"1500:371:235:4",NA,NA,NA,NA
"1500:371:236:3",NA,NA,NA,NA
"1500:371:236:4",NA,NA,NA,NA
"1500:371:237:3",NA,NA,NA,NA
"1500:371:237:4",NA,NA,NA,NA
"1500:371:238:3",NA,NA,NA,NA
"1500:371:238:4",NA,NA,NA,NA
"1500:371:239:3",NA,NA,NA,NA
"1500:371:239:4",NA,NA,NA,NA
"1500:372:130:3",NA,NA,NA,NA
"1500:372:130:4",NA,NA,NA,NA
"1500:372:131:3",NA,NA,NA,NA
"1500:372:131:4",NA,NA,NA,NA
"1500:372:132:3",NA,NA,NA,NA
"1500:372:132:4",NA,0.104054158406731,NA,NA
"1500:372:133:3",NA,NA,NA,NA
"1500:372:133:4",NA,0.188359395585581,NA,NA
"1500:372:134:3",NA,NA,NA,NA
"1500:372:134:4",NA,0.069292985223718,NA,NA
"1500:372:235:3",NA,0.124727373402693,NA,NA
"1500:372:235:4",NA,0.060053920527223,NA,NA
"1500:372:236:3",NA,0.53992451873495,NA,NA
"1500:372:236:4",NA,0.191082578208977,NA,NA
"1500:372:237:3",NA,0.173020257956647,NA,NA
"1500:372:237:4",NA,0.318707540329166,NA,NA
"1500:372:238:3",NA,0.454666518617193,NA,NA
"1500:372:238:4",NA,0.596317129919497,NA,NA
"1500:372:239:3",NA,0.231494891692692,NA,NA
"1500:372:239:4",NA,0.455485017964405,NA,NA
"1500:373:130:3",NA,0.18052931244357,NA,NA
"1500:373:130:4",NA,0.513888201083681,NA,NA
"1500:373:131:3",NA,0.307298631033876,NA,NA
"1500:373:131:4",NA,0.212498488019403,NA,NA
"1500:373:132:3",NA,0.745573653479174,NA,NA
"1500:373:132:4",NA,0.846508878701034,NA,NA
"1500:373:133:3",NA,0.465053377709845,NA,NA
"1500:373:133:4",NA,0.895644671767256,NA,NA
"1500:373:134:3",NA,0.301261507511262,NA,NA
"1500:373:134:4",NA,0.356523975986487,NA,NA
"1500:373:235:3",NA,0.393421892867398,NA,NA
"1500:373:235:4",NA,0.382186579765117,NA,NA
"1500:373:236:3",NA,0.659952084588705,NA,NA
"1500:373:236:4",NA,0.719242733566044,NA,NA
"1500:373:237:3",NA,1.28874368401422,NA,NA
"1500:373:237:4",NA,1.14527332814242,NA,NA
"1500:373:238:3",NA,1.46090511100148,NA,NA
"1500:373:238:4",NA,0.868617124771554,NA,NA
"1500:373:239:3",NA,0.787965189713084,NA,NA
"1500:373:239:4",NA,0.621348428208623,NA,NA
"1500:374:130:3",NA,0.378683417797552,NA,NA
"1500:374:130:4",0.017869450568069,0.339572120365726,NA,NA
"1500:374:131:3",NA,0.486956831068139,NA,NA
"1500:374:131:4",0.028458754608407,0.211882062941002,NA,NA
"1500:374:132:3",NA,0.251481668193323,NA,NA
"1500:374:132:4",NA,0.509745915121154,NA,NA
"1500:374:133:3",NA,0.382622514039004,NA,NA
"1500:374:133:4",NA,0.712557512793435,NA,NA
"1500:374:134:3",NA,0.514898949484251,NA,NA
"1500:374:134:4",NA,0.453621650446217,NA,NA
"1500:374:235:3",NA,0.457779381084149,NA,NA
"1500:374:235:4",NA,0.309751022753295,NA,NA
"1500:374:236:3",NA,0.242430773727245,NA,NA
"1500:374:236:4",NA,0.051356985117202,NA,NA
"1500:374:237:3",0.05241705499967,0.246999367142425,NA,NA
"1500:374:237:4",NA,0.052206121918687,NA,NA
"1500:374:238:3",NA,0.192424028768229,NA,0.114403609610379
"1500:374:238:4",NA,0.128196560489364,NA,0.805386476292786
"1500:374:239:3",0.020847692329414,0.83079700590324,NA,NA
"1500:374:239:4",0.003474615388236,0.313782850791092,NA,0.138196573336481
"1500:475:130:3",NA,0.430266164200558,NA,0.411494085183498
"1500:475:130:4",NA,1.24472800367254,NA,2.585499167806
"1500:475:131:3",0.017373076941179,0.870608427008548,NA,0.791500811945275
"1500:475:131:4",NA,1.55229635301974,NA,0.996288963878409
"1500:475:132:3",NA,1.19448848131547,NA,NA
"1500:475:132:4",0.022038989033952,1.51912772572317,NA,0.138196573336481
"1500:475:133:3",0.003077516486723,1.36179906687322,NA,NA
"1500:475:133:4",0.026187951502418,1.48420601568596,NA,NA
"1500:475:134:3",0.009530373636304,1.11246754369175,NA,NA
"1500:475:134:4",NA,0.444600954237176,NA,0.163326059652198
"1500:475:235:3",NA,0.179829977305362,NA,NA
"1500:475:235:4",NA,0.638286329318092,NA,NA
"1500:475:236:3",NA,1.20810777809172,NA,NA
"1500:475:236:4",NA,1.24640816835313,NA,NA
"1500:475:237:3",NA,0.206138785846761,NA,0.424110261482811
"1500:475:237:4",NA,1.34225643744948,NA,2.61300262860727
"1500:475:238:3",NA,0.603649431437384,NA,0.807363100084634
"1500:475:238:4",NA,1.25464582107324,NA,0.154980058507306
"1500:475:239:3",NA,0.274647622980107,NA,0.163326059652198
"1500:475:239:4",NA,0.032901176451285,NA,0.168770261640604
"1500:476:130:3",NA,0.138209496091132,NA,NA
"1500:476:130:4",NA,1.83887994451457,NA,NA
"1500:476:131:3",NA,2.33068636214831,NA,NA
"1500:476:131:4",NA,3.38472417314998,NA,0.077490029253653
"1500:476:132:3",NA,2.99747596154274,NA,NA
"1500:476:132:4",NA,1.63050934423996,NA,NA
"1500:476:133:3",NA,0.714558594407276,NA,NA
"1500:476:133:4",NA,0.184890840183643,NA,0.173041670941293
"1500:476:134:3",NA,0.259469473251714,NA,NA
"1500:476:134:4",NA,0.155083760297016,NA,0.173041670941293
"1500:476:235:3",NA,0.166246301355596,NA,NA
"1500:476:235:4",NA,0.214696250349567,NA,NA
"1500:476:236:3",NA,0.314422843092615,NA,NA
"1500:476:236:4",NA,0.385149383892467,NA,NA
"1500:476:237:3",NA,0.501329633712808,NA,NA
"1500:476:237:4",NA,1.16753006046734,NA,NA
"1500:476:238:3",NA,1.35855442314529,NA,NA
"1500:476:238:4",NA,1.26558472571151,NA,NA
"1500:476:239:3",NA,1.30212575717199,NA,NA
"1500:476:239:4",NA,1.04729796295046,NA,NA
"1500:477:130:3",NA,1.14660405126142,NA,NA
"1500:477:130:4",NA,1.30349440425541,NA,NA
"1500:477:131:3",NA,1.05040155890799,NA,NA
"1500:477:131:4",NA,1.75683429557847,NA,NA
"1500:477:132:3",NA,1.57232983251945,NA,0.499478327142814
"1500:477:132:4",NA,1.73565510889929,NA,0.677485535280092
"1500:477:133:3",0.029881692338827,3.00224831876767,NA,3.08656189077148
"1500:477:133:4",0.013898461552943,4.3760103266878,NA,1.65480845712574
"1500:477:134:3",0.019854945075633,3.74444533843157,NA,1.70133966750616
"1500:477:134:4",NA,2.4379025886045,NA,0.825084869241463
"1500:477:235:3",NA,1.52302410868373,NA,0.346083341882586
"1500:477:235:4",NA,2.4120358801597,NA,0.991932542026653
"1500:477:236:3",NA,0.969921196697998,NA,0.519125012823879
"1500:477:236:4",NA,1.91799047489813,NA,NA
"1500:477:237:3",0.126384816393581,2.00869768678241,NA,2.54896507148386
"1500:477:237:4",0.317255610136274,2.51988711763945,NA,6.64280910064195
"1500:477:238:3",0.36757239738121,2.12417012987639,NA,4.37306267488074
"1500:477:238:4",0.918204728819923,2.52642629121217,NA,2.86028345757681
"1500:477:239:3",1.05139913177064,2.05390000067375,NA,1.84144567111086
"1500:477:239:4",0.839792659592915,2.9274983075756,NA,0.980651280548585
"7500:371:239:1",NA,NA,NA,NA
"7500:371:238:2",NA,NA,NA,NA
"7500:371:238:1",NA,0.223162526631773,0.022782021770189,NA
"7500:371:237:2",NA,0.077431290529266,0.071735126400346,NA
"7500:371:237:1",NA,0.093973081486335,0.205116646419888,NA
"7500:371:236:2",NA,NA,0.062760390551484,NA
"7500:371:236:1",NA,NA,0.036714828472618,NA
"7500:371:235:2",NA,NA,0.018828117165445,NA
"7500:371:235:1",NA,NA,NA,NA
"7500:371:134:2",NA,NA,NA,NA
"7500:371:134:1",NA,NA,0.022593740598534,NA
"7500:371:133:2",NA,0.193823308282702,0.011296870299267,NA
"7500:371:133:1",NA,0.256982483644547,0.007437106280351,NA
"7500:371:132:2",NA,0.021348921698626,0.029873945902506,NA
"7500:371:132:1",NA,NA,0.160584528531848,NA
"7500:371:131:2",NA,NA,0.396014217775282,NA
"7500:371:131:1",NA,0.150528853199537,0.185367296378848,NA
"7500:371:130:2",NA,NA,0.150282607920554,NA
"7500:371:130:1",NA,NA,0.06544339724756,NA
"7500:370:239:2",NA,NA,0.022593740598534,NA
"7500:370:239:1",NA,0.271658800618477,0.048953104630158,NA
"7500:370:238:2",NA,0.263214208378591,0.170300319761452,NA
"7500:370:238:1",NA,0.093060643940835,0.106151355569017,NA
"7500:370:237:2",NA,0.063747420209911,0.018828117165445,NA
"7500:370:237:1",NA,NA,NA,NA
"7500:370:236:2",NA,0.488886280649625,0.022593740598534,NA
"7500:370:236:1",NA,0.24886168818377,0.082843715527959,NA
"7500:370:235:2",NA,NA,0.194707835646925,0.294514870575177
"7500:370:235:1",NA,0.397233557130476,0.18876233464868,NA
"7500:370:134:2",NA,0.583796336494362,0.200292496096665,NA
"7500:370:134:1",NA,0.063747420209911,0.348275574651661,NA
"7500:370:133:2",NA,0.844102536730823,0.201661686920029,NA
"7500:370:133:1",NA,2.11984404757725,0.225111060843082,0.27016822703616
"7500:370:132:2",NA,1.42786433716623,0.11673432642576,0.249084385220495
"7500:370:132:1",NA,0.971550506603233,0.052614127412328,0.804667353233907
"7500:370:131:2",NA,1.03099179060844,0.035239959294658,0.451260215643784
"7500:370:131:1",NA,1.24434299355603,0.221778876357239,1.31342365248572
"7500:370:130:2",NA,0.880959215075853,0.185851737181492,0.476470286709254
"7500:370:130:1",NA,3.34027589407486,0.02181708076546,0.292948302114671
"1500:370:130:1",NA,1.75082852230633,0.015062493732356,1.94841638379319
"1500:370:130:2",NA,0.465923683169741,NA,0.32977893990674
"1500:370:131:1",NA,0.303588882698785,NA,NA
"1500:370:131:2",NA,0.166855772746969,NA,0.077900536985844
"1500:370:132:1",NA,0.095864195812841,0.011296870299267,0.311602147943376
"1500:370:132:2",NA,NA,NA,0.072707167853455
"1500:370:133:1",NA,0.080134367146365,NA,0.083093906118234
"1500:370:133:2",NA,NA,NA,NA
"1500:370:134:1",NA,0.109259665906423,NA,0.036353583926727
"1500:370:134:2",NA,NA,NA,0.085690590684428
"1500:370:235:1",NA,0.176270244937947,NA,0.072707167853455
"1500:370:235:2",NA,NA,NA,NA
"1500:370:236:1",NA,0.308122548270829,NA,0.077900536985844
"1500:370:236:2",NA,0.125567646815752,NA,0.265783019539894
"1500:370:237:1",NA,0.195427352275754,NA,NA
"1500:370:237:2",NA,NA,NA,0.311602147943376
"1500:370:238:1",NA,0.033623163890232,NA,0.311602147943376
"1500:370:238:2",NA,0.395625622517014,NA,1.38327857679168
"1500:370:239:1",NA,NA,NA,1.65190214532624
"1500:370:239:2",NA,0.18442957494825,NA,0.618010926754363
"1500:371:130:1",NA,0.006390946387523,NA,NA
"1500:371:130:2",NA,NA,NA,NA
"1500:371:131:1",NA,NA,NA,NA
"1500:371:131:2",NA,0.061764966147288,NA,NA
"1500:371:132:1",NA,0.285480496713295,NA,NA
"1500:371:132:2",NA,0.0654606222232,NA,NA
"1500:371:133:1",NA,0.914699855911421,NA,NA
"1500:371:133:2",NA,1.95059998036093,NA,NA
"1500:371:134:1",NA,0.19451156317751,NA,NA
"1500:371:134:2",NA,NA,NA,NA
"1500:371:235:1",NA,0.086911268241066,NA,NA
"1500:371:235:2",NA,NA,NA,NA
"1500:371:236:1",NA,NA,NA,NA
"1500:371:236:2",NA,NA,NA,NA
"1500:371:237:1",NA,NA,NA,NA
"1500:371:237:2",NA,NA,NA,NA
"1500:371:238:1",NA,NA,NA,NA
"1500:371:238:2",NA,NA,NA,NA
"1500:371:239:1",NA,NA,NA,NA
"1500:371:239:2",NA,NA,NA,NA
"1500:372:130:1",NA,NA,NA,NA
"1500:372:130:2",NA,NA,NA,NA
"1500:372:131:1",NA,NA,NA,NA
"1500:372:131:2",NA,NA,NA,NA
"1500:372:132:1",NA,0.048212400814387,NA,NA
"1500:372:132:2",NA,NA,NA,NA
"1500:372:133:1",NA,NA,NA,NA
"1500:372:133:2",NA,0.286857918610497,NA,NA
"1500:372:134:1",NA,NA,NA,NA
"1500:372:134:2",NA,NA,NA,NA
"1500:372:235:1",NA,0.049170639683848,NA,NA
"1500:372:235:2",NA,NA,NA,NA
"1500:372:236:1",NA,0.675612067578802,NA,NA
"1500:372:236:2",NA,0.176246626324905,NA,NA
"1500:372:237:1",NA,0.167312654628961,NA,NA
"1500:372:237:2",NA,0.151437490037913,NA,NA
"1500:372:238:1",NA,0.373672857975916,NA,NA
"1500:372:238:2",NA,0.549702927721626,NA,NA
"1500:372:239:1",NA,0.312523587444337,NA,NA
"1500:372:239:2",NA,0.264346839328288,NA,NA
"1500:373:130:1",NA,0.334394806711342,NA,NA
"1500:373:130:2",NA,0.230716430049118,NA,NA
"1500:373:131:1",NA,0.324413295540997,NA,NA
"1500:373:131:2",NA,0.494566627690007,NA,NA
"1500:373:132:1",NA,0.281488245714092,NA,NA
"1500:373:132:2",NA,0.711758551537345,NA,NA
"1500:373:133:1",NA,0.787608736709379,NA,NA
"1500:373:133:2",NA,0.989908351299462,NA,NA
"1500:373:134:1",NA,0.792125468943052,NA,NA
"1500:373:134:2",NA,0.643479686563423,NA,NA
"1500:373:235:1",NA,0.81230460969503,NA,NA
"1500:373:235:2",NA,0.843792660842704,NA,NA
"1500:373:236:1",NA,1.2100364218566,NA,NA
"1500:373:236:2",NA,1.30650137030043,NA,NA
"1500:373:237:1",NA,1.40589536896037,NA,NA
"1500:373:237:2",NA,1.17745007231167,NA,NA
"1500:373:238:1",NA,1.24230090689777,NA,NA
"1500:373:238:2",NA,1.49592227037131,NA,NA
"1500:373:239:1",0.017974044593177,1.75872589791593,NA,NA
"1500:373:239:2",0.017974044593177,1.37570992664327,NA,NA
"1500:374:130:1",NA,1.15227913719735,NA,NA
"1500:374:130:2",0.019976631894504,0.932271411656809,NA,NA
"1500:374:131:1",NA,0.772318299892382,NA,NA
"1500:374:131:2",NA,1.06521761621168,NA,NA
"1500:374:132:1",0.017974044593177,0.652448161457513,NA,NA
"1500:374:132:2",0.043026591772777,0.95458751573465,NA,NA
"1500:374:133:1",NA,0.793635461169351,NA,NA
"1500:374:133:2",NA,1.18741827566957,NA,NA
"1500:374:134:1",NA,0.5891364699653,NA,NA
"1500:374:134:2",0.019431364026416,0.895198468291293,NA,NA
"1500:374:235:1",NA,0.836515826668591,NA,NA
"1500:374:235:2",NA,0.777852595330855,NA,NA
"1500:374:236:1",NA,0.942411922325093,NA,NA
"1500:374:236:2",NA,0.766361066228897,NA,NA
"1500:374:237:1",NA,0.645739929593773,NA,NA
"1500:374:237:2",NA,0.374378992845346,NA,NA
"1500:374:238:1",NA,0.220136250324301,NA,NA
"1500:374:238:2",NA,0.244722442382858,NA,NA
"1500:374:239:1",0.014870941856951,0.187655367304151,NA,NA
"1500:374:239:2",NA,0.04427821316042,NA,NA
"1500:475:130:1",0.134849977305907,0.157957776229185,NA,NA
"1500:475:130:2",0.057098001516002,NA,NA,NA
"1500:475:131:1",0.018427232415228,NA,NA,NA
"1500:475:131:2",NA,0.059972187082554,NA,NA
"1500:475:132:1",NA,NA,NA,NA
"1500:475:132:2",NA,0.396369483828721,NA,0.163103772725013
"1500:475:133:1",NA,0.904630208235744,NA,NA
"1500:475:133:2",NA,1.49654192038109,NA,NA
"1500:475:134:1",0.014850393863486,2.60788440345796,NA,NA
"1500:475:134:2",0.029729554917823,2.80598437361618,NA,NA
"1500:475:235:1",NA,3.40386818180039,NA,NA
"1500:475:235:2",NA,3.12445041551757,NA,0.163103772725013
"1500:475:236:1",NA,2.32047613823935,NA,NA
"1500:475:236:2",NA,2.38505421469094,NA,NA
"1500:475:237:1",NA,1.83588983193337,NA,0.345664236100817
"1500:475:237:2",NA,1.75259616033336,NA,0.166811122198891
"1500:475:238:1",NA,1.46261171822996,NA,1.2407325294751
"1500:475:238:2",NA,0.902103178160251,NA,0.077384565247927
"1500:475:239:1",NA,0.314784568673137,NA,NA
"1500:475:239:2",NA,NA,NA,0.163103772725013
"1500:476:130:1",NA,NA,NA,NA
"1500:476:130:2",NA,NA,NA,NA
"1500:476:131:1",NA,NA,NA,NA
"1500:476:131:2",NA,0.308920001410382,NA,NA
"1500:476:132:1",NA,1.52448695126066,NA,NA
"1500:476:132:2",NA,1.80446848038344,NA,0.172806161057625
"1500:476:133:1",NA,2.29069595349973,NA,0.097923491265988
"1500:476:133:2",NA,2.22293980919901,NA,0.432015402644063
"1500:476:134:1",NA,2.58590256071037,NA,NA
"1500:476:134:2",NA,0.822476154381265,NA,0.232153695743781
"1500:476:235:1",NA,0.164244455330009,NA,NA
"1500:476:235:2",NA,0.295543358282382,NA,NA
"1500:476:236:1",NA,0.121531138036734,NA,NA
"1500:476:236:2",NA,0.512346188171592,NA,NA
"1500:476:237:1",NA,0.237786761744724,NA,NA
"1500:476:237:2",NA,0.399995554625126,NA,NA
"1500:476:238:1",NA,0.108529520446042,NA,0.178566366426212
"1500:476:238:2",NA,0.295841905300113,NA,NA
"1500:476:239:1",NA,0.475738451766667,NA,NA
"1500:476:239:2",NA,0.518926221191963,NA,NA
"1500:477:130:1",NA,0.605304786758198,NA,NA
"1500:477:130:2",NA,0.72607020978627,NA,NA
"1500:477:131:1",NA,0.889044744352382,NA,0.524178688541463
"1500:477:131:2",0.014573523019812,2.62372675078692,NA,0.864832231561716
"1500:477:132:1",0.348852468041587,4.56250655868156,NA,1.81738700629576
"1500:477:132:2",0.410664364033438,6.9222659527992,NA,5.16623747014037
"1500:477:133:1",0.308472903919347,4.08927995773124,NA,3.7347149550809
"1500:477:133:2",0.052296145530276,3.64833929768246,NA,1.33247796821456
"1500:477:134:1",0.164363563364256,1.2314989025035,NA,1.76813186869798
"1500:477:134:2",0.16231163049356,1.47943499606877,NA,4.07949765103103
"1500:477:235:1",0.139874977555229,0.6903750902251,NA,4.13945970086219
"1500:477:235:2",0.041638637199462,1.88741933308589,NA,7.38441611827929
"1500:477:236:1",0.093194579259373,1.71429364187941,NA,10.6944272624625
"1500:477:236:2",0.225724254763687,2.59737224283464,NA,12.6317653116783
"1500:477:237:1",0.164024252082638,3.12020633517402,NA,14.0321237193079
"1500:477:237:2",0.120347228866172,2.98841377117393,NA,11.7734903745081
"1500:477:238:1",0.215800054683954,2.61281235820646,NA,4.33202819382619
"1500:477:238:2",0.719533859658804,1.83187835706401,NA,0.972607916913991
"1500:477:239:1",0.938384961663766,1.84439946623376,NA,1.1163059170875
"1500:477:239:2",0.905236373158501,1.74028140927536,NA,0.312255874877366
"7500:371:229:4",NA,NA,NA,NA
"7500:371:229:3",NA,NA,NA,NA
"7500:371:228:4",NA,0.148432787510306,0.032935784681621,NA
"7500:371:228:3",NA,0.292625903548764,0.258136506799912,NA
"7500:371:227:4",NA,0.256666200756642,0.795909927817358,NA
"7500:371:227:3",NA,NA,0.599345998250742,NA
"7500:371:226:4",NA,0.11047354948663,0.075116152123545,NA
"7500:371:226:3",NA,0.359696130601519,0.221967580389724,NA
"7500:371:225:4",NA,0.134221558345509,0.061405965826486,NA
"7500:371:225:3",NA,NA,0.026323557690354,NA
"7500:371:124:4",NA,NA,0.201359547546866,NA
"7500:371:124:3",NA,0.032735897796738,0.268162222549192,NA
"7500:371:123:4",NA,NA,0.362518048925146,NA
"7500:371:123:3",NA,NA,0.8016861815224,NA
"7500:371:122:4",NA,NA,0.414474700985365,NA
"7500:371:122:3",NA,NA,0.470458709135371,NA
"7500:371:121:4",NA,0.113142598726043,0.292689858793854,NA
"7500:371:121:3",NA,NA,0.011281524724437,NA
"7500:371:120:4",NA,NA,0.055154120875027,NA
"7500:371:120:3",NA,0.344588565331118,NA,NA
"7500:370:229:4",NA,NA,0.009589296015772,NA
"7500:370:229:3",NA,NA,NA,NA
"7500:370:228:4",NA,NA,0.018802541207395,NA
"7500:370:228:3",NA,NA,NA,NA
"7500:370:227:4",NA,NA,NA,NA
"7500:370:227:3",NA,NA,0.048886607139228,NA
"7500:370:226:4",NA,0.013262672134066,0.033844574173312,NA
"7500:370:226:3",NA,0.086158142579552,NA,NA
"7500:370:225:4",NA,0.180733853432442,0.022563049448875,NA
"7500:370:225:3",NA,0.168986261605623,0.007521016482958,NA
"7500:370:124:4",NA,0.238535090326236,NA,0.276905959103936
"7500:370:124:3",NA,0.428178887793907,NA,NA
"7500:370:123:4",NA,0.226587056895192,NA,0.311178870172478
"7500:370:123:3",NA,0.569881710134376,0.045126098897749,NA
"7500:370:122:4",NA,0.026525344268133,0.018802541207395,NA
"7500:370:122:3",NA,0.060366541053081,0.011281524724437,NA
"7500:370:121:4",NA,0.063660826243518,0.011281524724437,NA
"7500:370:121:3",NA,0.161618469846053,0.051498071195811,NA
"7500:370:120:4",NA,0.031995869947334,NA,NA
"7500:370:120:3",NA,0.2491628823802,NA,0.858371308871879
"1500:370:120:3",NA,NA,NA,0.807536981925346
"1500:370:120:4",NA,NA,NA,0.357855700698349
"1500:370:121:3",NA,NA,NA,0.311178870172478
"1500:370:121:4",NA,0.1093852459335,NA,NA
"1500:370:122:3",NA,0.247294589900858,NA,NA
"1500:370:122:4",NA,0.198443161927821,NA,NA
"1500:370:123:3",NA,NA,NA,NA
"1500:370:123:4",NA,NA,NA,0.228197838126484
"1500:370:124:3",NA,NA,NA,NA
"1500:370:124:4",NA,0.151153767013944,NA,0.223931466069639
"1500:370:225:3",NA,0.01019506131901,NA,0.311178870172478
"1500:370:225:4",NA,0.085868683366141,NA,NA
"1500:370:226:3",NA,NA,NA,NA
"1500:370:226:4",NA,NA,NA,NA
"1500:370:227:3",NA,0.085868683366141,NA,NA
"1500:370:227:4",NA,NA,NA,NA
"1500:370:228:3",NA,NA,NA,NA
"1500:370:228:4",NA,0.240998128076904,NA,0.624950897596393
"1500:370:229:3",NA,NA,NA,0.223931466069639
"1500:370:229:4",NA,NA,NA,NA
"1500:371:120:3",NA,NA,NA,NA
"1500:371:120:4",NA,NA,NA,NA
"1500:371:121:3",NA,NA,NA,NA
"1500:371:121:4",NA,NA,NA,NA
"1500:371:122:3",NA,0.119590928631257,NA,NA
"1500:371:122:4",NA,0.104861544961486,NA,NA
"1500:371:123:3",NA,0.096056377063957,NA,NA
"1500:371:123:4",NA,NA,NA,NA
"1500:371:124:3",NA,0.043784753388631,NA,NA
"1500:371:124:4",NA,0.270190583335206,NA,NA
"1500:371:225:3",NA,0.090926040402759,NA,NA
"1500:371:225:4",NA,0.08679320869581,NA,NA
"1500:371:226:3",NA,NA,NA,NA
"1500:371:226:4",NA,NA,NA,NA
"1500:371:227:3",NA,NA,NA,NA
"1500:371:227:4",NA,0.120259500844013,NA,NA
"1500:371:228:3",NA,0.09019462563301,NA,NA
"1500:371:228:4",NA,NA,NA,NA
"1500:371:229:3",NA,NA,NA,NA
"1500:371:229:4",NA,0.150324376055016,NA,NA
"1500:372:120:3",NA,NA,NA,NA
"1500:372:120:4",NA,NA,NA,NA
"1500:372:121:3",NA,0.013529193844951,NA,NA
"1500:372:121:4",NA,0.102365854193452,NA,NA
"1500:372:122:3",NA,NA,NA,NA
"1500:372:122:4",NA,0.054566497421288,NA,NA
"1500:372:123:3",NA,NA,NA,NA
"1500:372:123:4",NA,0.111797014130202,NA,NA
"1500:372:124:3",NA,NA,NA,NA
"1500:372:124:4",NA,NA,NA,NA
"1500:372:225:3",NA,NA,NA,NA
"1500:372:225:4",NA,NA,NA,NA
"1500:372:226:3",NA,0.102670875049677,NA,NA
"1500:372:226:4",NA,0.597052763963349,NA,NA
"1500:372:227:3",NA,NA,NA,NA
"1500:372:227:4",NA,0.269615042592316,NA,NA
"1500:372:228:3",NA,0.364091405129304,NA,NA
"1500:372:228:4",NA,0.48833972802454,NA,NA
"1500:372:229:3",NA,0.104387589490338,NA,NA
"1500:372:229:4",NA,0.130986592033659,NA,NA
"1500:373:120:3",NA,0.140503613745292,NA,NA
"1500:373:120:4",NA,0.283876817284057,NA,NA
"1500:373:121:3",NA,0.118060394426212,NA,NA
"1500:373:121:4",NA,0.255933763544026,NA,NA
"1500:373:122:3",NA,0.50493048603508,NA,NA
"1500:373:122:4",NA,0.540519327898326,NA,NA
"1500:373:123:3",NA,0.326705053875139,NA,NA
"1500:373:123:4",NA,0.703298199312433,NA,NA
"1500:373:124:3",NA,1.00350267369958,NA,NA
"1500:373:124:4",NA,1.4611832749805,NA,NA
"1500:373:225:3",NA,1.14366501366385,NA,NA
"1500:373:225:4",NA,0.957435406560326,NA,NA
"1500:373:226:3",NA,1.121399365583,NA,NA
"1500:373:226:4",NA,1.26771371107499,NA,NA
"1500:373:227:3",NA,1.63173877407759,NA,NA
"1500:373:227:4",NA,1.33715436791117,NA,NA
"1500:373:228:3",NA,1.53329495035854,NA,NA
"1500:373:228:4",NA,1.10180887154182,NA,NA
"1500:373:229:3",NA,1.31361750128323,NA,NA
"1500:373:229:4",NA,1.12926795916041,NA,NA
"1500:374:120:3",NA,1.16493799127059,NA,NA
"1500:374:120:4",0.013365667163689,1.11784497052327,NA,NA
"1500:374:121:3",NA,1.27997417964081,NA,NA
"1500:374:121:4",0.013167657279783,0.55824708835297,NA,NA
"1500:374:122:3",NA,1.01905338786685,NA,NA
"1500:374:122:4",NA,1.13436722433931,NA,NA
"1500:374:123:3",NA,1.28915750751814,NA,NA
"1500:374:123:4",NA,1.04431221949153,NA,NA
"1500:374:124:3",0.004851242155709,0.936269270571367,NA,NA
"1500:374:124:4",0.020791037810183,2.26332476079905,NA,NA
"1500:374:225:3",0.007722385472354,0.981097211117934,NA,NA
"1500:374:225:4",0.020791037810183,1.12589053323559,NA,NA
"1500:374:226:3",0.022870141591202,1.47044479420785,NA,NA
"1500:374:226:4",0.017808581628092,1.70548939364907,NA,NA
"1500:374:227:3",0.107470135267258,1.15851621818561,NA,NA
"1500:374:227:4",0.361740404736362,0.670843691344194,NA,NA
"1500:374:228:3",0.33179303714049,0.878775352752574,NA,NA
"1500:374:228:4",0.317948871084546,0.512728661983596,NA,NA
"1500:374:229:3",0.273247936199743,0.315285322681136,NA,NA
"1500:374:229:4",0.182773510738504,0.223053352616704,NA,NA
"1500:475:120:3",0.181451853017444,0.332777339043252,NA,NA
"1500:475:120:4",0.443980932040725,0.191537354280549,NA,NA
"1500:475:121:3",0.265177913515179,NA,NA,NA
"1500:475:121:4",0.176259766152765,0.116221343586451,NA,NA
"1500:475:122:3",NA,NA,NA,NA
"1500:475:122:4",0.026712872442138,0.21520953773584,NA,NA
"1500:475:123:3",NA,0.466287331760986,NA,0.325764427828405
"1500:475:123:4",NA,0.224388998121148,NA,NA
"1500:475:124:3",0.018389474302567,NA,NA,0.162882213914203
"1500:475:124:4",0.146040603382686,0.71949378245573,NA,NA
"1500:475:225:3",0.04568282695493,2.91862483885281,NA,NA
"1500:475:225:4",0.014830221211748,1.18453671053439,NA,NA
"1500:475:226:3",NA,1.50797509600823,NA,NA
"1500:475:226:4",NA,2.7458336061223,NA,NA
"1500:475:227:3",NA,2.2258102072597,NA,NA
"1500:475:227:4",0.007128355820634,2.40222222987517,NA,0.077279446696928
"1500:475:228:3",NA,1.3404304835674,NA,1.04760969997791
"1500:475:228:4",NA,1.65925558086404,NA,NA
"1500:475:229:3",NA,2.04178327059144,NA,NA
"1500:475:229:4",NA,2.43728183220916,NA,0.162882213914203
"1500:476:120:3",NA,1.10693656658631,NA,0.077279446696928
"1500:476:120:4",NA,0.872706162601791,NA,NA
"1500:476:121:3",NA,0.191341115126722,NA,NA
"1500:476:121:4",NA,NA,NA,NA
"1500:476:122:3",NA,0.56430945734265,NA,0.154558893393856
"1500:476:122:4",NA,0.653151934167301,NA,1.85470672072627
"1500:476:123:3",NA,0.600893849610738,NA,0.698091001828914
"1500:476:123:4",NA,0.610249438445477,NA,NA
"1500:476:124:3",NA,0.613573243992271,NA,NA
"1500:476:124:4",NA,1.53557441582586,NA,NA
"1500:476:225:3",NA,2.36403770979247,NA,NA
"1500:476:225:4",NA,3.98016392105367,NA,0.927353360363134
"1500:476:226:3",NA,4.93509970129545,NA,0.486135833499158
"1500:476:226:4",NA,5.53500922641994,NA,2.64933726262775
"1500:476:227:3",NA,5.36968397397135,NA,1.86223262016017
"1500:476:227:4",NA,5.6091185962548,NA,1.30515892159485
"1500:476:228:3",NA,4.93438715924628,NA,1.53062830539928
"1500:476:228:4",NA,3.70833693692281,NA,4.94874353646033
"1500:476:229:3",NA,3.46337885515646,NA,0.904220829576042
"1500:476:229:4",NA,2.43621955621242,NA,2.33667721882044
"1500:477:120:3",NA,2.40022614527433,NA,10.584945196956
"1500:477:120:4",0.166526312365374,3.63041980965549,NA,3.50283033386778
"1500:477:121:3",0.39506398933493,5.69488139698053,NA,12.8116620183738
"1500:477:121:4",0.65143096292241,5.89050742115869,NA,9.12903959537242
"1500:477:122:3",0.619679375666018,5.25542482322124,NA,1.46017727174053
"1500:477:122:4",0.205613049632268,2.20614429312098,NA,1.6105309706278
"1500:477:123:3",0.058808935520233,2.01553776556203,NA,3.38023369335411
"1500:477:123:4",0.128310404771418,1.81280695768526,NA,2.37916982763802
"1500:477:124:3",0.273051091617959,1.10346132177712,NA,2.56036113646874
"1500:477:124:4",0.237040099828495,0.922946555728032,NA,9.72420344939569
"1500:477:225:3",0.154803776876976,1.4251167987311,NA,18.7993067777661
"1500:477:225:4",0.079005943678697,2.36716675063052,NA,30.0015771568118
"1500:477:226:3",0.532461291463074,2.64425019213384,NA,31.3986108370947
"1500:477:226:4",0.60270816468314,1.31046509058811,NA,13.7714174329461
"1500:477:227:3",0.327180186574916,0.400831071946217,NA,8.08752672389411
"1500:477:227:4",0.418989391593659,0.345461346464894,NA,0.934959567061783
"1500:477:228:3",0.610282720620162,0.057776291387246,NA,0.499963305807489
"1500:477:228:4",0.895231158105169,0.115718755273764,NA,0.168311621044675
"1500:477:229:3",0.242887922389483,0.390880287056325,NA,0.629134149916861
"1500:477:229:4",0.528674214568185,0.265061697113743,NA,NA
"7500:371:229:2",NA,0.093964041410856,NA,NA
"7500:371:229:1",NA,NA,0.061588720456178,NA
"7500:371:228:2",NA,0.391365069737306,0.530223975600333,NA
"7500:371:228:1",NA,0.069499143523358,0.841094864581171,NA
"7500:371:227:2",NA,NA,1.69975214417181,NA
"7500:371:227:1",NA,NA,1.75340603631379,NA
"7500:371:226:2",NA,0.202641995992969,0.812037553666298,NA
"7500:371:226:1",NA,NA,0.777533530965772,NA
"7500:371:225:2",NA,0.09103078547189,0.495528962779959,NA
"7500:371:225:1",NA,NA,1.05683783851969,NA
"7500:371:124:2",NA,NA,1.06064073190604,NA
"7500:371:124:1",NA,NA,1.39526309639258,NA
"7500:371:123:2",NA,NA,0.547452839776245,NA
"7500:371:123:1",NA,NA,0.262315657907087,NA
"7500:371:122:2",NA,NA,0.250505392012977,NA
"7500:371:122:1",NA,NA,0.015929196500099,NA
"7500:371:121:2",NA,NA,0.038586835529709,NA
"7500:371:121:1",NA,NA,0.331311775726865,NA
"7500:371:120:2",NA,0.049037272215645,0.495233829752222,NA
"7500:371:120:1",NA,NA,0.028228163542415,NA
"7500:370:229:2",NA,NA,0.01126622935174,NA
"7500:370:229:1",NA,NA,0.010796803128751,NA
"7500:370:228:2",NA,0.273573365110247,0.113976686941769,NA
"7500:370:228:1",NA,0.061872154586985,0.057812447284577,NA
"7500:370:227:2",NA,0.09889183230155,0.111211339737252,NA
"7500:370:227:1",NA,0.092808231880477,0.261013498014589,NA
"7500:370:226:2",NA,0.061872154586985,0.16591400425329,NA
"7500:370:226:1",NA,0.168900717236805,0.063754340098235,NA
"7500:370:225:2",NA,NA,NA,NA
"7500:370:225:1",NA,0.075033362900567,NA,NA
"7500:370:124:2",NA,0.16311505809158,NA,0.276530532913765
"7500:370:124:1",NA,0.111842848203821,NA,NA
"7500:370:123:2",NA,0.274613554038692,NA,NA
"7500:370:123:1",NA,NA,NA,NA
"7500:370:122:2",NA,NA,NA,NA
"7500:370:122:1",NA,NA,NA,NA
"7500:370:121:2",NA,NA,NA,0.077689244282388
"7500:370:121:1",NA,NA,NA,NA
"7500:370:120:2",NA,0.088145384389011,NA,0.221764296622734
"7500:370:120:1",NA,0.098074544431289,NA,NA
"1500:370:120:1",NA,0.241113009113401,NA,NA
"1500:370:120:2",NA,0.154911166897839,NA,0.534384839270125
"1500:370:121:1",NA,NA,NA,0.52310757816808
"1500:370:121:2",NA,0.284419629765513,NA,0.688844632637174
"1500:370:122:1",NA,0.1578679285468,NA,0.420287856053619
"1500:370:122:2",NA,0.270217022121492,NA,0.223627862140572
"1500:370:123:1",NA,NA,NA,0.302988052701314
"1500:370:123:2",NA,NA,NA,0.134661356756139
"1500:370:124:1",NA,NA,NA,NA
"1500:370:124:2",NA,0.032175511312513,NA,NA
"1500:370:225:1",NA,0.203324183516896,NA,NA
"1500:370:225:2",NA,NA,NA,NA
"1500:370:226:1",NA,NA,NA,NA
"1500:370:226:2",NA,0.049651492711924,NA,NA
"1500:370:227:1",NA,NA,NA,NA
"1500:370:227:2",NA,NA,NA,NA
"1500:370:228:1",NA,NA,NA,NA
"1500:370:228:2",NA,0.168113678231901,NA,NA
"1500:370:229:1",NA,NA,NA,NA
"1500:370:229:2",NA,0.116083138879976,NA,NA
"1500:371:120:1",NA,NA,NA,NA
"1500:371:120:2",NA,0.093801864086112,NA,NA
"1500:371:121:1",NA,NA,NA,NA
"1500:371:121:2",NA,NA,NA,NA
"1500:371:122:1",NA,NA,NA,NA
"1500:371:122:2",NA,NA,NA,NA
"1500:371:123:1",NA,0.155746754603577,NA,NA
"1500:371:123:2",NA,NA,NA,NA
"1500:371:124:1",NA,0.46491169765492,NA,NA
"1500:371:124:2",NA,0.110323770608875,NA,NA
"1500:371:225:1",NA,0.280679626854477,NA,NA
"1500:371:225:2",NA,0.232218781734356,NA,NA
"1500:371:226:1",NA,0.212460904108198,NA,NA
"1500:371:226:2",NA,NA,NA,NA
"1500:371:227:1",NA,NA,NA,NA
"1500:371:227:2",NA,0.090072340707164,NA,NA
"1500:371:228:1",NA,NA,NA,NA
"1500:371:228:2",NA,NA,NA,NA
"1500:371:229:1",NA,NA,NA,NA
"1500:371:229:2",NA,NA,NA,NA
"1500:372:120:1",NA,NA,NA,NA
"1500:372:120:2",NA,NA,NA,NA
"1500:372:121:1",NA,NA,NA,NA
"1500:372:121:2",NA,NA,NA,NA
"1500:372:122:1",NA,NA,NA,NA
"1500:372:122:2",NA,NA,NA,NA
"1500:372:123:1",NA,0.17793592360148,NA,NA
"1500:372:123:2",NA,0.236993259230458,NA,NA
"1500:372:124:1",NA,0.050608057204432,NA,NA
"1500:372:124:2",NA,NA,NA,NA
"1500:372:225:1",NA,NA,NA,NA
"1500:372:225:2",NA,NA,NA,NA
"1500:372:226:1",NA,0.106193520490089,NA,NA
"1500:372:226:2",NA,0.711828610647759,NA,NA
"1500:372:227:1",NA,0.099062512924646,NA,NA
"1500:372:227:2",NA,0.36405566379739,NA,NA
"1500:372:228:1",NA,0.40823348828271,NA,NA
"1500:372:228:2",NA,0.341522001727594,NA,NA
"1500:372:229:1",NA,0.328761933517834,NA,NA
"1500:372:229:2",NA,0.044559750582268,NA,NA
"1500:373:120:1",NA,0.141872156532093,NA,NA
"1500:373:120:2",NA,0.220813100400913,NA,NA
"1500:373:121:1",NA,0.060675943966232,NA,NA
"1500:373:121:2",NA,0.126703170540535,NA,NA
"1500:373:122:1",NA,0.162011417966324,NA,NA
"1500:373:122:2",NA,0.271260843627405,NA,NA
"1500:373:123:1",NA,0.293296695162048,NA,NA
"1500:373:123:2",NA,0.321542898422466,NA,NA
"1500:373:124:1",NA,0.807465112823742,NA,NA
"1500:373:124:2",NA,1.09767297122968,NA,NA
"1500:373:225:1",NA,1.05554625556638,NA,NA
"1500:373:225:2",NA,1.76491853538351,NA,NA
"1500:373:226:1",NA,1.11936975565055,NA,NA
"1500:373:226:2",NA,1.54050216188562,NA,NA
"1500:373:227:1",NA,1.32699793761,NA,NA
"1500:373:227:2",NA,1.88614057130422,NA,NA
"1500:373:228:1",NA,1.59321426836069,NA,NA
"1500:373:228:2",NA,1.89263504652533,NA,NA
"1500:373:229:1",0.017925292882071,1.07041980342355,NA,NA
"1500:373:229:2",NA,1.35559750378969,NA,NA
"1500:374:120:1",0.018522802644806,1.73736688184907,NA,NA
"1500:374:120:2",0.020762849539552,1.01376203744208,NA,NA
"1500:374:121:1",NA,1.30228852413653,NA,NA
"1500:374:121:2",0.002966121362793,0.926644701369715,NA,NA
"1500:374:122:1",0.017925292882071,0.664560325518651,NA,NA
"1500:374:122:2",NA,0.585054154080268,NA,NA
"1500:374:123:1",NA,0.713087598097695,NA,NA
"1500:374:123:2",NA,1.23565655051054,NA,NA
"1500:374:124:1",NA,2.79336127887388,NA,NA
"1500:374:124:2",NA,1.0979767122316,NA,NA
"1500:374:225:1",NA,0.354906057465676,NA,NA
"1500:374:225:2",NA,0.768394889148345,NA,NA
"1500:374:226:1",0.018377251504892,0.554369714829071,NA,NA
"1500:374:226:2",0.017784436940218,0.677314463396259,NA,NA
"1500:374:227:1",0.098262360042429,0.726546976918523,NA,NA
"1500:374:227:2",0.168966490708034,0.476576142641365,NA,NA
"1500:374:228:1",0.433706117646039,0.981376745459977,NA,NA
"1500:374:228:2",0.629467389517455,0.708500421807105,NA,NA
"1500:374:229:1",0.815257294777468,0.576341217288975,NA,NA
"1500:374:229:2",0.118976071397236,0.138782649072328,NA,NA
"1500:475:120:1",NA,NA,NA,NA
"1500:475:120:2",NA,0.120385913913209,NA,NA
"1500:475:121:1",0.033813783535841,0.146182895466039,NA,NA
"1500:475:121:2",NA,0.35968874927947,NA,NA
"1500:475:122:1",NA,3.22801996422864,NA,NA
"1500:475:122:2",NA,2.66946768564258,NA,NA
"1500:475:123:1",0.099293590240708,1.36010106729619,NA,NA
"1500:475:123:2",0.098950014432069,1.03054294193708,NA,NA
"1500:475:124:1",0.094784733143268,0.267228500592852,NA,NA
"1500:475:124:2",0.087034106526865,0.089962058911519,NA,0.16808342591715
"1500:475:225:1",0.15191098407587,1.07771490521068,NA,NA
"1500:475:225:2",0.176097316314899,0.936925528788577,NA,0.16808342591715
"1500:475:226:1",0.164422070708064,3.05724641679851,NA,NA
"1500:475:226:2",0.071689888393171,2.47228212856455,NA,NA
"1500:475:227:1",0.14116902164467,1.80306386047061,NA,NA
"1500:475:227:2",0.071263249485469,2.3336460909172,NA,NA
"1500:475:228:1",0,2.50643952055405,NA,NA
"1500:475:228:2",NA,2.10619441799747,NA,NA
"1500:475:229:1",NA,1.26996054430862,NA,NA
"1500:475:229:2",NA,1.88904276060794,NA,0.599989942584351
"1500:476:120:1",NA,2.08547684624657,NA,NA
"1500:476:120:2",NA,1.93574136142396,NA,0.144061556251813
"1500:476:121:1",NA,2.71975659488219,NA,0.936400115636783
"1500:476:121:2",NA,1.14036988368358,NA,NA
"1500:476:122:1",NA,1.82969200052172,NA,NA
"1500:476:122:2",NA,1.19862249788282,NA,0.460606903624119
"1500:476:123:1",NA,1.38142973260705,NA,0.154349344069993
"1500:476:123:2",NA,0.882843455433265,NA,NA
"1500:476:124:1",NA,0.708090443428068,NA,4.21396782763718
"1500:476:124:2",NA,1.25614164538719,NA,0.31143493095909
"1500:476:225:1",NA,0.975716969095715,NA,2.43472230361379
"1500:476:225:2",NA,0.56463909166441,NA,0.226380122195899
"1500:476:226:1",NA,0.747663250234567,NA,0.450362321334381
"1500:476:226:2",NA,0.900304815490923,NA,NA
"1500:476:227:1",NA,0.122540474803625,NA,NA
"1500:476:227:2",NA,0.429651513969373,NA,0.077174672034996
"1500:476:228:1",NA,1.66051807260174,NA,6.96457285226777
"1500:476:228:2",NA,2.29588104713119,NA,1.69848900055408
"1500:476:229:1",0.023135746629786,2.97881594441256,NA,0.584246710197296
"1500:476:229:2",0.04286045369236,5.06788568289787,NA,0.383301955333725
"1500:477:120:1",0.204448057882672,5.34727619204963,NA,1.59485016282776
"1500:477:120:2",0.371452510801991,5.40030682077471,NA,2.19936422391107
"1500:477:121:1",0.163795813034241,2.78582375723881,NA,1.78783993811818
"1500:477:121:2",0.136573954764967,2.84743011870735,NA,1.72418569287567
"1500:477:122:1",0.126734480998973,1.90171673160255,NA,0.773598209829501
"1500:477:122:2",0.128996511845892,1.75049081840032,NA,0.526095250126887
"1500:477:123:1",0.19328465485924,2.4251765022231,NA,0.319612647903885
"1500:477:123:2",0.245528230681316,3.34275592378348,NA,2.20174392971844
"1500:477:124:1",0.419329268804865,3.09823378468871,NA,2.83727207147838
"1500:477:124:2",1.27671565496451,3.98904249451713,NA,4.16309912965707
"1500:477:225:1",0.889928621758148,4.23808214298634,NA,5.07612301578996
"1500:477:225:2",0.749064615084482,3.67360169402436,NA,2.8360013331239
"1500:477:226:1",0.603628196046512,3.372942480506,NA,5.01303212870635
"1500:477:226:2",0.799024904314238,2.90659281395851,NA,2.52275821374932
"1500:477:227:1",0.544843530510143,2.38605772952114,NA,1.29643680439335
"1500:477:227:2",0.848370354414048,0.436618065243573,NA,0.331202034892955
"1500:477:228:1",0.693975627661847,0.04372312409493,NA,NA
"1500:477:228:2",0.516746263957357,0.044111277127924,NA,0.172337452081327
"1500:477:229:1",1.26663106060482,0.133974529095585,NA,0.162661379919823
"1500:477:229:2",1.07316863015456,0.790368339889348,NA,0.662702543563662
"7500:371:219:4",NA,NA,0.036565697850539,NA
"7500:371:219:3",NA,NA,0.369116482444954,NA
"7500:371:218:4",NA,0.182022199428032,0.476435763878512,NA
"7500:371:218:3",NA,NA,0.405217147796042,NA
"7500:371:217:4",NA,NA,0.361110053076568,NA
"7500:371:217:3",NA,NA,0.186438179937941,NA
"7500:371:216:4",NA,NA,0.090101629831713,NA
"7500:371:216:3",NA,NA,0.142280672312877,NA
"7500:371:215:4",NA,0.095177536553486,0.349835627317765,NA
"7500:371:215:3",NA,NA,0.47175030045002,NA
"7500:371:114:4",NA,NA,0.746827714476053,NA
"7500:371:114:3",NA,NA,0.424485520787324,NA
"7500:371:113:4",NA,NA,0.086007521781781,NA
"7500:371:113:3",NA,NA,0.011250983954012,NA
"7500:371:112:4",NA,NA,0.140914312287654,NA
"7500:371:112:3",NA,NA,0.31163662915953,NA
"7500:371:111:4",NA,NA,0.404438308303213,NA
"7500:371:111:3",NA,NA,0.354343489084967,NA
"7500:371:110:4",NA,NA,0.236870715511799,NA
"7500:371:110:3",NA,NA,0.550750289225323,NA
"7500:370:219:4",NA,NA,0.208393225014867,NA
"7500:370:219:3",NA,NA,0.129586109729845,NA
"7500:370:218:4",NA,0.168373470490901,0.140915732866436,NA
"7500:370:218:3",NA,0.048400936471391,0.127706481061338,NA
"7500:370:217:4",NA,0.09511743208022,0.170764934235338,NA
"7500:370:217:3",NA,0.39941767694641,0.164382797138617,NA
"7500:370:216:4",NA,NA,0.193783394681601,NA
"7500:370:216:3",NA,0.085709457301299,0.067505903724072,0.223325250184527
"7500:370:215:4",NA,0.086256168034296,NA,NA
"7500:370:215:3",NA,NA,NA,NA
"7500:370:114:4",NA,NA,NA,0.276156333363359
"7500:370:114:3",NA,0.323957439622539,NA,NA
"7500:370:113:4",NA,0.479206523149177,NA,1.46467110037952
"7500:370:113:3",NA,0.75983441401629,NA,0.657796297752776
"7500:370:112:4",NA,NA,NA,NA
"7500:370:112:3",NA,0.208370480358032,NA,0.223325250184527
"7500:370:111:4",NA,0.385440683402798,NA,0.615500650721687
"7500:370:111:3",NA,0.119885775275146,NA,2.41286599631653
"7500:370:110:4",NA,0.295490658037605,NA,0.310336462548749
"7500:370:110:3",NA,0.396592147485885,NA,NA
"1500:370:110:3",NA,0.426962188684965,NA,NA
"1500:370:110:4",NA,0.150570887507764,NA,NA
"1500:370:111:3",NA,0.108595112395897,NA,0.687912491983061
"1500:370:111:4",NA,0.067775251351136,NA,0.367231480682687
"1500:370:112:3",NA,0.211236384653351,NA,0.135244034238336
"1500:370:112:4",NA,0.00749587127717,NA,0.310336462548749
"1500:370:113:3",NA,NA,NA,0.618086787909592
"1500:370:113:4",NA,0.239522197009941,NA,1.33703292614753
"1500:370:114:3",NA,NA,NA,NA
"1500:370:114:4",NA,NA,NA,NA
"1500:370:215:3",NA,NA,NA,NA
"1500:370:215:4",NA,NA,NA,NA
"1500:370:216:3",NA,0.179900910652079,NA,NA
"1500:370:216:4",NA,NA,NA,NA
"1500:370:217:3",NA,NA,NA,NA
"1500:370:217:4",NA,NA,NA,NA
"1500:370:218:3",NA,NA,NA,NA
"1500:370:218:4",NA,NA,NA,NA
"1500:370:219:3",NA,NA,NA,NA
"1500:370:219:4",NA,NA,NA,NA
"1500:371:110:3",NA,NA,NA,NA
"1500:371:110:4",NA,0.009328309747538,NA,NA
"1500:371:111:3",NA,0.208415393634532,NA,NA
"1500:371:111:4",NA,NA,NA,NA
"1500:371:112:3",NA,NA,NA,NA
"1500:371:112:4",NA,NA,NA,NA
"1500:371:113:3",NA,0.230161900028846,NA,NA
"1500:371:113:4",NA,1.27628714495674,NA,NA
"1500:371:114:3",NA,0.014674752015262,NA,NA
"1500:371:114:4",NA,NA,NA,NA
"1500:371:215:3",NA,0.698239697775357,NA,NA
"1500:371:215:4",NA,0.941949217876328,NA,NA
"1500:371:216:3",NA,1.96763450327814,NA,NA
"1500:371:216:4",NA,0.086558246531918,NA,NA
"1500:371:217:3",NA,NA,NA,NA
"1500:371:217:4",NA,NA,NA,NA
"1500:371:218:3",NA,0.1499174255434,NA,NA
"1500:371:218:4",NA,0.08995045532604,NA,NA
"1500:371:219:3",NA,NA,NA,NA
"1500:371:219:4",NA,NA,NA,NA
"1500:372:110:3",NA,NA,NA,NA
"1500:372:110:4",NA,NA,NA,NA
"1500:372:111:3",NA,NA,NA,NA
"1500:372:111:4",NA,NA,NA,NA
"1500:372:112:3",NA,NA,NA,NA
"1500:372:112:4",NA,NA,NA,NA
"1500:372:113:3",NA,0.166310015866264,NA,NA
"1500:372:113:4",NA,0.055747181467445,NA,NA
"1500:372:114:3",NA,NA,NA,NA
"1500:372:114:4",NA,0.059728588244179,NA,NA
"1500:372:215:3",NA,NA,NA,NA
"1500:372:215:4",NA,0.163336578123435,NA,NA
"1500:372:216:3",NA,0.130891758856414,NA,NA
"1500:372:216:4",NA,0.942529611959118,NA,NA
"1500:372:217:3",NA,0.324166131735617,NA,NA
"1500:372:217:4",NA,0.362808233694203,NA,NA
"1500:372:218:3",NA,0.40045320998776,NA,NA
"1500:372:218:4",NA,0.371261524792064,NA,NA
"1500:372:219:3",NA,0.059728588244179,NA,NA
"1500:372:219:4",NA,0.244537263508251,NA,NA
"1500:373:110:3",NA,0.188374778308565,NA,NA
"1500:373:110:4",NA,0.102771511840179,NA,NA
"1500:373:111:3",NA,0.4084586591104,NA,NA
"1500:373:111:4",NA,0.212482563022373,NA,NA
"1500:373:112:3",NA,0.529869526485484,NA,NA
"1500:373:112:4",NA,0.939247905912673,NA,NA
"1500:373:113:3",NA,0.424580587433254,NA,NA
"1500:373:113:4",NA,0.492226096446835,NA,NA
"1500:373:114:3",NA,0.852139820292472,NA,NA
"1500:373:114:4",NA,0.544654661369876,NA,NA
"1500:373:215:3",NA,0.650129274366978,NA,NA
"1500:373:215:4",NA,1.44754493330741,NA,NA
"1500:373:216:3",NA,0.862228703224817,NA,NA
"1500:373:216:4",NA,0.640145943415819,NA,NA
"1500:373:217:3",NA,0.638270234923272,NA,NA
"1500:373:217:4",NA,0.612264192171944,NA,NA
"1500:373:218:3",NA,0.619282963419672,NA,NA
"1500:373:218:4",NA,0.325701346553395,NA,NA
"1500:373:219:3",NA,0.57096488789365,NA,NA
"1500:373:219:4",NA,0.614218667426085,NA,NA
"1500:374:110:3",NA,0.502785589792998,NA,NA
"1500:374:110:4",0.002884055876899,0.812911349222097,NA,NA
"1500:374:111:3",0.01777264574502,0.727318177520255,NA,NA
"1500:374:111:4",0.007602742902036,0.790266593715841,NA,NA
"1500:374:112:3",NA,0.805494699262105,NA,NA
"1500:374:112:4",NA,0.527447613797294,NA,NA
"1500:374:113:3",NA,0.453523831276268,NA,NA
"1500:374:113:4",NA,0.665338414416215,NA,NA
"1500:374:114:3",NA,0.113495893836541,NA,NA
"1500:374:114:4",NA,0.608780475360083,NA,NA
"1500:374:215:3",NA,0.335408183687949,NA,NA
"1500:374:215:4",0.017760371140911,0.185843093215821,NA,NA
"1500:374:216:3",NA,0.492021172432646,NA,NA
"1500:374:216:4",NA,0.293575789986247,NA,NA
"1500:374:217:3",0.30425818034714,0.746785904336554,NA,NA
"1500:374:217:4",0.637211532446896,0.707049240337871,NA,NA
"1500:374:218:3",0.51215950184344,0.722450389264245,NA,NA
"1500:374:218:4",0.488605851977675,0.390110269061498,NA,NA
"1500:374:219:3",0.34036793662403,0.173243561472376,NA,NA
"1500:374:219:4",NA,0.057213581888881,NA,NA
"1500:475:110:3",NA,NA,NA,NA
"1500:475:110:4",NA,NA,NA,NA
"1500:475:111:3",0.014218116596016,NA,NA,NA
"1500:475:111:4",0.008293901347676,1.55105221010466,NA,NA
"1500:475:112:3",0.009169845626129,2.3599099574685,NA,NA
"1500:475:112:4",0.032538161899168,2.04312609876013,NA,NA
"1500:475:113:3",0.192201932215965,3.22944242496952,NA,NA
"1500:475:113:4",0.179697163929144,1.90316688620136,NA,NA
"1500:475:114:3",0.093806403651193,NA,NA,NA
"1500:475:114:4",0.083524710406716,0.056057188276461,NA,NA
"1500:475:215:3",0.043794170871014,0.606894689676289,NA,NA
"1500:475:215:4",0.024268817987875,NA,NA,0.162441267462103
"1500:475:216:3",0.014790073590531,0.183513951599085,NA,NA
"1500:475:216:4",0.091797499149951,1.7101717008394,NA,0.162441267462103
"1500:475:217:3",0.113090247478308,1.28174658531909,NA,NA
"1500:475:217:4",0.225136970673186,1.28060368548568,NA,NA
"1500:475:218:3",0.27205236013932,2.07862446383766,NA,0.077070239706045
"1500:475:218:4",0.450479113879353,1.98642623348806,NA,1.23312383529673
"1500:475:219:3",0.277679689107096,2.36610253720645,NA,0.077070239706045
"1500:475:219:4",0.035915417196065,2.08076060846373,NA,0.07193330648505
"1500:476:110:3",NA,2.30769906587657,NA,1.96077392958834
"1500:476:110:4",NA,2.13630704619442,NA,7.41872167549143
"1500:476:111:3",NA,2.82335723837196,NA,0.287733225940198
"1500:476:111:4",NA,2.77368134429198,NA,0.143866612970099
"1500:476:112:3",NA,2.46943621306321,NA,0.72173084173333
"1500:476:112:4",NA,2.95501936588398,NA,5.1815958438064
"1500:476:113:3",NA,1.88530777175601,NA,0.945536950713943
"1500:476:113:4",NA,0.786636667030194,NA,0.234374573947152
"1500:476:114:3",NA,0.605594028751013,NA,2.55441472648663
"1500:476:114:4",NA,0.389571589386668,NA,0.801569866341467
"1500:476:215:3",NA,0.669230977284459,NA,1.01928786145145
"1500:476:215:4",NA,1.77108904317067,NA,14.3840736660313
"1500:476:216:3",NA,0.637201461582922,NA,0.52408087827933
"1500:476:216:4",NA,0.057213581888881,NA,NA
"1500:476:217:3",NA,NA,NA,NA
"1500:476:217:4",NA,NA,NA,NA
"1500:476:218:3",0.038635253720808,0.050398126973782,NA,NA
"1500:476:218:4",0.100723336916997,0.333824596910638,NA,6.05468744976851
"1500:476:219:3",0.034176655868726,0.572813859061743,NA,0.567301898342816
"1500:476:219:4",0.304302760482055,0.482723430159162,NA,NA
"1500:477:110:3",0.180668596982186,0.274213820533978,NA,NA
"1500:477:110:4",0.429962722400907,1.47484640967995,NA,NA
"1500:477:111:3",0.627935665591377,2.53409684367679,NA,NA
"1500:477:111:4",0.699422711434032,2.71012538859965,NA,0.172530990097622
"1500:477:112:3",0.522061229181586,3.61390447607758,NA,NA
"1500:477:112:4",0.372306616650986,3.81116763057859,NA,0.161117644758912
"1500:477:113:3",0.142493810813577,5.81164441215601,NA,NA
"1500:477:113:4",0.201654790545798,5.38404145915163,NA,0.477242655000214
"1500:477:114:3",0.074822870541211,7.185538096693,NA,NA
"1500:477:114:4",0.134480813317742,6.37014831914392,NA,0.755111371409674
"1500:477:215:3",0.322184210269972,6.65586323728161,NA,2.18721476228529
"1500:477:215:4",0.612102074844077,6.75751849087129,NA,0.710880497469502
"1500:477:216:3",1.11063347797203,4.14739050477329,NA,0.330297243839608
"1500:477:216:4",0.38143795026091,3.91542931002325,NA,0.702622743445455
"1500:477:217:3",0.509018769646113,3.40237723411296,NA,0.596443851570744
"1500:477:217:4",0.836802311079851,1.77558015441678,NA,0.158062505120651
"1500:477:218:3",1.51446556998194,0.436540472646577,NA,NA
"1500:477:218:4",1.90373692773441,0.620353121645323,NA,0.438940889229129
"1500:477:219:3",1.63751816557939,0.430653810666099,NA,0.171742268664614
"1500:477:219:4",2.60470371340388,0.6575804216277,NA,NA
"7500:371:219:2",NA,0.034655679360895,0.039980680053656,NA
"7500:371:219:1",NA,0.060702012140784,0.480223834280699,NA
"7500:371:218:2",NA,0.111223314971946,0.282502049575068,NA
"7500:371:218:1",NA,NA,0.066759308848376,NA
"7500:371:217:2",NA,0.083894247498613,0.156016054455392,NA
"7500:371:217:1",NA,NA,0.312979125353674,NA
"7500:371:216:2",NA,NA,0.022471576610954,NA
"7500:371:216:1",NA,0.110025678771742,0.007490525536985,NA
"7500:371:215:2",NA,0.040071470139757,NA,NA
"7500:371:215:1",NA,0.108668900671662,0.061297467310991,NA
"7500:371:114:2",NA,0.105052008872497,0.022471576610954,NA
"7500:371:114:1",NA,NA,0.063357361833662,NA
"7500:371:113:2",NA,NA,0.047798916082883,NA
"7500:371:113:1",NA,NA,0.266552053625765,NA
"7500:371:112:2",NA,0.15054097466677,0.40766313176306,NA
"7500:371:112:1",NA,NA,0.296599559114107,NA
"7500:371:111:2",NA,NA,0.230283929209033,NA
"7500:371:111:1",NA,NA,0.542007145400825,NA
"7500:371:110:2",NA,NA,0.509224202838446,NA
"7500:371:110:1",NA,NA,0.745784960554491,NA
"7500:370:219:2",NA,0.102841629504571,0.505692164926167,NA
"7500:370:219:1",NA,0.011312579245503,0.411066219666642,NA
"7500:370:218:2",NA,0.108033939081466,0.324240922428377,NA
"7500:370:218:1",NA,0.081507958059327,0.054961731127625,NA
"7500:370:217:2",NA,NA,0.028713681225108,NA
"7500:370:217:1",NA,0.010027058876696,NA,NA
"7500:370:216:2",NA,0.264599220029022,NA,NA
"7500:370:216:1",NA,0.466771147104753,NA,NA
"7500:370:215:2",NA,0.376227015978766,NA,NA
"7500:370:215:1",NA,0.070263302671817,NA,NA
"7500:370:114:2",NA,NA,NA,0.275783354911015
"7500:370:114:1",NA,NA,NA,NA
"7500:370:113:2",NA,1.16033893396371,NA,0.617251996069907
"7500:370:113:1",NA,0.748646695810774,NA,0.798253540980908
"7500:370:112:2",NA,0.308042567579221,NA,0.397727227593161
"7500:370:112:1",NA,0.13992773470114,NA,NA
"7500:370:111:2",NA,0.144525147453601,NA,NA
"7500:370:111:1",NA,0.818114554203453,NA,0.309917320202464
"7500:370:110:2",NA,1.22401911930447,NA,2.60588813403572
"7500:370:110:1",NA,0.409327053402902,NA,1.37396678623092
"1500:370:110:1",NA,0.39072441850636,NA,NA
"1500:370:110:2",NA,0.469473902600877,NA,NA
"1500:370:111:1",NA,0.662873737283031,NA,NA
"1500:370:111:2",NA,NA,NA,NA
"1500:370:112:1",NA,NA,NA,0.135061372808976
"1500:370:112:2",NA,0.735437946683938,NA,NA
"1500:370:113:1",NA,0.389227601732637,NA,NA
"1500:370:113:2",NA,NA,NA,NA
"1500:370:114:1",NA,NA,NA,NA
"1500:370:114:2",NA,0.30017846701263,NA,NA
"1500:370:215:1",NA,NA,NA,NA
"1500:370:215:2",NA,NA,NA,NA
"1500:370:216:1",NA,NA,NA,NA
"1500:370:216:2",NA,0.016602193158171,NA,NA
"1500:370:217:1",NA,NA,NA,NA
"1500:370:217:2",NA,NA,NA,NA
"1500:370:218:1",NA,NA,NA,NA
"1500:370:218:2",NA,0.106457245480285,NA,NA
"1500:370:219:1",NA,0.16280934725903,NA,NA
"1500:370:219:2",NA,NA,NA,NA
"1500:371:110:1",NA,NA,NA,NA
"1500:371:110:2",NA,NA,NA,NA
"1500:371:111:1",NA,NA,NA,NA
"1500:371:111:2",NA,0.112945839400898,NA,NA
"1500:371:112:1",NA,0.026614311370071,NA,NA
"1500:371:112:2",NA,0.30363847997732,NA,NA
"1500:371:113:1",NA,1.79013247429817,NA,NA
"1500:371:113:2",NA,2.70598953637278,NA,NA
"1500:371:114:1",NA,1.79272139299853,NA,NA
"1500:371:114:2",NA,1.58416320413662,NA,NA
"1500:371:215:1",NA,1.05228368416539,NA,NA
"1500:371:215:2",NA,3.24991141407804,NA,NA
"1500:371:216:1",NA,3.88171016779243,NA,NA
"1500:371:216:2",NA,1.45241764155207,NA,NA
"1500:371:217:1",NA,0.030852488851371,NA,NA
"1500:371:217:2",NA,0.176270308113217,NA,NA
"1500:371:218:1",NA,NA,NA,NA
"1500:371:218:2",NA,NA,NA,NA
"1500:371:219:1",NA,NA,NA,NA
"1500:371:219:2",NA,NA,NA,NA
"1500:372:110:1",NA,NA,NA,NA
"1500:372:110:2",NA,NA,NA,NA
"1500:372:111:1",NA,0.113903695762123,NA,NA
"1500:372:111:2",NA,0.07646313965892,NA,NA
"1500:372:112:1",NA,NA,NA,NA
"1500:372:112:2",NA,NA,NA,NA
"1500:372:113:1",NA,NA,NA,NA
"1500:372:113:2",NA,0.37980425733462,NA,NA
"1500:372:114:1",NA,NA,NA,NA
"1500:372:114:2",NA,NA,NA,NA
"1500:372:215:1",NA,0.081696859773194,NA,NA
"1500:372:215:2",NA,0.274683825997469,NA,NA
"1500:372:216:1",NA,NA,NA,NA
"1500:372:216:2",NA,0.873632589975597,NA,NA
"1500:372:217:1",NA,0.262535588255668,NA,NA
"1500:372:217:2",NA,0.277797808225359,NA,NA
"1500:372:218:1",NA,0.39938485562914,NA,NA
"1500:372:218:2",NA,0.304859049666074,NA,NA
"1500:372:219:1",NA,0.414675289219453,NA,NA
"1500:372:219:2",NA,0.238591673773489,NA,NA
"1500:373:110:1",NA,0.208038422015644,NA,NA
"1500:373:110:2",NA,0.259418967345073,NA,NA
"1500:373:111:1",NA,0.344174102100475,NA,NA
"1500:373:111:2",NA,0.764645241410654,NA,NA
"1500:373:112:1",NA,0.652064286004171,NA,NA
"1500:373:112:2",NA,0.471988346267068,NA,NA
"1500:373:113:1",NA,0.779401080649905,NA,NA
"1500:373:113:2",NA,0.248466950681607,NA,NA
"1500:373:114:1",NA,0.701514423490911,NA,NA
"1500:373:114:2",NA,0.475635543828532,NA,NA
"1500:373:215:1",NA,0.893317467594064,NA,NA
"1500:373:215:2",NA,1.17207307116201,NA,NA
"1500:373:216:1",NA,0.462516348376624,NA,NA
"1500:373:216:2",NA,0.759803012390116,NA,NA
"1500:373:217:1",NA,0.459934014910337,NA,NA
"1500:373:217:2",NA,0.820044821921042,NA,NA
"1500:373:218:1",NA,0.359916920253794,NA,NA
"1500:373:218:2",NA,0.327092164987462,NA,NA
"1500:373:219:1",0.017876859226687,0.393881632653405,NA,NA
"1500:373:219:2",NA,0.143628743720892,NA,NA
"1500:374:110:1",NA,0.610002920919568,NA,NA
"1500:374:110:2",0.012424049329806,0.564916021813175,NA,NA
"1500:374:111:1",0.008282699553204,0.477310587490796,NA,NA
"1500:374:111:2",0.017876859226687,0.809984630642475,NA,NA
"1500:374:112:1",NA,0.924577628306924,NA,NA
"1500:374:112:2",NA,0.497868294491482,NA,NA
"1500:374:113:1",NA,0.812656800479874,NA,NA
"1500:374:113:2",NA,0.537536267130266,NA,NA
"1500:374:114:1",0.01773638387377,0.650735683712681,NA,NA
"1500:374:114:2",NA,0.334981123152306,NA,NA
"1500:374:215:1",NA,0.673112962199716,NA,NA
"1500:374:215:2",NA,0.526999534923334,NA,NA
"1500:374:216:1",NA,0.469779744602744,NA,NA
"1500:374:216:2",NA,0.283106581603267,NA,NA
"1500:374:217:1",0.035472767747539,0.631538586485603,NA,NA
"1500:374:217:2",0.218658693970157,0.421567167756228,NA,NA
"1500:374:218:1",0.14486438447471,0.311417239763593,NA,NA
"1500:374:218:2",0.095753923049003,0.242213408705017,NA,NA
"1500:374:219:1",0.075875444121314,0.050787830107749,NA,NA
"1500:374:219:2",NA,0.050787830107749,NA,NA
"1500:475:110:1",NA,0.172410505044279,NA,NA
"1500:475:110:2",NA,0.100023959908962,NA,NA
"1500:475:111:1",NA,0.257070138551976,NA,NA
"1500:475:111:2",0.036039039182555,7.66390001727422,NA,NA
"1500:475:112:1",0.060887955317799,5.81952907008889,NA,NA
"1500:475:112:2",NA,0.322474912604889,NA,NA
"1500:475:113:1",0.024728376973011,0.273576526303192,NA,NA
"1500:475:113:2",0.035600976857451,0.177753997681303,NA,NA
"1500:475:114:1",0.035753718453373,0.098331998717317,NA,NA
"1500:475:114:2",0.047292472643642,0.124198114685184,NA,NA
"1500:475:215:1",0.126640004102296,0.139160768058726,NA,NA
"1500:475:215:2",0.014770098025638,NA,NA,NA
"1500:475:216:1",0.060345382459057,NA,NA,NA
"1500:475:216:2",NA,0.027785138601989,NA,0.162221873281288
"1500:475:217:1",NA,NA,NA,NA
"1500:475:217:2",NA,0.034218582466392,NA,NA
"1500:475:218:1",0.015262434626492,0.07537656010476,NA,0.569039163783393
"1500:475:218:2",0.077237277588426,0.89135049296283,NA,NA
"1500:475:219:1",0.067565627920547,2.49945521874762,NA,NA
"1500:475:219:2",0.334244273285052,4.03754323184462,NA,0.071836152916279
"1500:476:110:1",0.312637879860115,3.38022966061838,NA,1.29305075249302
"1500:476:110:2",0.195475607633501,1.86788434299175,NA,2.95007134642852
"1500:476:111:1",0.11978391790154,2.42270885283127,NA,4.67174447798868
"1500:476:111:2",0.008862058815382,2.88579886776081,NA,0.215508458748837
"1500:476:112:1",NA,3.08147269712564,NA,3.67356287083852
"1500:476:112:2",NA,3.20695394801515,NA,0.933869987911627
"1500:476:113:1",NA,3.20407865482689,NA,1.27104174461935
"1500:476:113:2",NA,3.92179906337082,NA,0.625593322904485
"1500:476:114:1",0.089605261355534,2.8365559265668,NA,9.47855772112268
"1500:476:114:2",0.05738727547577,3.22389821644505,NA,2.31296202378675
"1500:476:215:1",0.011240806536491,2.61368759983732,NA,2.63261998827569
"1500:476:215:2",NA,2.18611435314011,NA,1.63474947540427
"1500:476:216:1",NA,1.4016244110234,NA,0.250356699103265
"1500:476:216:2",NA,1.86450361180162,NA,0.249722210943144
"1500:476:217:1",0.182375441386596,1.6727694585901,NA,0.314377427369777
"1500:476:217:2",0.292282386884836,2.45324893481649,NA,NA
"1500:476:218:1",0.34931968064869,3.47018137133654,NA,0.777842162777519
"1500:476:218:2",0.412303681346078,5.19908254729185,NA,0.646188226752436
"1500:476:219:1",0.274388134080951,8.76705324364029,NA,0.166939833900984
"1500:476:219:2",0.191079591284252,5.32080979352532,NA,0.153932296326972
"1500:477:110:1",0.446979602955617,5.07123313096908,NA,0.230898444490457
"1500:477:110:2",0.468643643020697,2.26109489940315,NA,0.334519841956282
"1500:477:111:1",0.911828312125699,0.22825734545573,NA,NA
"1500:477:111:2",0.917177049897302,0.619676591144727,NA,0.330307135974088
"1500:477:112:1",0.314599444131197,6.61678036574927,NA,NA
"1500:477:112:2",0.684830459218404,5.07568622892213,NA,NA
"1500:477:113:1",1.01075942387749,3.97470829322928,NA,0.310567512445564
"1500:477:113:2",0.786222140150612,3.10266463949394,NA,0.076966148163486
"1500:477:114:1",0.286696234983015,3.12798200565901,NA,0.330307135974088
"1500:477:114:2",0.293143404609764,3.10282346502587,NA,NA
"1500:477:215:1",0.202395845585889,3.65013017689308,NA,NA
"1500:477:215:2",0.290695256153376,4.72407284910098,NA,0.408968906743759
"1500:477:216:1",0.479698763602944,4.77925342940308,NA,0.32180007654222
"1500:477:216:2",0.482059882099429,4.3118842565155,NA,NA
"1500:477:217:1",0.422013743456037,5.89932885045481,NA,1.96198250961491
"1500:477:217:2",0.422306061470761,5.91969976134632,NA,22.7882415646469
"1500:477:218:1",1.71967730480941,4.86048733443152,NA,1.63141465980357
"1500:477:218:2",1.70382752051162,2.93564698114771,NA,0.889916768592587
"1500:477:219:1",2.6284708594775,0.472112434149652,NA,NA
"1500:477:219:2",2.96576803761707,0.038486283247784,NA,NA
"7500:371:209:4",NA,0.070118088007112,0.232945915334256,NA
"7500:371:209:3",NA,0.152843675694329,0.076321145802797,NA
"7500:371:208:4",NA,0.133497210355567,0.121801109831077,NA
"7500:371:208:3",NA,0.072104676607388,0.037402140605781,NA
"7500:371:207:4",NA,0.058807282441113,NA,NA
"7500:371:207:3",NA,0.124031871951403,0.021506230848324,NA
"7500:371:206:4",NA,NA,0.048809793490544,NA
"7500:371:206:3",NA,NA,NA,NA
"7500:371:205:4",NA,0.183990131087525,0.022441284363469,NA
"7500:371:205:3",NA,0.16019665242668,0.029921712484625,NA
"7500:371:104:4",NA,NA,NA,NA
"7500:371:104:3",NA,NA,0.026181498424047,NA
"7500:371:103:4",NA,NA,0.036061897234074,NA
"7500:371:103:3",NA,0.112006772935142,0.037402140605781,NA
"7500:371:102:4",NA,NA,0.078556962652342,NA
"7500:371:102:3",NA,NA,0.160517520099811,NA
"7500:371:101:4",NA,NA,0.376397629355822,NA
"7500:371:101:3",NA,NA,0.372649994235601,NA
"7500:371:100:4",NA,NA,0.66934559143601,NA
"7500:371:100:3",NA,NA,0.65051347425414,NA
"7500:370:209:4",NA,NA,0.129258161614354,NA
"7500:370:209:3",NA,NA,0.012623222454451,NA
"7500:370:208:4",NA,NA,0.041142354666359,NA
"7500:370:208:3",NA,NA,0.011220642181734,NA
"7500:370:207:4",NA,NA,NA,NA
"7500:370:207:3",NA,0.068554250107024,0.014960856242313,NA
"7500:370:206:4",NA,NA,0.011220642181734,NA
"7500:370:206:3",NA,0.660062468371923,0.033661926545203,NA
"7500:370:205:4",NA,0.44949400192321,NA,NA
"7500:370:205:3",NA,0.192999156605501,NA,NA
"7500:370:104:4",NA,0.391408869379573,NA,NA
"7500:370:104:3",NA,0.21920727028608,NA,0.309499543901048
"7500:370:103:4",NA,0.607466962998554,NA,0.350766149754522
"7500:370:103:3",NA,NA,NA,0.222722984292704
"7500:370:102:4",NA,0.256811772838485,NA,NA
"7500:370:102:3",NA,0.074729751233891,NA,NA
"7500:370:101:4",NA,NA,NA,NA
"7500:370:101:3",NA,0.369787768468671,NA,0.309499543901048
"7500:370:100:4",NA,1.47225466310821,NA,0.028370791524263
"7500:370:100:3",NA,0.447631957670989,NA,NA
"1500:370:100:3",NA,0.335270369105898,NA,NA
"1500:370:100:4",NA,0.414189164600504,NA,NA
"1500:370:101:3",NA,0.105943034778081,NA,NA
"1500:370:101:4",NA,NA,NA,NA
"1500:370:102:3",NA,0.059805250659146,NA,NA
"1500:370:102:4",NA,NA,NA,NA
"1500:370:103:3",NA,0.149513126647865,NA,NA
"1500:370:103:4",NA,0.117616992962987,NA,NA
"1500:370:104:3",NA,NA,NA,NA
"1500:370:104:4",NA,NA,NA,NA
"1500:370:205:3",NA,0.146580841836073,NA,NA
"1500:370:205:4",NA,NA,NA,NA
"1500:370:206:3",NA,0.156727613313601,NA,NA
"1500:370:206:4",NA,NA,NA,NA
"1500:370:207:3",NA,0.21006594294025,NA,NA
"1500:370:207:4",NA,NA,NA,NA
"1500:370:208:3",NA,0.033562884382256,NA,NA
"1500:370:208:4",NA,NA,NA,NA
"1500:370:209:3",NA,0.304960267609605,NA,NA
"1500:370:209:4",NA,NA,NA,NA
"1500:371:100:3",NA,0.091592547909394,NA,NA
"1500:371:100:4",NA,NA,NA,NA
"1500:371:101:3",NA,NA,NA,NA
"1500:371:101:4",NA,NA,NA,NA
"1500:371:102:3",NA,0.123243595698021,NA,NA
"1500:371:102:4",NA,0.829799430844685,NA,NA
"1500:371:103:3",NA,3.72510793913733,NA,NA
"1500:371:103:4",NA,4.99445906238965,NA,NA
"1500:371:104:3",NA,4.97735012054435,NA,NA
"1500:371:104:4",NA,5.72474194510564,NA,NA
"1500:371:205:3",NA,3.66276389936488,NA,NA
"1500:371:205:4",NA,3.98620460246569,NA,NA
"1500:371:206:3",NA,5.44970918248893,NA,NA
"1500:371:206:4",NA,2.00531182902289,NA,NA
"1500:371:207:3",NA,1.0155587815376,NA,NA
"1500:371:207:4",NA,0.252521788123041,NA,NA
"1500:371:208:3",NA,0.059805250659146,NA,NA
"1500:371:208:4",NA,NA,NA,NA
"1500:371:209:3",NA,0.023019950757087,NA,NA
"1500:371:209:4",NA,0.005980525065915,NA,NA
"1500:372:100:3",NA,NA,NA,NA
"1500:372:100:4",NA,NA,NA,NA
"1500:372:101:3",NA,NA,NA,NA
"1500:372:101:4",NA,NA,NA,NA
"1500:372:102:3",NA,NA,NA,NA
"1500:372:102:4",NA,0.113750150730493,NA,NA
"1500:372:103:3",NA,0.04708870701741,NA,NA
"1500:372:103:4",NA,0.369459388707915,NA,NA
"1500:372:104:3",NA,NA,NA,NA
"1500:372:104:4",NA,NA,NA,NA
"1500:372:205:3",NA,0.176227337582474,NA,NA
"1500:372:205:4",NA,0.158746449558793,NA,NA
"1500:372:206:3",NA,0.045688569002864,NA,NA
"1500:372:206:4",NA,0.853734308728691,NA,NA
"1500:372:207:3",NA,0.261247052573376,NA,NA
"1500:372:207:4",NA,0.111913635174115,NA,NA
"1500:372:208:3",NA,0.497156064698801,NA,NA
"1500:372:208:4",NA,0.045688569002864,NA,NA
"1500:372:209:3",NA,0.288731026648993,NA,NA
"1500:372:209:4",NA,0.793706476331169,NA,NA
"1500:373:100:3",NA,0.316101028615017,NA,NA
"1500:373:100:4",NA,0.483210071731941,NA,NA
"1500:373:101:3",NA,1.15308486486827,NA,NA
"1500:373:101:4",NA,1.21793963327714,NA,NA
"1500:373:102:3",NA,0.826903672418112,NA,NA
"1500:373:102:4",NA,0.859371977579994,NA,NA
"1500:373:103:3",NA,0.93966798039176,NA,NA
"1500:373:103:4",NA,0.595524718745808,NA,NA
"1500:373:104:3",NA,0.500395602143335,NA,NA
"1500:373:104:4",NA,0.336783418097052,NA,NA
"1500:373:205:3",NA,0.874261292864062,NA,NA
"1500:373:205:4",NA,1.30328466115224,NA,NA
"1500:373:206:3",NA,0.565298225481056,NA,NA
"1500:373:206:4",NA,0.527045051824748,NA,NA
"1500:373:207:3",NA,0.492199298518267,NA,NA
"1500:373:207:4",NA,0.511289456958683,NA,NA
"1500:373:208:3",NA,0.289007723444885,NA,NA
"1500:373:208:4",NA,0.110692640294802,NA,NA
"1500:373:209:3",NA,NA,NA,NA
"1500:373:209:4",NA,0.267018005356687,NA,NA
"1500:374:100:3",NA,0.099576278056466,NA,NA
"1500:374:100:4",NA,0.178906128395895,NA,NA
"1500:374:101:3",0.044499589296616,0.099530836878222,NA,NA
"1500:374:101:4",NA,0.304900219411256,NA,NA
"1500:374:102:3",0.013785890444971,0.646740389948488,NA,NA
"1500:374:102:4",0.002952079130761,0.335783270619029,NA,NA
"1500:374:103:3",NA,0.504610535308181,NA,NA
"1500:374:103:4",NA,0.911617513366854,NA,NA
"1500:374:104:3",NA,0.151341381802313,NA,NA
"1500:374:104:4",NA,0.493621532980598,NA,NA
"1500:374:205:3",NA,0.408357841874894,NA,NA
"1500:374:205:4",NA,0.435861702989964,NA,NA
"1500:374:206:3",NA,0.741170425992077,NA,NA
"1500:374:206:4",NA,1.12250927938765,NA,NA
"1500:374:207:3",0.087843484688937,0.815551179640255,NA,NA
"1500:374:207:4",0.081581091297476,0.405774043009328,NA,NA
"1500:374:208:3",0.034792961599211,0.106807202142675,NA,NA
"1500:374:208:4",NA,NA,NA,NA
"1500:374:209:3",NA,NA,NA,NA
"1500:374:209:4",NA,2.34374998864692,NA,NA
"1500:475:100:3",NA,0.936586467425215,NA,NA
"1500:475:100:4",NA,0.121293937631771,NA,NA
"1500:475:101:3",NA,NA,NA,NA
"1500:475:101:4",0.017700225076761,6.71246361240871,NA,NA
"1500:475:102:3",NA,1.02887035501214,NA,NA
"1500:475:102:4",NA,0.211844478545669,NA,NA
"1500:475:103:3",NA,NA,NA,NA
"1500:475:103:4",0.010044005895621,0.052876624081556,NA,NA
"1500:475:104:3",0.007680710390769,NA,NA,NA
"1500:475:104:4",0.046212306831415,0.287357155272395,NA,NA
"1500:475:205:3",NA,0.359217676937339,NA,0.68538622516953
"1500:475:205:4",0.01181647752426,0.095462520876836,NA,NA
"1500:475:206:3",0.032450412640729,0.186181204445709,NA,NA
"1500:475:206:4",0.008926380386595,0.176871205116142,NA,NA
"1500:475:207:3",NA,0.03201655793077,NA,NA
"1500:475:207:4",0.032450412640729,NA,NA,NA
"1500:475:208:3",NA,0.110333698137589,NA,NA
"1500:475:208:4",NA,0.285397500310049,NA,0.167403300608746
"1500:475:209:3",NA,0.15073990828674,NA,0.162003194137496
"1500:475:209:4",0.029500375127935,0.220251596942537,NA,0.162003194137496
"1500:476:100:3",0.119024275960642,1.04455563705274,NA,0.162003194137496
"1500:476:100:4",0.079042420219652,0.922405083887225,NA,0.071739315984888
"1500:476:101:3",0.10827199167672,0.568393441644855,NA,0.071739315984888
"1500:476:101:4",0.122117526779432,1.14216097830211,NA,NA
"1500:476:102:3",0.13653005100215,1.2509779591895,NA,0.071739315984888
"1500:476:102:4",0.026550337615142,2.53868456786183,NA,NA
"1500:476:103:3",NA,3.08514591637185,NA,1.58595670945254
"1500:476:103:4",0.152391202391625,3.53534933147336,NA,0.384119819557711
"1500:476:104:3",0.252290148557323,2.16967157531385,NA,3.37213226739258
"1500:476:104:4",0.381894009108182,1.28998124317419,NA,2.23404951800676
"1500:476:205:3",0.510723807776678,1.72974735779681,NA,NA
"1500:476:205:4",0.641895093695816,3.11609518353402,NA,0.644784321696651
"1500:476:206:3",0.665916125771274,5.20640138485874,NA,NA
"1500:476:206:4",0.831760172776434,5.13485264199122,NA,NA
"1500:476:207:3",1.05908938910485,7.43585458395615,NA,NA
"1500:476:207:4",1.01123410627111,7.04921033897713,NA,0.315590067733101
"1500:476:208:3",0.994927780725088,9.28744481342849,NA,NA
"1500:476:208:4",0.816900281816343,6.25710562223436,NA,NA
"1500:476:209:3",0.688724417158385,2.85641172542035,NA,NA
"1500:476:209:4",0.693596570035057,4.10187530482593,NA,0.161196080424163
"1500:477:100:3",0.986973796533913,5.28997333029231,NA,NA
"1500:477:100:4",0.770286261218604,6.19032545135307,NA,0.329861873690881
"1500:477:101:3",0.988486571750386,6.45514888810141,NA,NA
"1500:477:101:4",1.49109010864563,6.60567859275881,NA,NA
"1500:477:102:3",0.94866656776005,5.17726425973825,NA,NA
"1500:477:102:4",1.15168871631758,1.1518785265426,NA,NA
"1500:477:103:3",1.15289958703944,0.966548703067653,NA,NA
"1500:477:103:4",1.97345589388283,1.10246623869683,NA,0.162890781838161
"1500:477:104:3",1.41885061377567,1.04881316816284,NA,NA
"1500:477:104:4",1.08863359643012,1.41502647815077,NA,NA
"1500:477:205:3",1.65088699247507,1.8637903192104,NA,NA
"1500:477:205:4",3.02342308409991,1.41865959894167,NA,NA
"1500:477:206:3",1.7448386503102,0.776481183514452,NA,NA
"1500:477:206:4",2.04520703061564,0.857896078966659,NA,NA
"1500:477:207:3",2.09646047221619,1.96925626885194,NA,1.09112387321119
"1500:477:207:4",1.62609482733784,2.67849862858995,NA,1.48035794818696
"1500:477:208:3",2.84008837012363,1.64584236915313,NA,0.327337161963356
"1500:477:208:4",2.88702567389545,0.072802593717165,NA,NA
"1500:477:209:3",2.92235308397377,NA,NA,0.324174600006556
"1500:477:209:4",2.29524084845811,0.79280801776604,NA,NA
"7500:371:209:2",NA,0.221940465842889,0.072446963402269,NA
"7500:371:209:1",NA,NA,0.092196737098828,NA
"7500:371:208:2",NA,NA,0.029570189143783,NA
"7500:371:208:1",NA,0.01307542199988,0.026582043714517,NA
"7500:371:207:2",NA,0.192458508819899,NA,NA
"7500:371:207:1",NA,NA,0.032682840632603,NA
"7500:371:206:2",NA,NA,0.028387381578032,NA
"7500:371:206:1",NA,0.107003870865484,0.143791529402249,NA
"7500:371:205:2",NA,NA,0.244135631773062,NA
"7500:371:205:1",NA,NA,0.052002030873208,NA
"7500:371:104:2",NA,0.294803691301709,0.037818715589155,NA
"7500:371:104:1",NA,NA,0.035919998180975,NA
"7500:371:103:2",NA,NA,0.001400693169969,NA
"7500:371:103:1",NA,NA,0.036651471280847,NA
"7500:371:102:2",NA,NA,0.125460606009344,NA
"7500:371:102:1",NA,NA,0.132505573879038,NA
"7500:371:101:2",NA,NA,0.318427359957704,NA
"7500:371:101:1",NA,NA,0.186659484481517,NA
"7500:371:100:2",NA,NA,0.057031556903892,NA
"7500:371:100:1",NA,NA,0.114856839937433,NA
"7500:370:209:2",NA,NA,0.056580222438013,NA
"7500:370:209:1",NA,NA,0.026675423259181,NA
"7500:370:208:2",NA,NA,NA,NA
"7500:370:208:1",NA,NA,NA,NA
"7500:370:207:2",NA,NA,NA,NA
"7500:370:207:1",NA,0.021923229117857,NA,NA
"7500:370:206:2",NA,0.497720218493793,0.033616636079249,NA
"7500:370:206:1",NA,0.725689272914364,0.027889357339821,NA
"7500:370:205:2",NA,0.148436442187029,NA,NA
"7500:370:205:1",NA,0.11238060041639,NA,NA
"7500:370:104:2",NA,NA,NA,NA
"7500:370:104:1",NA,0.541878093273704,NA,NA
"7500:370:103:2",NA,0.822044904668965,NA,0.309083127492523
"7500:370:103:1",NA,0.672002385830837,NA,NA
"7500:370:102:2",NA,NA,NA,NA
"7500:370:102:1",NA,NA,NA,0.314234512950731
"7500:370:101:2",NA,NA,NA,NA
"7500:370:101:1",NA,0.562422360136514,NA,NA
"7500:370:100:2",NA,1.21931079443517,NA,NA
"7500:370:100:1",NA,0.254608802521188,NA,NA
"1500:370:100:1",NA,0.057654453835745,NA,NA
"1500:370:100:2",NA,0.767185959162048,NA,NA
"1500:370:101:1",NA,0.443290731139908,NA,NA
"1500:370:101:2",NA,0.099409145329117,NA,NA
"1500:370:102:1",NA,0.35513357172778,NA,NA
"1500:370:102:2",NA,0.112641827363801,NA,NA
"1500:370:103:1",NA,NA,NA,NA
"1500:370:103:2",NA,0.082718286745037,NA,NA
"1500:370:104:1",NA,NA,NA,NA
"1500:370:104:2",NA,NA,NA,NA
"1500:370:205:1",NA,NA,NA,0.309083127492523
"1500:370:205:2",NA,NA,NA,NA
"1500:370:206:1",NA,NA,NA,NA
"1500:370:206:2",NA,NA,NA,NA
"1500:370:207:1",NA,NA,NA,NA
"1500:370:207:2",NA,NA,NA,NA
"1500:370:208:1",NA,0.119449571273765,NA,NA
"1500:370:208:2",NA,1.41632294945493,NA,NA
"1500:370:209:1",NA,0.720929749225482,NA,NA
"1500:370:209:2",NA,NA,NA,NA
"1500:371:100:1",NA,0.091469314642658,NA,NA
"1500:371:100:2",NA,0.148967676322926,NA,NA
"1500:371:101:1",NA,0.179174356910648,NA,NA
"1500:371:101:2",NA,NA,NA,NA
"1500:371:102:1",NA,NA,NA,NA
"1500:371:102:2",NA,NA,NA,NA
"1500:371:103:1",NA,1.77931900280664,NA,NA
"1500:371:103:2",NA,8.99457211512505,NA,NA
"1500:371:104:1",NA,9.88625171556283,NA,NA
"1500:371:104:2",NA,7.72194592623329,NA,NA
"1500:371:205:1",NA,8.35161006650237,NA,NA
"1500:371:205:2",NA,5.98799809414066,NA,NA
"1500:371:206:1",NA,5.66390320541504,NA,NA
"1500:371:206:2",NA,2.41433228710056,NA,NA
"1500:371:207:1",NA,0.942859941215943,NA,NA
"1500:371:207:2",NA,0.290993881708092,NA,NA
"1500:371:208:1",NA,NA,NA,NA
"1500:371:208:2",NA,NA,NA,NA
"1500:371:209:1",NA,NA,NA,NA
"1500:371:209:2",NA,NA,NA,NA
"1500:372:100:1",NA,0.086208669547335,NA,NA
"1500:372:100:2",NA,NA,NA,NA
"1500:372:101:1",NA,NA,NA,NA
"1500:372:101:2",NA,NA,NA,NA
"1500:372:102:1",NA,0.172963361507236,NA,NA
"1500:372:102:2",NA,NA,NA,NA
"1500:372:103:1",NA,0.284457335433392,NA,NA
"1500:372:103:2",NA,0.235001491448176,NA,NA
"1500:372:104:1",NA,0.316663429790706,NA,NA
"1500:372:104:2",NA,0.21509917289713,NA,NA
"1500:372:205:1",NA,0.091254194562419,NA,NA
"1500:372:205:2",NA,0.185949353763911,NA,NA
"1500:372:206:1",NA,0.381898086913135,NA,NA
"1500:372:206:2",NA,0.715808433267759,NA,NA
"1500:372:207:1",NA,0.284001874042036,NA,NA
"1500:372:207:2",NA,0.342359421728472,NA,NA
"1500:372:208:1",NA,0.085454876178277,NA,NA
"1500:372:208:2",NA,0.098337280709242,NA,NA
"1500:372:209:1",NA,NA,NA,NA
"1500:372:209:2",NA,0.334127965519944,NA,NA
"1500:373:100:1",NA,0.664600265812266,NA,NA
"1500:373:100:2",NA,0.798575506268816,NA,NA
"1500:373:101:1",NA,0.760980309218489,NA,NA
"1500:373:101:2",NA,0.973591765007689,NA,NA
"1500:373:102:1",NA,0.370601844545037,NA,NA
"1500:373:102:2",NA,0.665223833123771,NA,NA
"1500:373:103:1",NA,0.779039788122498,NA,NA
"1500:373:103:2",NA,0.381681128026647,NA,NA
"1500:373:104:1",NA,0.294246126802039,NA,NA
"1500:373:104:2",NA,0.626322243375871,NA,NA
"1500:373:205:1",NA,0.853906138790654,NA,NA
"1500:373:205:2",NA,1.30178112586461,NA,NA
"1500:373:206:1",NA,0.572192910655358,NA,NA
"1500:373:206:2",NA,0.478438075936596,NA,NA
"1500:373:207:1",NA,0.855491213970917,NA,NA
"1500:373:207:2",NA,0.678675596610133,NA,NA
"1500:373:208:1",NA,0.69996021971324,NA,NA
"1500:373:208:2",NA,0.176143254080123,NA,NA
"1500:373:209:1",NA,0.101986627728576,NA,NA
"1500:373:209:2",NA,0.134897953741522,NA,NA
"1500:374:100:1",NA,0.182069008404217,NA,NA
"1500:374:100:2",NA,0.162379475664183,NA,NA
"1500:374:101:1",NA,0.106263480476561,NA,NA
"1500:374:101:2",0.017688643521218,0.181743230202182,NA,NA
"1500:374:102:1",NA,0.095528812796976,NA,NA
"1500:374:102:2",NA,0.167021637169205,NA,NA
"1500:374:103:1",NA,0.492542849058449,NA,NA
"1500:374:103:2",NA,0.511890385764684,NA,NA
"1500:374:104:1",NA,0.762662684515578,NA,NA
"1500:374:104:2",NA,0.146158877912034,NA,NA
"1500:374:205:1",NA,0.261288069231223,NA,NA
"1500:374:205:2",NA,0.638115209269308,NA,NA
"1500:374:206:1",NA,0.568460184323468,NA,NA
"1500:374:206:2",NA,0.55738158003136,NA,NA
"1500:374:207:1",0.064824514166359,0.558596731622712,NA,NA
"1500:374:207:2",0.017700868552707,0.430695400886003,NA,NA
"1500:374:208:1",NA,0.139394552199573,NA,NA
"1500:374:208:2",NA,NA,NA,NA
"1500:374:209:1",NA,NA,NA,NA
"1500:374:209:2",NA,NA,NA,NA
"1500:475:100:1",NA,0.059708210279766,NA,NA
"1500:475:100:2",NA,NA,NA,NA
"1500:475:101:1",NA,NA,NA,NA
"1500:475:101:2",0.008838205147398,0.567507047274566,NA,NA
"1500:475:102:1",0.023568547059727,NA,NA,NA
"1500:475:102:2",NA,NA,NA,NA
"1500:475:103:1",NA,NA,NA,NA
"1500:475:103:2",NA,NA,NA,NA
"1500:475:104:1",NA,NA,NA,NA
"1500:475:104:2",0.009440463228111,0.211695080262626,NA,NA
"1500:475:205:1",0.006490318469326,0.997427008579806,NA,NA
"1500:475:205:2",0.015221353309407,NA,NA,NA
"1500:475:206:1",0.021810689333412,NA,NA,NA
"1500:475:206:2",0.095662476246349,0.10486445497085,NA,NA
"1500:475:207:1",0.050210104557882,0.249293554024656,NA,NA
"1500:475:207:2",0.103654943495796,0.81176259213735,NA,NA
"1500:475:208:1",NA,1.51297465303981,NA,NA
"1500:475:208:2",NA,0.780910841832588,NA,NA
"1500:475:209:1",0.01782874076195,0.818483124663073,NA,NA
"1500:475:209:2",NA,0.618740149352202,NA,0.328963294514803
"1500:476:100:1",0.015352526767234,0.236851975222099,NA,4.41958552810178
"1500:476:100:2",0.015168230067951,0.826117023176716,NA,5.63844817730579
"1500:476:101:1",0.144748901494306,1.18662555171465,NA,0.667238855141147
"1500:476:101:2",0.103255066557459,1.41538979800993,NA,NA
"1500:476:102:1",0.05704587535593,4.26230491093565,NA,0.321958398058032
"1500:476:102:2",0.282386631989782,4.32725655948432,NA,0.332388379171681
"1500:476:103:1",0.569292486790192,3.26297667056928,NA,0.643916796116064
"1500:476:103:2",1.09389290574741,2.69984935888734,NA,NA
"1500:476:104:1",1.17430978837276,3.91932394649384,NA,0.643916796116064
"1500:476:104:2",0.673790297447543,4.27526635033479,NA,0.160979199029016
"1500:476:205:1",0.491073520026905,4.84992896412366,NA,NA
"1500:476:205:2",0.54910763284881,5.34305284874442,NA,0.667355554145065
"1500:476:206:1",0.544225335622444,6.49106927529278,NA,NA
"1500:476:206:2",0.781255790353199,9.28988509577984,NA,NA
"1500:476:207:1",0.579599850852549,13.2450924225053,NA,0.329418060769478
"1500:476:207:2",0.969667831731192,11.1562837784054,NA,0.329418060769478
"1500:476:208:1",0.727620607112745,6.54962146023519,NA,NA
"1500:476:208:2",1.15029421827928,7.50964288230775,NA,NA
"1500:476:209:1",1.20731849001337,3.74498327595685,NA,NA
"1500:476:209:2",1.28478866801983,1.82584177825066,NA,NA
"1500:477:100:1",1.21932759975389,1.3975882326603,NA,NA
"1500:477:100:2",1.14829343513292,1.18407515507875,NA,0.328275715084949
"1500:477:101:1",1.86624148295448,0.835131135721725,NA,NA
"1500:477:101:2",1.18794711808747,0.900562567668259,NA,NA
"1500:477:102:1",0.808459076578972,2.08819536047809,NA,NA
"1500:477:102:2",1.08373887547353,1.69152670337006,NA,0.071642794264901
"1500:477:103:1",1.98998865019427,1.21480673359158,NA,NA
"1500:477:103:2",2.16338833791459,2.02564446660283,NA,NA
"1500:477:104:1",1.94181651757561,1.48172923346926,NA,NA
"1500:477:104:2",1.68461665602152,1.17855759132387,NA,NA
"1500:477:205:1",1.69819083348404,0.335443339566775,NA,NA
"1500:477:205:2",2.31854387086785,1.1617111289675,NA,NA
"1500:477:206:1",1.84014020914792,1.03388203023904,NA,NA
"1500:477:206:2",3.5359106421458,0.690327542875128,NA,NA
"1500:477:207:1",3.15542963154094,0.743044699761425,NA,1.09328800579029
"1500:477:207:2",3.53203858980128,4.67534330834962,NA,2.2814236608833
"1500:477:208:1",1.98791505090647,0.570825523194267,NA,0.491203287580037
"1500:477:208:2",2.95266314186278,NA,NA,0.313359432370238
"1500:477:209:1",2.12467574663191,0.421315472372794,NA,0.167178067704244
"1500:477:209:2",2.66980253847316,0.547863674964022,NA,NA
"7500:361:499:4",NA,0.068712376964763,0.205977687171389,NA
"7500:361:499:3",NA,NA,0.11593710785978,NA
"7500:361:498:4",NA,0.080078903461367,NA,NA
"7500:361:498:3",NA,NA,0.011097243471028,NA
"7500:361:497:4",NA,NA,0.11038959629268,NA
"7500:361:497:3",NA,NA,0.052129068069785,NA
"7500:361:496:4",NA,NA,0.049074994761582,NA
"7500:361:496:3",NA,0.097415286123203,0.013521851288227,NA
"7500:361:495:4",NA,NA,0.174025189922294,NA
"7500:361:495:3",NA,NA,0.193715039538114,NA
"7500:361:394:4",NA,NA,0.077329891078221,NA
"7500:361:394:3",NA,NA,0.385347403130684,NA
"7500:361:393:4",NA,NA,0.22734795816937,NA
"7500:361:393:3",NA,NA,0.049331443665324,NA
"7500:361:392:4",NA,NA,0.067951188312791,NA
"7500:361:392:3",NA,NA,0.011190497617843,NA
"7500:361:391:4",NA,NA,0.011190497617843,NA
"7500:361:391:3",NA,NA,0.028162752338238,NA
"7500:361:390:4",NA,NA,NA,NA
"7500:361:390:3",NA,NA,0.022380995235686,NA
"7500:360:499:4",NA,NA,0.011190497617843,NA
"7500:360:499:3",NA,NA,NA,NA
"7500:360:498:4",NA,NA,0.011190497617843,NA
"7500:360:498:3",NA,NA,0.014920663490457,NA
"7500:360:497:4",NA,NA,NA,NA
"7500:360:497:3",NA,NA,0.011190497617843,NA
"7500:360:496:4",NA,NA,NA,NA
"7500:360:496:3",NA,0.741082604257389,NA,NA
"7500:360:495:4",NA,0.723305303331833,NA,NA
"7500:360:495:3",NA,0.375534010325178,NA,NA
"7500:360:394:4",NA,NA,NA,NA
"7500:360:394:3",NA,0.086365545931988,NA,NA
"7500:360:393:4",NA,0.171195714818138,NA,0.313812532609998
"7500:360:393:3",NA,NA,NA,NA
"7500:360:392:4",NA,0.181592853244634,NA,0.259795621259096
"7500:360:392:3",NA,NA,NA,NA
"7500:360:391:4",NA,0.111968121832622,NA,NA
"7500:360:391:3",NA,0.086365545931988,NA,NA
"7500:360:390:4",NA,1.47133267324378,NA,NA
"7500:360:390:3",NA,0.063307684722179,NA,0.550458049004424
"1500:360:390:3",NA,0.4986013889201,NA,0.30609583098844
"1500:360:390:4",NA,0.140068252447821,NA,0.043727975855491
"1500:360:391:3",NA,0.51574851621984,NA,NA
"1500:360:391:4",NA,0.397735198435984,NA,NA
"1500:360:392:3",NA,0.025348947438425,NA,NA
"1500:360:392:4",NA,NA,NA,NA
"1500:360:393:3",NA,0.15806471639259,NA,NA
"1500:360:393:4",NA,0.084427522717567,NA,NA
"1500:360:394:3",NA,NA,NA,NA
"1500:360:394:4",NA,NA,NA,NA
"1500:360:495:3",NA,NA,NA,NA
"1500:360:495:4",NA,NA,NA,0.308668064862293
"1500:360:496:3",NA,NA,NA,NA
"1500:360:496:4",NA,0.109582172849996,NA,NA
"1500:360:497:3",NA,0.14242050892515,NA,NA
"1500:360:497:4",NA,NA,NA,0.311240298736146
"1500:360:498:3",NA,0.292688278031652,NA,NA
"1500:360:498:4",NA,1.67483780745825,NA,NA
"1500:360:499:3",NA,5.24152970841637,NA,NA
"1500:360:499:4",NA,NA,NA,0.308668064862293
"1500:361:390:3",NA,NA,NA,NA
"1500:361:390:4",NA,NA,NA,NA
"1500:361:391:3",NA,NA,NA,NA
"1500:361:391:4",NA,0.091346482009804,NA,NA
"1500:361:392:3",NA,NA,NA,NA
"1500:361:392:4",NA,NA,NA,NA
"1500:361:393:3",NA,0.851991383574775,NA,NA
"1500:361:393:4",NA,10.3171811702703,NA,NA
"1500:361:394:3",NA,10.7606522569028,NA,NA
"1500:361:394:4",NA,4.01447412269074,NA,NA
"1500:361:495:3",NA,7.67903964013097,NA,NA
"1500:361:495:4",NA,2.59738263094517,NA,NA
"1500:361:496:3",NA,2.62046291987158,NA,NA
"1500:361:496:4",NA,1.208058574177,NA,NA
"1500:361:497:3",NA,0.317634066290032,NA,NA
"1500:361:497:4",NA,0.09218437379089,NA,NA
"1500:361:498:3",NA,NA,NA,NA
"1500:361:498:4",NA,NA,NA,NA
"1500:361:499:3",NA,NA,NA,NA
"1500:361:499:4",NA,NA,NA,NA
"1500:362:390:3",NA,0.042496764823242,NA,NA
"1500:362:390:4",NA,NA,NA,NA
"1500:362:391:3",NA,NA,NA,NA
"1500:362:391:4",NA,NA,NA,NA
"1500:362:392:3",NA,NA,NA,NA
"1500:362:392:4",NA,NA,NA,NA
"1500:362:393:3",NA,0.153859181545257,NA,NA
"1500:362:393:4",NA,0.436628721966579,NA,NA
"1500:362:394:3",NA,0.134200309968134,NA,NA
"1500:362:394:4",NA,NA,NA,NA
"1500:362:495:3",NA,0.115055734848579,NA,NA
"1500:362:495:4",NA,0.379647349025664,NA,NA
"1500:362:496:3",NA,0.378792729253458,NA,NA
"1500:362:496:4",NA,0.31280182840882,NA,NA
"1500:362:497:3",NA,0.774730109896264,NA,NA
"1500:362:497:4",NA,1.33346252077326,NA,NA
"1500:362:498:3",NA,1.10735484487285,NA,NA
"1500:362:498:4",NA,0.632878117943427,NA,NA
"1500:362:499:3",NA,0.633902458349318,NA,NA
"1500:362:499:4",NA,0.714969580836639,NA,NA
"1500:363:390:3",NA,0.349489154888075,NA,NA
"1500:363:390:4",NA,0.731915891743309,NA,NA
"1500:363:391:3",NA,0.640378271618485,NA,NA
"1500:363:391:4",NA,1.05067484867475,NA,NA
"1500:363:392:3",NA,0.221667014018365,NA,NA
"1500:363:392:4",NA,0.385631169139194,NA,NA
"1500:363:393:3",NA,0.57747193822803,NA,NA
"1500:363:393:4",NA,0.063977288090733,NA,NA
"1500:363:394:3",NA,0.231263683834736,NA,NA
"1500:363:394:4",NA,0.157007581487271,NA,NA
"1500:363:495:3",NA,0.344362671474359,NA,NA
"1500:363:495:4",NA,0.660069203941218,NA,NA
"1500:363:496:3",NA,0.678257797343745,NA,NA
"1500:363:496:4",NA,0.947962159040748,NA,NA
"1500:363:497:3",NA,1.65251162530168,NA,NA
"1500:363:497:4",NA,1.91522405737615,NA,NA
"1500:363:498:3",NA,0.852052949446426,NA,NA
"1500:363:498:4",NA,1.03993339299189,NA,NA
"1500:363:499:3",NA,0.700799051286001,NA,NA
"1500:363:499:4",NA,1.13391809124784,NA,NA
"1500:364:390:3",NA,1.04205191910965,NA,NA
"1500:364:390:4",NA,0.944706586427044,NA,NA
"1500:364:391:3",0.063660361028239,0.656159393058524,NA,NA
"1500:364:391:4",NA,0.510048786268937,NA,NA
"1500:364:392:3",0.017677098348496,0.360929822389271,NA,NA
"1500:364:392:4",NA,0.308312868813239,NA,NA
"1500:364:393:3",NA,0.446952843638935,NA,NA
"1500:364:393:4",NA,0.564853902400651,NA,NA
"1500:364:394:3",NA,0.988075140690934,NA,NA
"1500:364:394:4",NA,0.651969471984311,NA,NA
"1500:364:495:3",NA,0.253224814982476,NA,NA
"1500:364:495:4",NA,0.116194007855362,NA,NA
"1500:364:496:3",NA,0.313145810247669,NA,NA
"1500:364:496:4",0.132795655148612,0.157614399403172,NA,NA
"1500:364:497:3",0.089309102707865,0.592586450601495,NA,NA
"1500:364:497:4",NA,0.694869090583683,NA,NA
"1500:364:498:3",0.020623281406578,0.615867372324428,NA,NA
"1500:364:498:4",NA,0.17741871836821,NA,NA
"1500:364:499:3",NA,NA,NA,NA
"1500:364:499:4",NA,NA,NA,NA
"1500:465:390:3",NA,NA,NA,NA
"1500:465:390:4",NA,0.429120420953877,NA,NA
"1500:465:391:3",NA,NA,NA,NA
"1500:465:391:4",NA,NA,NA,NA
"1500:465:392:3",NA,0.032787810921856,NA,NA
"1500:465:392:4",NA,0.255276527891594,NA,NA
"1500:465:393:3",0.017652672935175,0.569712952965451,NA,NA
"1500:465:393:4",NA,0.531115080716852,NA,NA
"1500:465:394:3",NA,0.405163663534364,NA,NA
"1500:465:394:4",NA,0.67050032578075,NA,NA
"1500:465:495:3",NA,0.874915533337491,NA,NA
"1500:465:495:4",NA,0.567837163247253,NA,NA
"1500:465:496:3",NA,0.442212102144841,NA,NA
"1500:465:496:4",0.017804798840259,0.922968197940958,NA,NA
"1500:465:497:3",NA,1.98662831763269,NA,NA
"1500:465:497:4",0.017652672935175,2.48262284501686,NA,NA
"1500:465:498:3",NA,2.0487923053369,NA,NA
"1500:465:498:4",0.059423329686631,0.955637577225548,NA,NA
"1500:465:499:3",NA,0.867987797416189,NA,NA
"1500:465:499:4",NA,1.17504772270565,NA,NA
"1500:466:390:3",NA,2.1231711185138,NA,0.328521535136419
"1500:466:390:4",0.011869865893506,2.9351767078317,NA,3.43557163459312
"1500:466:391:3",0.204767057024445,2.77703621682914,NA,3.06487693348266
"1500:466:391:4",0.93081190502909,1.2737274632224,NA,0.504774862996044
"1500:466:392:3",1.32589202558301,0.668104359831267,NA,NA
"1500:466:392:4",1.2069618330228,0.360274735712877,NA,0.171603447448083
"1500:466:393:3",0.497376581154635,2.1093085864377,NA,NA
"1500:466:393:4",0.425431555083792,5.12482646637568,NA,2.3567747226517
"1500:466:394:3",0.557018750002359,7.48506721263289,NA,0.323135936199757
"1500:466:394:4",0.472589325133679,7.89082341383133,NA,NA
"1500:466:495:3",0.602237415681189,8.84493223140886,NA,0.161567968099878
"1500:466:495:4",0.575492106612559,10.289490406331,NA,0.309315636225311
"1500:466:496:3",0.499965804692213,8.9170031172539,NA,NA
"1500:466:496:4",0.418768486524462,8.82979922171175,NA,NA
"1500:466:497:3",0.691366860266731,6.1226927389196,NA,0.323135936199757
"1500:466:497:4",0.615863090516191,5.12347191039683,NA,NA
"1500:466:498:3",1.29959187873358,4.49371171309434,NA,NA
"1500:466:498:4",2.12230631375447,4.56315972113963,NA,NA
"1500:466:499:3",1.84212827334936,3.47027360963481,NA,0.314742226334526
"1500:466:499:4",1.3101079884084,2.56321547168405,NA,NA
"1500:467:390:3",0.722452950693932,1.14435668667341,NA,NA
"1500:467:390:4",1.35084319456333,1.64513182074431,NA,NA
"1500:467:391:3",1.08525591151423,0.929332875445719,NA,NA
"1500:467:391:4",0.117223523159241,0.76935257695671,NA,NA
"1500:467:392:3",0.411858461288188,1.0340456378434,NA,0.161567968099878
"1500:467:392:4",0.404015063641194,0.95596429885519,NA,NA
"1500:467:393:3",0.472011207429866,0.946891861507721,NA,NA
"1500:467:393:4",0.307417490218194,1.02036233224844,NA,NA
"1500:467:394:3",0.46927916067756,0.783298699508741,NA,0.46958091669099
"1500:467:394:4",0.277389235901911,1.34578406264105,NA,NA
"1500:467:495:3",0.257858593378318,2.17554669243633,NA,NA
"1500:467:495:4",0.490272176176794,0.718980078461238,NA,0.342782445031989
"1500:467:496:3",0.660802942601402,0.751137549181507,NA,NA
"1500:467:496:4",1.12489978983871,0.763778173010897,NA,0.108819253890993
"1500:467:497:3",0.681126071339782,3.4015332874267,NA,3.78367739026449
"1500:467:497:4",0.398186669161857,0.750702073448266,NA,0.421757881051765
"1500:467:498:3",0.460348898413746,0.209529347060431,NA,0.307543133589035
"1500:467:498:4",0.611567968831801,2.07235611588119,NA,4.49542349565565
"1500:467:499:3",0.536012150131381,0.728395676199591,NA,1.79806787723609
"1500:467:499:4",0.070745429524563,0.199353325631395,NA,0.627680853495299
"7500:361:499:2",NA,0.06122004920059,1.08605797856615,NA
"7500:361:499:1",NA,NA,0.090909577909556,NA
"7500:361:498:2",NA,0.069536736198162,0.033371280946823,NA
"7500:361:498:1",NA,NA,NA,NA
"7500:361:497:2",NA,NA,0.052152327433175,NA
"7500:361:497:1",NA,NA,0.178419941620342,NA
"7500:361:496:2",NA,NA,0.324256319739465,NA
"7500:361:496:1",NA,NA,0.648343540311808,NA
"7500:361:495:2",NA,0.091196081112722,0.064921369507092,NA
"7500:361:495:1",NA,0.040642921870233,0.039838583455898,NA
"7500:361:394:2",NA,0.10808579950478,0.08894277882651,NA
"7500:361:394:1",NA,0.159552141281977,0.413361469525049,NA
"7500:361:393:2",NA,NA,0.220867082146445,NA
"7500:361:393:1",NA,NA,NA,NA
"7500:361:392:2",NA,NA,NA,NA
"7500:361:392:1",NA,NA,NA,NA
"7500:361:391:2",NA,NA,NA,NA
"7500:361:391:1",NA,NA,NA,NA
"7500:361:390:2",NA,NA,NA,NA
"7500:361:390:1",NA,NA,NA,0.308254349932866
"7500:360:499:2",NA,NA,NA,NA
"7500:360:499:1",NA,0.0885774198738,NA,NA
"7500:360:498:2",NA,NA,NA,NA
"7500:360:498:1",NA,NA,0.022288911367274,NA
"7500:360:497:2",NA,NA,NA,NA
"7500:360:497:1",NA,NA,NA,NA
"7500:360:496:2",NA,NA,NA,NA
"7500:360:496:1",NA,NA,NA,NA
"7500:360:495:2",NA,NA,NA,NA
"7500:360:495:1",NA,NA,NA,0.616508699865732
"7500:360:394:2",NA,NA,NA,NA
"7500:360:394:1",NA,NA,NA,NA
"7500:360:393:2",NA,0.12170154890179,NA,NA
"7500:360:393:1",NA,NA,NA,NA
"7500:360:392:2",NA,NA,NA,NA
"7500:360:392:1",NA,NA,NA,NA
"7500:360:391:2",NA,0.11207926232485,NA,NA
"7500:360:391:1",NA,0.168816646613621,NA,0.308254349932866
"7500:360:390:2",NA,0.58720943899036,NA,NA
"7500:360:390:1",NA,0.573404880084463,NA,NA
"1500:360:390:1",NA,0.181349460153424,NA,0.616508699865732
"1500:360:390:2",NA,0.419490478525937,NA,1.23301739973146
"1500:360:391:1",NA,0.250803019279111,NA,NA
"1500:360:391:2",NA,NA,NA,NA
"1500:360:392:1",NA,0.151392351966247,NA,NA
"1500:360:392:2",NA,NA,NA,NA
"1500:360:393:1",NA,NA,NA,NA
"1500:360:393:2",NA,0.173101019801095,NA,NA
"1500:360:394:1",NA,NA,NA,NA
"1500:360:394:2",NA,0.116871052709969,NA,0.305685563683425
"1500:360:495:1",NA,0.174846092406853,NA,0.308254349932866
"1500:360:495:2",NA,NA,NA,0.308254349932866
"1500:360:496:1",NA,0.093616490680485,NA,NA
"1500:360:496:2",NA,NA,NA,NA
"1500:360:497:1",NA,2.36191888301967,NA,NA
"1500:360:497:2",NA,1.59071597965232,NA,NA
"1500:360:498:1",NA,0.186233875408119,NA,NA
"1500:360:498:2",NA,1.16293151480793,NA,NA
"1500:360:499:1",NA,8.69977237770531,NA,NA
"1500:360:499:2",NA,0.20792653637205,NA,NA
"1500:361:390:1",NA,NA,NA,0.308254349932866
"1500:361:390:2",NA,0.064749217590033,NA,NA
"1500:361:391:1",NA,NA,NA,NA
"1500:361:391:2",NA,NA,NA,NA
"1500:361:392:1",NA,0.116802543780796,NA,NA
"1500:361:392:2",NA,0.236779907321496,NA,NA
"1500:361:393:1",NA,2.59813315715498,NA,NA
"1500:361:393:2",NA,15.1877527506807,NA,NA
"1500:361:394:1",NA,5.78984072731673,NA,NA
"1500:361:394:2",NA,0.778427211225346,NA,NA
"1500:361:495:1",NA,2.94410299368143,NA,NA
"1500:361:495:2",NA,6.20966153093442,NA,NA
"1500:361:496:1",NA,1.97277521610384,NA,NA
"1500:361:496:2",NA,0.120931703020378,NA,NA
"1500:361:497:1",NA,0.17310308653785,NA,NA
"1500:361:497:2",NA,0.089771076685118,NA,NA
"1500:361:498:1",NA,0.093181706979515,NA,NA
"1500:361:498:2",NA,NA,NA,NA
"1500:361:499:1",NA,NA,NA,NA
"1500:361:499:2",NA,NA,NA,NA
"1500:362:390:1",NA,0.235081948835646,NA,NA
"1500:362:390:2",NA,NA,NA,NA
"1500:362:391:1",NA,NA,NA,NA
"1500:362:391:2",NA,NA,NA,NA
"1500:362:392:1",NA,NA,NA,NA
"1500:362:392:2",NA,0.085977509045795,NA,NA
"1500:362:393:1",NA,0.111544179733215,NA,NA
"1500:362:393:2",NA,0.6214657657437,NA,NA
"1500:362:394:1",NA,0.273795530159258,NA,NA
"1500:362:394:2",NA,0.146677924025836,NA,NA
"1500:362:495:1",NA,0.199779552436514,NA,NA
"1500:362:495:2",NA,0.312382572900731,NA,NA
"1500:362:496:1",NA,0.61326489523366,NA,NA
"1500:362:496:2",NA,0.351386646453495,NA,NA
"1500:362:497:1",NA,1.19988809978536,NA,NA
"1500:362:497:2",NA,1.19895983115788,NA,NA
"1500:362:498:1",NA,1.72356396225635,NA,NA
"1500:362:498:2",NA,1.62310337263666,NA,NA
"1500:362:499:1",NA,0.833686126243403,NA,NA
"1500:362:499:2",NA,0.95971105938994,NA,NA
"1500:363:390:1",NA,0.550713841022696,NA,NA
"1500:363:390:2",NA,0.434722815618743,NA,NA
"1500:363:391:1",NA,0.349562668977717,NA,NA
"1500:363:391:2",NA,0.922839302892889,NA,NA
"1500:363:392:1",NA,0.188272505064226,NA,NA
"1500:363:392:2",NA,0.30544271610265,NA,NA
"1500:363:393:1",NA,0.577909816591207,NA,NA
"1500:363:393:2",NA,0.873272081467753,NA,NA
"1500:363:394:1",NA,0.1416433664309,NA,NA
"1500:363:394:2",NA,0.100575305498378,NA,NA
"1500:363:495:1",NA,0.540841973981137,NA,NA
"1500:363:495:2",NA,1.02393011924117,NA,NA
"1500:363:496:1",NA,1.9342905681308,NA,NA
"1500:363:496:2",NA,2.93167788228392,NA,NA
"1500:363:497:1",NA,1.01849103298229,NA,NA
"1500:363:497:2",NA,5.07461658601084,NA,NA
"1500:363:498:1",NA,7.59748311498129,NA,NA
"1500:363:498:2",NA,4.82342659577001,NA,NA
"1500:363:499:1",NA,3.75903517528431,NA,NA
"1500:363:499:2",NA,2.44624347021719,NA,NA
"1500:364:390:1",0.061303285955819,1.42156793447252,NA,NA
"1500:364:390:2",0.017641213074497,1.07346815737254,NA,NA
"1500:364:391:1",0.034019447033602,1.03950777291633,NA,NA
"1500:364:391:2",NA,1.01243622364361,NA,NA
"1500:364:392:1",NA,0.909984895217658,NA,NA
"1500:364:392:2",NA,0.510827277936804,NA,NA
"1500:364:393:1",NA,0.737635923710948,NA,NA
"1500:364:393:2",NA,0.616777572624211,NA,NA
"1500:364:394:1",NA,1.18083679496397,NA,NA
"1500:364:394:2",NA,1.25292227400683,NA,NA
"1500:364:495:1",NA,0.191848438608018,NA,NA
"1500:364:495:2",0.035748145784551,0.400871459320731,NA,NA
"1500:364:496:1",0.0393156718355,0.103989796738278,NA,NA
"1500:364:496:2",0,0.580752261257583,NA,NA
"1500:364:497:1",0.037660598028169,0.51198750303866,NA,NA
"1500:364:497:2",NA,0.535166736925351,NA,NA
"1500:364:498:1",NA,0.754860420506913,NA,NA
"1500:364:498:2",NA,1.03611615982709,NA,NA
"1500:364:499:1",NA,0.200134528545894,NA,NA
"1500:364:499:2",0.060021578107395,0.327556788399701,NA,NA
"1500:465:390:1",NA,0.710623187207878,NA,NA
"1500:465:390:2",NA,1.20683274727547,NA,NA
"1500:465:391:1",NA,NA,NA,NA
"1500:465:391:2",NA,NA,NA,NA
"1500:465:392:1",NA,NA,NA,NA
"1500:465:392:2",NA,NA,NA,NA
"1500:465:393:1",NA,NA,NA,NA
"1500:465:393:2",NA,0.101661903618324,NA,NA
"1500:465:394:1",NA,0.095892746511149,NA,NA
"1500:465:394:2",0.017629012650328,0.13799200107702,NA,NA
"1500:465:495:1",NA,0.535080960912719,NA,NA
"1500:465:495:2",0.012446654260286,0.742169500382133,NA,NA
"1500:465:496:1",NA,0.695452881329144,NA,NA
"1500:465:496:2",0.032858520801029,0.58661354567339,NA,NA
"1500:465:497:1",NA,1.74439811794633,NA,NA
"1500:465:497:2",0.043422448704459,1.81121607459504,NA,NA
"1500:465:498:1",0.064050182306774,0.034034970639625,NA,NA
"1500:465:498:2",0.132801988381141,0.295688297003248,NA,NA
"1500:465:499:1",0.1963468545754,0.395906138537704,NA,NA
"1500:465:499:2",0.11759677209864,0.717286541484916,NA,NA
"1500:466:390:1",0.119211621733595,0.467254305188925,NA,NA
"1500:466:390:2",0.250448259294299,1.20932023051771,NA,NA
"1500:466:391:1",0.371753718577057,2.16784413251627,NA,NA
"1500:466:391:2",0.268539240443473,1.30603236583341,NA,NA
"1500:466:392:1",0.598262754062918,0.239973831711355,NA,NA
"1500:466:392:2",0.660728810259267,0.190403191962804,NA,1.52618396214916
"1500:466:393:1",0.889902212864319,0.093828737591323,NA,7.34771885315484
"1500:466:393:2",0.76732478988673,0.196490162818633,NA,5.52580813192478
"1500:466:394:1",0.703027595052782,0.305392339050286,NA,0.65078403979124
"1500:466:394:2",0.634733400740218,0.038572966724908,NA,0.328081210142691
"1500:466:495:1",0.430297204002073,0.09148902777676,NA,0.328534756984097
"1500:466:495:2",0.814230382505434,0.038572966724908,NA,NA
"1500:466:496:1",0.839071603553741,NA,NA,NA
"1500:466:496:2",0.918022997955988,0.147437948189513,NA,NA
"1500:466:497:1",0.566632409849137,0.297539287746034,NA,NA
"1500:466:497:2",1.16108052449785,0.563331909471783,NA,NA
"1500:466:498:1",0.611087440983308,0.464542895133005,NA,NA
"1500:466:498:2",0.502270403453109,0.161753370949111,NA,NA
"1500:466:499:1",0.154083348573809,0.105327776431979,NA,NA
"1500:466:499:2",0.350072110512738,0.460088609212719,NA,0.410186750270216
"1500:467:390:1",0.631269772834667,0.849255068017565,NA,NA
"1500:467:390:2",1.23846431115338,1.58038105006885,NA,NA
"1500:467:391:1",0.766239653826307,1.33257872189723,NA,NA
"1500:467:391:2",0.343974810577668,1.55116384441474,NA,0.474388671609439
"1500:467:392:1",0.844164335390625,1.22284422988265,NA,1.24515973353358
"1500:467:392:2",0.34179883812949,1.55220291164829,NA,1.26583147482128
"1500:467:393:1",0.080444136994876,1.27378300945879,NA,NA
"1500:467:393:2",0.015985665334217,1.8603867201305,NA,NA
"1500:467:394:1",0.029042193274001,2.04923605709557,NA,0.322702829648549
"1500:467:394:2",NA,0.778378137392489,NA,3.48117127659053
"1500:467:495:1",0.215043250365107,0.509194403296074,NA,1.80147445740017
"1500:467:495:2",0.138449732738689,0.467352756884307,NA,NA
"1500:467:496:1",0.471028570425074,1.68428290280514,NA,5.8113680604789
"1500:467:496:2",0.253829637482046,2.70967129480479,NA,5.86000838409649
"1500:467:497:1",0.339195060858275,0.225422711205671,NA,0.960970953644802
"1500:467:497:2",0.018747429722272,0.094676538972937,NA,NA
"1500:467:498:1",0.427185018930177,1.14430797518827,NA,0.161351414824275
"1500:467:498:2",0.280585887570892,0.71817661141623,NA,1.59330820672478
"1500:467:499:1",0.052544257921713,0.022689980426416,NA,NA
"1500:467:499:2",0.039275126036653,0.031765972596983,NA,NA
"7500:361:489:4",NA,0.159338697292823,0.740487101019578,NA
"7500:361:489:3",NA,NA,0.151488945047814,NA
"7500:361:488:4",NA,0.071718510126795,0.046613890877702,NA
"7500:361:488:3",NA,NA,0.033481645482787,NA
"7500:361:487:4",NA,NA,0.06532021021503,NA
"7500:361:487:3",NA,NA,0.086494250830533,NA
"7500:361:486:4",NA,NA,0.27602637109679,NA
"7500:361:486:3",NA,NA,0.662731379998244,NA
"7500:361:485:4",NA,NA,0.158932410863015,NA
"7500:361:485:3",NA,0.107396762114112,0.15954159080166,NA
"7500:361:384:4",NA,0.105883176544533,0.087145282826032,NA
"7500:361:384:3",NA,NA,0.194605605717951,NA
"7500:361:383:4",NA,0.079355660916327,0.045237423230077,NA
"7500:361:383:3",NA,NA,NA,NA
"7500:361:382:4",NA,NA,NA,NA
"7500:361:382:3",NA,NA,NA,NA
"7500:361:381:4",NA,NA,NA,NA
"7500:361:381:3",NA,NA,NA,NA
"7500:361:380:4",NA,NA,NA,NA
"7500:361:380:3",NA,NA,NA,NA
"7500:360:489:4",NA,NA,NA,NA
"7500:360:489:3",NA,NA,NA,NA
"7500:360:488:4",NA,NA,NA,0.307841976663568
"7500:360:488:3",NA,NA,NA,NA
"7500:360:487:4",NA,NA,NA,NA
"7500:360:487:3",NA,NA,NA,NA
"7500:360:486:4",NA,NA,NA,NA
"7500:360:486:3",NA,NA,NA,NA
"7500:360:485:4",NA,NA,NA,NA
"7500:360:485:3",NA,NA,NA,NA
"7500:360:384:4",NA,NA,NA,NA
"7500:360:384:3",NA,NA,NA,NA
"7500:360:383:4",NA,NA,NA,NA
"7500:360:383:3",NA,NA,NA,NA
"7500:360:382:4",NA,NA,NA,0.166747737359432
"7500:360:382:3",NA,NA,NA,NA
"7500:360:381:4",NA,0.1082122648859,NA,NA
"7500:360:381:3",NA,NA,NA,0.615683953327137
"7500:360:380:4",NA,0.168067912023567,NA,NA
"7500:360:380:3",NA,NA,NA,NA
"1500:360:380:3",NA,0.35202619910363,NA,0.615683953327137
"1500:360:380:4",NA,0.084855709652958,NA,NA
"1500:360:381:3",NA,NA,NA,NA
"1500:360:381:4",NA,0.239056405830142,NA,0.620814652938196
"1500:360:382:3",NA,0.31440245692136,NA,0.613118603521607
"1500:360:382:4",NA,0.388030515239052,NA,NA
"1500:360:383:3",NA,0.576169543695191,NA,NA
"1500:360:383:4",NA,0.061043398189284,NA,NA
"1500:360:384:3",NA,0.502494722915852,NA,NA
"1500:360:384:4",NA,2.02959515753922,NA,NA
"1500:360:485:3",NA,0.254763787818678,NA,NA
"1500:360:485:4",NA,0.329786123215327,NA,NA
"1500:360:486:3",NA,0.194023533221028,NA,NA
"1500:360:486:4",NA,0.705197741519777,NA,NA
"1500:360:487:3",NA,1.73771853042887,NA,NA
"1500:360:487:4",NA,2.94712089191217,NA,NA
"1500:360:488:3",NA,0.238822901804282,NA,NA
"1500:360:488:4",NA,1.82198456794708,NA,NA
"1500:360:489:3",NA,8.83580897890642,NA,NA
"1500:360:489:4",NA,0.259948689523711,NA,NA
"1500:361:380:3",NA,0.24925321370845,NA,NA
"1500:361:380:4",NA,0.146465216665018,NA,NA
"1500:361:381:3",NA,NA,NA,0.307841976663568
"1500:361:381:4",NA,0.427409409693357,NA,NA
"1500:361:382:3",NA,0.0919376607941,NA,NA
"1500:361:382:4",NA,2.48269991851902,NA,NA
"1500:361:383:3",NA,5.18078022362181,NA,NA
"1500:361:383:4",NA,9.69575429269051,NA,NA
"1500:361:384:3",NA,3.86784732207892,NA,NA
"1500:361:384:4",NA,3.56094716910231,NA,NA
"1500:361:485:3",NA,3.4514054761934,NA,NA
"1500:361:485:4",NA,5.19244705897268,NA,NA
"1500:361:486:3",NA,4.72545098708112,NA,NA
"1500:361:486:4",NA,0.139700198849465,NA,NA
"1500:361:487:3",NA,NA,NA,NA
"1500:361:487:4",NA,0.055834230800065,NA,NA
"1500:361:488:3",NA,NA,NA,NA
"1500:361:488:4",NA,NA,NA,NA
"1500:361:489:3",NA,NA,NA,NA
"1500:361:489:4",NA,NA,NA,NA
"1500:362:380:3",NA,NA,NA,NA
"1500:362:380:4",NA,0.05570345265369,NA,NA
"1500:362:381:3",NA,NA,NA,NA
"1500:362:381:4",NA,NA,NA,NA
"1500:362:382:3",NA,NA,NA,NA
"1500:362:382:4",NA,NA,NA,NA
"1500:362:383:3",NA,NA,NA,NA
"1500:362:383:4",NA,0.393422984553958,NA,NA
"1500:362:384:3",NA,0.172425688945479,NA,NA
"1500:362:384:4",NA,0.370504545803996,NA,NA
"1500:362:485:3",NA,0.043529954933112,NA,NA
"1500:362:485:4",NA,0.613046865307991,NA,NA
"1500:362:486:3",NA,0.210394782176707,NA,NA
"1500:362:486:4",NA,0.805304166262569,NA,NA
"1500:362:487:3",NA,0.684851401990999,NA,NA
"1500:362:487:4",NA,1.00844395595042,NA,NA
"1500:362:488:3",NA,1.35466749873324,NA,NA
"1500:362:488:4",NA,1.14983913977487,NA,NA
"1500:362:489:3",NA,1.11685941092837,NA,NA
"1500:362:489:4",NA,0.791060151495393,NA,NA
"1500:363:380:3",NA,0.885358158545331,NA,NA
"1500:363:380:4",NA,0.590739999963121,NA,NA
"1500:363:381:3",NA,0.384514601909155,NA,NA
"1500:363:381:4",NA,0.553482608598863,NA,NA
"1500:363:382:3",NA,1.17274360884155,NA,NA
"1500:363:382:4",NA,0.514551806818858,NA,NA
"1500:363:383:3",NA,1.09535981504939,NA,NA
"1500:363:383:4",NA,1.77998671330251,NA,NA
"1500:363:384:3",NA,NA,NA,NA
"1500:363:384:4",NA,NA,NA,NA
"1500:363:485:3",NA,0.152332834270388,NA,NA
"1500:363:485:4",NA,0.851766725410922,NA,NA
"1500:363:486:3",NA,1.5763135747142,NA,NA
"1500:363:486:4",NA,0.921457452446384,NA,NA
"1500:363:487:3",NA,0.54619036481806,NA,NA
"1500:363:487:4",NA,0.238476711950412,NA,NA
"1500:363:488:3",NA,3.13200956347836,NA,NA
"1500:363:488:4",NA,6.13978437129756,NA,NA
"1500:363:489:3",NA,5.40001955058252,NA,NA
"1500:363:489:4",NA,2.57061127735768,NA,NA
"1500:364:380:3",0.05678198932293,1.52326563618013,NA,NA
"1500:364:380:4",0.047508812104339,0.394920272574967,NA,NA
"1500:364:381:3",0.155217988457643,1.00126141828837,NA,NA
"1500:364:381:4",0.053719162701631,0.963155181952143,NA,NA
"1500:364:382:3",0.065332820792776,1.03702255647696,NA,NA
"1500:364:382:4",NA,0.930819275961006,NA,NA
"1500:364:383:3",NA,1.71786854179896,NA,NA
"1500:364:383:4",NA,0.486313387259208,NA,NA
"1500:364:384:3",NA,1.25805096405059,NA,NA
"1500:364:384:4",NA,1.20103145909826,NA,NA
"1500:364:485:3",0.018021562230355,0.751901910466152,NA,NA
"1500:364:485:4",NA,0.615579794593407,NA,NA
"1500:364:486:3",0.070470452790418,0.541893580671792,NA,NA
"1500:364:486:4",NA,0.475840793236011,NA,NA
"1500:364:487:3",NA,0.532867768179556,NA,NA
"1500:364:487:4",NA,0.252274521789749,NA,NA
"1500:364:488:3",NA,0.347808183178435,NA,NA
"1500:364:488:4",NA,0.629993371105734,NA,NA
"1500:364:489:3",NA,0.488194246670299,NA,NA
"1500:364:489:4",NA,0.631364459069089,NA,NA
"1500:465:380:3",NA,0.183429170492361,NA,NA
"1500:465:380:4",NA,0.177418134294521,NA,NA
"1500:465:381:3",NA,NA,NA,NA
"1500:465:381:4",0.030320461218808,NA,NA,NA
"1500:465:382:3",NA,NA,NA,NA
"1500:465:382:4",NA,0.061785111493722,NA,NA
"1500:465:383:3",NA,NA,NA,NA
"1500:465:383:4",NA,NA,NA,NA
"1500:465:384:3",NA,NA,NA,NA
"1500:465:384:4",NA,NA,NA,NA
"1500:465:485:3",NA,NA,NA,NA
"1500:465:485:4",0.017757147865387,NA,NA,NA
"1500:465:486:3",NA,0.206019228252593,NA,NA
"1500:465:486:4",0.026848279369557,0.484836692435636,NA,NA
"1500:465:487:3",NA,1.76930222027067,NA,NA
"1500:465:487:4",0.011736952729861,1.31520019938966,NA,NA
"1500:465:488:3",0.269419186588109,0.061445559988696,NA,NA
"1500:465:488:4",0.427672050729148,NA,NA,NA
"1500:465:489:3",0.371522280737571,NA,NA,NA
"1500:465:489:4",0.669996358614129,0.080171027333991,NA,NA
"1500:466:380:3",1.06811459052125,0.082376662899145,NA,NA
"1500:466:380:4",0.338684391839635,0.517401621552934,NA,NA
"1500:466:381:3",0.178328293627769,1.83392848515762,NA,NA
"1500:466:381:4",0.242305934961646,1.74804768296476,NA,NA
"1500:466:382:3",0.567748080791177,0.884190914466228,NA,NA
"1500:466:382:4",0.422218319925778,NA,NA,0.650533691698947
"1500:466:383:3",0.921357387569494,NA,NA,0.816420190030673
"1500:466:383:4",0.613164284805596,NA,NA,NA
"1500:466:384:3",0.566173598314501,0.097154573638166,NA,0.48340669146553
"1500:466:384:4",0.553087985214943,NA,NA,0.161135563821843
"1500:466:485:3",0.371920454093644,0.048689868865715,NA,NA
"1500:466:485:4",0.328773723865926,NA,NA,0.161135563821843
"1500:466:486:3",0.477286625909601,0.063415655421032,NA,NA
"1500:466:486:4",0.418604682168974,NA,NA,NA
"1500:466:487:3",0.130087780746294,NA,NA,NA
"1500:466:487:4",0.118012735987261,NA,NA,NA
"1500:466:488:3",0.180394600976474,NA,NA,NA
"1500:466:488:4",0.373516091384332,NA,NA,NA
"1500:466:489:3",0.602748401226017,NA,NA,NA
"1500:466:489:4",0.649619853742872,0.038568519786346,NA,0.613677574979862
"1500:467:380:3",0.609329668979785,0.06386345808778,NA,NA
"1500:467:380:4",0.536039512248793,0.045080088061963,NA,NA
"1500:467:381:3",1.08569124107067,NA,NA,NA
"1500:467:381:4",1.01339144695931,0.061785111493722,NA,NA
"1500:467:382:3",0.829334826520994,NA,NA,NA
"1500:467:382:4",0.111988294952852,NA,NA,NA
"1500:467:383:3",NA,NA,NA,NA
"1500:467:383:4",NA,NA,NA,NA
"1500:467:384:3",0.062941458407773,0.304302450934788,NA,NA
"1500:467:384:4",0.097418788632791,1.60309798480163,NA,1.41086427264006
"1500:467:485:3",0.281371357858478,0.315978396096496,NA,0.265320018964147
"1500:467:485:4",0.248728368349099,1.54254420885285,NA,0.475602393908564
"1500:467:486:3",0.218426566468269,0.98270380804543,NA,0.161135563821843
"1500:467:486:4",0.028889298398238,0.069674368070594,NA,0.053711854607281
"1500:467:487:3",0.177366932530754,0.068578448920298,NA,0.327642313104414
"1500:467:487:4",NA,0.0498276919576,NA,NA
"1500:467:488:3",0.136143830182947,NA,NA,NA
"1500:467:488:4",0.046829718169629,NA,NA,NA
"1500:467:489:3",0.092362547120366,0.0593667190898,NA,NA
"1500:467:489:4",0.11853491854058,NA,NA,NA
"7500:361:489:2",NA,NA,1.4907950511325,NA
"7500:361:489:1",NA,NA,0.696322193963765,NA
"7500:361:488:2",NA,NA,0.256232225053339,NA
"7500:361:488:1",NA,NA,1.1503468561363,NA
"7500:361:487:2",NA,NA,1.11434302341998,NA
"7500:361:487:1",NA,NA,0.867463495191051,NA
"7500:361:486:2",NA,NA,1.0272248775806,NA
"7500:361:486:1",NA,NA,1.37223100710428,NA
"7500:361:485:2",NA,NA,1.20990023304283,NA
"7500:361:485:1",NA,NA,0.352197910016866,NA
"7500:361:384:2",NA,NA,0.091807104471235,NA
"7500:361:384:1",NA,NA,0.416181425618388,NA
"7500:361:383:2",NA,NA,0.122684673780805,NA
"7500:361:383:1",NA,NA,NA,NA
"7500:361:382:2",NA,NA,NA,NA
"7500:361:382:1",NA,NA,NA,NA
"7500:361:381:2",NA,NA,NA,NA
"7500:361:381:1",NA,NA,NA,NA
"7500:361:380:2",NA,0.172038794484982,NA,NA
"7500:361:380:1",NA,NA,NA,NA
"7500:360:489:2",NA,NA,NA,NA
"7500:360:489:1",NA,NA,NA,NA
"7500:360:488:2",NA,NA,NA,NA
"7500:360:488:1",NA,NA,NA,NA
"7500:360:487:2",NA,NA,NA,NA
"7500:360:487:1",NA,NA,NA,0.317678637018617
"7500:360:486:2",NA,NA,NA,NA
"7500:360:486:1",NA,NA,NA,NA
"7500:360:485:2",NA,NA,NA,NA
"7500:360:485:1",NA,NA,NA,NA
"7500:360:384:2",NA,NA,NA,NA
"7500:360:384:1",NA,NA,NA,NA
"7500:360:383:2",NA,NA,NA,NA
"7500:360:383:1",NA,NA,NA,NA
"7500:360:382:2",NA,NA,NA,NA
"7500:360:382:1",NA,NA,NA,0.30999286354236
"7500:360:381:2",NA,NA,NA,NA
"7500:360:381:1",NA,NA,NA,NA
"7500:360:380:2",NA,NA,NA,0.263878222684819
"7500:360:380:1",NA,0.031387848049038,NA,NA
"1500:360:380:1",NA,NA,NA,NA
"1500:360:380:2",NA,NA,NA,NA
"1500:360:381:1",NA,0.253465147425879,NA,NA
"1500:360:381:2",NA,NA,NA,0.614861878100548
"1500:360:382:1",NA,NA,NA,NA
"1500:360:382:2",NA,4.01292169114857,NA,NA
"1500:360:383:1",NA,0.276803652353342,NA,NA
"1500:360:383:2",NA,0.098240143604634,NA,NA
"1500:360:384:1",NA,0.506594039960008,NA,NA
"1500:360:384:2",NA,3.7825923948785,NA,NA
"1500:360:485:1",NA,0.078230935617449,NA,NA
"1500:360:485:2",NA,0.177024616396152,NA,NA
"1500:360:486:1",NA,0.030662009521388,NA,NA
"1500:360:486:2",NA,2.03644663476864,NA,NA
"1500:360:487:1",NA,0.145079833297548,NA,NA
"1500:360:487:2",NA,2.3856208448034,NA,NA
"1500:360:488:1",NA,0.187239714493942,NA,NA
"1500:360:488:2",NA,NA,NA,NA
"1500:360:489:1",NA,10.1820807514514,NA,NA
"1500:360:489:2",NA,0.448247875763594,NA,NA
"1500:361:380:1",NA,NA,NA,NA
"1500:361:380:2",NA,NA,NA,NA
"1500:361:381:1",NA,NA,NA,NA
"1500:361:381:2",NA,0.122419871382714,NA,NA
"1500:361:382:1",NA,0.061209935691357,NA,NA
"1500:361:382:2",NA,2.02963412677937,NA,NA
"1500:361:383:1",NA,2.96304101089041,NA,NA
"1500:361:383:2",NA,6.14306211315959,NA,NA
"1500:361:384:1",NA,2.50671241953943,NA,NA
"1500:361:384:2",NA,1.39617134314463,NA,NA
"1500:361:485:1",NA,3.61452101931776,NA,NA
"1500:361:485:2",NA,3.94752732708059,NA,NA
"1500:361:486:1",NA,1.62634002354058,NA,NA
"1500:361:486:2",NA,0.085109816887102,NA,NA
"1500:361:487:1",NA,0.005944014020965,NA,NA
"1500:361:487:2",NA,NA,NA,NA
"1500:361:488:1",NA,NA,NA,NA
"1500:361:488:2",NA,NA,NA,NA
"1500:361:489:1",NA,NA,NA,NA
"1500:361:489:2",NA,NA,NA,NA
"1500:362:380:1",NA,NA,NA,NA
"1500:362:380:2",NA,NA,NA,NA
"1500:362:381:1",NA,NA,NA,NA
"1500:362:381:2",NA,NA,NA,NA
"1500:362:382:1",NA,NA,NA,NA
"1500:362:382:2",NA,NA,NA,NA
"1500:362:383:1",NA,NA,NA,NA
"1500:362:383:2",NA,0.292832988773355,NA,NA
"1500:362:384:1",NA,0.443132827900863,NA,NA
"1500:362:384:2",NA,0.508635222608773,NA,NA
"1500:362:485:1",NA,0.092121161082111,NA,NA
"1500:362:485:2",NA,0.418833537148927,NA,NA
"1500:362:486:1",NA,0.604983005723575,NA,NA
"1500:362:486:2",NA,0.468771263117548,NA,NA
"1500:362:487:1",NA,0.249963038292974,NA,NA
"1500:362:487:2",NA,0.504698105291466,NA,NA
"1500:362:488:1",NA,0.757516951157362,NA,NA
"1500:362:488:2",NA,1.12955603335069,NA,NA
"1500:362:489:1",NA,1.29839526433314,NA,NA
"1500:362:489:2",NA,1.04515014724956,NA,NA
"1500:363:380:1",NA,0.933765612628241,NA,NA
"1500:363:380:2",NA,0.519699722731104,NA,NA
"1500:363:381:1",NA,0.212784605984047,NA,NA
"1500:363:381:2",NA,0.802631864769287,NA,NA
"1500:363:382:1",NA,0.426418095319104,NA,NA
"1500:363:382:2",NA,0.668086877062046,NA,NA
"1500:363:383:1",NA,0.362469218132351,NA,NA
"1500:363:383:2",NA,2.30998938702013,NA,NA
"1500:363:384:1",NA,0.112291339174095,NA,NA
"1500:363:384:2",NA,NA,NA,NA
"1500:363:485:1",NA,0.457539583103245,NA,NA
"1500:363:485:2",NA,0.762640801507779,NA,NA
"1500:363:486:1",NA,3.47129205775381,NA,NA
"1500:363:486:2",NA,7.09429909457982,NA,NA
"1500:363:487:1",NA,8.1074192692772,NA,NA
"1500:363:487:2",NA,10.0828273946571,NA,NA
"1500:363:488:1",NA,14.5217916984221,NA,NA
"1500:363:488:2",0.03532752787694,8.4179383679861,NA,NA
"1500:363:489:1",0.070962828696693,6.52396335667925,NA,NA
"1500:363:489:2",0.239189309680285,1.53937121258937,NA,NA
"1500:364:380:1",0.183574024924669,0.871475877311583,NA,NA
"1500:364:380:2",0.052782269278532,0.512059328841267,NA,NA
"1500:364:381:1",0.172496503778682,0.916661305374349,NA,NA
"1500:364:381:2",0.070655055753879,0.708816452996504,NA,NA
"1500:364:382:1",0.119811792064329,0.944700658499405,NA,NA
"1500:364:382:2",0.035774649177672,1.0955878058283,NA,NA
"1500:364:383:1",NA,0.792134031125303,NA,NA
"1500:364:383:2",0.018180559418161,1.12242945897814,NA,NA
"1500:364:384:1",0.012123858991239,1.59009235657223,NA,NA
"1500:364:384:2",0.070094675907751,1.32289260560016,NA,NA
"1500:364:485:1",0.024795467965141,0.914421421803461,NA,NA
"1500:364:485:2",0.035188179519021,1.07900007325807,NA,NA
"1500:364:486:1",NA,0.903193593895975,NA,NA
"1500:364:486:2",NA,1.04917274093667,NA,NA
"1500:364:487:1",NA,0.564332238169976,NA,NA
"1500:364:487:2",NA,0.881024332762557,NA,NA
"1500:364:488:1",NA,1.03527899782738,NA,NA
"1500:364:488:2",NA,0.756469964363303,NA,NA
"1500:364:489:1",NA,0.940369145928845,NA,NA
"1500:364:489:2",NA,0.757560004779733,NA,NA
"1500:465:380:1",NA,0.624506851784476,NA,NA
"1500:465:380:2",NA,0.640565919698578,NA,NA
"1500:465:381:1",NA,0.166330017228162,NA,NA
"1500:465:381:2",NA,NA,NA,NA
"1500:465:382:1",NA,0.111064706292084,NA,NA
"1500:465:382:2",NA,0.049362091685371,NA,NA
"1500:465:383:1",NA,NA,NA,NA
"1500:465:383:2",NA,0.061702614606713,NA,NA
"1500:465:384:1",NA,NA,NA,NA
"1500:465:384:2",NA,0.046276960955035,NA,NA
"1500:465:485:1",NA,0.033922739816676,NA,NA
"1500:465:485:2",0.011150624647046,0.119137490302309,NA,NA
"1500:465:486:1",0.017581921925189,0.156889541932513,NA,NA
"1500:465:486:2",0.016432499479857,0.236933714576771,NA,NA
"1500:465:487:1",NA,1.13259617516131,NA,NA
"1500:465:487:2",NA,1.61452450115569,NA,NA
"1500:465:488:1",0.35172080890153,0.805917202742976,NA,NA
"1500:465:488:2",0.792916012298716,0.170897190229436,NA,NA
"1500:465:489:1",0.971560384836482,NA,NA,NA
"1500:465:489:2",0.908477823843869,NA,NA,NA
"1500:466:380:1",0.648145344228027,NA,NA,NA
"1500:466:380:2",0.91215362810639,NA,NA,NA
"1500:466:381:1",0.755327611475407,0.148124083339511,NA,NA
"1500:466:381:2",0.427694979020922,0.294206578784747,NA,NA
"1500:466:382:1",0.386110917674325,0.644012895775492,NA,0.160920411949808
"1500:466:382:2",0.320574177396783,0.613567129697969,NA,NA
"1500:466:383:1",0.274093618481208,0.079891951191343,NA,NA
"1500:466:383:2",0.929407891072871,NA,NA,NA
"1500:466:384:1",0.434933962056516,NA,NA,NA
"1500:466:384:2",0.811038020724321,NA,NA,NA
"1500:466:485:1",0.789579964024865,NA,NA,NA
"1500:466:485:2",0.574222222904798,NA,NA,NA
"1500:466:486:1",0.586947287703143,NA,NA,0.166284425681468
"1500:466:486:2",0.512476886242592,NA,NA,NA
"1500:466:487:1",0.879669739002391,NA,NA,0.160920411949808
"1500:466:487:2",0.666522558634599,NA,NA,NA
"1500:466:488:1",0.421240049738313,NA,NA,0.166284425681468
"1500:466:488:2",0.289096494437488,NA,NA,NA
"1500:466:489:1",0.393437350587986,NA,NA,NA
"1500:466:489:2",0.683354226919673,NA,NA,0.160920411949808
"1500:467:380:1",0.835452390580113,NA,NA,NA
"1500:467:380:2",1.27673698240806,NA,NA,0.160920411949808
"1500:467:381:1",0.955441621387268,0.052447222415706,NA,NA
"1500:467:381:2",1.01055947083089,0.045258741627132,NA,0.170492920919379
"1500:467:382:1",0.960742405434204,NA,NA,0.840292226150566
"1500:467:382:2",0.025498355220617,0.031902639267455,NA,2.69883499628389
"1500:467:383:1",0.078086581886077,NA,NA,0.156582645747749
"1500:467:383:2",0.113810862217865,NA,NA,NA
"1500:467:384:1",0.065457078372735,NA,NA,NA
"1500:467:384:2",0.100733904365866,0.458628131464293,NA,0.108383111888764
"1500:467:485:1",0.072174873276479,0.839767719686699,NA,NA
"1500:467:485:2",0.058267363319462,0.401520007066416,NA,NA
"1500:467:486:1",0.006710672943705,0.042536852356607,NA,0.160920411949808
"1500:467:486:2",0.156216782530147,0.024892307894923,NA,5.45646255478031
"1500:467:487:1",0.014341625517667,NA,NA,4.48899558939133
"1500:467:487:2",0.054446847696213,0.044319398715,NA,0.396937016142859
"1500:467:488:1",0.071558972548654,NA,NA,0.176176018283358
"1500:467:488:2",0.039857410820901,0.042105597675553,NA,NA
"1500:467:489:1",0.067960037458377,NA,NA,NA
"1500:467:489:2",0.031069991555022,NA,NA,NA
"7500:361:479:4",NA,NA,1.03443626107486,NA
"7500:361:479:3",NA,0.271448591054653,0.830965699934551,NA
"7500:361:478:4",NA,NA,0.723101329172583,NA
"7500:361:478:3",NA,NA,0.941149294425962,NA
"7500:361:477:4",NA,NA,0.919786111389851,NA
"7500:361:477:3",NA,NA,0.968790303832433,NA
"7500:361:476:4",NA,NA,1.2583005842525,NA
"7500:361:476:3",NA,NA,1.01860404407873,NA
"7500:361:475:4",NA,0.051677625221636,0.220872978047873,NA
"7500:361:475:3",NA,NA,0.842455876896024,NA
"7500:361:374:4",NA,NA,0.168966469344708,NA
"7500:361:374:3",NA,NA,0.264167542784783,NA
"7500:361:373:4",NA,NA,0.117321650784439,NA
"7500:361:373:3",NA,NA,NA,NA
"7500:361:372:4",NA,NA,NA,NA
"7500:361:372:3",NA,NA,NA,NA
"7500:361:371:4",NA,NA,NA,NA
"7500:361:371:3",NA,NA,NA,NA
"7500:361:370:4",NA,NA,NA,NA
"7500:361:370:3",NA,NA,NA,NA
"7500:360:479:4",NA,NA,NA,NA
"7500:360:479:3",NA,NA,NA,NA
"7500:360:478:4",NA,NA,NA,NA
"7500:360:478:3",NA,NA,NA,NA
"7500:360:477:4",NA,NA,NA,0.921063693375376
"7500:360:477:3",NA,NA,NA,0.307021231125125
"7500:360:476:4",NA,NA,NA,NA
"7500:360:476:3",NA,NA,NA,NA
"7500:360:475:4",NA,NA,NA,NA
"7500:360:475:3",NA,NA,NA,NA
"7500:360:374:4",NA,NA,NA,NA
"7500:360:374:3",NA,NA,NA,NA
"7500:360:373:4",NA,NA,NA,NA
"7500:360:373:3",NA,NA,NA,NA
"7500:360:372:4",NA,0.096895547290567,NA,NA
"7500:360:372:3",NA,0.023269008312253,NA,NA
"7500:360:371:4",NA,NA,NA,NA
"7500:360:371:3",NA,NA,NA,NA
"7500:360:370:4",NA,NA,NA,NA
"7500:360:370:3",NA,0.197052978623772,NA,NA
"1500:360:370:3",NA,NA,NA,NA
"1500:360:370:4",NA,0.051763433509822,NA,NA
"1500:360:371:3",NA,NA,NA,NA
"1500:360:371:4",NA,0.0821920504944,NA,NA
"1500:360:372:3",NA,0.07358191549112,NA,NA
"1500:360:372:4",NA,5.33640392330194,NA,NA
"1500:360:373:3",NA,0.070308288563746,NA,NA
"1500:360:373:4",NA,0.122807424492674,NA,NA
"1500:360:374:3",NA,0.258361467649869,NA,NA
"1500:360:374:4",NA,3.35340176086224,NA,NA
"1500:360:475:3",NA,0.079456940114083,NA,NA
"1500:360:475:4",NA,NA,NA,NA
"1500:360:476:3",NA,NA,NA,NA
"1500:360:476:4",NA,2.74449281521777,NA,NA
"1500:360:477:3",NA,NA,NA,NA
"1500:360:477:4",NA,0.831700114826165,NA,NA
"1500:360:478:3",NA,NA,NA,NA
"1500:360:478:4",NA,0.089711183957686,NA,NA
"1500:360:479:3",NA,5.88602159181456,NA,NA
"1500:360:479:4",NA,5.43836619649658,NA,NA
"1500:361:370:3",NA,0.642483942915549,NA,NA
"1500:361:370:4",NA,0.349886099772393,NA,NA
"1500:361:371:3",NA,0.108676155653707,NA,NA
"1500:361:371:4",NA,0.207552285678468,NA,NA
"1500:361:372:3",NA,0.050677038722118,NA,NA
"1500:361:372:4",NA,0.288157080048711,NA,NA
"1500:361:373:3",NA,0.133659838743296,NA,NA
"1500:361:373:4",NA,3.08961569951629,NA,NA
"1500:361:374:3",NA,4.86721648457095,NA,NA
"1500:361:374:4",NA,2.62933414366198,NA,NA
"1500:361:475:3",NA,2.60385877780274,NA,NA
"1500:361:475:4",NA,2.57855239936998,NA,NA
"1500:361:476:3",NA,0.117451271648944,NA,NA
"1500:361:476:4",NA,NA,NA,NA
"1500:361:477:3",NA,NA,NA,NA
"1500:361:477:4",NA,NA,NA,NA
"1500:361:478:3",NA,0.141355320248574,NA,NA
"1500:361:478:4",NA,NA,NA,NA
"1500:361:479:3",NA,NA,NA,NA
"1500:361:479:4",NA,NA,NA,NA
"1500:362:370:3",NA,NA,NA,NA
"1500:362:370:4",NA,NA,NA,NA
"1500:362:371:3",NA,NA,NA,NA
"1500:362:371:4",NA,NA,NA,NA
"1500:362:372:3",NA,NA,NA,NA
"1500:362:372:4",NA,0.169258947256043,NA,NA
"1500:362:373:3",NA,0.207342210388652,NA,NA
"1500:362:373:4",NA,0.122876638979824,NA,NA
"1500:362:374:3",NA,0.389701248863014,NA,NA
"1500:362:374:4",NA,0.878698716689298,NA,NA
"1500:362:475:3",NA,0.889901961435352,NA,NA
"1500:362:475:4",NA,0.101299096693081,NA,NA
"1500:362:476:3",NA,0.126623870866352,NA,NA
"1500:362:476:4",NA,0.043413898582749,NA,NA
"1500:362:477:3",NA,0.097681271811186,NA,NA
"1500:362:477:4",NA,0.104916921574977,NA,NA
"1500:362:478:3",NA,0.159580058422074,NA,NA
"1500:362:478:4",NA,0.311621627807387,NA,NA
"1500:362:479:3",NA,0.602137628161064,NA,NA
"1500:362:479:4",NA,0.917890933680846,NA,NA
"1500:363:370:3",NA,1.16572458708697,NA,NA
"1500:363:370:4",NA,0.91503107240683,NA,NA
"1500:363:371:3",NA,0.390725087244742,NA,NA
"1500:363:371:4",NA,0.692064849686988,NA,NA
"1500:363:372:3",NA,0.632583196755525,NA,NA
"1500:363:372:4",NA,0.228168579334051,NA,NA
"1500:363:373:3",NA,0.429255343980594,NA,NA
"1500:363:373:4",NA,0.207350997366406,NA,NA
"1500:363:374:3",NA,0.19732011232553,NA,NA
"1500:363:374:4",NA,NA,NA,NA
"1500:363:475:3",NA,0.090505669821982,NA,NA
"1500:363:475:4",NA,0.108724873986804,NA,NA
"1500:363:476:3",NA,0.437511065567859,NA,NA
"1500:363:476:4",NA,0.491371505945404,NA,NA
"1500:363:477:3",NA,0.919781434023821,NA,NA
"1500:363:477:4",NA,1.05156840782145,NA,NA
"1500:363:478:3",NA,1.20359313113127,NA,NA
"1500:363:478:4",NA,1.4872065154777,NA,NA
"1500:363:479:3",0.014758170891197,1.18768384264158,NA,NA
"1500:363:479:4",0.018156330499301,1.5985454296761,NA,NA
"1500:364:370:3",0.140565139349429,1.53825952900059,NA,NA
"1500:364:370:4",0.272648311354286,1.50450361861494,NA,NA
"1500:364:371:3",0.340491070132446,1.3025535959863,NA,NA
"1500:364:371:4",0.112337250752371,0.754204550836462,NA,NA
"1500:364:372:3",0.188846707796172,0.726792163856996,NA,NA
"1500:364:372:4",0.021282361494492,0.866756849550379,NA,NA
"1500:364:373:3",0.071019563884287,0.60225832342308,NA,NA
"1500:364:373:4",0,0.297246240115091,NA,NA
"1500:364:374:3",0.032381630693403,0.752894758217094,NA,NA
"1500:364:374:4",0.070970214401767,0.98270010206211,NA,NA
"1500:364:475:3",NA,0.973900498111644,NA,NA
"1500:364:475:4",NA,1.58386234678109,NA,NA
"1500:364:476:3",NA,1.20375231920792,NA,NA
"1500:364:476:4",NA,1.20844400140023,NA,NA
"1500:364:477:3",NA,1.57333971505,NA,NA
"1500:364:477:4",NA,1.32307048406416,NA,0.088111881742725
"1500:364:478:3",0.028327821722736,1.39323171735924,NA,NA
"1500:364:478:4",NA,0.973112830199676,NA,NA
"1500:364:479:3",NA,1.07756306475251,NA,NA
"1500:364:479:4",NA,0.543960579781175,NA,NA
"1500:465:370:3",NA,0.817848920437572,NA,NA
"1500:465:370:4",0.017709805069437,0.623312670476076,NA,NA
"1500:465:371:3",NA,0.642067400266221,NA,NA
"1500:465:371:4",NA,0.245769277980575,NA,NA
"1500:465:372:3",NA,0.04621528844506,NA,NA
"1500:465:372:4",NA,0.036972230756048,NA,NA
"1500:465:373:3",NA,NA,NA,NA
"1500:465:373:4",NA,0.025408148673554,NA,NA
"1500:465:374:3",NA,0.031760185841943,NA,NA
"1500:465:374:4",NA,NA,NA,NA
"1500:465:475:3",0.021685435939474,0.086444182519565,NA,NA
"1500:465:475:4",NA,0.281310721330292,NA,NA
"1500:465:476:3",NA,1.10175360869608,NA,NA
"1500:465:476:4",NA,1.278911437607,NA,NA
"1500:465:477:3",NA,1.91233816151466,NA,NA
"1500:465:477:4",NA,2.38769708242365,NA,NA
"1500:465:478:3",0.428977157699069,1.4083621645965,NA,NA
"1500:465:478:4",0.855426767224718,0.143399941425258,NA,NA
"1500:465:479:3",0.682857407491322,NA,NA,NA
"1500:465:479:4",0.31985887717555,NA,NA,NA
"1500:466:370:3",0.516605762631782,NA,NA,NA
"1500:466:370:4",0.360574756874592,0.052453215338017,NA,NA
"1500:466:371:3",0.720622676601546,NA,NA,NA
"1500:466:371:4",0.087042198668992,NA,NA,NA
"1500:466:372:3",0.088790093206452,0.312632448097018,NA,NA
"1500:466:372:4",0.014248056672867,0.622709445702547,NA,NA
"1500:466:373:3",0.275140754805005,0.249237903898265,NA,NA
"1500:466:373:4",0.400366715754762,NA,NA,NA
"1500:466:374:3",0.402980933845751,NA,NA,NA
"1500:466:374:4",0.358842963653022,0.053837438278454,NA,NA
"1500:466:475:3",0.339692825845615,NA,NA,NA
"1500:466:475:4",0.34154540377032,0.025408148673554,NA,NA
"1500:466:476:3",0.782802844715405,NA,NA,NA
"1500:466:476:4",0.446925759204842,NA,NA,NA
"1500:466:477:3",0.868794018399075,NA,NA,NA
"1500:466:477:4",0.93511386273752,0.051342734067752,NA,0.160705956084378
"1500:466:478:3",0.47306106817811,NA,NA,NA
"1500:466:478:4",0.481230034659635,NA,NA,NA
"1500:466:479:3",0.346885280743744,NA,NA,NA
"1500:466:479:4",0.20591427688152,NA,NA,NA
"1500:467:370:3",0.173501300108994,NA,NA,NA
"1500:467:370:4",0.754542999844828,NA,NA,NA
"1500:467:371:3",0.786547907984533,0.063559717132253,NA,0.321578776947499
"1500:467:371:4",0.576432053047644,NA,NA,0.48792646596078
"1500:467:372:3",0.980553164935951,NA,NA,NA
"1500:467:372:4",0.09331445139462,NA,NA,0.583898307106572
"1500:467:373:3",0.003609844548019,NA,NA,NA
"1500:467:373:4",NA,0.091978679285846,NA,NA
"1500:467:374:3",NA,0.07231748172887,NA,NA
"1500:467:374:4",NA,1.66751178296269,NA,NA
"1500:467:475:3",0.01702816893761,6.5139559528622,NA,NA
"1500:467:475:4",0.004481250150322,7.64778436557727,NA,0.327220509876402
"1500:467:476:3",0.057462370808669,1.74042421710486,NA,0.088111881742725
"1500:467:476:4",0.004010938386688,0.465974692158042,NA,NA
"1500:467:477:3",NA,0.085334927319807,NA,0.160705956084378
"1500:467:477:4",NA,0.205933653022094,NA,0.156373970748734
"1500:467:478:3",0.288116739420462,NA,NA,NA
"1500:467:478:4",0.10097441972315,0.453061568829741,NA,NA
"1500:467:479:3",0.118487451231679,2.84567527937173,NA,0.216477343159134
"1500:467:479:4",0.033669763144168,1.56501414144282,NA,NA
"7500:361:479:2",NA,NA,0.726560218155011,NA
"7500:361:479:1",NA,0.086777138880285,0.774533627002383,NA
"7500:361:478:2",NA,NA,0.671254242670625,NA
"7500:361:478:1",NA,NA,1.17429280698048,NA
"7500:361:477:2",NA,NA,0.60964089251091,NA
"7500:361:477:1",NA,NA,0.87626556469573,NA
"7500:361:476:2",NA,0.08959185466191,0.891976611580088,NA
"7500:361:476:1",NA,0.017146276124927,0.764652838387375,NA
"7500:361:475:2",NA,NA,0.2153237345658,NA
"7500:361:475:1",NA,NA,0.823616209527572,NA
"7500:361:374:2",NA,NA,0.246740167093851,NA
"7500:361:374:1",NA,0.195052268335683,0.093590438732384,NA
"7500:361:373:2",NA,NA,0.081711329927825,NA
"7500:361:373:1",NA,0.160993471519996,0.04446394977718,NA
"7500:361:372:2",NA,NA,NA,NA
"7500:361:372:1",NA,NA,NA,NA
"7500:361:371:2",NA,NA,NA,NA
"7500:361:371:1",NA,NA,NA,NA
"7500:361:370:2",NA,NA,NA,NA
"7500:361:370:1",NA,NA,NA,NA
"7500:360:479:2",NA,NA,NA,NA
"7500:360:479:1",NA,NA,0.011115987444295,NA
"7500:360:478:2",NA,NA,NA,NA
"7500:360:478:1",NA,NA,NA,NA
"7500:360:477:2",NA,NA,NA,1.22645138782504
"7500:360:477:1",NA,NA,NA,0.613225693912522
"7500:360:476:2",NA,NA,NA,0.306612846956261
"7500:360:476:1",NA,NA,NA,NA
"7500:360:475:2",NA,NA,NA,NA
"7500:360:475:1",NA,NA,NA,NA
"7500:360:374:2",NA,NA,NA,NA
"7500:360:374:1",NA,NA,NA,NA
"7500:360:373:2",NA,NA,NA,NA
"7500:360:373:1",NA,NA,NA,NA
"7500:360:372:2",NA,NA,NA,NA
"7500:360:372:1",NA,NA,NA,NA
"7500:360:371:2",NA,NA,NA,NA
"7500:360:371:1",NA,NA,NA,NA
"7500:360:370:2",NA,NA,NA,NA
"7500:360:370:1",NA,0.029217368236321,NA,NA
"1500:360:370:1",NA,NA,NA,NA
"1500:360:370:2",NA,NA,NA,NA
"1500:360:371:1",NA,NA,NA,NA
"1500:360:371:2",NA,0.017065198744314,NA,NA
"1500:360:372:1",NA,0.187156679883107,NA,NA
"1500:360:372:2",NA,1.98706551440611,NA,NA
"1500:360:373:1",NA,6.80854928181448,NA,NA
"1500:360:373:2",NA,0.526153104266225,NA,NA
"1500:360:374:1",NA,NA,NA,NA
"1500:360:374:2",NA,0.2412258618477,NA,NA
"1500:360:475:1",NA,NA,NA,NA
"1500:360:475:2",NA,NA,NA,NA
"1500:360:476:1",NA,NA,NA,NA
"1500:360:476:2",NA,0.290198790675344,NA,NA
"1500:360:477:1",NA,2.41016060237782,NA,NA
"1500:360:477:2",NA,6.64937437123039,NA,NA
"1500:360:478:1",NA,NA,NA,NA
"1500:360:478:2",NA,0.503571655351311,NA,NA
"1500:360:479:1",NA,0.883576848178429,NA,NA
"1500:360:479:2",NA,8.44902088373842,NA,NA
"1500:361:370:1",NA,1.55350339572697,NA,NA
"1500:361:370:2",NA,0.604977326221616,NA,NA
"1500:361:371:1",NA,1.22596201044376,NA,NA
"1500:361:371:2",NA,NA,NA,NA
"1500:361:372:1",NA,NA,NA,NA
"1500:361:372:2",NA,0.246813460440046,NA,NA
"1500:361:373:1",NA,0.043439932999606,NA,NA
"1500:361:373:2",NA,1.38300246403077,NA,NA
"1500:361:374:1",NA,5.53146030819942,NA,NA
"1500:361:374:2",NA,3.10125505229555,NA,NA
"1500:361:475:1",NA,0.694158248511267,NA,NA
"1500:361:475:2",NA,0.488376419167559,NA,NA
"1500:361:476:1",NA,0.12209410479189,NA,NA
"1500:361:476:2",NA,NA,NA,NA
"1500:361:477:1",NA,NA,NA,NA
"1500:361:477:2",NA,NA,NA,NA
"1500:361:478:1",NA,NA,NA,NA
"1500:361:478:2",NA,NA,NA,NA
"1500:361:479:1",NA,NA,NA,NA
"1500:361:479:2",NA,NA,NA,NA
"1500:362:370:1",NA,0.252509044534901,NA,NA
"1500:362:370:2",NA,NA,NA,NA
"1500:362:371:1",NA,0.248026335539332,NA,NA
"1500:362:371:2",NA,0.078980296395014,NA,NA
"1500:362:372:1",NA,NA,NA,NA
"1500:362:372:2",NA,NA,NA,NA
"1500:362:373:1",NA,NA,NA,NA
"1500:362:373:2",NA,NA,NA,NA
"1500:362:374:1",NA,0.742858868699281,NA,NA
"1500:362:374:2",NA,0.747321639423502,NA,NA
"1500:362:475:1",NA,1.54690216868147,NA,NA
"1500:362:475:2",NA,0.227425418767619,NA,NA
"1500:362:476:1",NA,NA,NA,NA
"1500:362:476:2",NA,0.024805272332566,NA,NA
"1500:362:477:1",NA,NA,NA,NA
"1500:362:477:2",NA,0.039743138969197,NA,NA
"1500:362:478:1",NA,0.253331205051926,NA,NA
"1500:362:478:2",NA,0.262023009876794,NA,NA
"1500:362:479:1",NA,0.370109955447363,NA,NA
"1500:362:479:2",NA,0.467536372619219,NA,NA
"1500:363:370:1",NA,0.29146347104805,NA,NA
"1500:363:370:2",NA,0.24568485908231,NA,NA
"1500:363:371:1",NA,0.216458295484852,NA,NA
"1500:363:371:2",NA,0.322980434646533,NA,NA
"1500:363:372:1",NA,0.276171678016381,NA,NA
"1500:363:372:2",NA,0.420794129991177,NA,NA
"1500:363:373:1",NA,0.515075088262787,NA,NA
"1500:363:373:2",NA,0.807406692138532,NA,NA
"1500:363:374:1",NA,0.658633638378042,NA,NA
"1500:363:374:2",NA,NA,NA,NA
"1500:363:475:1",NA,0.204120471743713,NA,NA
"1500:363:475:2",NA,0.340085877396008,NA,NA
"1500:363:476:1",NA,0.816066993659282,NA,NA
"1500:363:476:2",NA,0.712318530906256,NA,NA
"1500:363:477:1",NA,0.168198955409896,NA,NA
"1500:363:477:2",NA,1.13257878880526,NA,NA
"1500:363:478:1",NA,0.733433730126622,NA,NA
"1500:363:478:2",NA,1.74394949438141,NA,NA
"1500:363:479:1",0.017547270835631,1.79935584008048,NA,NA
"1500:363:479:2",0.080541973135547,1.70000278800279,NA,NA
"1500:364:370:1",0.126686962773791,1.80886679070134,NA,NA
"1500:364:370:2",0.108486125240286,1.3142646754521,NA,NA
"1500:364:371:1",0.215459852837039,1.43880957045052,NA,NA
"1500:364:371:2",0.392928824365444,1.49545605342235,NA,NA
"1500:364:372:1",0.288253442806155,0.72019229293266,NA,NA
"1500:364:372:2",0.221059401679699,0.938554908563301,NA,NA
"1500:364:373:1",0.089395423345806,1.18038625354476,NA,NA
"1500:364:373:2",0.076078598039566,0.370779455343388,NA,NA
"1500:364:374:1",0.114480752050858,1.22072701380555,NA,NA
"1500:364:374:2",0.035679450699117,0.87175573475964,NA,NA
"1500:364:475:1",0.035233519214876,2.30718236698045,NA,NA
"1500:364:475:2",0.017547270835631,0.824596793863783,NA,NA
"1500:364:476:1",NA,0.684746344484535,NA,1.05593615709788
"1500:364:476:2",0.015423004718237,0.719784585949312,NA,0.527968078548939
"1500:364:477:1",NA,0.844644504054472,NA,0.087994679758157
"1500:364:477:2",NA,0.327750811175743,NA,0.527968078548939
"1500:364:478:1",NA,0.446539921811839,NA,0.8828799535735
"1500:364:478:2",NA,0.681213080757531,NA,0.087994679758157
"1500:364:479:1",NA,0.436418771857851,NA,NA
"1500:364:479:2",NA,0.330917399501525,NA,NA
"1500:465:370:1",NA,0.508662453082004,NA,NA
"1500:465:370:2",NA,0.571201235273523,NA,NA
"1500:465:371:1",0.035120641760821,0.80466691844719,NA,NA
"1500:465:371:2",NA,0.593967371571399,NA,NA
"1500:465:372:1",NA,0.738701859987058,NA,NA
"1500:465:372:2",0.011706265440787,0.81118852411331,NA,NA
"1500:465:373:1",NA,0.201100720149383,NA,NA
"1500:465:373:2",NA,0.170324158269144,NA,NA
"1500:465:374:1",NA,0.2544850778905,NA,NA
"1500:465:374:2",NA,0.719217296562367,NA,NA
"1500:465:475:1",NA,1.17438573726024,NA,NA
"1500:465:475:2",NA,1.63441274888045,NA,NA
"1500:465:476:1",NA,1.92359415735899,NA,NA
"1500:465:476:2",NA,1.94635093633634,NA,NA
"1500:465:477:1",NA,3.99239404080088,NA,NA
"1500:465:477:2",NA,5.51555922721425,NA,NA
"1500:465:478:1",0.728408655277171,0.395599495524081,NA,NA
"1500:465:478:2",1.12052516829322,NA,NA,NA
"1500:465:479:1",0.114749280957025,NA,NA,NA
"1500:465:479:2",0.245629018538454,NA,NA,NA
"1500:466:370:1",0.185281935938538,0.14086150627871,NA,NA
"1500:466:370:2",0.162275438782523,NA,NA,NA
"1500:466:371:1",0.122580614312998,NA,NA,NA
"1500:466:371:2",0.054987914222622,NA,NA,NA
"1500:466:372:1",0.090270473840848,0.660299551980336,NA,NA
"1500:466:372:2",0.061127300871547,0.343850624602465,NA,NA
"1500:466:373:1",0.105034415792482,0.06071845259722,NA,NA
"1500:466:373:2",0.310877757385363,NA,NA,NA
"1500:466:374:1",0.695932276259424,NA,NA,NA
"1500:466:374:2",0.473769702979452,0.221333382959488,NA,NA
"1500:466:475:1",0.206814110212546,0.042155092527125,NA,NA
"1500:466:475:2",0.421364744615105,0.104601652682326,NA,NA
"1500:466:476:1",0.386586445813867,NA,NA,NA
"1500:466:476:2",0.777170218189565,NA,NA,NA
"1500:466:477:1",0.851203369478343,NA,NA,NA
"1500:466:477:2",0.918271122555098,NA,NA,NA
"1500:466:478:1",0.742869246565126,NA,NA,NA
"1500:466:478:2",0.771251141717495,NA,NA,NA
"1500:466:479:1",1.01365741667375,0.03052610148516,NA,NA
"1500:466:479:2",1.01460238931228,0.017443486562949,NA,0.321151029064831
"1500:467:370:1",1.16481119399205,0.054961525181411,NA,0.326785257644915
"1500:467:370:2",1.40545784050091,NA,NA,NA
"1500:467:371:1",1.15749141903422,NA,NA,NA
"1500:467:371:2",0.219300899162585,0.156805308770591,NA,NA
"1500:467:372:1",1.21106584760397,0.033022020654642,NA,NA
"1500:467:372:2",0.212204980720277,0.034967389926748,NA,NA
"1500:467:373:1",0.103375953888699,NA,NA,NA
"1500:467:373:2",NA,NA,NA,NA
"1500:467:374:1",0.023337870211389,1.00797293405407,NA,NA
"1500:467:374:2",NA,3.45017419487414,NA,NA
"1500:467:475:1",0.002289491673958,2.47713341406637,NA,1.12290711040409
"1500:467:475:2",0.070538136370967,8.05081246810929,NA,4.90797364141648
"1500:467:476:1",0.03819603022714,11.9367720091098,NA,0.621709948770731
"1500:467:476:2",0.017110961625494,0.04441896181128,NA,0.610990811722959
"1500:467:477:1",0.064268831458837,0.118570096112176,NA,NA
"1500:467:477:2",0.026302703070966,NA,NA,NA
"1500:467:478:1",0.009234148198548,0.110468763736458,NA,NA
"1500:467:478:2",0.003605042914725,0.50311985476101,NA,NA
"1500:467:479:1",0.168778999135973,0.888730807133251,NA,0.629869412226594
"1500:467:479:2",NA,1.11235297885793,NA,NA
"7500:361:469:4",NA,0.322954135916904,0.795618517715621,NA
"7500:361:469:3",NA,NA,0.522512802179589,NA
"7500:361:468:4",NA,0.058659173300901,1.04031718767026,NA
"7500:361:468:3",NA,NA,0.901736801425587,NA
"7500:361:467:4",NA,NA,0.235238138945718,NA
"7500:361:467:3",NA,NA,0.647672753858625,NA
"7500:361:466:4",NA,NA,0.673659946754509,NA
"7500:361:466:3",NA,NA,0.602425904099954,NA
"7500:361:465:4",NA,NA,0.216230366926823,NA
"7500:361:465:3",NA,NA,0.5623182478345,NA
"7500:361:364:4",NA,NA,0.118070827844171,NA
"7500:361:364:3",NA,NA,0.014339088236188,NA
"7500:361:363:4",NA,0.174703724923104,NA,NA
"7500:361:363:3",NA,0.028703229628093,0.014801639469613,NA
"7500:361:362:4",NA,NA,NA,NA
"7500:361:362:3",NA,NA,NA,NA
"7500:361:361:4",NA,NA,NA,NA
"7500:361:361:3",NA,NA,NA,NA
"7500:361:360:4",NA,NA,NA,NA
"7500:361:360:3",NA,NA,NA,0.244964624518039
"7500:360:469:4",NA,NA,NA,NA
"7500:360:469:3",NA,NA,NA,NA
"7500:360:468:4",NA,NA,NA,NA
"7500:360:468:3",NA,NA,NA,NA
"7500:360:467:4",NA,NA,NA,NA
"7500:360:467:3",NA,NA,NA,1.22482312259019
"7500:360:466:4",NA,0.015876369810454,NA,0.918617341942645
"7500:360:466:3",NA,NA,NA,0.306205780647548
"7500:360:465:4",NA,NA,NA,0.306205780647548
"7500:360:465:3",NA,NA,NA,NA
"7500:360:364:4",NA,NA,NA,NA
"7500:360:364:3",NA,NA,NA,NA
"7500:360:363:4",NA,NA,NA,NA
"7500:360:363:3",NA,NA,NA,NA
"7500:360:362:4",NA,NA,NA,NA
"7500:360:362:3",NA,NA,NA,NA
"7500:360:361:4",NA,NA,NA,NA
"7500:360:361:3",NA,NA,NA,NA
"7500:360:360:4",NA,NA,NA,NA
"7500:360:360:3",NA,NA,NA,NA
"1500:360:360:3",NA,NA,NA,NA
"1500:360:360:4",NA,0.04467630243326,NA,NA
"1500:360:361:3",NA,NA,NA,NA
"1500:360:361:4",NA,0.088667210159401,NA,NA
"1500:360:362:3",NA,0.065738952441781,NA,NA
"1500:360:362:4",NA,0.08495284248427,NA,NA
"1500:360:363:3",NA,0.453493561805315,NA,NA
"1500:360:363:4",NA,6.57861760119695,NA,NA
"1500:360:364:3",NA,NA,NA,NA
"1500:360:364:4",NA,NA,NA,NA
"1500:360:465:3",NA,NA,NA,NA
"1500:360:465:4",NA,NA,NA,NA
"1500:360:466:3",NA,0.055667207976232,NA,NA
"1500:360:466:4",NA,NA,NA,NA
"1500:360:467:3",NA,6.83217767622584,NA,NA
"1500:360:467:4",NA,2.37399348408146,NA,NA
"1500:360:468:3",NA,0.375600955433134,NA,NA
"1500:360:468:4",NA,3.49459764262179,NA,NA
"1500:360:469:3",NA,7.3318023692854,NA,NA
"1500:360:469:4",NA,3.67119699379222,NA,NA
"1500:361:360:3",NA,0.203255781761093,NA,NA
"1500:361:360:4",NA,4.05852269204751,NA,NA
"1500:361:361:3",NA,2.55532117541904,NA,NA
"1500:361:361:4",NA,0.288713949941136,NA,NA
"1500:361:362:3",NA,NA,NA,NA
"1500:361:362:4",NA,0.219234629036856,NA,NA
"1500:361:363:3",NA,0.27410171988269,NA,NA
"1500:361:363:4",NA,5.84232018551018,NA,NA
"1500:361:364:3",NA,6.58966485281385,NA,NA
"1500:361:364:4",NA,0.219780269315116,NA,NA
"1500:361:465:3",NA,0.178962747337083,NA,NA
"1500:361:465:4",NA,0.120389039985935,NA,NA
"1500:361:466:3",NA,NA,NA,NA
"1500:361:466:4",NA,NA,NA,NA
"1500:361:467:3",NA,NA,NA,NA
"1500:361:467:4",NA,NA,NA,NA
"1500:361:468:3",NA,NA,NA,NA
"1500:361:468:4",NA,NA,NA,NA
"1500:361:469:3",NA,NA,NA,NA
"1500:361:469:4",NA,NA,NA,NA
"1500:362:360:3",NA,NA,NA,NA
"1500:362:360:4",NA,NA,NA,NA
"1500:362:361:3",NA,NA,NA,NA
"1500:362:361:4",NA,NA,NA,NA
"1500:362:362:3",NA,NA,NA,NA
"1500:362:362:4",NA,NA,NA,NA
"1500:362:363:3",NA,0.171353194085396,NA,NA
"1500:362:363:4",NA,NA,NA,NA
"1500:362:364:3",NA,0.389416278110769,NA,NA
"1500:362:364:4",NA,0.229746674365208,NA,NA
"1500:362:465:3",NA,0.705362365741524,NA,NA
"1500:362:465:4",NA,0.515216657419016,NA,NA
"1500:362:466:3",NA,0.057731454630539,NA,NA
"1500:362:466:4",NA,NA,NA,NA
"1500:362:467:3",NA,0.555764404069508,NA,NA
"1500:362:467:4",NA,0.337928800652005,NA,NA
"1500:362:468:3",NA,0.953253660124903,NA,NA
"1500:362:468:4",NA,0.484895220480963,NA,NA
"1500:362:469:3",NA,0.458631005621901,NA,NA
"1500:362:469:4",NA,0.561697557485445,NA,NA
"1500:363:360:3",NA,0.212857415241609,NA,NA
"1500:363:360:4",NA,0.27433642030023,NA,NA
"1500:363:361:3",NA,0.355701181786753,NA,NA
"1500:363:361:4",NA,0.416242511886158,NA,NA
"1500:363:362:3",NA,0.097558397815959,NA,NA
"1500:363:362:4",NA,0.050515022801721,NA,NA
"1500:363:363:3",NA,0.216739474178002,NA,NA
"1500:363:363:4",NA,1.05044265264602,NA,NA
"1500:363:364:3",NA,1.40393361634875,NA,NA
"1500:363:364:4",NA,1.53492522549269,NA,NA
"1500:363:465:3",NA,0.923060875621571,NA,NA
"1500:363:465:4",NA,0.932029771104822,NA,NA
"1500:363:466:3",NA,0.978437602633782,NA,NA
"1500:363:466:4",NA,1.17195423523531,NA,NA
"1500:363:467:3",NA,1.00193195385533,NA,NA
"1500:363:467:4",NA,0.936561667570392,NA,NA
"1500:363:468:3",NA,1.44595950149581,NA,NA
"1500:363:468:4",NA,1.25096126396636,NA,NA
"1500:363:469:3",NA,1.02751440509048,NA,NA
"1500:363:469:4",NA,2.03220751569902,NA,NA
"1500:364:360:3",0.088204005853779,0.961431720816748,NA,NA
"1500:364:360:4",0.351613684041723,1.11498813631871,NA,NA
"1500:364:361:3",0.278369115095881,0.592299954607225,NA,NA
"1500:364:361:4",0.316464675261874,1.03037199536254,NA,NA
"1500:364:362:3",0.372264175676322,1.29259043996797,NA,NA
"1500:364:362:4",0.497028646869658,0.880111281339065,NA,NA
"1500:364:363:3",0.602940758716476,1.43721505318626,NA,NA
"1500:364:363:4",0.18262903365147,0.984390775583402,NA,NA
"1500:364:364:3",0.087619873364681,1.56128018927588,NA,NA
"1500:364:364:4",0.03563208183497,0.861780391014195,NA,0.087877855985666
"1500:364:465:3",0.015090089301695,0.454319430088261,NA,0.175755711971332
"1500:364:465:4",NA,0.952519488258647,NA,NA
"1500:364:466:3",NA,0.395508885858362,NA,0.351511423942664
"1500:364:466:4",NA,0.362377594370822,NA,1.05453427182799
"1500:364:467:3",NA,0.175511058487598,NA,NA
"1500:364:467:4",NA,0.419071205243563,NA,0.087877855985666
"1500:364:468:3",NA,0.337590249328286,NA,1.58473066960817
"1500:364:468:4",NA,0.452725252247011,NA,0.087877855985666
"1500:364:469:3",NA,0.361156289208394,NA,NA
"1500:364:469:4",NA,0.26801216532798,NA,NA
"1500:465:360:3",NA,0.195143472118015,NA,NA
"1500:465:360:4",NA,0.204000856609607,NA,NA
"1500:465:361:3",NA,0.348352244250728,NA,NA
"1500:465:361:4",NA,0.613378964998008,NA,NA
"1500:465:362:3",NA,0.785229363165266,NA,NA
"1500:465:362:4",NA,0.39491771171466,NA,NA
"1500:465:363:3",NA,0.749809912462295,NA,NA
"1500:465:363:4",NA,1.27028370465006,NA,NA
"1500:465:364:3",NA,0.994397788448237,NA,NA
"1500:465:364:4",NA,1.05837772280808,NA,NA
"1500:465:465:3",NA,1.5328010266518,NA,NA
"1500:465:465:4",NA,1.59326193299881,NA,NA
"1500:465:466:3",NA,1.73102612883569,NA,NA
"1500:465:466:4",NA,1.9126486120516,NA,NA
"1500:465:467:3",NA,3.4424271686954,NA,NA
"1500:465:467:4",NA,4.21599394689702,NA,NA
"1500:465:468:3",NA,4.08451187227548,NA,NA
"1500:465:468:4",0.48598389421791,0.548422612734901,NA,NA
"1500:465:469:3",0.735307524549993,NA,NA,NA
"1500:465:469:4",0.512216453559592,NA,NA,NA
"1500:466:360:3",0.137639577526661,NA,NA,NA
"1500:466:360:4",0.026334699110592,NA,NA,NA
"1500:466:361:3",0.020477736290388,NA,NA,NA
"1500:466:361:4",NA,0.034864797776486,NA,NA
"1500:466:362:3",0.039915692529007,0.464652109185115,NA,1.13561360265123
"1500:466:362:4",0.061087696120027,0.172212720066893,NA,0.070975850165702
"1500:466:363:3",0.083546109529218,NA,NA,NA
"1500:466:363:4",0.126588078429154,NA,NA,NA
"1500:466:364:3",0.709825093940676,0.077118895697319,NA,NA
"1500:466:364:4",0.880193327232215,0.05783917177299,NA,NA
"1500:466:465:3",0.272772181040379,0.105264813258217,NA,NA
"1500:466:465:4",0.541736308132497,0.140639475050092,NA,NA
"1500:466:466:3",0.723799840621884,NA,NA,NA
"1500:466:466:4",0.527036729812419,NA,NA,NA
"1500:466:467:3",0.278925105213927,NA,NA,NA
"1500:466:467:4",0.621484588356775,NA,NA,NA
"1500:466:468:3",0.916353410438887,NA,NA,NA
"1500:466:468:4",0.675623011531132,NA,NA,0.320724661529229
"1500:466:469:3",0.32275076037022,0.364486204955768,NA,1.13370660145568
"1500:466:469:4",0.297315861916324,0.683669117124215,NA,2.27620377187781
"1500:467:360:3",0.846709975664146,0.116100106393966,NA,3.08904351134714
"1500:467:360:4",1.05415465680499,0.763302822498258,NA,0.647076071506338
"1500:467:361:3",0.721722581126156,0.107458154943282,NA,NA
"1500:467:361:4",0.796583135513018,0.362844643652067,NA,NA
"1500:467:362:3",1.01459889251719,0.085193631294921,NA,NA
"1500:467:362:4",0.217995676395195,NA,NA,NA
"1500:467:363:3",0.078298108736459,NA,NA,NA
"1500:467:363:4",0.018801340943177,NA,NA,NA
"1500:467:364:3",0.019684857153453,0.093709150719323,NA,NA
"1500:467:364:4",0.003200228245647,1.27944454650899,NA,0.155221138065071
"1500:467:465:3",0.015331862699301,4.43451041361224,NA,0.310442276130141
"1500:467:465:4",0.003800271041706,8.12786920812894,NA,0.931311161781944
"1500:467:466:3",0.022139637352195,1.58038032856762,NA,0.305089823093415
"1500:467:466:4",0.050819526551515,0.091436529602719,NA,NA
"1500:467:467:3",NA,0.233020168944853,NA,0.305089823093415
"1500:467:467:4",NA,NA,NA,NA
"1500:467:468:3",NA,0.179943214593451,NA,NA
"1500:467:468:4",0.004000285307059,0.413887548121653,NA,NA
"1500:467:469:3",NA,0.252521497470009,NA,NA
"1500:467:469:4",0.049943327817868,0.036062703002824,NA,NA
"7500:361:469:2",NA,1.4596146213214,0.197794516630401,NA
"7500:361:469:1",NA,NA,0.855107061735155,NA
"7500:361:468:2",NA,NA,0.881079982211846,NA
"7500:361:468:1",NA,0.148541017288158,0.568530615823679,NA
"7500:361:467:2",NA,NA,0.753401138534831,NA
"7500:361:467:1",NA,NA,0.474234320144698,NA
"7500:361:466:2",NA,0.077255989259167,0.529215068440324,NA
"7500:361:466:1",NA,NA,0.55659972926869,NA
"7500:361:465:2",NA,NA,0.261019779165215,NA
"7500:361:465:1",NA,NA,0.09548264769128,NA
"7500:361:364:2",NA,NA,0.1105110405548,NA
"7500:361:364:1",NA,NA,NA,NA
"7500:361:363:2",NA,NA,NA,NA
"7500:361:363:1",NA,NA,NA,NA
"7500:361:362:2",NA,NA,NA,NA
"7500:361:362:1",NA,NA,NA,NA
"7500:361:361:2",NA,NA,NA,NA
"7500:361:361:1",NA,0.057042044463972,NA,NA
"7500:361:360:2",NA,NA,NA,NA
"7500:361:360:1",NA,NA,NA,NA
"7500:360:469:2",NA,NA,NA,NA
"7500:360:469:1",NA,NA,NA,NA
"7500:360:468:2",NA,NA,NA,NA
"7500:360:468:1",NA,NA,NA,NA
"7500:360:467:2",NA,NA,NA,0.611600052676629
"7500:360:467:1",NA,NA,NA,0.611600052676629
"7500:360:466:2",NA,NA,NA,0.611600052676629
"7500:360:466:1",NA,NA,NA,NA
"7500:360:465:2",NA,NA,NA,0.21406001843682
"7500:360:465:1",NA,NA,NA,NA
"7500:360:364:2",NA,NA,NA,NA
"7500:360:364:1",NA,NA,NA,NA
"7500:360:363:2",NA,NA,NA,NA
"7500:360:363:1",NA,NA,NA,NA
"7500:360:362:2",NA,NA,NA,NA
"7500:360:362:1",NA,NA,NA,NA
"7500:360:361:2",NA,NA,NA,NA
"7500:360:361:1",NA,NA,NA,NA
"7500:360:360:2",NA,NA,NA,NA
"7500:360:360:1",NA,0.096510136464943,NA,NA
"1500:360:360:1",NA,NA,NA,NA
"1500:360:360:2",NA,NA,NA,NA
"1500:360:361:1",NA,NA,NA,NA
"1500:360:361:2",NA,NA,NA,NA
"1500:360:362:1",NA,NA,NA,NA
"1500:360:362:2",NA,0.21303817075288,NA,NA
"1500:360:363:1",NA,1.54129973528473,NA,NA
"1500:360:363:2",NA,5.19247214710438,NA,NA
"1500:360:364:1",NA,0.005888804390621,NA,NA
"1500:360:364:2",NA,NA,NA,NA
"1500:360:465:1",NA,NA,NA,NA
"1500:360:465:2",NA,NA,NA,NA
"1500:360:466:1",NA,0.14260511115993,NA,NA
"1500:360:466:2",NA,1.31081865272524,NA,NA
"1500:360:467:1",NA,5.74973628989103,NA,NA
"1500:360:467:2",NA,NA,NA,NA
"1500:360:468:1",NA,1.54111942477134,NA,NA
"1500:360:468:2",NA,6.93425063039868,NA,NA
"1500:360:469:1",NA,2.74610732442987,NA,NA
"1500:360:469:2",NA,0.201354962221281,NA,NA
"1500:361:360:1",NA,0.048801078281537,NA,NA
"1500:361:360:2",NA,0.046232600477246,NA,NA
"1500:361:361:1",NA,5.16578164622144,NA,NA
"1500:361:361:2",NA,0.215184280450641,NA,NA
"1500:361:362:1",NA,NA,NA,NA
"1500:361:362:2",NA,0.091850314115783,NA,NA
"1500:361:363:1",NA,0.123950854240519,NA,NA
"1500:361:363:2",NA,10.4289223015831,NA,NA
"1500:361:364:1",NA,8.23682615469858,NA,NA
"1500:361:364:2",NA,0.066048707955522,NA,NA
"1500:361:465:1",NA,0.054053349530419,NA,NA
"1500:361:465:2",NA,0.178757820791472,NA,NA
"1500:361:466:1",NA,NA,NA,NA
"1500:361:466:2",NA,NA,NA,NA
"1500:361:467:1",NA,NA,NA,NA
"1500:361:467:2",NA,NA,NA,NA
"1500:361:468:1",NA,NA,NA,NA
"1500:361:468:2",NA,NA,NA,NA
"1500:361:469:1",NA,NA,NA,NA
"1500:361:469:2",NA,NA,NA,NA
"1500:362:360:1",NA,NA,NA,NA
"1500:362:360:2",NA,NA,NA,NA
"1500:362:361:1",NA,NA,NA,NA
"1500:362:361:2",NA,NA,NA,NA
"1500:362:362:1",NA,NA,NA,NA
"1500:362:362:2",NA,0.084475839986697,NA,NA
"1500:362:363:1",NA,0.004927757332557,NA,NA
"1500:362:363:2",NA,0.073862981331983,NA,NA
"1500:362:364:1",NA,0.382069060039753,NA,NA
"1500:362:364:2",NA,0.769043813818953,NA,NA
"1500:362:465:1",NA,0.585136720998447,NA,NA
"1500:362:465:2",NA,0.790906062259191,NA,NA
"1500:362:466:1",NA,NA,NA,NA
"1500:362:466:2",NA,0.054051519830574,NA,NA
"1500:362:467:1",NA,0.206956944072666,NA,NA
"1500:362:467:2",NA,0.231368845063957,NA,NA
"1500:362:468:1",NA,0.323577190999495,NA,NA
"1500:362:468:2",NA,0.212860449488443,NA,NA
"1500:362:469:1",NA,0.113544275263271,NA,NA
"1500:362:469:2",NA,0.418977668530038,NA,NA
"1500:363:360:1",NA,0.043848968501214,NA,NA
"1500:363:360:2",NA,0.091807016785006,NA,NA
"1500:363:361:1",NA,NA,NA,NA
"1500:363:361:2",NA,0.09893903223148,NA,NA
"1500:363:362:1",NA,0.142859371964913,NA,NA
"1500:363:362:2",NA,0.053245176037189,NA,NA
"1500:363:363:1",NA,0.088641523428589,NA,NA
"1500:363:363:2",NA,0.080617677656392,NA,NA
"1500:363:364:1",NA,0.603945136191502,NA,NA
"1500:363:364:2",NA,0.590180456198252,NA,NA
"1500:363:465:1",NA,1.69034199868046,NA,NA
"1500:363:465:2",NA,1.45641022405984,NA,NA
"1500:363:466:1",NA,1.10806941972412,NA,NA
"1500:363:466:2",NA,1.00609020680632,NA,NA
"1500:363:467:1",NA,1.17391164748811,NA,NA
"1500:363:467:2",NA,1.66825273396531,NA,NA
"1500:363:468:1",NA,1.69380030948475,NA,NA
"1500:363:468:2",NA,1.0679603795365,NA,NA
"1500:363:469:1",NA,1.16339024324567,NA,NA
"1500:363:469:2",NA,1.21693471125842,NA,NA
"1500:364:360:1",NA,1.14819692718096,NA,NA
"1500:364:360:2",NA,1.42755872247328,NA,NA
"1500:364:361:1",0.046668676253843,0.357617044818675,NA,NA
"1500:364:361:2",0.053362837476138,1.45732321746413,NA,NA
"1500:364:362:1",0.226744703842942,1.01183520517807,NA,NA
"1500:364:362:2",0.105143130689842,1.01147859946941,NA,NA
"1500:364:363:1",0.112004823009223,1.14509014116027,NA,NA
"1500:364:363:2",0.089120941526573,1.03154191792974,NA,NA
"1500:364:364:1",0.015070093373637,0.651453284663738,NA,0.087761408743302
"1500:364:364:2",NA,0.382269777924428,NA,0.087761408743302
"1500:364:465:1",NA,0.682739273838748,NA,2.37248341636058
"1500:364:465:2",NA,0.373720330710758,NA,NA
"1500:364:466:1",NA,0.255545130737038,NA,NA
"1500:364:466:2",NA,0.180310904881077,NA,0.087761408743302
"1500:364:467:1",NA,0.204663234094027,NA,NA
"1500:364:467:2",NA,0.1184689862828,NA,0.087761408743302
"1500:364:468:1",NA,0.112483060061825,NA,NA
"1500:364:468:2",NA,0.401511552516865,NA,NA
"1500:364:469:1",NA,0.144125999859605,NA,NA
"1500:364:469:2",NA,0.654271744754183,NA,NA
"1500:465:360:1",NA,1.30344169291379,NA,NA
"1500:465:360:2",NA,1.50810006814742,NA,NA
"1500:465:361:1",NA,1.37451937710098,NA,NA
"1500:465:361:2",NA,1.52177190172638,NA,NA
"1500:465:362:1",NA,1.51347585182278,NA,NA
"1500:465:362:2",NA,0.960272538911523,NA,NA
"1500:465:363:1",NA,1.40979937677148,NA,NA
"1500:465:363:2",NA,1.63110405485756,NA,NA
"1500:465:364:1",NA,2.57614968845905,NA,NA
"1500:465:364:2",NA,1.28459304594809,NA,NA
"1500:465:465:1",NA,2.09017874370317,NA,NA
"1500:465:465:2",NA,1.44565116313067,NA,NA
"1500:465:466:1",NA,3.44872696830152,NA,NA
"1500:465:466:2",NA,4.8053657325083,NA,NA
"1500:465:467:1",NA,3.12497839220115,NA,NA
"1500:465:467:2",NA,3.39380506796888,NA,NA
"1500:465:468:1",NA,4.26502683934453,NA,NA
"1500:465:468:2",0.002406497491765,4.5177083105985,NA,NA
"1500:465:469:1",0.050256454485004,1.61294156678886,NA,NA
"1500:465:469:2",0.270959980525989,1.13607584972721,NA,NA
"1500:466:360:1",0.109306014204911,0.54523563405,NA,NA
"1500:466:360:2",0.120723517849759,0.671999518447577,NA,NA
"1500:466:361:1",0.138963610343933,0.479631580075558,NA,NA
"1500:466:361:2",0.013457346645703,0.317694142187516,NA,NA
"1500:466:362:1",0.168007718625047,0.415535522897174,NA,1.48851779638936
"1500:466:362:2",0.078893244735826,NA,NA,1.0655897240819
"1500:466:363:1",0.111791683983917,NA,NA,NA
"1500:466:363:2",0.949281149380533,0.255416829532634,NA,NA
"1500:466:364:1",0.726578210103108,0.256536331681808,NA,NA
"1500:466:364:2",0.424346610584402,0.360798547559233,NA,NA
"1500:466:465:1",0.334499683232494,0.503388456566871,NA,NA
"1500:466:465:2",0.299387533800781,0.249669675939151,NA,0.325918960626732
"1500:466:466:1",0.954327550394084,0.035851704399188,NA,NA
"1500:466:466:2",0.173939170176336,NA,NA,NA
"1500:466:467:1",0.048120146465436,0.036223956520924,NA,0.325918960626732
"1500:466:467:2",0.086285090270992,0.938819393729183,NA,NA
"1500:466:468:1",NA,1.10194631959976,NA,NA
"1500:466:468:2",0.042926867587518,1.40495508781484,NA,0.470097641598092
"1500:466:469:1",0.175373466785338,1.15258111290379,NA,0.49132125198404
"1500:466:469:2",0.238002278096499,1.87140536118948,NA,NA
"1500:467:360:1",NA,0.663342798125552,NA,0.135670768514593
"1500:467:360:2",0.107092647121163,1.30921234053666,NA,NA
"1500:467:361:1",0.320708953937228,1.4816162702691,NA,NA
"1500:467:361:2",0.831550836330087,0.83988265197921,NA,NA
"1500:467:362:1",1.50722202876709,0.07102025180447,NA,NA
"1500:467:362:2",0.245434094945933,0.094039375434281,NA,NA
"1500:467:363:1",NA,0.023198161670063,NA,NA
"1500:467:363:2",0.018809765663118,0.042767712980199,NA,NA
"1500:467:364:1",0.010538872183823,0.10149109344472,NA,NA
"1500:467:364:2",0.032146660810765,0.762495277653624,NA,0.310030908026502
"1500:467:465:1",NA,4.0111739623332,NA,0.304685547543287
"1500:467:465:2",0.015064090551015,5.21336735881183,NA,1.67319872097263
"1500:467:466:1",0.003994984515552,0.403295702938445,NA,NA
"1500:467:466:2",0.027741288961986,0.254698485400494,NA,1.84949472719259
"1500:467:467:1",NA,0.392391445921769,NA,1.5448091796493
"1500:467:467:2",0.007590470579548,2.187503461887,NA,0.310030908026502
"1500:467:468:1",NA,2.58521243989986,NA,NA
"1500:467:468:2",NA,0.598340225346084,NA,0.684206141851592
"1500:467:469:1",NA,0.079604729915576,NA,NA
"1500:467:469:2",NA,0.031224268880611,NA,NA
"7500:361:459:4",NA,2.37255658890151,0.221785686504533,NA
"7500:361:459:3",NA,NA,0.730766890152515,NA
"7500:361:458:4",NA,NA,0.91840629749413,NA
"7500:361:458:3",NA,NA,0.828355282504703,NA
"7500:361:457:4",NA,NA,0.416481938103202,NA
"7500:361:457:3",NA,NA,0.360759525559189,NA
"7500:361:456:4",NA,NA,0.92518860653476,NA
"7500:361:456:3",NA,NA,0.555717363437755,NA
"7500:361:455:4",NA,NA,0.231463309138364,NA
"7500:361:455:3",NA,NA,0.241404059223749,NA
"7500:361:354:4",NA,NA,0.338025533424492,NA
"7500:361:354:3",NA,NA,0.140732801022872,NA
"7500:361:353:4",NA,NA,NA,NA
"7500:361:353:3",NA,NA,NA,NA
"7500:361:352:4",NA,NA,NA,NA
"7500:361:352:3",NA,NA,NA,NA
"7500:361:351:4",NA,NA,NA,NA
"7500:361:351:3",NA,NA,NA,NA
"7500:361:350:4",NA,NA,NA,NA
"7500:361:350:3",NA,NA,NA,NA
"7500:360:459:4",NA,NA,NA,NA
"7500:360:459:3",NA,NA,NA,NA
"7500:360:458:4",NA,NA,NA,NA
"7500:360:458:3",NA,NA,NA,NA
"7500:360:457:4",NA,NA,NA,NA
"7500:360:457:3",NA,NA,NA,NA
"7500:360:456:4",NA,NA,NA,0.916186734609243
"7500:360:456:3",NA,NA,NA,NA
"7500:360:455:4",NA,NA,NA,NA
"7500:360:455:3",NA,NA,NA,NA
"7500:360:354:4",NA,NA,NA,NA
"7500:360:354:3",NA,NA,NA,NA
"7500:360:353:4",NA,NA,NA,NA
"7500:360:353:3",NA,NA,NA,NA
"7500:360:352:4",NA,NA,NA,NA
"7500:360:352:3",NA,NA,NA,NA
"7500:360:351:4",NA,NA,NA,NA
"7500:360:351:3",NA,NA,NA,NA
"7500:360:350:4",NA,NA,NA,NA
"7500:360:350:3",NA,NA,NA,NA
"1500:360:350:3",NA,NA,NA,NA
"1500:360:350:4",NA,NA,NA,NA
"1500:360:351:3",NA,NA,NA,NA
"1500:360:351:4",NA,NA,NA,NA
"1500:360:352:3",NA,0.024518364524115,NA,NA
"1500:360:352:4",NA,0.051697818768195,NA,NA
"1500:360:353:3",NA,1.2888439770441,NA,NA
"1500:360:353:4",NA,7.28031062009269,NA,NA
"1500:360:354:3",NA,3.53804133193305,NA,NA
"1500:360:354:4",NA,NA,NA,NA
"1500:360:455:3",NA,NA,NA,NA
"1500:360:455:4",NA,NA,NA,NA
"1500:360:456:3",NA,NA,NA,NA
"1500:360:456:4",NA,8.12683866339166,NA,NA
"1500:360:457:3",NA,0.506945035054406,NA,NA
"1500:360:457:4",NA,0.111039831651125,NA,NA
"1500:360:458:3",NA,2.07815355356204,NA,NA
"1500:360:458:4",NA,4.38177163490425,NA,NA
"1500:360:459:3",NA,0.053282609525212,NA,NA
"1500:360:459:4",NA,NA,NA,NA
"1500:361:350:3",NA,NA,NA,NA
"1500:361:350:4",NA,0.080352909970728,NA,NA
"1500:361:351:3",NA,6.13912880515276,NA,NA
"1500:361:351:4",NA,NA,NA,NA
"1500:361:352:3",NA,0.121687661705827,NA,NA
"1500:361:352:4",NA,0.135948062820418,NA,NA
"1500:361:353:3",NA,NA,NA,NA
"1500:361:353:4",NA,11.5447741856333,NA,NA
"1500:361:354:3",NA,8.72407360433531,NA,NA
"1500:361:354:4",NA,0.02585969236739,NA,NA
"1500:361:455:3",NA,0.023312003928531,NA,NA
"1500:361:455:4",NA,0.284745352710484,NA,NA
"1500:361:456:3",NA,NA,NA,NA
"1500:361:456:4",NA,NA,NA,NA
"1500:361:457:3",NA,NA,NA,NA
"1500:361:457:4",NA,NA,NA,NA
"1500:361:458:3",NA,NA,NA,NA
"1500:361:458:4",NA,NA,NA,NA
"1500:361:459:3",NA,NA,NA,NA
"1500:361:459:4",NA,NA,NA,NA
"1500:362:350:3",NA,NA,NA,NA
"1500:362:350:4",NA,NA,NA,NA
"1500:362:351:3",NA,NA,NA,NA
"1500:362:351:4",NA,NA,NA,NA
"1500:362:352:3",NA,NA,NA,NA
"1500:362:352:4",NA,NA,NA,NA
"1500:362:353:3",NA,0.030382187312939,NA,NA
"1500:362:353:4",NA,0.084737819302494,NA,NA
"1500:362:354:3",NA,0.588451141263305,NA,NA
"1500:362:354:4",NA,0.453823219748219,NA,NA
"1500:362:455:3",NA,0.720678110540438,NA,NA
"1500:362:455:4",NA,0.214833037811369,NA,NA
"1500:362:456:3",NA,0.221181725827307,NA,NA
"1500:362:456:4",NA,0.293779483035882,NA,NA
"1500:362:457:3",NA,NA,NA,NA
"1500:362:457:4",NA,0.359857533726388,NA,NA
"1500:362:458:3",NA,0.123998553369635,NA,NA
"1500:362:458:4",NA,0.18050304239074,NA,NA
"1500:362:459:3",NA,0.183882328720769,NA,NA
"1500:362:459:4",NA,0.301949194101819,NA,NA
"1500:363:350:3",NA,0.095966454030688,NA,NA
"1500:363:350:4",NA,0.157775181640118,NA,NA
"1500:363:351:3",NA,0.171799642230351,NA,NA
"1500:363:351:4",NA,0.100624139513934,NA,NA
"1500:363:352:3",NA,NA,NA,NA
"1500:363:352:4",NA,0.045970582180192,NA,NA
"1500:363:353:3",NA,0.09580309450997,NA,NA
"1500:363:353:4",NA,0.260542254685514,NA,NA
"1500:363:354:3",NA,0.185276948129262,NA,NA
"1500:363:354:4",NA,0.721185411878488,NA,NA
"1500:363:455:3",NA,0.284962676177139,NA,NA
"1500:363:455:4",NA,0.913778573461563,NA,NA
"1500:363:456:3",NA,0.446631317760527,NA,NA
"1500:363:456:4",NA,0.653548130159395,NA,NA
"1500:363:457:3",NA,0.988317115277557,NA,NA
"1500:363:457:4",NA,0.716605560991153,NA,NA
"1500:363:458:3",NA,0.599374957514171,NA,NA
"1500:363:458:4",NA,0.786429395389148,NA,NA
"1500:363:459:3",NA,0.571816297576866,NA,NA
"1500:363:459:4",NA,0.571115087321519,NA,NA
"1500:364:350:3",NA,0.408249809274725,NA,NA
"1500:364:350:4",NA,0.760942001851182,NA,NA
"1500:364:351:3",NA,0.723707355523423,NA,NA
"1500:364:351:4",NA,0.511827502020601,NA,NA
"1500:364:352:3",NA,0.518232523926227,NA,NA
"1500:364:352:4",0.023303476358676,0.688588550567163,NA,NA
"1500:364:353:3",0.076318885074663,0.74831928748757,NA,0.087645336359212
"1500:364:353:4",0.007773193977089,1.05934013803568,NA,1.4023253817474
"1500:364:354:3",NA,0.776893850111301,NA,0.438226681796061
"1500:364:354:4",NA,0.805117035672504,NA,NA
"1500:364:455:3",NA,0.488871723658018,NA,NA
"1500:364:455:4",NA,0.704941662602808,NA,0.087645336359212
"1500:364:456:3",NA,0.840279186726382,NA,NA
"1500:364:456:4",NA,0.554182070797513,NA,NA
"1500:364:457:3",NA,0.417533998023784,NA,NA
"1500:364:457:4",NA,0.324984258972327,NA,NA
"1500:364:458:3",NA,0.325825585973473,NA,NA
"1500:364:458:4",NA,1.297699636299,NA,NA
"1500:364:459:3",0.029109199987332,1.90460996567252,NA,NA
"1500:364:459:4",NA,2.58540732903442,NA,NA
"1500:465:350:3",NA,2.08957379694375,NA,0.262936009077637
"1500:465:350:4",NA,1.96073915104599,NA,0.175290672718424
"1500:465:351:3",NA,1.59969938480109,NA,NA
"1500:465:351:4",NA,0.786353822890643,NA,NA
"1500:465:352:3",NA,1.7718309935415,NA,NA
"1500:465:352:4",NA,2.5152186239388,NA,NA
"1500:465:353:3",NA,2.99572440541806,NA,NA
"1500:465:353:4",0.037311331090028,3.3621547612154,NA,NA
"1500:465:354:3",NA,1.71259084924202,NA,NA
"1500:465:354:4",NA,3.20233569440008,NA,NA
"1500:465:455:3",NA,2.66750580984658,NA,NA
"1500:465:455:4",NA,2.91755165640504,NA,NA
"1500:465:456:3",NA,2.72039654818499,NA,NA
"1500:465:456:4",NA,3.24304477051144,NA,NA
"1500:465:457:3",NA,3.06266572931243,NA,NA
"1500:465:457:4",NA,3.21476484328705,NA,NA
"1500:465:458:3",0.021070226540969,2.93998968599132,NA,NA
"1500:465:458:4",0.017477607269007,2.59811969132131,NA,NA
"1500:465:459:3",NA,2.01129175877068,NA,NA
"1500:465:459:4",NA,1.437068530516,NA,NA
"1500:466:350:3",NA,1.37430640111613,NA,0.141576104500516
"1500:466:350:4",0.014564672724172,0.961228847175474,NA,0.920244679253355
"1500:466:351:3",0.038715235983151,0.615006071086403,NA,NA
"1500:466:351:4",0.177777907372326,0.80410164161962,NA,NA
"1500:466:352:3",0.228494107466189,1.63539927890072,NA,NA
"1500:466:352:4",0.892148837633496,0.775766980420166,NA,0.070788052250258
"1500:466:353:3",1.01323019647381,0.486011256489557,NA,NA
"1500:466:353:4",0.612961072123385,0.155743278575856,NA,NA
"1500:466:354:3",0.260684996043712,NA,NA,1.0439472714365
"1500:466:354:4",0.102679848083851,NA,NA,1.90476973506508
"1500:466:455:3",0.110872532903734,0.405341433565888,NA,0.91818601098207
"1500:466:455:4",0.385353641715016,1.34813307932449,NA,0.304282573406849
"1500:466:456:3",0.417328648730452,3.50530937694591,NA,0.311405341654765
"1500:466:456:4",0.262338156010206,3.24164266527181,NA,1.54628859304435
"1500:466:457:3",0.136708728752691,2.67311190945235,NA,0.070788052250258
"1500:466:457:4",0.035951022144038,2.38008176289917,NA,NA
"1500:466:458:3",0.325326503745052,4.9386324754766,NA,1.3043326023434
"1500:466:458:4",0.100324663713599,3.46959730163715,NA,NA
"1500:466:459:3",0.078598955817311,2.82186838283608,NA,NA
"1500:466:459:4",0.024113111419152,1.30701080282552,NA,0.311405341654765
"1500:467:350:3",0.136366983848344,1.49140454215668,NA,NA
"1500:467:350:4",0.153074289337655,1.22045144090455,NA,NA
"1500:467:351:3",0.116614962014117,0.650949133058533,NA,NA
"1500:467:351:4",0.551360450247584,1.99786724048174,NA,NA
"1500:467:352:3",0.898481794515597,2.3765517874847,NA,NA
"1500:467:352:4",0.359722120585675,2.13078594997879,NA,NA
"1500:467:353:3",NA,1.62842217998395,NA,NA
"1500:467:353:4",0.007552803885375,1.09768660767582,NA,NA
"1500:467:354:3",0,1.29063465619874,NA,NA
"1500:467:354:4",NA,1.5044997553483,NA,0.155545983050464
"1500:467:455:3",0.048432391698781,2.39977360533768,NA,0.459828556457313
"1500:467:455:4",0.02234232441256,0.878583743164809,NA,NA
"1500:467:456:3",0.029109199987332,0.146368085677968,NA,1.07907028479406
"1500:467:456:4",0.009107792920599,0.027957283814892,NA,7.37217954166418
"1500:467:457:3",0.047597350462595,0.680237794990665,NA,3.37913805204448
"1500:467:457:4",0.004442825814927,1.36053458607669,NA,1.53742773931882
"1500:467:458:3",NA,0.94152539910669,NA,NA
"1500:467:458:4",NA,NA,NA,1.28118978276568
"1500:467:459:3",NA,NA,NA,NA
"1500:467:459:4",NA,0.043195566484785,NA,NA
"7500:361:459:2",NA,0.693304056394457,0.201553020221629,NA
"7500:361:459:1",NA,NA,0.302538389322026,NA
"7500:361:458:2",NA,NA,0.404408045152828,NA
"7500:361:458:1",NA,NA,0.742823610234201,NA
"7500:361:457:2",NA,NA,0.384846577406275,NA
"7500:361:457:1",NA,NA,0.135167599910192,NA
"7500:361:456:2",NA,NA,0.910244644151043,NA
"7500:361:456:1",NA,NA,0.471454120965626,NA
"7500:361:455:2",NA,NA,0.130997586848573,NA
"7500:361:455:1",NA,0.236943049024012,0.052076531887867,NA
"7500:361:354:2",NA,NA,NA,NA
"7500:361:354:1",NA,NA,0.033171721874902,NA
"7500:361:353:2",NA,0.089118371174688,0.08845792499974,NA
"7500:361:353:1",NA,NA,NA,NA
"7500:361:352:2",NA,NA,NA,NA
"7500:361:352:1",NA,0.220895308876965,NA,NA
"7500:361:351:2",NA,NA,NA,NA
"7500:361:351:1",NA,NA,NA,NA
"7500:361:350:2",NA,NA,NA,NA
"7500:361:350:1",NA,NA,NA,NA
"7500:360:459:2",NA,NA,NA,NA
"7500:360:459:1",NA,NA,NA,NA
"7500:360:458:2",NA,NA,NA,NA
"7500:360:458:1",NA,NA,NA,NA
"7500:360:457:2",NA,NA,NA,NA
"7500:360:457:1",NA,NA,NA,NA
"7500:360:456:2",NA,NA,NA,NA
"7500:360:456:1",NA,NA,NA,NA
"7500:360:455:2",NA,0.057690183535978,NA,NA
"7500:360:455:1",NA,NA,NA,NA
"7500:360:354:2",NA,NA,NA,NA
"7500:360:354:1",NA,NA,NA,NA
"7500:360:353:2",NA,NA,NA,NA
"7500:360:353:1",NA,NA,NA,NA
"7500:360:352:2",NA,NA,NA,NA
"7500:360:352:1",NA,NA,NA,NA
"7500:360:351:2",NA,0.081268020561518,NA,0.136894609786415
"7500:360:351:1",NA,NA,NA,NA
"7500:360:350:2",NA,NA,NA,0.136894609786415
"7500:360:350:1",NA,0.115509736399206,NA,NA
"1500:360:350:1",NA,NA,NA,NA
"1500:360:350:2",NA,NA,NA,NA
"1500:360:351:1",NA,NA,NA,NA
"1500:360:351:2",NA,NA,NA,NA
"1500:360:352:1",NA,NA,NA,NA
"1500:360:352:2",NA,NA,NA,NA
"1500:360:353:1",NA,1.60870868732786,NA,NA
"1500:360:353:2",NA,0.937148161305562,NA,NA
"1500:360:354:1",NA,3.66628150421197,NA,NA
"1500:360:354:2",NA,6.9833918873701,NA,NA
"1500:360:455:1",NA,0.434296079958331,NA,NA
"1500:360:455:2",NA,0.101217324967499,NA,NA
"1500:360:456:1",NA,0.106424544032368,NA,NA
"1500:360:456:2",NA,8.2572037211364,NA,NA
"1500:360:457:1",NA,6.10430101179952,NA,NA
"1500:360:457:2",NA,0.283712354694191,NA,NA
"1500:360:458:1",NA,0.168847581657111,NA,NA
"1500:360:458:2",NA,2.6864687994172,NA,NA
"1500:360:459:1",NA,NA,NA,NA
"1500:360:459:2",NA,0.080637798126334,NA,NA
"1500:361:350:1",NA,NA,NA,NA
"1500:361:350:2",NA,0.31715589621141,NA,NA
"1500:361:351:1",NA,4.85621898116269,NA,NA
"1500:361:351:2",NA,NA,NA,NA
"1500:361:352:1",NA,NA,NA,NA
"1500:361:352:2",NA,NA,NA,NA
"1500:361:353:1",NA,0.106424544032368,NA,NA
"1500:361:353:2",NA,3.96249047691011,NA,NA
"1500:361:354:1",NA,14.3668903449573,NA,NA
"1500:361:354:2",NA,7.05104720642688,NA,NA
"1500:361:455:1",NA,1.36808185415963,NA,NA
"1500:361:455:2",NA,0.261835844627824,NA,NA
"1500:361:456:1",NA,NA,NA,NA
"1500:361:456:2",NA,NA,NA,NA
"1500:361:457:1",NA,NA,NA,NA
"1500:361:457:2",NA,NA,NA,NA
"1500:361:458:1",NA,NA,NA,NA
"1500:361:458:2",NA,NA,NA,NA
"1500:361:459:1",NA,NA,NA,NA
"1500:361:459:2",NA,NA,NA,NA
"1500:362:350:1",NA,NA,NA,NA
"1500:362:350:2",NA,NA,NA,NA
"1500:362:351:1",NA,NA,NA,NA
"1500:362:351:2",NA,NA,NA,NA
"1500:362:352:1",NA,NA,NA,NA
"1500:362:352:2",NA,NA,NA,NA
"1500:362:353:1",NA,0.085337100787547,NA,NA
"1500:362:353:2",NA,0.028976046373128,NA,NA
"1500:362:354:1",NA,0.16057244076576,NA,NA
"1500:362:354:2",NA,0.750136976391655,NA,NA
"1500:362:455:1",NA,0.59721547383086,NA,NA
"1500:362:455:2",NA,0.084070240859354,NA,NA
"1500:362:456:1",NA,0.043745111516397,NA,NA
"1500:362:456:2",NA,0.16044503915554,NA,NA
"1500:362:457:1",NA,NA,NA,NA
"1500:362:457:2",NA,0.061535417753647,NA,NA
"1500:362:458:1",NA,0.327403160185233,NA,NA
"1500:362:458:2",NA,0.277281569918149,NA,NA
"1500:362:459:1",NA,0.148876010694308,NA,NA
"1500:362:459:2",NA,0.321126583717236,NA,NA
"1500:363:350:1",NA,0.305195821923332,NA,NA
"1500:363:350:2",NA,0.174847740629581,NA,NA
"1500:363:351:1",NA,0.349858625131624,NA,NA
"1500:363:351:2",NA,0.192080655316864,NA,NA
"1500:363:352:1",NA,0.333349721603994,NA,NA
"1500:363:352:2",NA,0.138515892988121,NA,NA
"1500:363:353:1",NA,0.212734168734321,NA,NA
"1500:363:353:2",NA,0.055828504010366,NA,NA
"1500:363:354:1",NA,0.270112282472613,NA,NA
"1500:363:354:2",NA,0.217441473388557,NA,NA
"1500:363:455:1",NA,0.065322624862689,NA,NA
"1500:363:455:2",NA,0.092552828788939,NA,NA
"1500:363:456:1",NA,0.035346699833137,NA,NA
"1500:363:456:2",NA,0.166038347061804,NA,NA
"1500:363:457:1",NA,0.169614688552986,NA,NA
"1500:363:457:2",NA,0.789109000181123,NA,NA
"1500:363:458:1",NA,0.270178462493566,NA,NA
"1500:363:458:2",NA,0.522545813245019,NA,NA
"1500:363:459:1",NA,0.176724036321601,NA,NA
"1500:363:459:2",NA,0.297715838833245,NA,NA
"1500:364:350:1",NA,0.565529901944904,NA,NA
"1500:364:350:2",NA,0.358545004512549,NA,NA
"1500:364:351:1",NA,0.321428299299205,NA,NA
"1500:364:351:2",NA,0.4417870933759,NA,NA
"1500:364:352:1",NA,0.516180210759281,NA,NA
"1500:364:352:2",0.069818141451977,0.609325809453081,NA,NA
"1500:364:353:1",0.005818178454331,0.403218895201694,NA,NA
"1500:364:353:2",NA,0.052150868606268,NA,0.087529637171572
"1500:364:354:1",0.017454535362994,0.625908168696214,NA,1.05327330063124
"1500:364:354:2",NA,0.351268238783491,NA,NA
"1500:364:455:1",NA,0.711813953647082,NA,NA
"1500:364:455:2",0.017454535362994,0.716132568044155,NA,NA
"1500:364:456:1",NA,0.516790144752631,NA,NA
"1500:364:456:2",NA,0.225503143577142,NA,NA
"1500:364:457:1",0,1.42502468165995,NA,NA
"1500:364:457:2",NA,1.62181283001037,NA,NA
"1500:364:458:1",NA,1.85695894086609,NA,NA
"1500:364:458:2",NA,1.53050678910932,NA,NA
"1500:364:459:1",NA,0.701914333140615,NA,NA
"1500:364:459:2",NA,0.054184665784719,NA,0.087529637171572
"1500:465:350:1",NA,0.189646330246517,NA,0.612707460201001
"1500:465:350:2",NA,0.517699905537681,NA,NA
"1500:465:351:1",NA,1.08398843724724,NA,NA
"1500:465:351:2",NA,2.84591751230186,NA,NA
"1500:465:352:1",NA,0.963349620188565,NA,NA
"1500:465:352:2",NA,1.82703297265472,NA,NA
"1500:465:353:1",NA,2.70850634693867,NA,NA
"1500:465:353:2",NA,1.50756004403473,NA,NA
"1500:465:354:1",NA,1.83937307289847,NA,NA
"1500:465:354:2",NA,2.03300952443642,NA,NA
"1500:465:455:1",0.017454535362994,1.52530438646622,NA,NA
"1500:465:455:2",NA,0.958158804492974,NA,NA
"1500:465:456:1",NA,0.773374257587202,NA,NA
"1500:465:456:2",0.017454535362994,0.744771178947365,NA,NA
"1500:465:457:1",NA,1.43638410147415,NA,NA
"1500:465:457:2",NA,0.991632201176716,NA,NA
"1500:465:458:1",NA,0.48958626179486,NA,NA
"1500:465:458:2",0.005620349524839,0.324747092598936,NA,NA
"1500:465:459:1",0.025795124333205,0.307806653410118,NA,NA
"1500:465:459:2",NA,0.015037792968665,NA,NA
"1500:466:350:1",0.033477647310743,0.094317261912501,NA,0.565556848720664
"1500:466:350:2",0.429768911207384,0.397884896169212,NA,0.073051092959752
"1500:466:351:1",0.983214698054648,1.03805129844767,NA,NA
"1500:466:351:2",1.88099787647844,1.07170683692805,NA,NA
"1500:466:352:1",1.38490849575842,0.20658609616759,NA,NA
"1500:466:352:2",0.269774929153679,0.186227447014095,NA,NA
"1500:466:353:1",0.092574358668859,NA,NA,0.618424277370181
"1500:466:353:2",0.193084743059702,NA,NA,NA
"1500:466:354:1",NA,NA,NA,0.922305172284839
"1500:466:354:2",0.08794157861869,NA,NA,2.14849123948433
"1500:466:455:1",0.272496828516879,0.195949950950774,NA,2.70166731123154
"1500:466:455:2",0.223510977871519,0.657542638414713,NA,NA
"1500:466:456:1",0.054498765049657,3.48576445820082,NA,0.305632290502861
"1500:466:456:2",0.04570901635507,1.3592066038537,NA,NA
"1500:466:457:1",0.036346920086839,0.910413638830734,NA,NA
"1500:466:457:2",0.091744879516652,2.19056114947852,NA,NA
"1500:466:458:1",NA,1.690856707293,NA,NA
"1500:466:458:2",0.018214132804268,0.099352157733139,NA,NA
"1500:466:459:1",0.165999877272466,0.307927686885583,NA,1.34319751571158
"1500:466:459:2",0.154268954736463,0.949146236309112,NA,4.53593934929375
"1500:467:350:1",0.18023189812555,0.89363544902757,NA,0.452383472691849
"1500:467:350:2",0.14975614343115,1.09413969361237,NA,3.32735945997324
"1500:467:351:1",0.265811163311408,0.980016966945223,NA,NA
"1500:467:351:2",0.450960204157046,1.61190352193216,NA,NA
"1500:467:352:1",0.238826654962816,2.86677009078188,NA,0.305632290502861
"1500:467:352:2",0.037141258445747,3.42293240764117,NA,NA
"1500:467:353:1",0.004117248516915,2.59133607524866,NA,NA
"1500:467:353:2",NA,0.520399623113311,NA,0.613093033599748
"1500:467:354:1",NA,0.351923797746863,NA,0.30921213868509
"1500:467:354:2",0.032656764048105,0.753525156202987,NA,1.23151731096993
"1500:467:455:1",0.007171981287529,0.812472249244988,NA,1.23151731096993
"1500:467:455:2",0.007789568565066,0.565851783661311,NA,1.85125752616842
"1500:467:456:1",NA,0.591913728477533,NA,1.99995099388959
"1500:467:456:2",NA,0.454367932845161,NA,2.15382248325477
"1500:467:457:1",NA,0.156783660278222,NA,1.2261860671995
"1500:467:457:2",NA,0.142419017228077,NA,0.922305172284839
"1500:467:458:1",NA,0.044184212290617,NA,NA
"1500:467:458:2",NA,NA,NA,NA
"1500:467:459:1",NA,NA,NA,NA
"1500:467:459:2",NA,0.078582954519113,NA,NA
"7500:361:249:4",NA,NA,0.389448303489859,NA
"7500:361:249:3",NA,0.022039144809629,0.451921342696512,NA
"7500:361:248:4",NA,NA,0.320151083008868,NA
"7500:361:248:3",NA,NA,0.115150527420261,NA
"7500:361:247:4",NA,NA,0.098117644397103,NA
"7500:361:247:3",NA,0.063766825025614,0.102666173488443,NA
"7500:361:246:4",NA,NA,0.795535010014304,NA
"7500:361:246:3",NA,NA,0.534022267799761,NA
"7500:361:245:4",NA,NA,0.44045872583562,NA
"7500:361:245:3",NA,NA,0.110334695559584,NA
"7500:361:144:4",NA,NA,0.136380830774216,NA
"7500:361:144:3",NA,NA,0.329540932667578,NA
"7500:361:143:4",NA,0.168646970548448,0.119843662927799,NA
"7500:361:143:3",NA,NA,NA,NA
"7500:361:142:4",NA,NA,NA,NA
"7500:361:142:3",NA,NA,NA,NA
"7500:361:141:4",NA,NA,NA,NA
"7500:361:141:3",NA,NA,NA,NA
"7500:361:140:4",NA,NA,NA,NA
"7500:361:140:3",NA,NA,NA,NA
"7500:360:249:4",NA,NA,NA,NA
"7500:360:249:3",NA,NA,NA,NA
"7500:360:248:4",NA,NA,NA,NA
"7500:360:248:3",NA,NA,NA,NA
"7500:360:247:4",NA,NA,NA,NA
"7500:360:247:3",NA,NA,NA,NA
"7500:360:246:4",NA,NA,NA,NA
"7500:360:246:3",NA,NA,NA,NA
"7500:360:245:4",NA,NA,NA,NA
"7500:360:245:3",NA,NA,NA,NA
"7500:360:144:4",NA,NA,NA,NA
"7500:360:144:3",NA,NA,NA,NA
"7500:360:143:4",NA,0.029216353711438,NA,NA
"7500:360:143:3",NA,NA,NA,NA
"7500:360:142:4",NA,NA,NA,NA
"7500:360:142:3",NA,NA,NA,NA
"7500:360:141:4",NA,0.020290235780963,NA,NA
"7500:360:141:3",NA,NA,NA,NA
"7500:360:140:4",NA,NA,NA,NA
"7500:360:140:3",NA,NA,NA,0.136714239648877
"1500:360:140:3",NA,NA,NA,NA
"1500:360:140:4",NA,NA,NA,NA
"1500:360:141:3",NA,NA,NA,NA
"1500:360:141:4",NA,NA,NA,NA
"1500:360:142:3",NA,NA,NA,NA
"1500:360:142:4",NA,NA,NA,NA
"1500:360:143:3",NA,0.235487022823981,NA,NA
"1500:360:143:4",NA,0.245316852210602,NA,NA
"1500:360:144:3",NA,NA,NA,NA
"1500:360:144:4",NA,0.147318705770852,NA,NA
"1500:360:245:3",NA,0.19161224260846,NA,NA
"1500:360:245:4",NA,NA,NA,NA
"1500:360:246:3",NA,NA,NA,NA
"1500:360:246:4",NA,10.159729295523,NA,NA
"1500:360:247:3",NA,8.16765244909124,NA,NA
"1500:360:247:4",NA,0.06012752950554,NA,NA
"1500:360:248:3",NA,0.210828658144425,NA,NA
"1500:360:248:4",NA,NA,NA,NA
"1500:360:249:3",NA,0.25947041013885,NA,NA
"1500:360:249:4",NA,NA,NA,NA
"1500:361:140:3",NA,NA,NA,NA
"1500:361:140:4",NA,0.03069983269637,NA,NA
"1500:361:141:3",NA,1.41448594306659,NA,NA
"1500:361:141:4",NA,0.1507002903969,NA,NA
"1500:361:142:3",NA,NA,NA,NA
"1500:361:142:4",NA,NA,NA,NA
"1500:361:143:3",NA,0.180417136548596,NA,NA
"1500:361:143:4",NA,0.049822123502471,NA,NA
"1500:361:144:3",NA,0.868482496438901,NA,NA
"1500:361:144:4",NA,8.12403760096445,NA,NA
"1500:361:245:3",NA,6.55153797680749,NA,NA
"1500:361:245:4",NA,3.9580570753049,NA,NA
"1500:361:246:3",NA,0.02179739545824,NA,NA
"1500:361:246:4",NA,NA,NA,NA
"1500:361:247:3",NA,NA,NA,NA
"1500:361:247:4",NA,0.052313749099776,NA,NA
"1500:361:248:3",NA,NA,NA,NA
"1500:361:248:4",NA,NA,NA,NA
"1500:361:249:3",NA,NA,NA,NA
"1500:361:249:4",NA,NA,NA,NA
"1500:362:140:3",NA,NA,NA,NA
"1500:362:140:4",NA,NA,NA,NA
"1500:362:141:3",NA,0.170449323990356,NA,NA
"1500:362:141:4",NA,NA,NA,NA
"1500:362:142:3",NA,NA,NA,NA
"1500:362:142:4",NA,NA,NA,NA
"1500:362:143:3",NA,NA,NA,NA
"1500:362:143:4",NA,NA,NA,NA
"1500:362:144:3",NA,0.100851199858042,NA,NA
"1500:362:144:4",NA,NA,NA,NA
"1500:362:245:3",NA,0.056816441330119,NA,NA
"1500:362:245:4",NA,NA,NA,NA
"1500:362:246:3",NA,NA,NA,NA
"1500:362:246:4",NA,0.043687473660581,NA,NA
"1500:362:247:3",NA,0.440714250601909,NA,NA
"1500:362:247:4",NA,0.163761017086462,NA,NA
"1500:362:248:3",NA,0.156113846758287,NA,NA
"1500:362:248:4",NA,0.190311418977817,NA,NA
"1500:362:249:3",NA,0.055754945270817,NA,NA
"1500:362:249:4",NA,0.059471941622205,NA,NA
"1500:363:140:3",NA,0.105939599936369,NA,NA
"1500:363:140:4",NA,0.160532497859668,NA,NA
"1500:363:141:3",NA,0.221985696410912,NA,NA
"1500:363:141:4",NA,0.295715787468948,NA,NA
"1500:363:142:3",NA,0.315120961599885,NA,NA
"1500:363:142:4",NA,0.296939107123852,NA,NA
"1500:363:143:3",NA,0.059471941622205,NA,NA
"1500:363:143:4",NA,0.145057501387899,NA,NA
"1500:363:144:3",NA,0.229076579923654,NA,NA
"1500:363:144:4",NA,0.10024951070003,NA,NA
"1500:363:245:3",NA,0.228862061427224,NA,NA
"1500:363:245:4",NA,0.107745036568227,NA,NA
"1500:363:246:3",NA,0.174868495123951,NA,NA
"1500:363:246:4",NA,0.410400933722808,NA,NA
"1500:363:247:3",NA,0.111364843458485,NA,NA
"1500:363:247:4",NA,0.411318731444346,NA,NA
"1500:363:248:3",NA,0.184657681596205,NA,NA
"1500:363:248:4",NA,0.164882582695203,NA,NA
"1500:363:249:3",NA,0.361916622545111,NA,NA
"1500:363:249:4",NA,0.253416576707822,NA,NA
"1500:364:140:3",NA,0.287146836996542,NA,NA
"1500:364:140:4",NA,0.603103527398217,NA,NA
"1500:364:141:3",NA,0.240073095385481,NA,NA
"1500:364:141:4",NA,0.18507927559887,NA,NA
"1500:364:142:3",0.017431537547748,0.505866725953668,NA,NA
"1500:364:142:4",0.094178723695471,0.321973482704682,NA,NA
"1500:364:143:3",0.064690372677198,0.800906717877046,NA,NA
"1500:364:143:4",NA,0.39836265594435,NA,NA
"1500:364:144:3",0.025002471671854,1.40727432216238,NA,NA
"1500:364:144:4",NA,1.23139864444096,NA,NA
"1500:364:245:3",NA,1.09840056223922,NA,NA
"1500:364:245:4",NA,1.42828014105331,NA,NA
"1500:364:246:3",0.017431537547748,2.00403458050992,NA,NA
"1500:364:246:4",NA,2.96204647354483,NA,NA
"1500:364:247:3",NA,1.07416308525084,NA,NA
"1500:364:247:4",NA,0.401460696666503,NA,NA
"1500:364:248:3",NA,0.552330590290797,NA,NA
"1500:364:248:4",NA,0.460284191993441,NA,NA
"1500:364:249:3",NA,0.687305329401519,NA,NA
"1500:364:249:4",NA,0.756409777198931,NA,NA
"1500:465:140:3",NA,0.546274072576529,NA,NA
"1500:465:140:4",NA,1.96723377509251,NA,NA
"1500:465:141:3",NA,1.02672719568299,NA,NA
"1500:465:141:4",NA,1.08546150722132,NA,NA
"1500:465:142:3",NA,1.56888399397239,NA,NA
"1500:465:142:4",NA,1.16047975496732,NA,NA
"1500:465:143:3",NA,1.68210648555412,NA,NA
"1500:465:143:4",0.017431537547748,1.78273567986774,NA,NA
"1500:465:144:3",NA,0.800777422314718,NA,NA
"1500:465:144:4",NA,0.53600088241667,NA,NA
"1500:465:245:3",NA,0.584389530815989,NA,NA
"1500:465:245:4",NA,1.40324162614175,NA,NA
"1500:465:246:3",NA,0.472144404122831,NA,NA
"1500:465:246:4",NA,0.284077717330674,NA,NA
"1500:465:247:3",NA,1.40638634967322,NA,NA
"1500:465:247:4",0.073553782941616,0.790988756667689,NA,NA
"1500:465:248:3",NA,0.228322195649606,NA,NA
"1500:465:248:4",0.14562301965621,0.083636162191435,NA,NA
"1500:465:249:3",0.166876962088883,0.042011658525643,NA,NA
"1500:465:249:4",0.284016424558743,0.307033607503875,NA,NA
"1500:466:140:3",0.959897399761067,0.141497655013719,NA,NA
"1500:466:140:4",1.37978853177362,0.27025797521611,NA,NA
"1500:466:141:3",0.714798632074203,0.372993509185059,NA,NA
"1500:466:141:4",NA,0.049544128044849,NA,NA
"1500:466:142:3",NA,NA,NA,NA
"1500:466:142:4",0.010431533619201,NA,NA,NA
"1500:466:143:3",0,NA,NA,NA
"1500:466:143:4",0.15315239869967,NA,NA,0.303480506331817
"1500:466:144:3",0.02246466609366,0.046064763780563,NA,0.308804725741146
"1500:466:144:4",NA,NA,NA,NA
"1500:466:245:3",0.288794610707249,0.023110489863776,NA,1.42091113830855
"1500:466:245:4",0.247306393438386,0.304535465535099,NA,NA
"1500:466:246:3",0.143978876034219,2.27320759645856,NA,0.635413140120402
"1500:466:246:4",0.08229893974899,3.7548846156722,NA,0.070601460013378
"1500:466:247:3",NA,1.86856758171043,NA,NA
"1500:466:247:4",NA,2.85333947375358,NA,NA
"1500:466:248:3",0.034797962952255,1.13959172338922,NA,0.169336575692894
"1500:466:248:4",0.031878825445738,0.061660357787775,NA,NA
"1500:466:249:3",0.071578135458227,0.057617055637758,NA,0.070601460013378
"1500:466:249:4",0.097436604667052,0.039823096743259,NA,0.211804380040134
"1500:467:140:3",0.105092285529128,0.121421153955279,NA,1.55323212029432
"1500:467:140:4",0.209099024930521,0.079646193486519,NA,1.90859280236165
"1500:467:141:3",0.214394348500099,0.064733230119313,NA,0.070601460013378
"1500:467:141:4",0.142019591028795,0.459553861912873,NA,NA
"1500:467:142:3",0.149270782918245,3.15453606649881,NA,0.615814093782008
"1500:467:142:4",0.12494527876404,2.22140524096505,NA,0.621168998945331
"1500:467:143:3",NA,2.97877036482232,NA,1.23162818756402
"1500:467:143:4",0.006764613178023,2.35130227421123,NA,0.305229594309343
"1500:467:144:3",0.001103997378024,0.997142250548641,NA,1.54221268703668
"1500:467:144:4",0.012628677306003,0.332202358392854,NA,0.308804725741146
"1500:467:245:3",0.02903247022056,0.339656583297987,NA,0.606961012663633
"1500:467:245:4",NA,0.796888242156075,NA,0.921089957814111
"1500:467:246:3",0.0539215561477,0.140875024807069,NA,NA
"1500:467:246:4",NA,NA,NA,NA
"1500:467:247:3",NA,NA,NA,NA
"1500:467:247:4",NA,NA,NA,NA
"1500:467:248:3",NA,0.02855211498291,NA,NA
"1500:467:248:4",NA,NA,NA,NA
"1500:467:249:3",NA,NA,NA,NA
"1500:467:249:4",NA,NA,NA,NA
"7500:361:249:2",NA,NA,0.136197648401195,NA
"7500:361:249:1",NA,NA,0.340432853504833,NA
"7500:361:248:2",NA,NA,0.592750599700511,NA
"7500:361:248:1",NA,NA,0.017093631985575,NA
"7500:361:247:2",NA,NA,0.331650849373961,NA
"7500:361:247:1",NA,0.178062525973143,0.527964192196271,NA
"7500:361:246:2",NA,NA,0.153965222866488,NA
"7500:361:246:1",NA,0.017637531069264,0.380644754794674,NA
"7500:361:245:2",NA,NA,0.225093870725906,NA
"7500:361:245:1",NA,NA,0.04349992369089,NA
"7500:361:144:2",NA,NA,0.222506048303784,NA
"7500:361:144:1",NA,NA,0.216492533953508,NA
"7500:361:143:2",NA,NA,NA,NA
"7500:361:143:1",NA,NA,NA,NA
"7500:361:142:2",NA,NA,NA,NA
"7500:361:142:1",NA,0.170225167679333,NA,NA
"7500:361:141:2",NA,NA,NA,NA
"7500:361:141:1",NA,NA,NA,NA
"7500:361:140:2",NA,NA,NA,NA
"7500:361:140:1",NA,NA,NA,NA
"7500:360:249:2",NA,NA,NA,NA
"7500:360:249:1",NA,NA,NA,NA
"7500:360:248:2",NA,NA,NA,NA
"7500:360:248:1",NA,NA,NA,NA
"7500:360:247:2",NA,NA,NA,NA
"7500:360:247:1",NA,NA,NA,0.304190013109026
"7500:360:246:2",NA,NA,NA,NA
"7500:360:246:1",NA,NA,NA,NA
"7500:360:245:2",NA,0.006671119306561,NA,NA
"7500:360:245:1",NA,NA,NA,NA
"7500:360:144:2",NA,NA,NA,NA
"7500:360:144:1",NA,NA,NA,NA
"7500:360:143:2",NA,NA,NA,NA
"7500:360:143:1",NA,NA,NA,NA
"7500:360:142:2",NA,NA,NA,NA
"7500:360:142:1",NA,0.005574919081631,NA,NA
"7500:360:141:2",NA,NA,NA,NA
"7500:360:141:1",NA,NA,NA,NA
"7500:360:140:2",NA,NA,NA,NA
"7500:360:140:1",NA,NA,NA,NA
"1500:360:140:1",NA,NA,NA,NA
"1500:360:140:2",NA,0.110343726239555,NA,NA
"1500:360:141:1",NA,NA,NA,NA
"1500:360:141:2",NA,NA,NA,NA
"1500:360:142:1",NA,0.106660687109263,NA,NA
"1500:360:142:2",NA,0.047792212269726,NA,NA
"1500:360:143:1",NA,0.050627343506066,NA,NA
"1500:360:143:2",NA,0.037335937746947,NA,NA
"1500:360:144:1",NA,0.122412910645728,NA,NA
"1500:360:144:2",NA,0.287813762232794,NA,NA
"1500:360:245:1",NA,NA,NA,NA
"1500:360:245:2",NA,NA,NA,NA
"1500:360:246:1",NA,NA,NA,NA
"1500:360:246:2",NA,0.841096362280873,NA,NA
"1500:360:247:1",NA,1.63018083500504,NA,NA
"1500:360:247:2",NA,NA,NA,NA
"1500:360:248:1",NA,NA,NA,NA
"1500:360:248:2",NA,NA,NA,NA
"1500:360:249:1",NA,NA,NA,NA
"1500:360:249:2",NA,NA,NA,NA
"1500:361:140:1",NA,NA,NA,NA
"1500:361:140:2",NA,NA,NA,NA
"1500:361:141:1",NA,NA,NA,NA
"1500:361:141:2",NA,NA,NA,NA
"1500:361:142:1",NA,NA,NA,NA
"1500:361:142:2",NA,NA,NA,NA
"1500:361:143:1",NA,NA,NA,NA
"1500:361:143:2",NA,NA,NA,NA
"1500:361:144:1",NA,0.484330482611502,NA,NA
"1500:361:144:2",NA,5.21772239192242,NA,NA
"1500:361:245:1",NA,1.74138898720926,NA,NA
"1500:361:245:2",NA,4.03635799845982,NA,NA
"1500:361:246:1",NA,0.037255410609233,NA,NA
"1500:361:246:2",NA,NA,NA,NA
"1500:361:247:1",NA,NA,NA,NA
"1500:361:247:2",NA,NA,NA,NA
"1500:361:248:1",NA,NA,NA,NA
"1500:361:248:2",NA,0.052244951777854,NA,NA
"1500:361:249:1",NA,NA,NA,NA
"1500:361:249:2",NA,NA,NA,NA
"1500:362:140:1",NA,NA,NA,NA
"1500:362:140:2",NA,NA,NA,NA
"1500:362:141:1",NA,NA,NA,NA
"1500:362:141:2",NA,NA,NA,NA
"1500:362:142:1",NA,NA,NA,NA
"1500:362:142:2",NA,NA,NA,NA
"1500:362:143:1",NA,NA,NA,NA
"1500:362:143:2",NA,NA,NA,NA
"1500:362:144:1",NA,0.024252753825606,NA,NA
"1500:362:144:2",NA,0.088168918212415,NA,NA
"1500:362:245:1",NA,0.071872848575719,NA,NA
"1500:362:245:2",NA,NA,NA,NA
"1500:362:246:1",NA,0.053104402732624,NA,NA
"1500:362:246:2",NA,NA,NA,NA
"1500:362:247:1",NA,0.08873635446417,NA,NA
"1500:362:247:2",NA,0.161509839688029,NA,NA
"1500:362:248:1",NA,0.090738133107008,NA,NA
"1500:362:248:2",NA,0.038805027931449,NA,NA
"1500:362:249:1",NA,0.126587381550253,NA,NA
"1500:362:249:2",NA,NA,NA,NA
"1500:363:140:1",NA,0.246471051781032,NA,NA
"1500:363:140:2",NA,0.36905690273666,NA,NA
"1500:363:141:1",NA,0.092802704106684,NA,NA
"1500:363:141:2",NA,0.204407706043329,NA,NA
"1500:363:142:1",NA,NA,NA,NA
"1500:363:142:2",NA,0.317258560216477,NA,NA
"1500:363:143:1",NA,0.307777280398689,NA,NA
"1500:363:143:2",NA,0.148528474975675,NA,NA
"1500:363:144:1",NA,0.100064205784794,NA,NA
"1500:363:144:2",NA,0.12104370528979,NA,NA
"1500:363:245:1",NA,NA,NA,NA
"1500:363:245:2",NA,NA,NA,NA
"1500:363:246:1",NA,0.052013662704723,NA,NA
"1500:363:246:2",NA,0.034675775136482,NA,NA
"1500:363:247:1",NA,0.103613599298637,NA,NA
"1500:363:247:2",NA,0.103613599298637,NA,NA
"1500:363:248:1",NA,0.156458303053171,NA,NA
"1500:363:248:2",NA,0.138151465731516,NA,NA
"1500:363:249:1",NA,NA,NA,NA
"1500:363:249:2",NA,0.052013662704723,NA,NA
"1500:364:140:1",NA,0.103820462354042,NA,NA
"1500:364:140:2",0.035397514108192,0.103820462354042,NA,NA
"1500:364:141:1",0.017408613495832,0.051806799649318,NA,NA
"1500:364:141:2",NA,0.468842932925254,NA,NA
"1500:364:142:1",NA,0.784027871363224,NA,NA
"1500:364:142:2",NA,0.780554413477125,NA,NA
"1500:364:143:1",0.040620098156942,1.15425200896691,NA,NA
"1500:364:143:2",0.00871032249604,1.37533543357655,NA,NA
"1500:364:144:1",NA,2.20929054667417,NA,NA
"1500:364:144:2",NA,1.94321587011121,NA,NA
"1500:364:245:1",NA,1.57733602491733,NA,NA
"1500:364:245:2",0.017408613495832,1.10548214605792,NA,NA
"1500:364:246:1",NA,1.81263030710203,NA,NA
"1500:364:246:2",NA,0.579598655142067,NA,NA
"1500:364:247:1",NA,1.11177679379772,NA,NA
"1500:364:247:2",NA,1.70121836079028,NA,NA
"1500:364:248:1",0.028066594709463,1.053307616532,NA,NA
"1500:364:248:2",NA,1.08752544534262,NA,NA
"1500:364:249:1",0.02899428989064,0.958758847679808,NA,NA
"1500:364:249:2",NA,0.761661910017494,NA,NA
"1500:465:140:1",NA,0.897972472843309,NA,NA
"1500:465:140:2",NA,1.12642427029278,NA,NA
"1500:465:141:1",NA,1.23599491236815,NA,NA
"1500:465:141:2",NA,1.90420917596274,NA,NA
"1500:465:142:1",NA,1.26646118434247,NA,NA
"1500:465:142:2",0.001896914676915,1.51039115283802,NA,NA
"1500:465:143:1",NA,0.608775560858099,NA,NA
"1500:465:143:2",NA,0.705025686185308,NA,NA
"1500:465:144:1",NA,1.45322265267635,NA,NA
"1500:465:144:2",NA,2.15563934073924,NA,NA
"1500:465:245:1",NA,0.353628943332304,NA,NA
"1500:465:245:2",NA,0.275373318652217,NA,NA
"1500:465:246:1",NA,0.515890734288488,NA,NA
"1500:465:246:2",NA,1.11827283474537,NA,NA
"1500:465:247:1",NA,1.43614469860579,NA,NA
"1500:465:247:2",0.034802577439734,0.352058188965985,NA,NA
"1500:465:248:1",0.562302798207971,0.300178571443093,NA,NA
"1500:465:248:2",0.985656040980666,0.090128653684415,NA,NA
"1500:465:249:1",1.59882974642088,NA,NA,NA
"1500:465:249:2",2.06649150040859,0.047065563997367,NA,NA
"1500:466:140:1",0.764785834259359,0.087544629966899,NA,NA
"1500:466:140:2",0.324658728668792,0.057351405658407,NA,NA
"1500:466:141:1",0.044844501697523,NA,NA,NA
"1500:466:141:2",NA,NA,NA,NA
"1500:466:142:1",0.096753746122755,NA,NA,NA
"1500:466:142:2",0.383959362888443,NA,NA,NA
"1500:466:143:1",0.17357269118678,NA,NA,NA
"1500:466:143:2",0.200825128489719,NA,NA,NA
"1500:466:144:1",NA,NA,NA,NA
"1500:466:144:2",0.0299815010206,NA,NA,NA
"1500:466:245:1",0.058512286748741,0.245744570797905,NA,NA
"1500:466:245:2",0.106940066297996,0.415164336307966,NA,NA
"1500:466:246:1",0.011033075161651,0.391419939115304,NA,NA
"1500:466:246:2",0.031450157537312,0.556364593487142,NA,NA
"1500:466:247:1",0.029014355826387,1.82338648718231,NA,NA
"1500:466:247:2",0.033633376273142,2.62932979169441,NA,NA
"1500:466:248:1",0.168100118395766,4.9596104174673,NA,NA
"1500:466:248:2",0.032541714789697,0.29945938201732,NA,NA
"1500:466:249:1",0.028977337608052,0.092565267594362,NA,NA
"1500:466:249:2",0.10231326706917,0.129648156151233,NA,NA
"1500:467:140:1",0.090599327324453,0.603502060369168,NA,0.987120577715413
"1500:467:140:2",0.161869340708363,0.152751066020162,NA,3.67114843426541
"1500:467:141:1",0.089929129294069,0.020978204693317,NA,0.987120577715412
"1500:467:141:2",0.192142185019663,0.483741497513774,NA,NA
"1500:467:142:1",0.119819031391256,3.11724201569699,NA,NA
"1500:467:142:2",0.126384035898218,0.970226003006365,NA,0.615004242429672
"1500:467:143:1",NA,0.852585391280092,NA,0.942352272479647
"1500:467:143:2",NA,1.45127913970962,NA,0.316448440053837
"1500:467:144:1",0.052728755988487,2.28639331540726,NA,NA
"1500:467:144:2",NA,2.18506865528591,NA,NA
"1500:467:245:1",0.023662341254702,0.061960132765365,NA,0.308398619535923
"1500:467:245:2",NA,0.19693138296231,NA,NA
"1500:467:246:1",NA,NA,NA,NA
"1500:467:246:2",0.007947902468861,NA,NA,NA
"1500:467:247:1",NA,NA,NA,NA
"1500:467:247:2",NA,NA,NA,NA
"1500:467:248:1",NA,NA,NA,NA
"1500:467:248:2",NA,NA,NA,NA
"1500:467:249:1",NA,NA,NA,NA
"1500:467:249:2",NA,0.034852825740591,NA,NA
"7500:361:239:4",NA,NA,0.065816900449193,NA
"7500:361:239:3",NA,NA,0.297569557733679,NA
"7500:361:238:4",NA,NA,0.872314308759012,NA
"7500:361:238:3",NA,NA,0.290540722119256,NA
"7500:361:237:4",NA,NA,0.103906783704898,NA
"7500:361:237:3",NA,0.228025878535998,0.192850962743982,NA
"7500:361:236:4",NA,NA,0.100848542287288,NA
"7500:361:236:3",NA,0.056617649926384,0.100442668001902,NA
"7500:361:235:4",NA,NA,0.143102298922117,NA
"7500:361:235:3",NA,NA,0.018111375146849,NA
"7500:361:134:4",NA,NA,NA,NA
"7500:361:134:3",NA,NA,NA,NA
"7500:361:133:4",NA,NA,NA,NA
"7500:361:133:3",NA,0.106520683874786,NA,NA
"7500:361:132:4",NA,NA,NA,NA
"7500:361:132:3",NA,0.122970842881201,NA,NA
"7500:361:131:4",NA,0.131034814324299,NA,NA
"7500:361:131:3",NA,NA,NA,NA
"7500:361:130:4",NA,NA,NA,NA
"7500:361:130:3",NA,NA,NA,NA
"7500:360:239:4",NA,NA,NA,NA
"7500:360:239:3",NA,NA,NA,NA
"7500:360:238:4",NA,NA,NA,NA
"7500:360:238:3",NA,NA,NA,NA
"7500:360:237:4",NA,NA,NA,NA
"7500:360:237:3",NA,NA,NA,NA
"7500:360:236:4",NA,NA,NA,0.303790732109767
"7500:360:236:3",NA,NA,NA,NA
"7500:360:235:4",NA,NA,NA,NA
"7500:360:235:3",NA,NA,NA,NA
"7500:360:134:4",NA,NA,NA,NA
"7500:360:134:3",NA,NA,NA,NA
"7500:360:133:4",NA,NA,NA,NA
"7500:360:133:3",NA,NA,NA,NA
"7500:360:132:4",NA,NA,NA,NA
"7500:360:132:3",NA,NA,NA,NA
"7500:360:131:4",NA,0.047278869246533,NA,NA
"7500:360:131:3",NA,NA,NA,NA
"7500:360:130:4",NA,NA,NA,NA
"7500:360:130:3",NA,NA,NA,NA
"1500:360:130:3",NA,NA,NA,NA
"1500:360:130:4",NA,NA,NA,NA
"1500:360:131:3",NA,0.1026927205656,NA,NA
"1500:360:131:4",NA,0.178791086719699,NA,NA
"1500:360:132:3",NA,NA,NA,NA
"1500:360:132:4",NA,NA,NA,NA
"1500:360:133:3",NA,0.068252327077587,NA,NA
"1500:360:133:4",NA,0.134913028425892,NA,NA
"1500:360:134:3",NA,0.199685273024147,NA,NA
"1500:360:134:4",NA,0.256396905965082,NA,NA
"1500:360:235:3",NA,0.195603569569785,NA,NA
"1500:360:235:4",NA,NA,NA,NA
"1500:360:236:3",NA,NA,NA,NA
"1500:360:236:4",NA,NA,NA,NA
"1500:360:237:3",NA,NA,NA,NA
"1500:360:237:4",NA,NA,NA,NA
"1500:360:238:3",NA,NA,NA,NA
"1500:360:238:4",NA,NA,NA,NA
"1500:360:239:3",NA,NA,NA,NA
"1500:360:239:4",NA,NA,NA,NA
"1500:361:130:3",NA,NA,NA,NA
"1500:361:130:4",NA,NA,NA,NA
"1500:361:131:3",NA,NA,NA,NA
"1500:361:131:4",NA,NA,NA,NA
"1500:361:132:3",NA,NA,NA,NA
"1500:361:132:4",NA,NA,NA,NA
"1500:361:133:3",NA,NA,NA,NA
"1500:361:133:4",NA,NA,NA,NA
"1500:361:134:3",NA,NA,NA,NA
"1500:361:134:4",NA,6.68332064545669,NA,NA
"1500:361:235:3",NA,2.05051013724925,NA,NA
"1500:361:235:4",NA,2.47441370023285,NA,NA
"1500:361:236:3",NA,0.142994510677026,NA,NA
"1500:361:236:4",NA,0.013478896836276,NA,NA
"1500:361:237:3",NA,NA,NA,NA
"1500:361:237:4",NA,0.052176374850101,NA,NA
"1500:361:238:3",NA,NA,NA,NA
"1500:361:238:4",NA,NA,NA,NA
"1500:361:239:3",NA,NA,NA,NA
"1500:361:239:4",NA,NA,NA,NA
"1500:362:130:3",NA,NA,NA,NA
"1500:362:130:4",NA,NA,NA,NA
"1500:362:131:3",NA,NA,NA,NA
"1500:362:131:4",NA,NA,NA,NA
"1500:362:132:3",NA,NA,NA,NA
"1500:362:132:4",NA,NA,NA,NA
"1500:362:133:3",NA,NA,NA,NA
"1500:362:133:4",NA,NA,NA,NA
"1500:362:134:3",NA,NA,NA,NA
"1500:362:134:4",NA,NA,NA,NA
"1500:362:235:3",NA,NA,NA,NA
"1500:362:235:4",NA,NA,NA,NA
"1500:362:236:3",NA,NA,NA,NA
"1500:362:236:4",NA,NA,NA,NA
"1500:362:237:3",NA,0.046685091147034,NA,NA
"1500:362:237:4",NA,0.19805504761426,NA,NA
"1500:362:238:3",NA,0.276692329944294,NA,NA
"1500:362:238:4",NA,0.748987072624232,NA,NA
"1500:362:239:3",NA,0.170626951631561,NA,NA
"1500:362:239:4",NA,0.041522241750245,NA,NA
"1500:363:130:3",NA,0.033917888952368,NA,NA
"1500:363:130:4",NA,0.40151883316673,NA,NA
"1500:363:131:3",NA,0.285308786835413,NA,NA
"1500:363:131:4",NA,0.290559543365807,NA,NA
"1500:363:132:3",NA,0.210694042621427,NA,NA
"1500:363:132:4",NA,0.052601111139124,NA,NA
"1500:363:133:3",NA,0.260471404656132,NA,NA
"1500:363:133:4",NA,0.380627626181419,NA,NA
"1500:363:134:3",NA,0.224425702034566,NA,NA
"1500:363:134:4",NA,0.142514422053266,NA,NA
"1500:363:235:3",NA,NA,NA,NA
"1500:363:235:4",NA,NA,NA,NA
"1500:363:236:3",NA,0.051738797841761,NA,NA
"1500:363:236:4",NA,0.179211593319294,NA,NA
"1500:363:237:3",NA,NA,NA,NA
"1500:363:237:4",NA,0.27481831646273,NA,NA
"1500:363:238:3",NA,0.336381053223802,NA,NA
"1500:363:238:4",NA,0.174882810871968,NA,NA
"1500:363:239:3",NA,0.155836168103734,NA,NA
"1500:363:239:4",NA,NA,NA,NA
"1500:364:130:3",NA,0.269148267780395,NA,NA
"1500:364:130:4",0.005795254293922,0.579869177833871,NA,NA
"1500:364:131:3",NA,0.456087526669886,NA,NA
"1500:364:131:4",NA,1.03176691082964,NA,NA
"1500:364:132:3",NA,0.98828449304702,NA,NA
"1500:364:132:4",NA,1.92824802106026,NA,NA
"1500:364:133:3",0.062878509089054,1.72609377295703,NA,0.385915119248039
"1500:364:133:4",NA,1.0197757743977,NA,0.926196286195292
"1500:364:134:3",NA,1.20497537561998,NA,0.079755791311261
"1500:364:134:4",NA,1.84011133873655,NA,NA
"1500:364:235:3",NA,0.686123296538174,NA,NA
"1500:364:235:4",NA,1.47410883763708,NA,NA
"1500:364:236:3",NA,1.18273516557211,NA,NA
"1500:364:236:4",NA,1.33931794720733,NA,NA
"1500:364:237:3",NA,0.754414176996136,NA,NA
"1500:364:237:4",NA,0.737352845133255,NA,NA
"1500:364:238:3",NA,1.00637216904611,NA,NA
"1500:364:238:4",NA,1.38030067011394,NA,NA
"1500:364:239:3",NA,1.59657108017644,NA,NA
"1500:364:239:4",NA,3.18884788234625,NA,NA
"1500:465:130:3",NA,1.07197267019205,NA,NA
"1500:465:130:4",NA,1.43478289568754,NA,NA
"1500:465:131:3",NA,1.09432411367945,NA,NA
"1500:465:131:4",NA,1.34287925930981,NA,NA
"1500:465:132:3",NA,2.19276852791706,NA,NA
"1500:465:132:4",0.020959503029684,3.14212323535791,NA,NA
"1500:465:133:3",NA,0.139463538533733,NA,NA
"1500:465:133:4",NA,1.04586153878368,NA,NA
"1500:465:134:3",NA,10.3736385182715,NA,NA
"1500:465:134:4",NA,3.56813208361602,NA,NA
"1500:465:235:3",NA,0.476134366305286,NA,NA
"1500:465:235:4",NA,0.409913340174609,NA,NA
"1500:465:236:3",NA,0.192514701169093,NA,NA
"1500:465:236:4",0.033635705265155,0.610346577213814,NA,NA
"1500:465:237:3",0.143364139165602,1.43773217857388,NA,NA
"1500:465:237:4",0.061735634467476,7.79489479727385,NA,NA
"1500:465:238:3",0.438875073871596,1.00313209234693,NA,NA
"1500:465:238:4",0.666030547242058,0.04295709448451,NA,NA
"1500:465:239:3",0.634157401172642,0.103408370632879,NA,NA
"1500:465:239:4",0.617276508745343,0.046536852358219,NA,NA
"1500:466:130:3",0.208245720308883,0.100233220463856,NA,NA
"1500:466:130:4",0.327266743517353,NA,NA,NA
"1500:466:131:3",0.017397778585425,NA,NA,NA
"1500:466:131:4",0.03514758340957,NA,NA,NA
"1500:466:132:3",0.218902497061535,NA,NA,NA
"1500:466:132:4",0.173781512699162,0.089974721566652,NA,NA
"1500:466:133:3",NA,NA,NA,NA
"1500:466:133:4",0.147176239075074,NA,NA,NA
"1500:466:134:3",0.20040115637119,NA,NA,NA
"1500:466:134:4",NA,NA,NA,0.271677550196125
"1500:466:235:3",NA,NA,NA,0.049899958199288
"1500:466:235:4",0.1418304766119,0.456268623101999,NA,NA
"1500:466:236:3",0.167426667187929,0.044290391200261,NA,NA
"1500:466:236:4",0.13150282596613,0.425672071349494,NA,NA
"1500:466:237:3",0.09552892617557,0.533942167119033,NA,NA
"1500:466:237:4",0.065309274668129,1.19598614851446,NA,NA
"1500:466:238:3",0.066779776734336,2.48771283688066,NA,NA
"1500:466:238:4",0.189117621010194,3.08537113787194,NA,NA
"1500:466:239:3",0.177834240979473,1.40208875502624,NA,NA
"1500:466:239:4",0.035784748797269,1.50665253545246,NA,NA
"1500:467:130:3",0.115527477989153,0.608897047038857,NA,NA
"1500:467:130:4",0.201075147956093,0.742466824801416,NA,0.563328502508446
"1500:467:131:3",0.128123298694102,0.786903471091243,NA,0.211248188440667
"1500:467:131:4",0.123091360178305,1.77884458977048,NA,NA
"1500:467:132:3",0.070133771706708,2.25573164636753,NA,NA
"1500:467:132:4",0.091614306469873,0.656500166234499,NA,NA
"1500:467:133:3",NA,0.577120497058868,NA,0.321577508395414
"1500:467:133:4",NA,0.362957346192749,NA,NA
"1500:467:134:3",NA,1.59157876892578,NA,NA
"1500:467:134:4",NA,2.88446120516685,NA,NA
"1500:467:235:3",NA,0.398815327510969,NA,NA
"1500:467:235:4",NA,0.029949628143728,NA,NA
"1500:467:236:3",NA,0.182757460572233,NA,NA
"1500:467:236:4",NA,0.243068290134598,NA,NA
"1500:467:237:3",NA,0.689059463326209,NA,NA
"1500:467:237:4",NA,1.45140908121352,NA,NA
"1500:467:238:3",NA,0.172513486730111,NA,NA
"1500:467:238:4",NA,0.055281829423873,NA,NA
"1500:467:239:3",NA,0.461676238416101,NA,NA
"1500:467:239:4",NA,0.051215106495948,NA,NA
"7500:361:239:2",NA,NA,0.010999244800506,NA
"7500:361:239:1",NA,NA,0.07398010576933,NA
"7500:361:238:2",NA,NA,0.18340680558118,NA
"7500:361:238:1",NA,NA,0.472366191739937,NA
"7500:361:237:2",NA,0.052443257186923,0.403165325995492,NA
"7500:361:237:1",NA,0.116124355199616,0.153761585707647,NA
"7500:361:236:2",NA,NA,0.200787140038869,NA
"7500:361:236:1",NA,NA,0.010999244800506,NA
"7500:361:235:2",NA,NA,0.15688895035033,NA
"7500:361:235:1",NA,NA,0.057348840251528,NA
"7500:361:134:2",NA,NA,NA,NA
"7500:361:134:1",NA,NA,NA,NA
"7500:361:133:2",NA,NA,NA,NA
"7500:361:133:1",NA,0.14737168304065,NA,NA
"7500:361:132:2",NA,NA,NA,NA
"7500:361:132:1",NA,NA,NA,NA
"7500:361:131:2",NA,0.088873558537404,NA,NA
"7500:361:131:1",NA,NA,NA,NA
"7500:361:130:2",NA,NA,NA,NA
"7500:361:130:1",NA,NA,NA,NA
"7500:360:239:2",NA,NA,NA,NA
"7500:360:239:1",NA,NA,NA,NA
"7500:360:238:2",NA,NA,NA,NA
"7500:360:238:1",NA,NA,NA,NA
"7500:360:237:2",NA,NA,NA,NA
"7500:360:237:1",NA,NA,NA,NA
"7500:360:236:2",NA,NA,NA,NA
"7500:360:236:1",NA,NA,NA,NA
"7500:360:235:2",NA,NA,NA,NA
"7500:360:235:1",NA,NA,NA,NA
"7500:360:134:2",NA,NA,NA,NA
"7500:360:134:1",NA,NA,NA,NA
"7500:360:133:2",NA,NA,NA,NA
"7500:360:133:1",NA,NA,NA,NA
"7500:360:132:2",NA,NA,NA,NA
"7500:360:132:1",NA,NA,NA,NA
"7500:360:131:2",NA,NA,NA,NA
"7500:360:131:1",NA,NA,NA,NA
"7500:360:130:2",NA,NA,NA,NA
"7500:360:130:1",NA,NA,NA,NA
"1500:360:130:1",NA,0.461453083868816,NA,NA
"1500:360:130:2",NA,0.147305377415847,NA,NA
"1500:360:131:1",NA,NA,NA,NA
"1500:360:131:2",NA,NA,NA,NA
"1500:360:132:1",NA,0.097757640150063,NA,NA
"1500:360:132:2",NA,NA,NA,NA
"1500:360:133:1",NA,NA,NA,NA
"1500:360:133:2",NA,NA,NA,NA
"1500:360:134:1",NA,0.107789020537401,NA,NA
"1500:360:134:2",NA,2.52658005334478,NA,NA
"1500:360:235:1",NA,1.10127131606747,NA,NA
"1500:360:235:2",NA,0.148341859506678,NA,NA
"1500:360:236:1",NA,0.141650784240205,NA,NA
"1500:360:236:2",NA,NA,NA,NA
"1500:360:237:1",NA,NA,NA,NA
"1500:360:237:2",NA,NA,NA,NA
"1500:360:238:1",NA,NA,NA,NA
"1500:360:238:2",NA,NA,NA,NA
"1500:360:239:1",NA,NA,NA,NA
"1500:360:239:2",NA,NA,NA,NA
"1500:361:130:1",NA,NA,NA,NA
"1500:361:130:2",NA,NA,NA,NA
"1500:361:131:1",NA,NA,NA,NA
"1500:361:131:2",NA,0.162818522885868,NA,NA
"1500:361:132:1",NA,0.169779006166912,NA,NA
"1500:361:132:2",NA,NA,NA,NA
"1500:361:133:1",NA,NA,NA,NA
"1500:361:133:2",NA,NA,NA,NA
"1500:361:134:1",NA,0.220623217366614,NA,NA
"1500:361:134:2",NA,0.408616248637084,NA,NA
"1500:361:235:1",NA,5.78666146290363,NA,NA
"1500:361:235:2",NA,3.99856232901007,NA,NA
"1500:361:236:1",NA,NA,NA,NA
"1500:361:236:2",NA,0.02277313350657,NA,NA
"1500:361:237:1",NA,NA,NA,NA
"1500:361:237:2",NA,NA,NA,NA
"1500:361:238:1",NA,NA,NA,NA
"1500:361:238:2",NA,NA,NA,NA
"1500:361:239:1",NA,0.172088514193528,NA,NA
"1500:361:239:2",NA,NA,NA,NA
"1500:362:130:1",NA,NA,NA,NA
"1500:362:130:2",NA,NA,NA,NA
"1500:362:131:1",NA,NA,NA,NA
"1500:362:131:2",NA,NA,NA,NA
"1500:362:132:1",NA,NA,NA,NA
"1500:362:132:2",NA,NA,NA,NA
"1500:362:133:1",NA,0.011851786007872,NA,NA
"1500:362:133:2",NA,NA,NA,NA
"1500:362:134:1",NA,0.01789999850268,NA,NA
"1500:362:134:2",NA,0.02345008714123,NA,NA
"1500:362:235:1",NA,NA,NA,NA
"1500:362:235:2",NA,NA,NA,NA
"1500:362:236:1",NA,0.144123588034904,NA,NA
"1500:362:236:2",NA,NA,NA,NA
"1500:362:237:1",NA,0.074463853818033,NA,NA
"1500:362:237:2",NA,0.084427943997278,NA,NA
"1500:362:238:1",NA,0.0435156660431,NA,NA
"1500:362:238:2",NA,0.103272850519167,NA,NA
"1500:362:239:1",NA,0.336562887613485,NA,NA
"1500:362:239:2",NA,0.075521998484813,NA,NA
"1500:363:130:1",NA,0.175932454884403,NA,NA
"1500:363:130:2",NA,0.511384801523588,NA,NA
"1500:363:131:1",NA,0.360580315784591,NA,NA
"1500:363:131:2",NA,0.509723507492905,NA,NA
"1500:363:132:1",NA,0.806963291440319,NA,NA
"1500:363:132:2",NA,0.349437665142752,NA,NA
"1500:363:133:1",NA,0.482391190212004,NA,NA
"1500:363:133:2",NA,0.151635238500312,NA,NA
"1500:363:134:1",NA,0.259180780359023,NA,NA
"1500:363:134:2",NA,0.159084296982685,NA,NA
"1500:363:235:1",NA,NA,NA,NA
"1500:363:235:2",NA,NA,NA,NA
"1500:363:236:1",NA,NA,NA,NA
"1500:363:236:2",NA,NA,NA,NA
"1500:363:237:1",NA,0.051671013617204,NA,NA
"1500:363:237:2",NA,0.207044144786316,NA,NA
"1500:363:238:1",NA,0.051877334482903,NA,NA
"1500:363:238:2",NA,0.063120008996206,NA,NA
"1500:363:239:1",NA,NA,NA,NA
"1500:363:239:2",NA,0.23826270666835,NA,NA
"1500:364:130:1",NA,0.654072005889757,NA,NA
"1500:364:130:2",NA,1.59595835981786,NA,NA
"1500:364:131:1",0.017362985382009,1.14018137167826,NA,NA
"1500:364:131:2",NA,0.674067434972278,NA,NA
"1500:364:132:1",NA,0.502719452776571,NA,NA
"1500:364:132:2",NA,0.61435718327086,NA,NA
"1500:364:133:1",0.026044478073013,0.615992404463127,NA,1.46712558311371
"1500:364:133:2",0.002893830897001,1.49469506861122,NA,0.077081904541876
"1500:364:134:1",NA,1.40520380592342,NA,NA
"1500:364:134:2",NA,2.18255440750612,NA,NA
"1500:364:235:1",NA,0.80551252624831,NA,NA
"1500:364:235:2",NA,0.28465959705631,NA,NA
"1500:364:236:1",NA,0.206220082516788,NA,NA
"1500:364:236:2",NA,0.906204786372794,NA,NA
"1500:364:237:1",NA,0.601574072825176,NA,NA
"1500:364:237:2",NA,1.29625521463711,NA,NA
"1500:364:238:1",NA,1.47763357296022,NA,NA
"1500:364:238:2",NA,2.60446859367325,NA,NA
"1500:364:239:1",NA,1.45857260203404,NA,NA
"1500:364:239:2",NA,0.665220743787451,NA,NA
"1500:465:130:1",NA,0.797669523070101,NA,NA
"1500:465:130:2",NA,1.20244244790858,NA,NA
"1500:465:131:1",NA,1.21691663073623,NA,NA
"1500:465:131:2",0.011575323588006,1.19264143415614,NA,NA
"1500:465:132:1",NA,0.98412617709481,NA,NA
"1500:465:132:2",NA,2.66604426648705,NA,NA
"1500:465:133:1",NA,2.53644128436625,NA,NA
"1500:465:133:2",NA,1.15820306373673,NA,NA
"1500:465:134:1",NA,11.6881443224726,NA,NA
"1500:465:134:2",NA,5.08918493557877,NA,NA
"1500:465:235:1",0.009459714242632,5.39012637840861,NA,NA
"1500:465:235:2",0.194210576275189,0.222504679301278,NA,NA
"1500:465:236:1",0.205296948262556,0.155650078866157,NA,NA
"1500:465:236:2",0.307114100522381,1.15005854449037,NA,NA
"1500:465:237:1",0.53069823970507,1.03604951032013,NA,NA
"1500:465:237:2",0.406782028649481,2.9331615445634,NA,NA
"1500:465:238:1",0.259908866406198,9.41386424478599,NA,NA
"1500:465:238:2",0.017362985382009,6.00053591379303,NA,NA
"1500:465:239:1",0.019794153038985,0.297230998117216,NA,NA
"1500:465:239:2",NA,NA,NA,NA
"1500:466:130:1",NA,0.073231272284449,NA,NA
"1500:466:130:2",0.038311181933824,0.082132960537544,NA,NA
"1500:466:131:1",0.02822364195849,0.052840451623765,NA,NA
"1500:466:131:2",0.021277996723555,0.058585017827559,NA,NA
"1500:466:132:1",0.167663926182215,0.732308352025919,NA,NA
"1500:466:132:2",0.264960213127431,0.788188285058289,NA,NA
"1500:466:133:1",0.324625850999344,0.035569475109589,NA,NA
"1500:466:133:2",NA,NA,NA,NA
"1500:466:134:1",0.090633119878804,NA,NA,NA
"1500:466:134:2",0.154024979806957,NA,NA,NA
"1500:466:235:1",0.128219739854858,0.060776155118165,NA,NA
"1500:466:235:2",0.065790750879181,NA,NA,NA
"1500:466:236:1",0.38452945010865,0.035750679481273,NA,NA
"1500:466:236:2",0.367695031479523,NA,NA,NA
"1500:466:237:1",0.469446853983754,0.485278011258507,NA,NA
"1500:466:237:2",0.159993050816838,0.127419366084636,NA,NA
"1500:466:238:1",0.085259184055048,0.309012640892434,NA,NA
"1500:466:238:2",0.084650844670963,0.087010357207978,NA,NA
"1500:466:239:1",0.540122363952758,NA,NA,NA
"1500:466:239:2",NA,0.738314652786616,NA,NA
"1500:467:130:1",0.036821396022223,2.26588571095704,NA,NA
"1500:467:130:2",0.047909944953154,1.36717567757024,NA,NA
"1500:467:131:1",0.010592853150947,1.11192840416246,NA,NA
"1500:467:131:2",0.035806334298898,1.8430687310881,NA,NA
"1500:467:132:1",0.14712869410434,1.723651681692,NA,NA
"1500:467:132:2",0.038062928007634,1.28902428248078,NA,NA
"1500:467:133:1",NA,1.68347165969269,NA,NA
"1500:467:133:2",0.029882238814819,0.938968768170169,NA,NA
"1500:467:134:1",NA,2.1469931967247,NA,NA
"1500:467:134:2",NA,2.30744846199589,NA,NA
"1500:467:235:1",NA,0.521768077831992,NA,NA
"1500:467:235:2",NA,0.094518055526385,NA,NA
"1500:467:236:1",NA,0.861040521245323,NA,NA
"1500:467:236:2",NA,0.952068066864386,NA,NA
"1500:467:237:1",NA,0.705374534118195,NA,NA
"1500:467:237:2",NA,1.94114432876349,NA,NA
"1500:467:238:1",NA,1.5739949543067,NA,NA
"1500:467:238:2",NA,1.41135669257786,NA,NA
"1500:467:239:1",NA,1.7740611807147,NA,NA
"1500:467:239:2",NA,0.738071415021077,NA,NA
"7500:361:229:4",NA,NA,NA,NA
"7500:361:229:3",NA,NA,0.005309349791957,NA
"7500:361:228:4",NA,NA,0.100427571855051,NA
"7500:361:228:3",NA,NA,0.029018342828455,NA
"7500:361:227:4",NA,NA,0.010984861638532,NA
"7500:361:227:3",NA,NA,0.04192555525373,NA
"7500:361:226:4",NA,NA,0.092989905120628,NA
"7500:361:226:3",NA,NA,NA,NA
"7500:361:225:4",NA,NA,NA,NA
"7500:361:225:3",NA,NA,0.069025906367521,NA
"7500:361:124:4",NA,NA,0.174000912512144,NA
"7500:361:124:3",NA,NA,NA,NA
"7500:361:123:4",NA,NA,NA,NA
"7500:361:123:3",NA,NA,NA,NA
"7500:361:122:4",NA,NA,NA,NA
"7500:361:122:3",NA,NA,NA,NA
"7500:361:121:4",NA,NA,NA,NA
"7500:361:121:3",NA,NA,NA,NA
"7500:361:120:4",NA,NA,NA,NA
"7500:361:120:3",NA,0.106242019325666,NA,NA
"7500:360:229:4",NA,NA,NA,NA
"7500:360:229:3",NA,NA,NA,NA
"7500:360:228:4",NA,NA,NA,NA
"7500:360:228:3",NA,NA,NA,NA
"7500:360:227:4",NA,NA,NA,NA
"7500:360:227:3",NA,NA,NA,NA
"7500:360:226:4",NA,NA,NA,NA
"7500:360:226:3",NA,NA,NA,NA
"7500:360:225:4",NA,NA,NA,NA
"7500:360:225:3",NA,NA,NA,NA
"7500:360:124:4",NA,NA,NA,NA
"7500:360:124:3",NA,NA,NA,NA
"7500:360:123:4",NA,NA,NA,NA
"7500:360:123:3",NA,NA,NA,NA
"7500:360:122:4",NA,NA,NA,NA
"7500:360:122:3",NA,NA,NA,NA
"7500:360:121:4",NA,NA,NA,NA
"7500:360:121:3",NA,NA,NA,NA
"7500:360:120:4",NA,NA,NA,NA
"7500:360:120:3",NA,NA,NA,NA
"1500:360:120:3",NA,0.759509103952584,NA,NA
"1500:360:120:4",NA,0.052853073164655,NA,NA
"1500:360:121:3",NA,NA,NA,NA
"1500:360:121:4",NA,NA,NA,NA
"1500:360:122:3",NA,NA,NA,NA
"1500:360:122:4",NA,NA,NA,NA
"1500:360:123:3",NA,0.071940122934657,NA,NA
"1500:360:123:4",NA,NA,NA,NA
"1500:360:124:3",NA,NA,NA,NA
"1500:360:124:4",NA,0.18424886027615,NA,NA
"1500:360:225:3",NA,3.75885505609835,NA,NA
"1500:360:225:4",NA,2.10541582143563,NA,NA
"1500:360:226:3",NA,NA,NA,NA
"1500:360:226:4",NA,NA,NA,NA
"1500:360:227:3",NA,NA,NA,NA
"1500:360:227:4",NA,NA,NA,NA
"1500:360:228:3",NA,NA,NA,NA
"1500:360:228:4",NA,NA,NA,NA
"1500:360:229:3",NA,NA,NA,NA
"1500:360:229:4",NA,NA,NA,NA
"1500:361:120:3",NA,NA,NA,NA
"1500:361:120:4",NA,NA,NA,NA
"1500:361:121:3",NA,NA,NA,NA
"1500:361:121:4",NA,NA,NA,NA
"1500:361:122:3",NA,NA,NA,NA
"1500:361:122:4",NA,NA,NA,NA
"1500:361:123:3",NA,NA,NA,NA
"1500:361:123:4",NA,NA,NA,NA
"1500:361:124:3",NA,NA,NA,NA
"1500:361:124:4",NA,NA,NA,NA
"1500:361:225:3",NA,0.296136839522996,NA,NA
"1500:361:225:4",NA,6.82497870499639,NA,NA
"1500:361:226:3",NA,4.36907261193476,NA,NA
"1500:361:226:4",NA,NA,NA,NA
"1500:361:227:3",NA,NA,NA,NA
"1500:361:227:4",NA,NA,NA,NA
"1500:361:228:3",NA,NA,NA,NA
"1500:361:228:4",NA,NA,NA,NA
"1500:361:229:3",NA,NA,NA,NA
"1500:361:229:4",NA,NA,NA,NA
"1500:362:120:3",NA,NA,NA,NA
"1500:362:120:4",NA,NA,NA,NA
"1500:362:121:3",NA,NA,NA,NA
"1500:362:121:4",NA,NA,NA,NA
"1500:362:122:3",NA,NA,NA,NA
"1500:362:122:4",NA,NA,NA,NA
"1500:362:123:3",NA,NA,NA,NA
"1500:362:123:4",NA,NA,NA,NA
"1500:362:124:3",NA,0.084793022178679,NA,NA
"1500:362:124:4",NA,NA,NA,NA
"1500:362:225:3",NA,NA,NA,NA
"1500:362:225:4",NA,0.305374053430927,NA,NA
"1500:362:226:3",NA,0.06956864366852,NA,NA
"1500:362:226:4",NA,NA,NA,NA
"1500:362:227:3",NA,NA,NA,NA
"1500:362:227:4",NA,NA,NA,NA
"1500:362:228:3",NA,0.07307520289339,NA,NA
"1500:362:228:4",NA,0.062626546794442,NA,NA
"1500:362:229:3",NA,0.192943902367442,NA,NA
"1500:362:229:4",NA,0.814787295151109,NA,NA
"1500:363:120:3",NA,0.36906619785434,NA,NA
"1500:363:120:4",NA,0.078440530335556,NA,NA
"1500:363:121:3",NA,0.290495625449111,NA,NA
"1500:363:121:4",NA,0.26358801545335,NA,NA
"1500:363:122:3",NA,0.666631065325221,NA,NA
"1500:363:122:4",NA,0.592588550674759,NA,NA
"1500:363:123:3",NA,0.948979294977281,NA,NA
"1500:363:123:4",NA,0.514355954734642,NA,NA
"1500:363:124:3",NA,0.245685048116624,NA,NA
"1500:363:124:4",NA,0.295634981416553,NA,NA
"1500:363:225:3",NA,0.080066326307192,NA,NA
"1500:363:225:4",NA,0.112979119550534,NA,NA
"1500:363:226:3",NA,0.262495264586357,NA,NA
"1500:363:226:4",NA,0.265454440449395,NA,NA
"1500:363:227:3",NA,0.069079329451698,NA,NA
"1500:363:227:4",NA,0.135135501804576,NA,NA
"1500:363:228:3",NA,NA,NA,NA
"1500:363:228:4",NA,0.350261081809747,NA,NA
"1500:363:229:3",NA,0.990284429087822,NA,NA
"1500:363:229:4",NA,0.993177572796099,NA,NA
"1500:364:120:3",NA,0.909598497637161,NA,NA
"1500:364:120:4",NA,0.330668605232928,NA,NA
"1500:364:121:3",NA,0.735457330546507,NA,NA
"1500:364:121:4",NA,1.12408154915018,NA,NA
"1500:364:122:3",NA,1.1556659603044,NA,NA
"1500:364:122:4",NA,0.97829740412659,NA,NA
"1500:364:123:3",NA,0.598060624890998,NA,0.076981108392831
"1500:364:123:4",NA,0.743785169368409,NA,NA
"1500:364:124:3",NA,0.728896316149813,NA,NA
"1500:364:124:4",NA,0.655411891651305,NA,NA
"1500:364:225:3",NA,0.935438372465499,NA,NA
"1500:364:225:4",0.026010421012419,1.58286800212235,NA,NA
"1500:364:226:3",NA,1.67483295357559,NA,NA
"1500:364:226:4",NA,2.27171978483913,NA,NA
"1500:364:227:3",NA,2.03433483164167,NA,NA
"1500:364:227:4",NA,1.61760219373272,NA,NA
"1500:364:228:3",NA,1.62654013364911,NA,NA
"1500:364:228:4",0.029843163306562,1.12250651043967,NA,NA
"1500:364:229:3",NA,0.852967372185817,NA,NA
"1500:364:229:4",NA,1.15747470997034,NA,NA
"1500:465:120:3",NA,0.444478831247094,NA,NA
"1500:465:120:4",0.017340280674946,1.7296780801057,NA,NA
"1500:465:121:3",NA,1.55596768219624,NA,NA
"1500:465:121:4",NA,1.12420359087337,NA,NA
"1500:465:122:3",NA,1.28273043719139,NA,NA
"1500:465:122:4",NA,1.84036300875516,NA,NA
"1500:465:123:3",NA,1.43370224706533,NA,NA
"1500:465:123:4",NA,2.7166397927397,NA,NA
"1500:465:124:3",NA,6.07123105410193,NA,NA
"1500:465:124:4",NA,13.3856073429433,NA,NA
"1500:465:225:3",NA,12.9724200416512,NA,NA
"1500:465:225:4",0.160893590778677,6.77034762904981,NA,NA
"1500:465:226:3",0.494374721545605,1.22173146227112,NA,NA
"1500:465:226:4",0.663758406496893,0.581138909627968,NA,NA
"1500:465:227:3",0.186344045212751,0.320390538275632,NA,NA
"1500:465:227:4",0.187680632714453,0.073745378849728,NA,NA
"1500:465:228:3",0.218671317487175,0.317790211104335,NA,NA
"1500:465:228:4",NA,5.09505509835146,NA,NA
"1500:465:229:3",NA,7.55728413185721,NA,NA
"1500:465:229:4",NA,5.01614824223331,NA,NA
"1500:466:120:3",NA,3.85636060909962,NA,NA
"1500:466:120:4",NA,2.74900407179016,NA,NA
"1500:466:121:3",NA,2.03964879242618,NA,NA
"1500:466:121:4",NA,2.4554042631873,NA,NA
"1500:466:122:3",NA,1.7014316698447,NA,NA
"1500:466:122:4",NA,2.10573536873697,NA,NA
"1500:466:123:3",0.188695576966733,3.81528459549476,NA,NA
"1500:466:123:4",0.23712040702549,2.54372486806848,NA,NA
"1500:466:124:3",0.265219292900386,0.905410796427693,NA,NA
"1500:466:124:4",0.208221719996434,0.354892750745998,NA,NA
"1500:466:225:3",0.211998619161651,0.118023314384526,NA,NA
"1500:466:225:4",0.327616612915586,NA,NA,NA
"1500:466:226:3",0.779834396491154,NA,NA,NA
"1500:466:226:4",0.783008155186218,0.136655477327021,NA,0.315206306981094
"1500:466:227:3",0.888545839005249,0.36081761416768,NA,NA
"1500:466:227:4",0.42267752220868,NA,NA,NA
"1500:466:228:3",0.203536554224948,0.054150104747337,NA,NA
"1500:466:228:4",0.199965382860555,0.18129011591728,NA,NA
"1500:466:229:3",0.304456332599912,NA,NA,NA
"1500:466:229:4",NA,0.329338320574944,NA,NA
"1500:467:120:3",0.010442236139768,0.82672728114948,NA,NA
"1500:467:120:4",NA,1.18077663169414,NA,NA
"1500:467:121:3",NA,1.28455470493416,NA,NA
"1500:467:121:4",0.077645505870942,1.27697680418471,NA,NA
"1500:467:122:3",0.032969303395117,1.14177885980009,NA,NA
"1500:467:122:4",0.046925283236275,1.47611803755387,NA,0.308958540197134
"1500:467:123:3",NA,1.1952550109045,NA,NA
"1500:467:123:4",NA,1.613054177004,NA,NA
"1500:467:124:3",NA,1.2687951893463,NA,NA
"1500:467:124:4",NA,2.59205381858922,NA,NA
"1500:467:225:3",NA,0.732098887527815,NA,NA
"1500:467:225:4",NA,0.702324916684668,NA,NA
"1500:467:226:3",NA,0.192307946214228,NA,NA
"1500:467:226:4",NA,1.84095537000804,NA,NA
"1500:467:227:3",NA,0.876363982342517,NA,NA
"1500:467:227:4",NA,2.18776193282515,NA,NA
"1500:467:228:3",NA,1.15711391741119,NA,NA
"1500:467:228:4",NA,0.941431722318637,NA,NA
"1500:467:229:3",NA,0.648399888132302,NA,NA
"1500:467:229:4",NA,0.745550896420537,NA,NA
"7500:361:229:2",NA,NA,0.021941048774673,NA
"7500:361:229:1",NA,NA,0.021118259445622,NA
"7500:361:228:2",NA,NA,0.032302099584935,NA
"7500:361:228:1",NA,NA,0.032149731190666,NA
"7500:361:227:2",NA,NA,NA,NA
"7500:361:227:1",NA,NA,0.02011262804345,NA
"7500:361:226:2",NA,NA,NA,NA
"7500:361:226:1",NA,NA,NA,NA
"7500:361:225:2",NA,NA,NA,NA
"7500:361:225:1",NA,NA,NA,NA
"7500:361:124:2",NA,NA,NA,NA
"7500:361:124:1",NA,NA,0.020965891051354,NA
"7500:361:123:2",NA,NA,NA,NA
"7500:361:123:1",NA,NA,NA,NA
"7500:361:122:2",NA,0.111295664012543,NA,NA
"7500:361:122:1",NA,NA,NA,NA
"7500:361:121:2",NA,NA,NA,NA
"7500:361:121:1",NA,0.156625730840736,NA,NA
"7500:361:120:2",NA,NA,0.021941048774673,NA
"7500:361:120:1",NA,NA,NA,NA
"7500:360:229:2",NA,NA,NA,NA
"7500:360:229:1",NA,NA,NA,NA
"7500:360:228:2",NA,NA,NA,NA
"7500:360:228:1",NA,NA,NA,NA
"7500:360:227:2",NA,NA,NA,NA
"7500:360:227:1",NA,NA,NA,NA
"7500:360:226:2",NA,NA,NA,NA
"7500:360:226:1",NA,NA,NA,NA
"7500:360:225:2",NA,NA,NA,NA
"7500:360:225:1",NA,NA,NA,NA
"7500:360:124:2",NA,NA,NA,NA
"7500:360:124:1",NA,NA,NA,NA
"7500:360:123:2",NA,NA,NA,NA
"7500:360:123:1",NA,NA,NA,NA
"7500:360:122:2",NA,NA,NA,NA
"7500:360:122:1",NA,NA,NA,NA
"7500:360:121:2",NA,NA,NA,NA
"7500:360:121:1",NA,0.179731010188745,NA,NA
"7500:360:120:2",NA,0.053753784916135,NA,NA
"7500:360:120:1",NA,0.52049809611395,NA,NA
"1500:360:120:1",NA,0.105568180497539,NA,NA
"1500:360:120:2",NA,NA,NA,NA
"1500:360:121:1",NA,NA,NA,NA
"1500:360:121:2",NA,NA,NA,NA
"1500:360:122:1",NA,NA,NA,NA
"1500:360:122:2",NA,NA,NA,NA
"1500:360:123:1",NA,NA,NA,NA
"1500:360:123:2",NA,NA,NA,NA
"1500:360:124:1",NA,0.071386962827743,NA,NA
"1500:360:124:2",NA,NA,NA,NA
"1500:360:225:1",NA,3.12481612814817,NA,NA
"1500:360:225:2",NA,4.96277330199147,NA,NA
"1500:360:226:1",NA,3.28543133616849,NA,NA
"1500:360:226:2",NA,0.223370167735963,NA,NA
"1500:360:227:1",NA,NA,NA,NA
"1500:360:227:2",NA,NA,NA,NA
"1500:360:228:1",NA,NA,NA,NA
"1500:360:228:2",NA,NA,NA,NA
"1500:360:229:1",NA,NA,NA,NA
"1500:360:229:2",NA,NA,NA,NA
"1500:361:120:1",NA,NA,NA,NA
"1500:361:120:2",NA,NA,NA,NA
"1500:361:121:1",NA,NA,NA,NA
"1500:361:121:2",NA,NA,NA,NA
"1500:361:122:1",NA,NA,NA,NA
"1500:361:122:2",NA,NA,NA,NA
"1500:361:123:1",NA,NA,NA,NA
"1500:361:123:2",NA,NA,NA,NA
"1500:361:124:1",NA,NA,NA,NA
"1500:361:124:2",NA,NA,NA,NA
"1500:361:225:1",NA,NA,NA,NA
"1500:361:225:2",NA,0.585999292586052,NA,NA
"1500:361:226:1",NA,6.00694767766166,NA,NA
"1500:361:226:2",NA,2.77647909608619,NA,NA
"1500:361:227:1",NA,0.039161326628565,NA,NA
"1500:361:227:2",NA,0.11002357118289,NA,NA
"1500:361:228:1",NA,NA,NA,NA
"1500:361:228:2",NA,NA,NA,NA
"1500:361:229:1",NA,NA,NA,NA
"1500:361:229:2",NA,NA,NA,NA
"1500:362:120:1",NA,NA,NA,NA
"1500:362:120:2",NA,NA,NA,NA
"1500:362:121:1",NA,NA,NA,NA
"1500:362:121:2",NA,0.038104331654902,NA,NA
"1500:362:122:1",NA,0.17163916941404,NA,NA
"1500:362:122:2",NA,NA,NA,NA
"1500:362:123:1",NA,NA,NA,NA
"1500:362:123:2",NA,NA,NA,NA
"1500:362:124:1",NA,NA,NA,NA
"1500:362:124:2",NA,NA,NA,NA
"1500:362:225:1",NA,NA,NA,NA
"1500:362:225:2",NA,NA,NA,NA
"1500:362:226:1",NA,NA,NA,NA
"1500:362:226:2",NA,NA,NA,NA
"1500:362:227:1",NA,0.432635431746319,NA,NA
"1500:362:227:2",NA,NA,NA,NA
"1500:362:228:1",NA,NA,NA,NA
"1500:362:228:2",NA,0.108225168088513,NA,NA
"1500:362:229:1",NA,0.244993925599005,NA,NA
"1500:362:229:2",NA,0.143786147099978,NA,NA
"1500:363:120:1",NA,1.58368109388743,NA,NA
"1500:363:120:2",NA,1.08772946384164,NA,NA
"1500:363:121:1",NA,0.045623604228935,NA,NA
"1500:363:121:2",NA,0.397112149372502,NA,NA
"1500:363:122:1",NA,0.256603158693802,NA,NA
"1500:363:122:2",NA,0.636865845043405,NA,NA
"1500:363:123:1",NA,0.689739358389326,NA,NA
"1500:363:123:2",NA,0.470326818784132,NA,NA
"1500:363:124:1",NA,0.279956720729122,NA,NA
"1500:363:124:2",NA,0.61994811294776,NA,NA
"1500:363:225:1",NA,0.254388337503545,NA,NA
"1500:363:225:2",NA,0.147590773884601,NA,NA
"1500:363:226:1",NA,NA,NA,NA
"1500:363:226:2",NA,NA,NA,NA
"1500:363:227:1",NA,0.167864803174454,NA,NA
"1500:363:227:2",NA,0.239076646408062,NA,NA
"1500:363:228:1",NA,0.598634412849827,NA,NA
"1500:363:228:2",NA,0.312665202810734,NA,NA
"1500:363:229:1",NA,0.525562522749531,NA,NA
"1500:363:229:2",NA,0.216118492362889,NA,NA
"1500:364:120:1",NA,0.969233588852903,NA,NA
"1500:364:120:2",NA,0.989955090160005,NA,NA
"1500:364:121:1",NA,1.16922241134648,NA,NA
"1500:364:121:2",NA,0.805375581258102,NA,NA
"1500:364:122:1",NA,0.80043981389376,NA,NA
"1500:364:122:2",NA,1.09829521191444,NA,NA
"1500:364:123:1",0.028862747401459,0.588439623371982,NA,NA
"1500:364:123:2",NA,0.21633909853242,NA,NA
"1500:364:124:1",0.053721812914105,2.01036821154876,NA,NA
"1500:364:124:2",NA,0.468470629082278,NA,NA
"1500:364:225:1",NA,0.70075941512532,NA,NA
"1500:364:225:2",NA,1.24576569060426,NA,NA
"1500:364:226:1",NA,1.16552266092173,NA,NA
"1500:364:226:2",NA,1.30714524693918,NA,NA
"1500:364:227:1",NA,0.836589924899075,NA,NA
"1500:364:227:2",NA,2.11079402620859,NA,NA
"1500:364:228:1",NA,1.25895361129864,NA,NA
"1500:364:228:2",NA,0.872407981651166,NA,NA
"1500:364:229:1",0.017317648440876,0.856057766298077,NA,NA
"1500:364:229:2",NA,2.08262550961425,NA,NA
"1500:465:120:1",NA,1.44436628953221,NA,NA
"1500:465:120:2",NA,0.78115584072107,NA,NA
"1500:465:121:1",NA,1.10512431702421,NA,NA
"1500:465:121:2",NA,0.98141235140712,NA,NA
"1500:465:122:1",NA,0.858061452106143,NA,NA
"1500:465:122:2",NA,1.65027631216675,NA,NA
"1500:465:123:1",0.035236888040434,2.89300337882575,NA,NA
"1500:465:123:2",NA,2.42441091498658,NA,NA
"1500:465:124:1",NA,4.24795383575092,NA,NA
"1500:465:124:2",NA,9.78235254161724,NA,NA
"1500:465:225:1",NA,15.0016360840247,NA,NA
"1500:465:225:2",0.077035770883963,15.8875582997048,NA,NA
"1500:465:226:1",0.091731439685589,14.890131079818,NA,NA
"1500:465:226:2",NA,6.09342223391542,NA,NA
"1500:465:227:1",NA,4.35863871303866,NA,NA
"1500:465:227:2",NA,5.24877439377773,NA,NA
"1500:465:228:1",0.116610551227851,4.85281826531011,NA,NA
"1500:465:228:2",NA,7.19241621971173,NA,NA
"1500:465:229:1",NA,9.8196571478334,NA,NA
"1500:465:229:2",NA,9.70452905859537,NA,NA
"1500:466:120:1",NA,4.06422614131841,NA,NA
"1500:466:120:2",NA,3.31744020022485,NA,NA
"1500:466:121:1",NA,1.13665097472234,NA,NA
"1500:466:121:2",NA,0.241280097146762,NA,NA
"1500:466:122:1",NA,0.222429123474494,NA,NA
"1500:466:122:2",NA,0.330509093813044,NA,NA
"1500:466:123:1",NA,0.52193243602374,NA,NA
"1500:466:123:2",0.025976472661313,2.21905742799704,NA,NA
"1500:466:124:1",NA,1.42098533196252,NA,NA
"1500:466:124:2",0.022785537990429,3.53153597040504,NA,NA
"1500:466:225:1",0.026024635934779,3.26771284509267,NA,NA
"1500:466:225:2",0.080253190228986,2.76744778417445,NA,NA
"1500:466:226:1",0.055861755288761,2.03667386509946,NA,NA
"1500:466:226:2",0.143776216260177,1.67992062408138,NA,NA
"1500:466:227:1",0.335832200935728,0.115592004051047,NA,NA
"1500:466:227:2",0.050641211773591,NA,NA,NA
"1500:466:228:1",0.097846736522772,NA,NA,NA
"1500:466:228:2",0.091206920123562,NA,NA,NA
"1500:466:229:1",0.073005379009884,0.114860067629817,NA,NA
"1500:466:229:2",0.099982582207035,0.028076905420622,NA,NA
"1500:467:120:1",0.021615191311421,0.705666438937243,NA,NA
"1500:467:120:2",0.05776539023022,0.741746886497001,NA,NA
"1500:467:121:1",NA,1.76284263735155,NA,NA
"1500:467:121:2",0.059784409078531,1.83484054213987,NA,NA
"1500:467:122:1",0.055924364697905,0.828986416019782,NA,NA
"1500:467:122:2",0.033242273190432,0.732080146427036,NA,NA
"1500:467:123:1",0.055801311642821,0.962924244397175,NA,NA
"1500:467:123:2",NA,1.73549315019389,NA,0.320317622801881
"1500:467:124:1",NA,2.24619485190248,NA,NA
"1500:467:124:2",NA,2.68689108015822,NA,NA
"1500:467:225:1",NA,1.88402622743556,NA,NA
"1500:467:225:2",0.015695997312526,1.60465673505925,NA,NA
"1500:467:226:1",NA,1.07490002432536,NA,NA
"1500:467:226:2",NA,2.85681079498848,NA,NA
"1500:467:227:1",NA,1.05741943897015,NA,NA
"1500:467:227:2",NA,2.40682395650651,NA,NA
"1500:467:228:1",NA,1.13708372504625,NA,NA
"1500:467:228:2",NA,0.204209359518938,NA,NA
"1500:467:229:1",NA,0.127423668965259,NA,NA
"1500:467:229:2",NA,0.115925115264063,NA,NA
"7500:361:219:4",NA,NA,NA,NA
"7500:361:219:3",NA,NA,NA,NA
"7500:361:218:4",NA,NA,0.014182234739018,NA
"7500:361:218:3",NA,NA,0.343873541451,NA
"7500:361:217:4",NA,NA,NA,NA
"7500:361:217:3",NA,NA,NA,NA
"7500:361:216:4",NA,NA,NA,NA
"7500:361:216:3",NA,NA,NA,NA
"7500:361:215:4",NA,NA,NA,NA
"7500:361:215:3",NA,NA,NA,NA
"7500:361:114:4",NA,NA,NA,NA
"7500:361:114:3",NA,NA,0.021547257929667,NA
"7500:361:113:4",NA,0.139335934059146,0.010591025084074,NA
"7500:361:113:3",NA,NA,NA,NA
"7500:361:112:4",NA,NA,NA,NA
"7500:361:112:3",NA,NA,NA,NA
"7500:361:111:4",NA,NA,NA,NA
"7500:361:111:3",NA,0.146795394004328,NA,NA
"7500:361:110:4",NA,0.033639888842263,NA,NA
"7500:361:110:3",NA,NA,NA,NA
"7500:360:219:4",NA,NA,NA,NA
"7500:360:219:3",NA,NA,NA,NA
"7500:360:218:4",NA,NA,NA,NA
"7500:360:218:3",NA,NA,NA,NA
"7500:360:217:4",NA,NA,NA,NA
"7500:360:217:3",NA,NA,NA,NA
"7500:360:216:4",NA,NA,NA,NA
"7500:360:216:3",NA,NA,NA,NA
"7500:360:215:4",NA,NA,NA,NA
"7500:360:215:3",NA,NA,NA,NA
"7500:360:114:4",NA,NA,NA,NA
"7500:360:114:3",NA,NA,NA,NA
"7500:360:113:4",NA,NA,NA,NA
"7500:360:113:3",NA,NA,NA,NA
"7500:360:112:4",NA,NA,NA,NA
"7500:360:112:3",NA,NA,NA,NA
"7500:360:111:4",NA,0.133754523678862,NA,NA
"7500:360:111:3",NA,0.0117580722059,NA,NA
"7500:360:110:4",NA,NA,NA,NA
"7500:360:110:3",NA,0.156421691080075,NA,NA
"1500:360:110:3",NA,NA,NA,NA
"1500:360:110:4",NA,NA,NA,NA
"1500:360:111:3",NA,NA,NA,NA
"1500:360:111:4",NA,NA,NA,NA
"1500:360:112:3",NA,NA,NA,NA
"1500:360:112:4",NA,0.072968778591354,NA,NA
"1500:360:113:3",NA,NA,NA,NA
"1500:360:113:4",NA,0.105430654522934,NA,NA
"1500:360:114:3",NA,NA,NA,NA
"1500:360:114:4",NA,NA,NA,NA
"1500:360:215:3",NA,NA,NA,NA
"1500:360:215:4",NA,0.695971673304799,NA,NA
"1500:360:216:3",NA,3.97834739010706,NA,NA
"1500:360:216:4",NA,0.96827901702815,NA,NA
"1500:360:217:3",NA,NA,NA,NA
"1500:360:217:4",NA,NA,NA,NA
"1500:360:218:3",NA,NA,NA,NA
"1500:360:218:4",NA,NA,NA,NA
"1500:360:219:3",NA,NA,NA,NA
"1500:360:219:4",NA,NA,NA,NA
"1500:361:110:3",NA,NA,NA,NA
"1500:361:110:4",NA,0.083588554393491,NA,NA
"1500:361:111:3",NA,NA,NA,NA
"1500:361:111:4",NA,NA,NA,NA
"1500:361:112:3",NA,NA,NA,NA
"1500:361:112:4",NA,NA,NA,NA
"1500:361:113:3",NA,NA,NA,NA
"1500:361:113:4",NA,NA,NA,NA
"1500:361:114:3",NA,NA,NA,NA
"1500:361:114:4",NA,0.083588554393491,NA,NA
"1500:361:215:3",NA,0.167177108786982,NA,NA
"1500:361:215:4",NA,NA,NA,NA
"1500:361:216:3",NA,1.32281340547582,NA,NA
"1500:361:216:4",NA,6.13802471204977,NA,NA
"1500:361:217:3",NA,4.9881546392282,NA,NA
"1500:361:217:4",NA,NA,NA,NA
"1500:361:218:3",NA,NA,NA,NA
"1500:361:218:4",NA,NA,NA,NA
"1500:361:219:3",NA,NA,NA,NA
"1500:361:219:4",NA,NA,NA,NA
"1500:362:110:3",NA,NA,NA,NA
"1500:362:110:4",NA,NA,NA,NA
"1500:362:111:3",NA,NA,NA,NA
"1500:362:111:4",NA,NA,NA,NA
"1500:362:112:3",NA,NA,NA,NA
"1500:362:112:4",NA,NA,NA,NA
"1500:362:113:3",NA,NA,NA,NA
"1500:362:113:4",NA,NA,NA,NA
"1500:362:114:3",NA,NA,NA,NA
"1500:362:114:4",NA,NA,NA,NA
"1500:362:215:3",NA,NA,NA,NA
"1500:362:215:4",NA,NA,NA,NA
"1500:362:216:3",NA,NA,NA,NA
"1500:362:216:4",NA,NA,NA,NA
"1500:362:217:3",NA,0.162026935544831,NA,NA
"1500:362:217:4",NA,NA,NA,NA
"1500:362:218:3",NA,0.162026935544831,NA,NA
"1500:362:218:4",NA,NA,NA,NA
"1500:362:219:3",NA,0.372219441472342,NA,NA
"1500:362:219:4",NA,0.061249334453422,NA,NA
"1500:363:110:3",NA,0.356076419488525,NA,NA
"1500:363:110:4",NA,1.03018466423776,NA,NA
"1500:363:111:3",NA,1.54735255116384,NA,NA
"1500:363:111:4",NA,0.152289093139595,NA,NA
"1500:363:112:3",NA,0.103099567352705,NA,NA
"1500:363:112:4",NA,NA,NA,NA
"1500:363:113:3",NA,0.315277951600575,NA,NA
"1500:363:113:4",NA,0.493410361041134,NA,NA
"1500:363:114:3",NA,0.330220535203417,NA,NA
"1500:363:114:4",NA,0.371021082336733,NA,NA
"1500:363:215:3",NA,0.272974440647477,NA,NA
"1500:363:215:4",NA,0.146283414170496,NA,NA
"1500:363:216:3",NA,0.662681510785014,NA,NA
"1500:363:216:4",NA,0.27338501617904,NA,NA
"1500:363:217:3",NA,0.955618848670235,NA,NA
"1500:363:217:4",NA,0.418892357881588,NA,NA
"1500:363:218:3",NA,1.91626171850989,NA,NA
"1500:363:218:4",NA,0.896588389706915,NA,NA
"1500:363:219:3",NA,0.951379469322885,NA,NA
"1500:363:219:4",NA,0.606839714956557,NA,NA
"1500:364:110:3",NA,0.10334894191595,NA,NA
"1500:364:110:4",NA,0.336392621804553,NA,NA
"1500:364:111:3",NA,0.54983566606577,NA,NA
"1500:364:111:4",NA,0.824621907567073,NA,NA
"1500:364:112:3",NA,0.238542527446056,NA,0.076780479902015
"1500:364:112:4",NA,1.00227676776377,NA,NA
"1500:364:113:3",NA,0.201534777640923,NA,NA
"1500:364:113:4",0.028825147269985,1.99804332625363,NA,NA
"1500:364:114:3",NA,0.513167343790539,NA,NA
"1500:364:114:4",NA,0.617071949758386,NA,NA
"1500:364:215:3",NA,0.320876129315734,NA,NA
"1500:364:215:4",NA,0.723428701913078,NA,NA
"1500:364:216:3",NA,1.07861260909546,NA,NA
"1500:364:216:4",NA,0.262282979184849,NA,NA
"1500:364:217:3",NA,0.441453018966675,NA,NA
"1500:364:217:4",NA,0.415408043796407,NA,NA
"1500:364:218:3",NA,0.948468312315424,NA,NA
"1500:364:218:4",NA,1.15267450608148,NA,NA
"1500:364:219:3",NA,0.580865821126939,NA,NA
"1500:364:219:4",NA,1.41537984455119,NA,NA
"1500:465:110:3",NA,0.751554516069038,NA,NA
"1500:465:110:4",0.036921688316562,1.07159718263476,NA,NA
"1500:465:111:3",NA,0.621188852423429,NA,NA
"1500:465:111:4",NA,0.456952695819599,NA,NA
"1500:465:112:3",NA,0.977639845181472,NA,NA
"1500:465:112:4",0.104633654923667,0.342866983164374,NA,NA
"1500:465:113:3",0.210406072139977,1.72232804945992,NA,NA
"1500:465:113:4",0.072397099966631,1.80396372372223,NA,NA
"1500:465:114:3",0.148418855800291,1.21847178520451,NA,NA
"1500:465:114:4",0.084126456467731,7.02823677203869,NA,NA
"1500:465:215:3",0.200097498727464,10.3654447810535,NA,NA
"1500:465:215:4",0.004131155392931,15.5538279593641,NA,NA
"1500:465:216:3",0.005232796831046,13.6426730306091,NA,NA
"1500:465:216:4",0,13.5174476867499,NA,NA
"1500:465:217:3",NA,10.846277818842,NA,NA
"1500:465:217:4",NA,9.80070478119375,NA,NA
"1500:465:218:3",0,8.20678304964913,NA,NA
"1500:465:218:4",NA,8.38451623140293,NA,NA
"1500:465:219:3",NA,9.52555158351322,NA,NA
"1500:465:219:4",NA,4.27507345193447,NA,NA
"1500:466:110:3",NA,1.26409783562905,NA,NA
"1500:466:110:4",NA,1.8463375359788,NA,NA
"1500:466:111:3",NA,0.65820010428329,NA,NA
"1500:466:111:4",NA,0.075787808135873,NA,NA
"1500:466:112:3",NA,NA,NA,NA
"1500:466:112:4",NA,NA,NA,NA
"1500:466:113:3",0.028825147269985,NA,NA,NA
"1500:466:113:4",0.041442458261977,NA,NA,NA
"1500:466:114:3",NA,0.319453164607095,NA,NA
"1500:466:114:4",NA,0.280442315488114,NA,NA
"1500:466:215:3",NA,0.497091001918505,NA,NA
"1500:466:215:4",0.024325224067044,1.07307297007211,NA,NA
"1500:466:216:3",0.034958939880581,1.70920934561906,NA,NA
"1500:466:216:4",NA,2.54312148956624,NA,NA
"1500:466:217:3",0.245492611225844,1.60997076984772,NA,NA
"1500:466:217:4",0.201476249381194,1.26011637990343,NA,NA
"1500:466:218:3",0.015575711533402,0.079796122833669,NA,NA
"1500:466:218:4",NA,0.09971821468908,NA,NA
"1500:466:219:3",0.016683803235678,NA,NA,NA
"1500:466:219:4",0.053035070146058,NA,NA,NA
"1500:467:110:3",0.139814553065042,0.356947025875758,NA,NA
"1500:467:110:4",0.253965192016133,0.588211300428799,NA,NA
"1500:467:111:3",0.222695587232594,0.752274564538812,NA,NA
"1500:467:111:4",0.608065748372989,1.8113435432432,NA,NA
"1500:467:112:3",0.305273228609177,0.605391317502592,NA,NA
"1500:467:112:4",0.113487062048136,0.78418137923808,NA,NA
"1500:467:113:3",NA,0.855259336373657,NA,0.314384814968502
"1500:467:113:4",NA,1.10459359782394,NA,NA
"1500:467:114:3",NA,1.18724963046779,NA,NA
"1500:467:114:4",NA,3.10254300339371,NA,NA
"1500:467:215:3",NA,2.80970472647796,NA,NA
"1500:467:215:4",NA,4.0532523006001,NA,NA
"1500:467:216:3",NA,3.43313290054137,NA,NA
"1500:467:216:4",NA,4.14683122482334,NA,NA
"1500:467:217:3",NA,4.12464192770368,NA,NA
"1500:467:217:4",NA,3.43137971702704,NA,NA
"1500:467:218:3",NA,1.43139448428569,NA,NA
"1500:467:218:4",NA,0.020367966662457,NA,NA
"1500:467:219:3",NA,NA,NA,NA
"1500:467:219:4",NA,0.02550678843395,NA,NA
"7500:361:219:2",NA,NA,0.026291162759424,NA
"7500:361:219:1",NA,NA,0.021883973626341,NA
"7500:361:218:2",NA,NA,0.010941986813171,NA
"7500:361:218:1",NA,NA,0.018236644688618,NA
"7500:361:217:2",NA,NA,NA,NA
"7500:361:217:1",NA,NA,NA,NA
"7500:361:216:2",NA,NA,NA,NA
"7500:361:216:1",NA,NA,NA,NA
"7500:361:215:2",NA,NA,NA,NA
"7500:361:215:1",NA,NA,NA,NA
"7500:361:114:2",NA,NA,NA,NA
"7500:361:114:1",NA,NA,NA,NA
"7500:361:113:2",NA,0.29264667727198,NA,NA
"7500:361:113:1",NA,NA,0.001003015457874,NA
"7500:361:112:2",NA,0.227997781868175,NA,NA
"7500:361:112:1",NA,NA,0.010941986813171,NA
"7500:361:111:2",NA,NA,NA,NA
"7500:361:111:1",NA,NA,NA,NA
"7500:361:110:2",NA,NA,NA,NA
"7500:361:110:1",NA,NA,NA,NA
"7500:360:219:2",NA,NA,NA,NA
"7500:360:219:1",NA,NA,NA,NA
"7500:360:218:2",NA,NA,NA,NA
"7500:360:218:1",NA,NA,NA,NA
"7500:360:217:2",NA,0.093891777036533,NA,NA
"7500:360:217:1",NA,NA,NA,NA
"7500:360:216:2",NA,NA,NA,NA
"7500:360:216:1",NA,NA,NA,NA
"7500:360:215:2",NA,NA,NA,NA
"7500:360:215:1",NA,NA,NA,NA
"7500:360:114:2",NA,NA,NA,NA
"7500:360:114:1",NA,NA,NA,NA
"7500:360:113:2",NA,NA,NA,NA
"7500:360:113:1",NA,NA,NA,NA
"7500:360:112:2",NA,NA,NA,NA
"7500:360:112:1",NA,NA,NA,NA
"7500:360:111:2",NA,NA,NA,NA
"7500:360:111:1",NA,NA,NA,NA
"7500:360:110:2",NA,NA,NA,NA
"7500:360:110:1",NA,NA,NA,NA
"1500:360:110:1",NA,NA,NA,NA
"1500:360:110:2",NA,NA,NA,NA
"1500:360:111:1",NA,0.058126778661079,NA,NA
"1500:360:111:2",NA,NA,NA,NA
"1500:360:112:1",NA,NA,NA,NA
"1500:360:112:2",NA,NA,NA,NA
"1500:360:113:1",NA,NA,NA,NA
"1500:360:113:2",NA,0.0115383674473,NA,NA
"1500:360:114:1",NA,NA,NA,NA
"1500:360:114:2",NA,0.091259752480631,NA,NA
"1500:360:215:1",NA,NA,NA,NA
"1500:360:215:2",NA,0.095251955057097,NA,NA
"1500:360:216:1",NA,NA,NA,NA
"1500:360:216:2",NA,0.034008100188466,NA,NA
"1500:360:217:1",NA,NA,NA,NA
"1500:360:217:2",NA,NA,NA,NA
"1500:360:218:1",NA,NA,NA,NA
"1500:360:218:2",NA,NA,NA,NA
"1500:360:219:1",NA,NA,NA,NA
"1500:360:219:2",NA,NA,NA,NA
"1500:361:110:1",NA,NA,NA,NA
"1500:361:110:2",NA,NA,NA,NA
"1500:361:111:1",NA,NA,NA,NA
"1500:361:111:2",NA,NA,NA,NA
"1500:361:112:1",NA,NA,NA,NA
"1500:361:112:2",NA,NA,NA,NA
"1500:361:113:1",NA,NA,NA,NA
"1500:361:113:2",NA,NA,NA,NA
"1500:361:114:1",NA,NA,NA,NA
"1500:361:114:2",NA,0.083479866920996,NA,NA
"1500:361:215:1",NA,NA,NA,NA
"1500:361:215:2",NA,NA,NA,NA
"1500:361:216:1",NA,0.123659355450658,NA,NA
"1500:361:216:2",NA,0.063886997270881,NA,NA
"1500:361:217:1",NA,4.09526684711878,NA,NA
"1500:361:217:2",NA,5.29818988030893,NA,NA
"1500:361:218:1",NA,0.267772283480036,NA,NA
"1500:361:218:2",NA,NA,NA,NA
"1500:361:219:1",NA,NA,NA,NA
"1500:361:219:2",NA,NA,NA,NA
"1500:362:110:1",NA,NA,NA,NA
"1500:362:110:2",NA,NA,NA,NA
"1500:362:111:1",NA,NA,NA,NA
"1500:362:111:2",NA,NA,NA,NA
"1500:362:112:1",NA,NA,NA,NA
"1500:362:112:2",NA,NA,NA,NA
"1500:362:113:1",NA,NA,NA,NA
"1500:362:113:2",NA,NA,NA,NA
"1500:362:114:1",NA,0.043374625017413,NA,NA
"1500:362:114:2",NA,NA,NA,NA
"1500:362:215:1",NA,NA,NA,NA
"1500:362:215:2",NA,NA,NA,NA
"1500:362:216:1",NA,NA,NA,NA
"1500:362:216:2",NA,NA,NA,NA
"1500:362:217:1",NA,NA,NA,NA
"1500:362:217:2",NA,NA,NA,NA
"1500:362:218:1",NA,0.145634631482001,NA,NA
"1500:362:218:2",NA,0.060096541415141,NA,NA
"1500:362:219:1",NA,0.289399328739054,NA,NA
"1500:362:219:2",NA,0.072789984320285,NA,NA
"1500:363:110:1",NA,0.58334599881684,NA,NA
"1500:363:110:2",NA,0.366449447471364,NA,NA
"1500:363:111:1",NA,1.01626149362559,NA,NA
"1500:363:111:2",NA,1.15956705631269,NA,NA
"1500:363:112:1",NA,0.47028943624601,NA,NA
"1500:363:112:2",NA,0.035751712772416,NA,NA
"1500:363:113:1",NA,0.081107084854572,NA,NA
"1500:363:113:2",NA,0.549404081345064,NA,NA
"1500:363:114:1",NA,0.363709683657312,NA,NA
"1500:363:114:2",NA,0.334286641335252,NA,NA
"1500:363:215:1",NA,0.401871370425637,NA,NA
"1500:363:215:2",NA,0.935832010940262,NA,NA
"1500:363:216:1",NA,0.486629796839999,NA,NA
"1500:363:216:2",NA,1.01354071467846,NA,NA
"1500:363:217:1",NA,0.052924219891245,NA,NA
"1500:363:217:2",NA,0.344044109991313,NA,NA
"1500:363:218:1",NA,0.403637738820543,NA,NA
"1500:363:218:2",NA,0.336917850449741,NA,NA
"1500:363:219:1",NA,0.587155649751742,NA,NA
"1500:363:219:2",NA,1.00054536040133,NA,NA
"1500:364:110:1",NA,0.08855228650409,NA,NA
"1500:364:110:2",NA,0.105848439782491,NA,NA
"1500:364:111:1",NA,0.583788002920973,NA,NA
"1500:364:111:2",NA,0.533078829711869,NA,0.076680644746854
"1500:364:112:1",NA,0.236162737286855,NA,2.07293342965662
"1500:364:112:2",NA,0.885038418658451,NA,0.153361289493708
"1500:364:113:1",NA,1.40585360691765,NA,0.460083868481124
"1500:364:113:2",NA,1.02491664877897,NA,NA
"1500:364:114:1",NA,0.852501187426337,NA,NA
"1500:364:114:2",NA,0.797614141964659,NA,NA
"1500:364:215:1",NA,0.694333378968828,NA,NA
"1500:364:215:2",0.088340427187113,0.750978633434913,NA,NA
"1500:364:216:1",0.065795811947626,0.841219395539658,NA,NA
"1500:364:216:2",0.092120533985981,0.504383085751274,NA,NA
"1500:364:217:1",0.104199806758416,0.966992129983121,NA,NA
"1500:364:217:2",0.052249615370174,0.563511845207291,NA,NA
"1500:364:218:1",0.055608176505079,0.857581121007014,NA,NA
"1500:364:218:2",NA,0.588249732234802,NA,NA
"1500:364:219:1",NA,0.102804066984051,NA,NA
"1500:364:219:2",0.038261117754148,0.170919624828992,NA,NA
"1500:465:110:1",0.040624946205871,0.411069443572878,NA,NA
"1500:465:110:2",0.115206379786024,0.049473302435978,NA,NA
"1500:465:111:1",0.057356969900527,0.383289903371787,NA,NA
"1500:465:111:2",NA,0.102354439316902,NA,NA
"1500:465:112:1",NA,0.807955881136115,NA,NA
"1500:465:112:2",0.110713862119079,0.594891243013183,NA,NA
"1500:465:113:1",0.251210029137637,0.773587311854557,NA,NA
"1500:465:113:2",NA,0.258576505011417,NA,0.076680644746854
"1500:465:114:1",0.210132487983097,0.729729598797838,NA,1.22689031594967
"1500:465:114:2",NA,4.07866399110361,NA,NA
"1500:465:215:1",NA,6.58116907697508,NA,1.38280762693493
"1500:465:215:2",0.054734369119313,14.408460311814,NA,0.076680644746854
"1500:465:216:1",0.003575679281407,16.485846530685,NA,0.076680644746854
"1500:465:216:2",0.009076724329726,15.0071311406767,NA,NA
"1500:465:217:1",NA,11.0270757750649,NA,NA
"1500:465:217:2",0.01920504179625,3.85068548345815,NA,NA
"1500:465:218:1",NA,5.49584940941663,NA,NA
"1500:465:218:2",NA,5.02083122217137,NA,NA
"1500:465:219:1",NA,2.28005030531004,NA,NA
"1500:465:219:2",NA,0.528730425381837,NA,NA
"1500:466:110:1",NA,0.916010486028441,NA,NA
"1500:466:110:2",NA,1.44867447971625,NA,NA
"1500:466:111:1",0.071056361543417,1.09472893052823,NA,NA
"1500:466:111:2",NA,1.00085664583499,NA,NA
"1500:466:112:1",NA,0.859188539902389,NA,NA
"1500:466:112:2",NA,0.49604381406717,NA,NA
"1500:466:113:1",NA,0.316564888669992,NA,NA
"1500:466:113:2",NA,NA,NA,NA
"1500:466:114:1",NA,NA,NA,NA
"1500:466:114:2",NA,NA,NA,NA
"1500:466:215:1",NA,NA,NA,NA
"1500:466:215:2",0.054454812626721,0.248583611429969,NA,NA
"1500:466:216:1",NA,NA,NA,NA
"1500:466:216:2",0.009794571316088,0.541707782632023,NA,NA
"1500:466:217:1",NA,0.644898121857609,NA,NA
"1500:466:217:2",0.322183947949844,0.948769088518994,NA,NA
"1500:466:218:1",0.057620139109799,1.37170761579446,NA,NA
"1500:466:218:2",0.019012991378288,0.125476653241836,NA,NA
"1500:466:219:1",0.183241584498136,0.124190572586431,NA,NA
"1500:466:219:2",0.264473290299688,0.161359778949816,NA,NA
"1500:467:110:1",0.388957292329647,0.073604818436849,NA,NA
"1500:467:110:2",0.643741165421998,0.165806445086494,NA,NA
"1500:467:111:1",0.391625876115669,0.092933135714185,NA,NA
"1500:467:111:2",0.520917617353874,0.531367693724352,NA,NA
"1500:467:112:1",0.577565888063946,0.641144634601334,NA,NA
"1500:467:112:2",0.060054479977332,0.194480685012052,NA,NA
"1500:467:113:1",NA,0.55136872828035,NA,NA
"1500:467:113:2",NA,1.39013629641373,NA,0.601426858238508
"1500:467:114:1",NA,1.36527537613881,NA,0.305989103314328
"1500:467:114:2",NA,2.01884291348615,NA,NA
"1500:467:215:1",NA,2.03027448084692,NA,NA
"1500:467:215:2",NA,3.24290391120838,NA,NA
"1500:467:216:1",NA,4.25501857219231,NA,NA
"1500:467:216:2",NA,3.36362527984801,NA,NA
"1500:467:217:1",NA,4.6725548279454,NA,NA
"1500:467:217:2",NA,4.61602847230306,NA,NA
"1500:467:218:1",0.053566695996083,0.784077259411963,NA,NA
"1500:467:218:2",NA,0.609411937171998,NA,NA
"1500:467:219:1",NA,0.376386232662937,NA,NA
"1500:467:219:2",NA,NA,NA,NA
"7500:361:209:4",NA,0.134270770637053,NA,NA
"7500:361:209:3",NA,NA,NA,NA
"7500:361:208:4",NA,NA,NA,NA
"7500:361:208:3",NA,NA,0.01092778609112,NA
"7500:361:207:4",NA,NA,NA,NA
"7500:361:207:3",NA,0.091702702309926,NA,NA
"7500:361:206:4",NA,NA,NA,NA
"7500:361:206:3",NA,NA,NA,NA
"7500:361:205:4",NA,NA,NA,NA
"7500:361:205:3",NA,NA,NA,NA
"7500:361:104:4",NA,NA,NA,NA
"7500:361:104:3",NA,NA,NA,NA
"7500:361:103:4",NA,0.146193599352971,0.003490820556886,NA
"7500:361:103:3",NA,NA,NA,NA
"7500:361:102:4",NA,NA,0.010472461670657,NA
"7500:361:102:3",NA,0.034292325774154,NA,NA
"7500:361:101:4",NA,NA,NA,NA
"7500:361:101:3",NA,0.094551338493494,NA,NA
"7500:361:100:4",NA,NA,NA,NA
"7500:361:100:3",NA,NA,NA,NA
"7500:360:209:4",NA,NA,NA,NA
"7500:360:209:3",NA,NA,NA,NA
"7500:360:208:4",NA,NA,NA,NA
"7500:360:208:3",NA,NA,NA,NA
"7500:360:207:4",NA,NA,NA,NA
"7500:360:207:3",NA,NA,NA,NA
"7500:360:206:4",NA,NA,NA,NA
"7500:360:206:3",NA,NA,NA,NA
"7500:360:205:4",NA,NA,NA,NA
"7500:360:205:3",NA,NA,NA,NA
"7500:360:104:4",NA,NA,NA,NA
"7500:360:104:3",NA,NA,NA,NA
"7500:360:103:4",NA,NA,NA,NA
"7500:360:103:3",NA,NA,NA,NA
"7500:360:102:4",NA,NA,NA,NA
"7500:360:102:3",NA,NA,NA,NA
"7500:360:101:4",NA,NA,NA,NA
"7500:360:101:3",NA,NA,NA,NA
"7500:360:100:4",NA,NA,NA,NA
"7500:360:100:3",NA,NA,NA,NA
"1500:360:100:3",NA,NA,NA,NA
"1500:360:100:4",NA,NA,NA,NA
"1500:360:101:3",NA,NA,NA,NA
"1500:360:101:4",NA,NA,NA,NA
"1500:360:102:3",NA,NA,NA,NA
"1500:360:102:4",NA,0.109594948100713,NA,NA
"1500:360:103:3",NA,0.091141313809344,NA,NA
"1500:360:103:4",NA,NA,NA,NA
"1500:360:104:3",NA,0.131629919949976,NA,NA
"1500:360:104:4",NA,NA,NA,NA
"1500:360:205:3",NA,NA,NA,NA
"1500:360:205:4",NA,NA,NA,NA
"1500:360:206:3",NA,NA,NA,NA
"1500:360:206:4",NA,NA,NA,NA
"1500:360:207:3",NA,NA,NA,NA
"1500:360:207:4",NA,NA,NA,NA
"1500:360:208:3",NA,NA,NA,NA
"1500:360:208:4",NA,NA,NA,NA
"1500:360:209:3",NA,NA,NA,NA
"1500:360:209:4",NA,NA,NA,NA
"1500:361:100:3",NA,0.166743050271225,NA,NA
"1500:361:100:4",NA,0.169522101109078,NA,NA
"1500:361:101:3",NA,NA,NA,NA
"1500:361:101:4",NA,NA,NA,NA
"1500:361:102:3",NA,NA,NA,NA
"1500:361:102:4",NA,NA,NA,NA
"1500:361:103:3",NA,NA,NA,NA
"1500:361:103:4",NA,0.166743050271225,NA,NA
"1500:361:104:3",NA,NA,NA,NA
"1500:361:104:4",NA,0.083371525135612,NA,NA
"1500:361:205:3",NA,0.083371525135612,NA,NA
"1500:361:205:4",NA,NA,NA,NA
"1500:361:206:3",NA,0.0565820410047,NA,NA
"1500:361:206:4",NA,0.089202004206483,NA,NA
"1500:361:207:3",NA,NA,NA,NA
"1500:361:207:4",NA,0.917602723487056,NA,NA
"1500:361:208:3",NA,3.03434984524502,NA,NA
"1500:361:208:4",NA,NA,NA,NA
"1500:361:209:3",NA,NA,NA,NA
"1500:361:209:4",NA,NA,NA,NA
"1500:362:100:3",NA,NA,NA,NA
"1500:362:100:4",NA,NA,NA,NA
"1500:362:101:3",NA,NA,NA,NA
"1500:362:101:4",NA,NA,NA,NA
"1500:362:102:3",NA,NA,NA,NA
"1500:362:102:4",NA,NA,NA,NA
"1500:362:103:3",NA,NA,NA,NA
"1500:362:103:4",NA,NA,NA,NA
"1500:362:104:3",NA,0.056990169354142,NA,NA
"1500:362:104:4",NA,0.056990169354142,NA,NA
"1500:362:205:3",NA,0.014371434011044,NA,NA
"1500:362:205:4",NA,NA,NA,NA
"1500:362:206:3",NA,NA,NA,NA
"1500:362:206:4",NA,NA,NA,NA
"1500:362:207:3",NA,NA,NA,NA
"1500:362:207:4",NA,NA,NA,NA
"1500:362:208:3",NA,0.107737499289927,NA,NA
"1500:362:208:4",NA,NA,NA,NA
"1500:362:209:3",NA,0.151823548544507,NA,NA
"1500:362:209:4",NA,0.131232411344315,NA,NA
"1500:363:100:3",NA,0.367895908796277,NA,NA
"1500:363:100:4",NA,0.505428906083172,NA,NA
"1500:363:101:3",NA,NA,NA,NA
"1500:363:101:4",NA,0.70099994978319,NA,NA
"1500:363:102:3",NA,1.61499700011894,NA,NA
"1500:363:102:4",NA,0.749386859149425,NA,NA
"1500:363:103:3",NA,0.621372003140154,NA,NA
"1500:363:103:4",NA,0.263146164202337,NA,NA
"1500:363:104:3",NA,0.793374200973838,NA,NA
"1500:363:104:4",NA,0.587192691658175,NA,NA
"1500:363:205:3",NA,0.463597984341827,NA,NA
"1500:363:205:4",NA,0.620044054781827,NA,NA
"1500:363:206:3",NA,0.560652456043515,NA,NA
"1500:363:206:4",NA,0.20323261694429,NA,NA
"1500:363:207:3",NA,0.112201357693457,NA,NA
"1500:363:207:4",NA,0.293682945043693,NA,NA
"1500:363:208:3",NA,0.794179521961064,NA,NA
"1500:363:208:4",NA,0.121235898407366,NA,NA
"1500:363:209:3",NA,0.423998724067086,NA,NA
"1500:363:209:4",NA,1.48710785306215,NA,NA
"1500:364:100:3",NA,1.04432505881224,NA,NA
"1500:364:100:4",NA,0.77448901875666,NA,NA
"1500:364:101:3",NA,1.33295245748863,NA,NA
"1500:364:101:4",NA,1.46105516619785,NA,NA
"1500:364:102:3",NA,0.63003991772255,NA,NA
"1500:364:102:4",NA,1.31679877437834,NA,NA
"1500:364:103:3",NA,2.32311255234614,NA,0.153162254246945
"1500:364:103:4",0.028750305679942,1.45433398766699,NA,NA
"1500:364:104:3",NA,1.31188570429448,NA,NA
"1500:364:104:4",NA,1.01884975317199,NA,NA
"1500:364:205:3",0.039453500919286,1.01086625075334,NA,NA
"1500:364:205:4",0.108124198559563,0.941291717237521,NA,NA
"1500:364:206:3",0.305585485898115,0.728828950386067,NA,NA
"1500:364:206:4",0.383055405974599,0.917708286358436,NA,NA
"1500:364:207:3",0.412002686804875,0.528461465113068,NA,NA
"1500:364:207:4",0.123638238421213,NA,NA,NA
"1500:364:208:3",NA,NA,NA,NA
"1500:364:208:4",0.028730422357702,NA,NA,NA
"1500:364:209:3",0.073842708983554,NA,NA,NA
"1500:364:209:4",0.304340386496065,NA,NA,NA
"1500:465:100:3",0.583417468376771,NA,NA,NA
"1500:465:100:4",NA,NA,NA,NA
"1500:465:101:3",0.168569254353123,NA,NA,NA
"1500:465:101:4",0.176998783149329,NA,NA,NA
"1500:465:102:3",NA,NA,NA,NA
"1500:465:102:4",0.357367675001934,NA,NA,NA
"1500:465:103:3",0.280401510979597,0.523192357963777,NA,NA
"1500:465:103:4",0.082758192609278,0.823791039404957,NA,NA
"1500:465:104:3",NA,0.98251056181557,NA,0.076581127123472
"1500:465:104:4",NA,2.26176336550029,NA,0.842392398358196
"1500:465:205:3",NA,7.47567178342318,NA,0.229743381370417
"1500:465:205:4",0.002877017568251,14.5688743001386,NA,0.076581127123472
"1500:465:206:3",NA,14.0515812330207,NA,NA
"1500:465:206:4",0.007691467959969,13.0332950511198,NA,NA
"1500:465:207:3",0.00659268682283,11.0311359005415,NA,NA
"1500:465:207:4",NA,8.13925387171423,NA,NA
"1500:465:208:3",NA,3.31228182723496,NA,NA
"1500:465:208:4",NA,0.092363086486395,NA,NA
"1500:465:209:3",NA,0.408135862256954,NA,NA
"1500:465:209:4",NA,1.30755721628841,NA,NA
"1500:466:100:3",NA,1.51752732137611,NA,NA
"1500:466:100:4",NA,1.64487996263051,NA,NA
"1500:466:101:3",NA,2.01371797650262,NA,NA
"1500:466:101:4",0.009325464030948,1.01589837484497,NA,NA
"1500:466:102:3",0.057970836046687,0.655271958048364,NA,NA
"1500:466:102:4",0.081959477469215,0.481925021347088,NA,NA
"1500:466:103:3",0.115496297877961,0.35762560371762,NA,NA
"1500:466:103:4",0.031028856146318,NA,NA,NA
"1500:466:104:3",NA,0.066306204262469,NA,NA
"1500:466:104:4",0.028750305679942,NA,NA,NA
"1500:466:205:3",NA,NA,NA,NA
"1500:466:205:4",0.050835173908766,0.159311868328981,NA,NA
"1500:466:206:3",0.085089919251723,0.038379555627883,NA,NA
"1500:466:206:4",0.035170497059101,0.163384724253215,NA,NA
"1500:466:207:3",0.022887528413212,NA,NA,NA
"1500:466:207:4",0.063721017507571,0.116686229610581,NA,NA
"1500:466:208:3",0.182888455910287,0.654637017912398,NA,0.31906974904824
"1500:466:208:4",0.142255423655515,0.251048163908049,NA,0.632638295526684
"1500:466:209:3",0.026671556797421,0.039794470121077,NA,0.31906974904824
"1500:466:209:4",0.314177722569139,NA,NA,0.313568546478444
"1500:467:100:3",0.637749673033185,0.055964682863338,NA,0.31906974904824
"1500:467:100:4",0.820420841835245,0.052855533815375,NA,2.2224858381981
"1500:467:101:3",1.06772672035906,NA,NA,0.946206842005127
"1500:467:101:4",1.15910503028617,0.255120684526407,NA,0.951708044574926
"1500:467:102:3",0.664303515207944,0.286695753894787,NA,0.605915142156325
"1500:467:102:4",0.077728813873528,0.180115239579757,NA,2.13750857481542
"1500:467:103:3",NA,0.452111599929787,NA,0.62513399801945
"1500:467:103:4",0.016303099553424,2.24226556296694,NA,0.313568546478444
"1500:467:104:3",NA,1.65313964193709,NA,0.938230280266395
"1500:467:104:4",NA,2.0332138817481,NA,NA
"1500:467:205:3",NA,2.15492571945748,NA,NA
"1500:467:205:4",NA,3.14217717025674,NA,NA
"1500:467:206:3",NA,4.06479441291048,NA,NA
"1500:467:206:4",NA,4.35038223366018,NA,NA
"1500:467:207:3",NA,6.07695479823872,NA,0.305591984739712
"1500:467:207:4",NA,4.73460120120295,NA,NA
"1500:467:208:3",NA,2.74859555107736,NA,NA
"1500:467:208:4",0.005023492278093,1.60030856987299,NA,NA
"1500:467:209:3",NA,0.389296778174091,NA,NA
"1500:467:209:4",NA,0.046583330488548,NA,NA
"7500:361:209:2",NA,1.42089807987861,NA,NA
"7500:361:209:1",NA,0.317744580959797,NA,NA
"7500:361:208:2",NA,NA,NA,NA
"7500:361:208:1",NA,NA,NA,NA
"7500:361:207:2",NA,0.015170541898651,NA,NA
"7500:361:207:1",NA,0.059785519272769,NA,NA
"7500:361:206:2",NA,NA,NA,NA
"7500:361:206:1",NA,0.043702612340164,NA,NA
"7500:361:205:2",NA,0.12189672680496,NA,NA
"7500:361:205:1",NA,0.066207789109851,0.043509006853587,NA
"7500:361:104:2",NA,0.187296910029274,0.007275753654446,NA
"7500:361:104:1",NA,NA,NA,NA
"7500:361:103:2",NA,NA,NA,NA
"7500:361:103:1",NA,NA,NA,NA
"7500:361:102:2",NA,NA,NA,NA
"7500:361:102:1",NA,NA,NA,NA
"7500:361:101:2",NA,0.034247904263083,0.010913630481669,NA
"7500:361:101:1",NA,0.032445382986078,NA,NA
"7500:361:100:2",NA,NA,NA,NA
"7500:361:100:1",NA,0.188258841847744,NA,NA
"7500:360:209:2",NA,0.030642861709074,NA,NA
"7500:360:209:1",NA,0.039803157044612,NA,NA
"7500:360:208:2",NA,NA,NA,NA
"7500:360:208:1",NA,NA,NA,NA
"7500:360:207:2",NA,NA,NA,NA
"7500:360:207:1",NA,NA,NA,NA
"7500:360:206:2",NA,NA,NA,NA
"7500:360:206:1",NA,0.084799919150365,NA,NA
"7500:360:205:2",NA,NA,NA,NA
"7500:360:205:1",NA,NA,NA,NA
"7500:360:104:2",NA,NA,NA,NA
"7500:360:104:1",NA,NA,NA,NA
"7500:360:103:2",NA,0.145130362100334,NA,NA
"7500:360:103:1",NA,NA,NA,NA
"7500:360:102:2",NA,NA,NA,NA
"7500:360:102:1",NA,0.053029388916386,NA,NA
"7500:360:101:2",NA,NA,NA,NA
"7500:360:101:1",NA,NA,NA,NA
"7500:360:100:2",NA,NA,NA,NA
"7500:360:100:1",NA,NA,NA,NA
"1500:360:100:1",NA,NA,NA,NA
"1500:360:100:2",NA,NA,NA,NA
"1500:360:101:1",NA,NA,NA,NA
"1500:360:101:2",NA,0.1486093108163,NA,NA
"1500:360:102:1",NA,NA,NA,NA
"1500:360:102:2",NA,NA,NA,NA
"1500:360:103:1",NA,NA,NA,NA
"1500:360:103:2",NA,0.010297048155871,NA,NA
"1500:360:104:1",NA,NA,NA,NA
"1500:360:104:2",NA,0.101759902980438,NA,NA
"1500:360:205:1",NA,NA,NA,NA
"1500:360:205:2",NA,NA,NA,NA
"1500:360:206:1",NA,NA,NA,NA
"1500:360:206:2",NA,NA,NA,NA
"1500:360:207:1",NA,NA,NA,NA
"1500:360:207:2",NA,NA,NA,NA
"1500:360:208:1",NA,NA,NA,NA
"1500:360:208:2",NA,NA,NA,NA
"1500:360:209:1",NA,0.096588526580936,NA,NA
"1500:360:209:2",NA,0.083263527528474,NA,NA
"1500:361:100:1",NA,0.166527055056948,NA,NA
"1500:361:100:2",NA,0.17207795689218,NA,NA
"1500:361:101:1",NA,NA,NA,NA
"1500:361:101:2",NA,NA,NA,NA
"1500:361:102:1",NA,NA,NA,NA
"1500:361:102:2",NA,NA,NA,NA
"1500:361:103:1",NA,NA,NA,NA
"1500:361:103:2",NA,NA,NA,NA
"1500:361:104:1",NA,NA,NA,NA
"1500:361:104:2",NA,NA,NA,NA
"1500:361:205:1",NA,NA,NA,NA
"1500:361:205:2",NA,NA,NA,NA
"1500:361:206:1",NA,0.181570197655921,NA,NA
"1500:361:206:2",NA,0.206726022744372,NA,NA
"1500:361:207:1",NA,NA,NA,NA
"1500:361:207:2",NA,NA,NA,NA
"1500:361:208:1",NA,0.434226288372283,NA,NA
"1500:361:208:2",NA,NA,NA,NA
"1500:361:209:1",NA,NA,NA,NA
"1500:361:209:2",NA,NA,NA,NA
"1500:362:100:1",NA,NA,NA,NA
"1500:362:100:2",NA,NA,NA,NA
"1500:362:101:1",NA,NA,NA,NA
"1500:362:101:2",NA,NA,NA,NA
"1500:362:102:1",NA,NA,NA,NA
"1500:362:102:2",NA,NA,NA,NA
"1500:362:103:1",NA,NA,NA,NA
"1500:362:103:2",NA,NA,NA,NA
"1500:362:104:1",NA,NA,NA,NA
"1500:362:104:2",NA,NA,NA,NA
"1500:362:205:1",NA,0.085745711905016,NA,NA
"1500:362:205:2",NA,NA,NA,NA
"1500:362:206:1",NA,NA,NA,NA
"1500:362:206:2",NA,NA,NA,NA
"1500:362:207:1",NA,NA,NA,NA
"1500:362:207:2",NA,NA,NA,NA
"1500:362:208:1",NA,0.267945428520248,NA,NA
"1500:362:208:2",NA,0.164086856281696,NA,NA
"1500:362:209:1",NA,NA,NA,NA
"1500:362:209:2",NA,NA,NA,NA
"1500:363:100:1",NA,NA,NA,NA
"1500:363:100:2",NA,0.465020604629463,NA,NA
"1500:363:101:1",NA,0.67343323335856,NA,NA
"1500:363:101:2",NA,0.016555078172483,NA,NA
"1500:363:102:1",NA,0.598041668085015,NA,NA
"1500:363:102:2",NA,0.082802626740161,NA,NA
"1500:363:103:1",NA,0.306619087616777,NA,NA
"1500:363:103:2",NA,0.539529415847117,NA,NA
"1500:363:104:1",NA,0.380963368019209,NA,NA
"1500:363:104:2",NA,0.526331396885127,NA,NA
"1500:363:205:1",NA,0.597362399461116,NA,NA
"1500:363:205:2",NA,1.02138722691007,NA,NA
"1500:363:206:1",NA,0.442928907494009,NA,NA
"1500:363:206:2",NA,0.650438238710097,NA,NA
"1500:363:207:1",NA,0.263975704585193,NA,NA
"1500:363:207:2",NA,0.759541126061334,NA,NA
"1500:363:208:1",NA,0.27612159411023,NA,NA
"1500:363:208:2",NA,0.517473517243774,NA,NA
"1500:363:209:1",NA,0.063116235532591,NA,NA
"1500:363:209:2",NA,0.24353713747106,NA,NA
"1500:364:100:1",NA,0.186935156574131,NA,NA
"1500:364:100:2",NA,0.955263818833988,NA,NA
"1500:364:101:1",NA,0.973493535685112,NA,NA
"1500:364:101:2",NA,1.52231774816346,NA,NA
"1500:364:102:1",NA,1.76038257687686,NA,NA
"1500:364:102:2",NA,1.40430131282543,NA,NA
"1500:364:103:1",NA,1.40077690843322,NA,NA
"1500:364:103:2",0.028713063177626,1.63854623013897,NA,NA
"1500:364:104:1",0.029670165283547,0.794129629519101,NA,NA
"1500:364:104:2",NA,0.770244247314556,NA,NA
"1500:364:205:1",NA,1.14387471460909,NA,NA
"1500:364:205:2",0.090239330790973,0.844965000714145,NA,NA
"1500:364:206:1",0.226979869055236,0.952448454937494,NA,NA
"1500:364:206:2",0.844986932047471,0.324034924963789,NA,NA
"1500:364:207:1",0.582083474783985,1.41113146917508,NA,NA
"1500:364:207:2",0.776474952044999,0.755798245965389,NA,NA
"1500:364:208:1",0.28576863518173,0.229767446373162,NA,NA
"1500:364:208:2",0.481747718890824,NA,NA,NA
"1500:364:209:1",0.577068960586691,NA,NA,NA
"1500:364:209:2",0.356105836371502,0.126355733098958,NA,NA
"1500:465:100:1",1.08984735562558,NA,NA,NA
"1500:465:100:2",0.509876569488685,NA,NA,NA
"1500:465:101:1",0.641492088240506,NA,NA,NA
"1500:465:101:2",0.547107538375412,NA,NA,NA
"1500:465:102:1",1.20864398384936,NA,NA,NA
"1500:465:102:2",0.971078479108211,NA,NA,NA
"1500:465:103:1",0.364237236388739,0.68082667808406,NA,NA
"1500:465:103:2",NA,1.02644842803106,NA,NA
"1500:465:104:1",NA,0.887122265754854,NA,NA
"1500:465:104:2",NA,3.27942577059177,NA,NA
"1500:465:205:1",NA,6.22747103030677,NA,NA
"1500:465:205:2",NA,11.847715106613,NA,NA
"1500:465:206:1",NA,10.8311264170579,NA,NA
"1500:465:206:2",0.018305616893668,11.8982513868727,NA,NA
"1500:465:207:1",0.028632105129007,12.945624379409,NA,NA
"1500:465:207:2",0.055550287719345,4.48172301710974,NA,NA
"1500:465:208:1",NA,7.50026900296524,NA,NA
"1500:465:208:2",NA,1.0049625459331,NA,NA
"1500:465:209:1",NA,0.809560757930863,NA,NA
"1500:465:209:2",NA,1.63486567682539,NA,NA
"1500:466:100:1",NA,2.12013160139692,NA,NA
"1500:466:100:2",0.029840933836268,2.39581392312834,NA,NA
"1500:466:101:1",0.017239744464624,2.02448921099888,NA,NA
"1500:466:101:2",NA,1.20323107901133,NA,NA
"1500:466:102:1",0.534356051324502,1.79296740569344,NA,NA
"1500:466:102:2",0.631631536933267,2.4574837503007,NA,NA
"1500:466:103:1",0.42572751299793,1.55203999496699,NA,NA
"1500:466:103:2",0.487591101443443,0.781472777771604,NA,NA
"1500:466:104:1",0.170896339292909,0.334140872311692,NA,NA
"1500:466:104:2",0.574275434439745,0.035122623525009,NA,NA
"1500:466:205:1",0.541976664169517,0.051333065151936,NA,NA
"1500:466:205:2",0.495114075997792,0.054691668426633,NA,NA
"1500:466:206:1",0.288589030482409,NA,NA,NA
"1500:466:206:2",NA,0.045041977422788,NA,NA
"1500:466:207:1",0.027736765424736,NA,NA,NA
"1500:466:207:2",0.032921840302886,NA,NA,NA
"1500:466:208:1",0.210635497032828,NA,NA,NA
"1500:466:208:2",0.026370423940333,NA,NA,NA
"1500:466:209:1",NA,NA,NA,NA
"1500:466:209:2",0.081832230056234,NA,NA,NA
"1500:467:100:1",0.157276297217442,0.043471701362518,NA,NA
"1500:467:100:2",0.286768176505034,NA,NA,1.86249191151562
"1500:467:101:1",0.931969118455002,0.174107893339111,NA,1.57644229369839
"1500:467:101:2",0.87022985447597,NA,NA,2.19504117176736
"1500:467:102:1",0.830079216010701,0.28390610575885,NA,1.33517873794806
"1500:467:102:2",0.06213362953461,0.120354819698416,NA,2.47457988097761
"1500:467:103:1",0.023752536817927,0.621336730496217,NA,1.2237208120072
"1500:467:103:2",0.015102642781638,1.66492370069444,NA,0.910326380970687
"1500:467:104:1",NA,1.94628387351082,NA,1.25614300347609
"1500:467:104:2",0.049995258947411,2.63641489283225,NA,0.186798598795076
"1500:467:205:1",0.041183833998825,2.90275462569747,NA,0.313162356803511
"1500:467:205:2",NA,3.09902134821211,NA,NA
"1500:467:206:1",0.023717317524406,4.01948601170488,NA,NA
"1500:467:206:2",0.068869054766983,5.09477892140252,NA,NA
"1500:467:207:1",0.122477567304939,4.96321549861557,NA,0.318656433238659
"1500:467:207:2",0.011373642322099,4.10450267168821,NA,NA
"1500:467:208:1",0.004684902227043,2.99183977569782,NA,NA
"1500:467:208:2",0.003513676670282,1.2505647949733,NA,NA
"1500:467:209:1",0.00986912001766,1.28998072490945,NA,NA
"1500:467:209:2",0.037065450598942,0.442388810018276,NA,NA
"7500:351:499:4",NA,3.0317328304107,0.018165866313687,NA
"7500:351:499:3",NA,1.3495410633859,NA,NA
"7500:351:498:4",NA,0.325129828281367,NA,NA
"7500:351:498:3",NA,0.147252495636053,0.061693300430871,NA
"7500:351:497:4",NA,0.033254177057686,0.166863574239167,NA
"7500:351:497:3",NA,NA,NA,NA
"7500:351:496:4",NA,NA,NA,NA
"7500:351:496:3",NA,NA,NA,NA
"7500:351:495:4",NA,NA,NA,NA
"7500:351:495:3",NA,0.065514503462788,NA,NA
"7500:351:394:4",NA,NA,NA,NA
"7500:351:394:3",NA,0,NA,NA
"7500:351:393:4",NA,NA,NA,NA
"7500:351:393:3",NA,NA,NA,NA
"7500:351:392:4",NA,NA,NA,NA
"7500:351:392:3",NA,0.249249761238994,NA,NA
"7500:351:391:4",NA,NA,NA,NA
"7500:351:391:3",NA,0.146035532862201,NA,NA
"7500:351:390:4",NA,0.069923273899694,NA,NA
"7500:351:390:3",NA,0.105681340218852,NA,NA
"7500:350:499:4",NA,NA,NA,NA
"7500:350:499:3",NA,0.344325386365586,0.018165866313687,NA
"7500:350:498:4",NA,NA,NA,NA
"7500:350:498:3",NA,NA,NA,NA
"7500:350:497:4",NA,NA,NA,NA
"7500:350:497:3",NA,NA,NA,NA
"7500:350:496:4",NA,NA,NA,NA
"7500:350:496:3",NA,NA,NA,NA
"7500:350:495:4",NA,NA,NA,NA
"7500:350:495:3",NA,NA,NA,NA
"7500:350:394:4",NA,NA,NA,NA
"7500:350:394:3",NA,NA,NA,NA
"7500:350:393:4",NA,NA,NA,NA
"7500:350:393:3",NA,0.11022239375365,NA,NA
"7500:350:392:4",NA,NA,NA,NA
"7500:350:392:3",NA,0.029071931504486,NA,NA
"7500:350:391:4",NA,NA,NA,NA
"7500:350:391:3",NA,NA,NA,NA
"7500:350:390:4",NA,NA,NA,NA
"7500:350:390:3",NA,0.05932664544089,NA,NA
"1500:350:390:3",NA,NA,NA,NA
"1500:350:390:4",NA,NA,NA,NA
"1500:350:391:3",NA,NA,NA,NA
"1500:350:391:4",NA,0.027147985914817,NA,NA
"1500:350:392:3",NA,NA,NA,NA
"1500:350:392:4",NA,NA,NA,NA
"1500:350:393:3",NA,NA,NA,NA
"1500:350:393:4",NA,NA,NA,NA
"1500:350:394:3",NA,NA,NA,NA
"1500:350:394:4",NA,NA,NA,NA
"1500:350:495:3",NA,NA,NA,NA
"1500:350:495:4",NA,NA,NA,NA
"1500:350:496:3",NA,NA,NA,NA
"1500:350:496:4",NA,NA,NA,NA
"1500:350:497:3",NA,NA,NA,NA
"1500:350:497:4",NA,NA,NA,NA
"1500:350:498:3",NA,NA,NA,NA
"1500:350:498:4",NA,NA,NA,NA
"1500:350:499:3",NA,NA,NA,NA
"1500:350:499:4",NA,0.166311745199235,NA,NA
"1500:351:390:3",NA,0.169083607619222,NA,NA
"1500:351:390:4",NA,0.083155872599617,NA,NA
"1500:351:391:3",NA,NA,NA,NA
"1500:351:391:4",NA,NA,NA,NA
"1500:351:392:3",NA,NA,NA,NA
"1500:351:392:4",NA,NA,NA,NA
"1500:351:393:3",NA,NA,NA,NA
"1500:351:393:4",NA,0.151430834926588,NA,NA
"1500:351:394:3",NA,0.099500985390116,NA,NA
"1500:351:394:4",NA,NA,NA,NA
"1500:351:495:3",NA,NA,NA,NA
"1500:351:495:4",NA,NA,NA,NA
"1500:351:496:3",NA,0.118628360388182,NA,NA
"1500:351:496:4",NA,0.101628333307125,NA,NA
"1500:351:497:3",NA,NA,NA,NA
"1500:351:497:4",NA,NA,NA,NA
"1500:351:498:3",NA,NA,NA,NA
"1500:351:498:4",NA,0.008497329330836,NA,NA
"1500:351:499:3",NA,NA,NA,NA
"1500:351:499:4",NA,NA,NA,NA
"1500:352:390:3",NA,NA,NA,NA
"1500:352:390:4",NA,NA,NA,NA
"1500:352:391:3",NA,NA,NA,NA
"1500:352:391:4",NA,NA,NA,NA
"1500:352:392:3",NA,NA,NA,NA
"1500:352:392:4",NA,NA,NA,NA
"1500:352:393:3",NA,NA,NA,NA
"1500:352:393:4",NA,NA,NA,NA
"1500:352:394:3",NA,NA,NA,NA
"1500:352:394:4",NA,NA,NA,NA
"1500:352:495:3",NA,0.085264134029006,NA,NA
"1500:352:495:4",NA,NA,NA,NA
"1500:352:496:3",NA,NA,NA,NA
"1500:352:496:4",NA,NA,NA,NA
"1500:352:497:3",NA,NA,NA,NA
"1500:352:497:4",NA,NA,NA,NA
"1500:352:498:3",NA,NA,NA,NA
"1500:352:498:4",NA,0.034028626532671,NA,NA
"1500:352:499:3",NA,NA,NA,NA
"1500:352:499:4",NA,NA,NA,NA
"1500:353:390:3",NA,NA,NA,NA
"1500:353:390:4",NA,NA,NA,0.076383038936329
"1500:353:391:3",NA,0.222346134746437,NA,0.687447350426956
"1500:353:391:4",NA,NA,NA,NA
"1500:353:392:3",NA,NA,NA,NA
"1500:353:392:4",NA,0.06981008959828,NA,NA
"1500:353:393:3",NA,0.228907987048292,NA,NA
"1500:353:393:4",NA,0.193664119519203,NA,NA
"1500:353:394:3",NA,0.31729819986892,NA,NA
"1500:353:394:4",NA,0.487717649924623,NA,NA
"1500:353:495:3",NA,0.55255612909042,NA,NA
"1500:353:495:4",NA,0.412587075563617,NA,NA
"1500:353:496:3",NA,0.629619794895265,NA,NA
"1500:353:496:4",NA,0.66112617121258,NA,NA
"1500:353:497:3",NA,0.629703543359102,NA,NA
"1500:353:497:4",NA,0.732818035750048,NA,NA
"1500:353:498:3",NA,0.620877352499345,NA,NA
"1500:353:498:4",NA,0.492406408591065,NA,NA
"1500:353:499:3",NA,0.205627947740587,NA,NA
"1500:353:499:4",0.03477798093316,0.207934630116103,NA,NA
"1500:354:390:3",NA,0.875295771319746,NA,NA
"1500:354:390:4",NA,0.568768052181005,NA,NA
"1500:354:391:3",NA,0.660722072006343,NA,NA
"1500:354:391:4",NA,0.886218160440757,NA,NA
"1500:354:392:3",NA,1.50528035422882,NA,NA
"1500:354:392:4",0.068607414543922,1.51686667067003,NA,NA
"1500:354:393:3",NA,1.34054848327683,NA,NA
"1500:354:393:4",0.034184394773907,0.815129751420975,NA,NA
"1500:354:394:3",0.085511228709519,1.1225806521868,NA,NA
"1500:354:394:4",0.102440661357167,0.810828815145284,NA,NA
"1500:354:495:3",0.213075015093304,1.17362466303625,NA,NA
"1500:354:495:4",0.29810551881434,0.422493089399234,NA,NA
"1500:354:496:3",1.43865037767821,NA,NA,NA
"1500:354:496:4",0.84691474274934,0.258683272662143,NA,NA
"1500:354:497:3",1.42521921313675,0.278758858368496,NA,NA
"1500:354:497:4",1.56709039414925,0.386468326506074,NA,NA
"1500:354:498:3",0.976675891115276,NA,NA,NA
"1500:354:498:4",0.732467258934718,NA,NA,NA
"1500:354:499:3",1.11790537941195,NA,NA,NA
"1500:354:499:4",1.27739646085296,0.102405073368634,NA,NA
"1500:455:390:3",1.2790085926908,NA,NA,NA
"1500:455:390:4",0.725691682549124,NA,NA,NA
"1500:455:391:3",1.19763217731958,NA,NA,NA
"1500:455:391:4",1.10716653854046,NA,NA,NA
"1500:455:392:3",0.794190156817507,NA,NA,NA
"1500:455:392:4",0.195684095412177,0.354463088044125,NA,NA
"1500:455:393:3",0.113942107733144,0.734255134778028,NA,NA
"1500:455:393:4",NA,1.95814379968493,NA,NA
"1500:455:394:3",NA,1.51585084740947,NA,NA
"1500:455:394:4",0.034894041062052,2.9780886368016,NA,NA
"1500:455:495:3",NA,6.80924114811464,NA,NA
"1500:455:495:4",NA,11.4504632602136,NA,NA
"1500:455:496:3",NA,9.60882269100091,NA,NA
"1500:455:496:4",NA,11.5007940000769,NA,NA
"1500:455:497:3",0.012877283020154,9.63842339550897,NA,NA
"1500:455:497:4",NA,9.17366166674055,NA,NA
"1500:455:498:3",NA,7.30002732511458,NA,NA
"1500:455:498:4",NA,4.28240173401923,NA,NA
"1500:455:499:3",0.06005474281231,2.02321156032201,NA,NA
"1500:455:499:4",0.032713163495674,1.57555397699723,NA,NA
"1500:456:390:3",0.076225244501023,2.37323702565304,NA,NA
"1500:456:390:4",0.066000242140394,2.13537251074447,NA,NA
"1500:456:391:3",0.184912984249529,2.51327319125992,NA,NA
"1500:456:391:4",0.324833721931704,1.09107853387096,NA,NA
"1500:456:392:3",0.519488133282037,0.8050699253882,NA,NA
"1500:456:392:4",1.07780635804535,0.425876489068975,NA,NA
"1500:456:393:3",0.794813431933209,0.875585613893478,NA,NA
"1500:456:393:4",1.4441178299354,0.535054091411242,NA,NA
"1500:456:394:3",1.73184962579362,0.992991161655822,NA,NA
"1500:456:394:4",1.48055735211625,0.055520390658568,NA,NA
"1500:456:495:3",1.80557952361172,0.038352414734078,NA,NA
"1500:456:495:4",1.89756844000581,NA,NA,NA
"1500:456:496:3",1.36965379932027,0.125775338331955,NA,NA
"1500:456:496:4",1.34019899776357,NA,NA,NA
"1500:456:497:3",0.336757920428132,NA,NA,NA
"1500:456:497:4",0.474955911302807,NA,NA,NA
"1500:456:498:3",1.30389401560755,NA,NA,NA
"1500:456:498:4",0.978502624286538,NA,NA,NA
"1500:456:499:3",0.419995557120705,NA,NA,NA
"1500:456:499:4",0.583977714457781,NA,NA,NA
"1500:457:390:3",0.872897639189998,NA,NA,NA
"1500:457:390:4",0.272420656982086,0.020455975324001,NA,NA
"1500:457:391:3",0.719007184131059,NA,NA,NA
"1500:457:391:4",4.47500336429999,0.026592767921201,NA,1.52750565507137
"1500:457:392:3",4.23218645253851,0.086242259670806,NA,3.9883453747247
"1500:457:392:4",0.609976512906058,0.07700201756322,NA,1.21042212323032
"1500:457:393:3",NA,0.03842997111355,NA,0.909149381572644
"1500:457:393:4",NA,0.027373075634031,NA,1.20869570960525
"1500:457:394:3",0.03825052023956,0.826599500187483,NA,1.21688341298513
"1500:457:394:4",0.022956605961876,1.37632975851735,NA,0.444444805859871
"1500:457:495:3",NA,1.13876552368585,NA,NA
"1500:457:495:4",0.025826181707111,0.999984441238608,NA,NA
"1500:457:496:3",0.02891581428946,0.919238633736172,NA,NA
"1500:457:496:4",0.033375335096117,1.60888550111107,NA,NA
"1500:457:497:3",0.078049482245678,2.16354339585512,NA,NA
"1500:457:497:4",0.014891645520195,2.50890824085119,NA,NA
"1500:457:498:3",0.004363224944592,2.19970367460667,NA,NA
"1500:457:498:4",0.036722900766897,0.574483413670566,NA,NA
"1500:457:499:3",NA,0.749356137784342,NA,NA
"1500:457:499:4",0.016406399633269,0.436543828150196,NA,NA
"7500:351:499:2",NA,1.92583966878165,0.0161467564927,NA
"7500:351:499:1",NA,2.1092641328962,0.021770907630607,NA
"7500:351:498:2",NA,0.117739512740548,NA,NA
"7500:351:498:1",NA,0.137395580338547,NA,NA
"7500:351:497:2",NA,0.176026313104841,0.199528016638933,NA
"7500:351:497:1",NA,0.110855277242024,0.143554441970288,NA
"7500:351:496:2",NA,0.030262749589748,NA,NA
"7500:351:496:1",NA,NA,NA,NA
"7500:351:495:2",NA,NA,NA,NA
"7500:351:495:1",NA,NA,NA,NA
"7500:351:394:2",NA,0.101497180613166,NA,NA
"7500:351:394:1",NA,NA,NA,NA
"7500:351:393:2",NA,NA,NA,NA
"7500:351:393:1",NA,NA,NA,NA
"7500:351:392:2",NA,NA,NA,NA
"7500:351:392:1",NA,0.148887305075891,0.097303862160128,NA
"7500:351:391:2",NA,0.022068874788119,0.270361411663255,NA
"7500:351:391:1",NA,NA,NA,NA
"7500:351:390:2",NA,NA,NA,NA
"7500:351:390:1",NA,NA,NA,NA
"7500:350:499:2",NA,NA,NA,NA
"7500:350:499:1",NA,0.076092421415305,NA,NA
"7500:350:498:2",NA,0.026968013272333,NA,NA
"7500:350:498:1",NA,NA,NA,NA
"7500:350:497:2",NA,NA,NA,NA
"7500:350:497:1",NA,NA,NA,NA
"7500:350:496:2",NA,NA,NA,NA
"7500:350:496:1",NA,NA,NA,NA
"7500:350:495:2",NA,NA,NA,NA
"7500:350:495:1",NA,NA,NA,NA
"7500:350:394:2",NA,NA,NA,NA
"7500:350:394:1",NA,NA,NA,NA
"7500:350:393:2",NA,NA,NA,NA
"7500:350:393:1",NA,NA,NA,NA
"7500:350:392:2",NA,0.109393467492695,NA,NA
"7500:350:392:1",NA,NA,NA,NA
"7500:350:391:2",NA,NA,NA,NA
"7500:350:391:1",NA,NA,NA,NA
"7500:350:390:2",NA,NA,NA,NA
"7500:350:390:1",NA,0.708516147377022,NA,NA
"1500:350:390:1",NA,2.30049437757559,NA,NA
"1500:350:390:2",NA,0.017458259249942,NA,NA
"1500:350:391:1",NA,0.094759825184886,NA,NA
"1500:350:391:2",NA,0.090788248769244,NA,NA
"1500:350:392:1",NA,0.053336952951655,NA,NA
"1500:350:392:2",NA,NA,NA,NA
"1500:350:393:1",NA,NA,NA,NA
"1500:350:393:2",NA,0.044664575652317,NA,NA
"1500:350:394:1",NA,NA,NA,NA
"1500:350:394:2",NA,NA,NA,NA
"1500:350:495:1",NA,NA,NA,NA
"1500:350:495:2",NA,NA,NA,NA
"1500:350:496:1",NA,NA,NA,NA
"1500:350:496:2",NA,NA,NA,NA
"1500:350:497:1",NA,NA,NA,NA
"1500:350:497:2",NA,NA,NA,NA
"1500:350:498:1",NA,NA,NA,NA
"1500:350:498:2",NA,NA,NA,NA
"1500:350:499:1",NA,NA,NA,NA
"1500:350:499:2",NA,NA,NA,NA
"1500:351:390:1",NA,NA,NA,NA
"1500:351:390:2",NA,0.083048558857918,NA,NA
"1500:351:391:1",NA,NA,NA,NA
"1500:351:391:2",NA,NA,NA,NA
"1500:351:392:1",NA,NA,NA,NA
"1500:351:392:2",NA,NA,NA,NA
"1500:351:393:1",NA,NA,NA,NA
"1500:351:393:2",NA,NA,NA,NA
"1500:351:394:1",NA,NA,NA,NA
"1500:351:394:2",NA,NA,NA,NA
"1500:351:495:1",NA,NA,NA,NA
"1500:351:495:2",NA,NA,NA,NA
"1500:351:496:1",NA,0.05866792426963,NA,NA
"1500:351:496:2",NA,NA,NA,NA
"1500:351:497:1",NA,NA,NA,NA
"1500:351:497:2",NA,NA,NA,NA
"1500:351:498:1",NA,NA,NA,NA
"1500:351:498:2",NA,NA,NA,NA
"1500:351:499:1",NA,NA,NA,NA
"1500:351:499:2",NA,NA,NA,NA
"1500:352:390:1",NA,NA,NA,NA
"1500:352:390:2",NA,NA,NA,NA
"1500:352:391:1",NA,NA,NA,NA
"1500:352:391:2",NA,NA,NA,NA
"1500:352:392:1",NA,NA,NA,NA
"1500:352:392:2",NA,NA,NA,NA
"1500:352:393:1",NA,NA,NA,NA
"1500:352:393:2",NA,NA,NA,NA
"1500:352:394:1",NA,NA,NA,NA
"1500:352:394:2",NA,NA,NA,NA
"1500:352:495:1",NA,0.141923499247241,NA,NA
"1500:352:495:2",NA,NA,NA,NA
"1500:352:496:1",NA,0.070738768478011,NA,NA
"1500:352:496:2",NA,NA,NA,NA
"1500:352:497:1",NA,NA,NA,NA
"1500:352:497:2",NA,NA,NA,NA
"1500:352:498:1",NA,NA,NA,NA
"1500:352:498:2",NA,0.33805845238834,NA,NA
"1500:352:499:1",NA,NA,NA,NA
"1500:352:499:2",NA,NA,NA,NA
"1500:353:390:1",NA,NA,NA,0.076284465625095
"1500:353:390:2",NA,0.049553676229443,NA,0.228853396875285
"1500:353:391:1",NA,0.182271546670858,NA,0.15256893125019
"1500:353:391:2",NA,0.53355339462535,NA,NA
"1500:353:392:1",NA,0.043359466700762,NA,NA
"1500:353:392:2",NA,0.430436524028846,NA,NA
"1500:353:393:1",NA,0.887970491839863,NA,NA
"1500:353:393:2",NA,0.220636818121287,NA,NA
"1500:353:394:1",NA,0.646642783949332,NA,NA
"1500:353:394:2",NA,0.711776555714858,NA,NA
"1500:353:495:1",NA,0.677784274945139,NA,NA
"1500:353:495:2",NA,0.463134471581574,NA,NA
"1500:353:496:1",NA,0.135809452452893,NA,NA
"1500:353:496:2",NA,0.033197866155152,NA,NA
"1500:353:497:1",NA,0.188460233446676,NA,NA
"1500:353:497:2",NA,0.680126849870372,NA,NA
"1500:353:498:1",NA,0.475024538668031,NA,NA
"1500:353:498:2",NA,1.57637257252758,NA,NA
"1500:353:499:1",NA,1.23121877076318,NA,NA
"1500:353:499:2",NA,0.666902068991579,NA,NA
"1500:354:390:1",0.058636225603583,0.503208939384878,NA,NA
"1500:354:390:2",NA,0.627708056551635,NA,NA
"1500:354:391:1",NA,1.10506461585398,NA,NA
"1500:354:391:2",0.069372008697758,0.828473087715416,NA,NA
"1500:354:392:1",0.18778551118623,1.82904308195768,NA,NA
"1500:354:392:2",0.466855818072576,0.880329905798143,NA,NA
"1500:354:393:1",0.407027990437056,1.93830321886421,NA,NA
"1500:354:393:2",0.259886458199976,0.236417738199909,NA,NA
"1500:354:394:1",0.175084032229982,1.24588595849142,NA,NA
"1500:354:394:2",0.146062170262303,1.25771633930376,NA,NA
"1500:354:495:1",0.345916584307089,1.31964394853534,NA,NA
"1500:354:495:2",0.476617691025253,0.145364276913417,NA,NA
"1500:354:496:1",0.637861873313128,NA,NA,NA
"1500:354:496:2",1.77486642306941,NA,NA,NA
"1500:354:497:1",1.32303556223549,0.032028238884036,NA,NA
"1500:354:497:2",1.45725821972329,0.085816844153181,NA,NA
"1500:354:498:1",2.00961468370265,0.168392129925986,NA,NA
"1500:354:498:2",1.11624953048114,NA,NA,NA
"1500:354:499:1",0.698090683880999,NA,NA,NA
"1500:354:499:2",0.657783421541015,NA,NA,NA
"1500:455:390:1",1.3038197399086,NA,NA,NA
"1500:455:390:2",0.744866272082452,NA,NA,NA
"1500:455:391:1",0.783210026133227,0.084375157582206,NA,NA
"1500:455:391:2",0.733383752936219,NA,NA,NA
"1500:455:392:1",0.259710614704117,0.388954732396571,NA,NA
"1500:455:392:2",NA,0.840727217376703,NA,NA
"1500:455:393:1",NA,1.47986985070491,NA,NA
"1500:455:393:2",NA,2.58400419420612,NA,NA
"1500:455:394:1",NA,2.53319146094626,NA,NA
"1500:455:394:2",NA,1.6976242736375,NA,NA
"1500:455:495:1",0.055406868723603,7.15975733949488,NA,NA
"1500:455:495:2",NA,9.77326806058605,NA,NA
"1500:455:496:1",NA,6.75552276534075,NA,NA
"1500:455:496:2",NA,5.43212981965921,NA,NA
"1500:455:497:1",0.008208934926329,7.70207885980665,NA,NA
"1500:455:497:2",0.031126242149115,5.99801033185506,NA,NA
"1500:455:498:1",NA,5.16359828390958,NA,NA
"1500:455:498:2",NA,5.74161462248989,NA,NA
"1500:455:499:1",NA,2.22326266465476,NA,NA
"1500:455:499:2",0.078333848885094,1.21142695345183,NA,NA
"1500:456:390:1",0.082047830065338,1.07652882486125,NA,NA
"1500:456:390:2",0.020061107641305,2.40568720243259,NA,NA
"1500:456:391:1",0.133798627331495,3.06434721080987,NA,NA
"1500:456:391:2",0.064175751422416,2.1284290536641,NA,NA
"1500:456:392:1",0.489944520129009,1.42032506958946,NA,NA
"1500:456:392:2",0.615650192171497,1.52461249702863,NA,NA
"1500:456:393:1",1.10202089616027,0.694873884657827,NA,NA
"1500:456:393:2",1.27863714975624,0.240327976119541,NA,NA
"1500:456:394:1",2.05212403699361,0.133994497916403,NA,NA
"1500:456:394:2",1.74590458286746,0.048505769171489,NA,NA
"1500:456:495:1",2.10775113165,0.05120053412546,NA,NA
"1500:456:495:2",1.7238846590078,0.043079230728782,NA,NA
"1500:456:496:1",0.99598571885746,0.51947574416081,NA,NA
"1500:456:496:2",0.8945870302488,NA,NA,NA
"1500:456:497:1",1.42797848467022,NA,NA,NA
"1500:456:497:2",0.550804200687776,NA,NA,NA
"1500:456:498:1",0.133550824241881,NA,NA,NA
"1500:456:498:2",0.340596542528748,NA,NA,NA
"1500:456:499:1",1.03091606533724,NA,NA,NA
"1500:456:499:2",0.817544955349321,NA,NA,NA
"1500:457:390:1",1.01476305930584,NA,NA,NA
"1500:457:390:2",1.58477802332193,NA,NA,0.317833730287549
"1500:457:391:1",1.43322456084803,NA,NA,0.306162610948362
"1500:457:391:2",1.35973255844931,NA,NA,1.84336811932335
"1500:457:392:1",3.47051177627706,NA,NA,0.300883945242356
"1500:457:392:2",0.411619968042533,0.076216720799138,NA,0.304408176411339
"1500:457:393:1",NA,0.017081727404819,NA,0.304408176411339
"1500:457:393:2",0.006771459210341,0.035821684950767,NA,1.23375550466159
"1500:457:394:1",NA,0.016547923423419,NA,0.317833730287549
"1500:457:394:2",NA,0.246063462166422,NA,0.304408176411339
"1500:457:495:1",NA,0.952160421341622,NA,NA
"1500:457:495:2",NA,0.314686819763838,NA,NA
"1500:457:496:1",NA,0.180027336562903,NA,NA
"1500:457:496:2",0.03621130239553,0.232023083584706,NA,NA
"1500:457:497:1",0.048166301668968,0.99944293638355,NA,NA
"1500:457:497:2",0.064100228281516,1.13128071750159,NA,NA
"1500:457:498:1",0.006361904476615,0.984427857549954,NA,NA
"1500:457:498:2",0.025945047156727,0.361375991156598,NA,NA
"1500:457:499:1",0.122099997615726,0.467942606203562,NA,NA
"1500:457:499:2",0.05046910123037,0.268243322998385,NA,NA
"7500:351:489:4",NA,0.753236328870214,0.324588471272263,NA
"7500:351:489:3",NA,0.571996395954007,0.099805788828815,NA
"7500:351:488:4",NA,0.380315482031289,NA,NA
"7500:351:488:3",NA,NA,NA,NA
"7500:351:487:4",NA,0.082606083636331,NA,NA
"7500:351:487:3",NA,0.167773141538084,NA,NA
"7500:351:486:4",NA,0.135541515629136,NA,NA
"7500:351:486:3",NA,0.829830039557761,0.033248463994108,NA
"7500:351:485:4",NA,0.088632308999577,NA,NA
"7500:351:485:3",NA,NA,NA,NA
"7500:351:384:4",NA,NA,NA,NA
"7500:351:384:3",NA,NA,NA,NA
"7500:351:383:4",NA,NA,NA,NA
"7500:351:383:3",NA,NA,NA,NA
"7500:351:382:4",NA,NA,NA,NA
"7500:351:382:3",NA,NA,0.007187224732605,NA
"7500:351:381:4",NA,NA,0.048634560638066,NA
"7500:351:381:3",NA,NA,NA,NA
"7500:351:380:4",NA,NA,NA,NA
"7500:351:380:3",NA,NA,NA,NA
"7500:350:489:4",NA,NA,NA,NA
"7500:350:489:3",NA,0.08590672153424,NA,NA
"7500:350:488:4",NA,0.026933276038041,NA,NA
"7500:350:488:3",NA,0.03052437950978,NA,NA
"7500:350:487:4",NA,NA,NA,NA
"7500:350:487:3",NA,NA,NA,NA
"7500:350:486:4",NA,NA,NA,NA
"7500:350:486:3",NA,0.026933276038041,NA,NA
"7500:350:485:4",NA,NA,NA,NA
"7500:350:485:3",NA,NA,NA,NA
"7500:350:384:4",NA,NA,NA,NA
"7500:350:384:3",NA,NA,NA,NA
"7500:350:383:4",NA,NA,NA,NA
"7500:350:383:3",NA,0.052380445974844,NA,NA
"7500:350:382:4",NA,NA,NA,NA
"7500:350:382:3",NA,0.078240865964823,NA,NA
"7500:350:381:4",NA,NA,NA,NA
"7500:350:381:3",NA,0.047589355153246,NA,NA
"7500:350:380:4",NA,NA,NA,NA
"7500:350:380:3",NA,NA,NA,NA
"1500:350:380:3",NA,3.01190028814491,NA,NA
"1500:350:380:4",NA,0.619141717666296,NA,NA
"1500:350:381:3",NA,NA,NA,NA
"1500:350:381:4",NA,NA,NA,NA
"1500:350:382:3",NA,NA,NA,NA
"1500:350:382:4",NA,NA,NA,NA
"1500:350:383:3",NA,NA,NA,NA
"1500:350:383:4",NA,NA,NA,NA
"1500:350:384:3",NA,0.012845101586069,NA,NA
"1500:350:384:4",NA,NA,NA,NA
"1500:350:485:3",NA,NA,NA,NA
"1500:350:485:4",NA,NA,NA,NA
"1500:350:486:3",NA,NA,NA,NA
"1500:350:486:4",NA,0.1510406065974,NA,NA
"1500:350:487:3",NA,NA,NA,NA
"1500:350:487:4",NA,NA,NA,NA
"1500:350:488:3",NA,NA,NA,NA
"1500:350:488:4",NA,NA,NA,NA
"1500:350:489:3",NA,NA,NA,NA
"1500:350:489:4",NA,NA,NA,NA
"1500:351:380:3",NA,NA,NA,NA
"1500:351:380:4",NA,NA,NA,NA
"1500:351:381:3",NA,NA,NA,NA
"1500:351:381:4",NA,NA,NA,NA
"1500:351:382:3",NA,NA,NA,NA
"1500:351:382:4",NA,NA,NA,NA
"1500:351:383:3",NA,NA,NA,NA
"1500:351:383:4",NA,NA,NA,NA
"1500:351:384:3",NA,NA,NA,NA
"1500:351:384:4",NA,NA,NA,NA
"1500:351:485:3",NA,NA,NA,NA
"1500:351:485:4",NA,NA,NA,NA
"1500:351:486:3",NA,0.029580665525242,NA,NA
"1500:351:486:4",NA,0.249728727882619,NA,NA
"1500:351:487:3",NA,0.183300555393385,NA,NA
"1500:351:487:4",NA,NA,NA,NA
"1500:351:488:3",NA,NA,NA,NA
"1500:351:488:4",NA,NA,NA,NA
"1500:351:489:3",NA,NA,NA,NA
"1500:351:489:4",NA,NA,NA,NA
"1500:352:380:3",NA,NA,NA,NA
"1500:352:380:4",NA,NA,NA,NA
"1500:352:381:3",NA,NA,NA,NA
"1500:352:381:4",NA,NA,NA,NA
"1500:352:382:3",NA,NA,NA,NA
"1500:352:382:4",NA,NA,NA,NA
"1500:352:383:3",NA,NA,NA,NA
"1500:352:383:4",NA,NA,NA,NA
"1500:352:384:3",NA,NA,NA,NA
"1500:352:384:4",NA,NA,NA,NA
"1500:352:485:3",NA,NA,NA,NA
"1500:352:485:4",NA,NA,NA,NA
"1500:352:486:3",NA,NA,NA,NA
"1500:352:486:4",NA,NA,NA,NA
"1500:352:487:3",NA,NA,NA,NA
"1500:352:487:4",NA,NA,NA,NA
"1500:352:488:3",NA,NA,NA,NA
"1500:352:488:4",NA,0.160772858381061,NA,NA
"1500:352:489:3",NA,0.194076390892451,NA,NA
"1500:352:489:4",NA,0.152038874947758,NA,0.076186204350579
"1500:353:380:3",NA,NA,NA,1.13771398496864
"1500:353:380:4",NA,0.138562777658574,NA,NA
"1500:353:381:3",NA,0.111898477040362,NA,NA
"1500:353:381:4",NA,0.402581290836859,NA,NA
"1500:353:382:3",NA,0.562383621588039,NA,NA
"1500:353:382:4",NA,0.247532994665044,NA,NA
"1500:353:383:3",NA,0.229370528612341,NA,NA
"1500:353:383:4",NA,NA,NA,NA
"1500:353:384:3",NA,NA,NA,NA
"1500:353:384:4",NA,NA,NA,NA
"1500:353:485:3",NA,0.195273193937241,NA,NA
"1500:353:485:4",NA,0.335104407137518,NA,NA
"1500:353:486:3",NA,0.194076390892451,NA,NA
"1500:353:486:4",NA,0.687958897335365,NA,NA
"1500:353:487:3",0.034688360127737,0.374237861422252,NA,NA
"1500:353:487:4",NA,0.404053306970123,NA,NA
"1500:353:488:3",NA,0.2014251980308,NA,NA
"1500:353:488:4",0.034688360127737,2.16980882615318,NA,NA
"1500:353:489:3",NA,1.09580340203719,NA,NA
"1500:353:489:4",NA,1.67302177851893,NA,NA
"1500:354:380:3",0.034688360127737,2.53281542490286,NA,NA
"1500:354:380:4",0.005238017814323,1.83222623330031,NA,NA
"1500:354:381:3",0.286245653119184,1.33724734334895,NA,NA
"1500:354:381:4",0.418593478267245,1.38018611905265,NA,NA
"1500:354:382:3",0.535751274619901,0.669213961931014,NA,NA
"1500:354:382:4",0.333769732818605,0.775780281317317,NA,NA
"1500:354:383:3",0.249764851121384,0.559975805492913,NA,NA
"1500:354:383:4",0.455228600075922,0.552373739389137,NA,NA
"1500:354:384:3",0.389986202450973,1.13559388410151,NA,NA
"1500:354:384:4",0.163135733366926,1.26233240893191,NA,NA
"1500:354:485:3",0.543988405513829,0.447929532931083,NA,NA
"1500:354:485:4",0.649026790798967,1.29085685751321,NA,NA
"1500:354:486:3",0.514412274826657,0.193241373546637,NA,NA
"1500:354:486:4",1.16304874065206,0.014927259023878,NA,NA
"1500:354:487:3",1.73577224391824,NA,NA,NA
"1500:354:487:4",1.65918764330275,NA,NA,NA
"1500:354:488:3",1.97158503140587,NA,NA,NA
"1500:354:488:4",1.67909859639635,0.033053216410015,NA,NA
"1500:354:489:3",0.40374281243474,NA,NA,NA
"1500:354:489:4",0.511529003914306,NA,NA,NA
"1500:455:380:3",0.663248938710423,NA,NA,NA
"1500:455:380:4",0.904245058878173,NA,NA,NA
"1500:455:381:3",0.612623946009306,NA,NA,NA
"1500:455:381:4",0.754262179776833,0.110266638591543,NA,NA
"1500:455:382:3",0.054373271082475,0.159376820996399,NA,NA
"1500:455:382:4",NA,1.53088356132491,NA,NA
"1500:455:383:3",NA,3.36860922427625,NA,NA
"1500:455:383:4",NA,2.50706645386185,NA,NA
"1500:455:384:3",NA,1.35547997416287,NA,NA
"1500:455:384:4",NA,2.80998297702182,NA,NA
"1500:455:485:3",NA,5.02213805189591,NA,NA
"1500:455:485:4",NA,6.27785188110332,NA,NA
"1500:455:486:3",NA,6.73534495455244,NA,NA
"1500:455:486:4",NA,5.1674301724724,NA,NA
"1500:455:487:3",0.006012131456826,7.28887139681532,NA,NA
"1500:455:487:4",0.008744918482656,4.34572347216673,NA,NA
"1500:455:488:3",NA,4.09506352911298,NA,NA
"1500:455:488:4",NA,4.27093552418192,NA,NA
"1500:455:489:3",NA,2.19424440838421,NA,NA
"1500:455:489:4",NA,1.75248565227714,NA,NA
"1500:456:380:3",0.059533365170367,0.952156848819946,NA,NA
"1500:456:380:4",0.209334326325383,2.66635582470885,NA,NA
"1500:456:381:3",0.078717552804174,2.40217726785659,NA,NA
"1500:456:381:4",0.064507259235273,2.52624034813188,NA,NA
"1500:456:382:3",0.176197813096436,1.28226736243772,NA,NA
"1500:456:382:4",0.473555703060132,2.11538934316988,NA,NA
"1500:456:383:3",0.961305105247507,0.750482629611863,NA,NA
"1500:456:383:4",1.21922612355985,0.767045652935038,NA,NA
"1500:456:384:3",1.16452743942638,0.078860932322351,NA,NA
"1500:456:384:4",1.36736512098457,0.119183420011495,NA,NA
"1500:456:485:3",1.46177917874228,0.034143090869693,NA,NA
"1500:456:485:4",1.66561587448068,0.085565096261616,NA,NA
"1500:456:486:3",1.4626761564895,0.189885335252063,NA,NA
"1500:456:486:4",1.04640176279095,NA,NA,NA
"1500:456:487:3",0.791802129621675,0.359025618091116,NA,NA
"1500:456:487:4",1.62587270164109,NA,NA,NA
"1500:456:488:3",1.04049079651723,0.038431485328549,NA,NA
"1500:456:488:4",0.755294474267363,0.247826459605182,NA,NA
"1500:456:489:3",1.57726728614614,NA,NA,NA
"1500:456:489:4",1.71183943924912,0.097038195446225,NA,NA
"1500:457:380:3",0.861844922886204,NA,NA,NA
"1500:457:380:4",0.599429427641108,NA,NA,NA
"1500:457:381:3",1.01302554046993,NA,NA,NA
"1500:457:381:4",0.915780777128256,0.043060701657197,NA,NA
"1500:457:382:3",1.04839237122493,0.014927259023878,NA,NA
"1500:457:382:4",0.283321866653797,0.030920750835175,NA,NA
"1500:457:383:3",NA,NA,NA,NA
"1500:457:383:4",0.010384590698154,0.086716905035583,NA,0.311951498459971
"1500:457:384:3",0.006340065899926,0.201298041410584,NA,0.602790486029332
"1500:457:384:4",NA,0.105626109608347,NA,NA
"1500:457:485:3",NA,0.386354850069706,NA,NA
"1500:457:485:4",NA,0.640532685431074,NA,NA
"1500:457:486:3",0.001912950918081,0.034757327972684,NA,NA
"1500:457:486:4",0.012227456235728,NA,NA,NA
"1500:457:487:3",0.177828474443929,0.149513660808067,NA,NA
"1500:457:487:4",0.299580785012252,0.259614739165611,NA,NA
"1500:457:488:3",0.403143136436503,0.580789279622325,NA,NA
"1500:457:488:4",0.492453713549994,0.18393362454507,NA,NA
"1500:457:489:3",0.179516819405082,0.118248317998725,NA,NA
"1500:457:489:4",0.069326310257764,0.154973952962098,NA,NA
"7500:351:489:2",NA,0.250554501124391,NA,NA
"7500:351:489:1",NA,2.27866172260552,0.184570341845958,NA
"7500:351:488:2",0.000316807648428,2.50729444573368,0.010857455255084,NA
"7500:351:488:1",NA,0.248150882334571,0.017794162779165,NA
"7500:351:487:2",NA,0.074419440959631,NA,NA
"7500:351:487:1",NA,NA,NA,NA
"7500:351:486:2",NA,0.114312193952641,NA,NA
"7500:351:486:1",NA,0.660611590858882,0.014416287810917,NA
"7500:351:485:2",NA,1.08508086103406,0.11346241805549,NA
"7500:351:485:1",NA,0.61494340016008,0.418735211393976,NA
"7500:351:384:2",NA,0.047601190608493,0.05428727627542,NA
"7500:351:384:1",NA,0.021085508271895,0.021533952922583,NA
"7500:351:383:2",NA,NA,0.021714910510168,NA
"7500:351:383:1",NA,NA,NA,NA
"7500:351:382:2",NA,NA,NA,NA
"7500:351:382:1",NA,NA,NA,NA
"7500:351:381:2",NA,0.103679892655288,NA,NA
"7500:351:381:1",NA,NA,NA,NA
"7500:351:380:2",NA,NA,NA,NA
"7500:351:380:1",NA,NA,NA,NA
"7500:350:489:2",NA,0.15501144743465,NA,NA
"7500:350:489:1",NA,NA,NA,NA
"7500:350:488:2",NA,NA,NA,NA
"7500:350:488:1",NA,NA,NA,NA
"7500:350:487:2",NA,0.063002612583336,NA,NA
"7500:350:487:1",NA,NA,NA,NA
"7500:350:486:2",NA,NA,NA,NA
"7500:350:486:1",NA,NA,NA,NA
"7500:350:485:2",NA,0.133514497290767,NA,NA
"7500:350:485:1",NA,NA,NA,NA
"7500:350:384:2",NA,0.167590411536714,NA,NA
"7500:350:384:1",NA,NA,NA,NA
"7500:350:383:2",NA,NA,NA,NA
"7500:350:383:1",NA,NA,NA,NA
"7500:350:382:2",NA,NA,NA,NA
"7500:350:382:1",NA,0.086879202466386,NA,NA
"7500:350:381:2",NA,NA,NA,NA
"7500:350:381:1",NA,NA,NA,NA
"7500:350:380:2",NA,0.028959734155462,NA,NA
"7500:350:380:1",NA,0.38447916427332,NA,NA
"1500:350:380:1",NA,NA,NA,NA
"1500:350:380:2",NA,1.13236127593507,NA,NA
"1500:350:381:1",NA,NA,NA,NA
"1500:350:381:2",NA,NA,NA,NA
"1500:350:382:1",NA,NA,NA,NA
"1500:350:382:2",NA,NA,NA,NA
"1500:350:383:1",NA,NA,NA,NA
"1500:350:383:2",NA,NA,NA,NA
"1500:350:384:1",NA,NA,NA,NA
"1500:350:384:2",NA,NA,NA,NA
"1500:350:485:1",NA,NA,NA,NA
"1500:350:485:2",NA,NA,NA,NA
"1500:350:486:1",NA,NA,NA,NA
"1500:350:486:2",NA,NA,NA,NA
"1500:350:487:1",NA,NA,NA,NA
"1500:350:487:2",NA,NA,NA,NA
"1500:350:488:1",NA,NA,NA,NA
"1500:350:488:2",NA,NA,NA,NA
"1500:350:489:1",NA,NA,NA,NA
"1500:350:489:2",NA,NA,NA,NA
"1500:351:380:1",NA,NA,NA,NA
"1500:351:380:2",NA,NA,NA,NA
"1500:351:381:1",NA,NA,NA,NA
"1500:351:381:2",NA,NA,NA,NA
"1500:351:382:1",NA,0.097478683879342,NA,NA
"1500:351:382:2",NA,NA,NA,NA
"1500:351:383:1",NA,NA,NA,NA
"1500:351:383:2",NA,NA,NA,NA
"1500:351:384:1",NA,NA,NA,NA
"1500:351:384:2",NA,NA,NA,NA
"1500:351:485:1",NA,NA,NA,NA
"1500:351:485:2",NA,NA,NA,NA
"1500:351:486:1",NA,NA,NA,NA
"1500:351:486:2",NA,0.711362749315311,NA,NA
"1500:351:487:1",NA,1.21737667306272,NA,NA
"1500:351:487:2",NA,0.183356786859657,NA,NA
"1500:351:488:1",NA,NA,NA,NA
"1500:351:488:2",NA,NA,NA,NA
"1500:351:489:1",NA,NA,NA,NA
"1500:351:489:2",NA,NA,NA,NA
"1500:352:380:1",NA,NA,NA,NA
"1500:352:380:2",NA,NA,NA,NA
"1500:352:381:1",NA,NA,NA,NA
"1500:352:381:2",NA,NA,NA,NA
"1500:352:382:1",NA,NA,NA,NA
"1500:352:382:2",NA,NA,NA,NA
"1500:352:383:1",NA,NA,NA,NA
"1500:352:383:2",NA,NA,NA,NA
"1500:352:384:1",NA,NA,NA,NA
"1500:352:384:2",NA,NA,NA,NA
"1500:352:485:1",NA,NA,NA,NA
"1500:352:485:2",NA,0.061205916788885,NA,NA
"1500:352:486:1",NA,NA,NA,NA
"1500:352:486:2",NA,NA,NA,NA
"1500:352:487:1",NA,NA,NA,NA
"1500:352:487:2",NA,0.193826872000816,NA,NA
"1500:352:488:1",NA,NA,NA,NA
"1500:352:488:2",NA,0.609196519308939,NA,NA
"1500:352:489:1",NA,0.061782773542903,NA,NA
"1500:352:489:2",NA,0.570178958255038,NA,NA
"1500:353:380:1",NA,0.406908386474157,NA,NA
"1500:353:380:2",NA,0.416290425813581,NA,NA
"1500:353:381:1",NA,0.411609920981797,NA,NA
"1500:353:381:2",NA,0.924952583674693,NA,NA
"1500:353:382:1",NA,0.280830289907097,NA,NA
"1500:353:382:2",NA,NA,NA,NA
"1500:353:383:1",NA,NA,NA,NA
"1500:353:383:2",NA,NA,NA,NA
"1500:353:384:1",NA,NA,NA,NA
"1500:353:384:2",NA,NA,NA,NA
"1500:353:485:1",NA,NA,NA,NA
"1500:353:485:2",NA,NA,NA,NA
"1500:353:486:1",NA,0.147792989900622,NA,NA
"1500:353:486:2",NA,NA,NA,NA
"1500:353:487:1",NA,0.217586793842285,NA,NA
"1500:353:487:2",NA,0.798025400409426,NA,NA
"1500:353:488:1",0.028869801849155,0.294739787130639,NA,NA
"1500:353:488:2",0.05773960369831,1.35825541848255,NA,NA
"1500:353:489:1",0.0662398135077,2.17846029247819,NA,NA
"1500:353:489:2",0.22289209125357,0.445361247506315,NA,NA
"1500:354:380:1",0.099647719450714,0.211349832939378,NA,NA
"1500:354:380:2",0.207118646124529,0.963035505790089,NA,NA
"1500:354:381:1",0.70625716659018,0.370621803534872,NA,NA
"1500:354:381:2",0.613035059069183,0.483107353760353,NA,NA
"1500:354:382:1",0.278071124773903,0.296537983671547,NA,NA
"1500:354:382:2",0.434245208050825,0.438601978074546,NA,NA
"1500:354:383:1",0.825279685463236,0.681401350493724,NA,NA
"1500:354:383:2",0.666376421089417,0.268725727669438,NA,NA
"1500:354:384:1",0.976131433061077,1.00552669254876,NA,NA
"1500:354:384:2",0.708307359984482,0.632686189785644,NA,NA
"1500:354:485:1",0.391845626757826,1.19931905265135,NA,NA
"1500:354:485:2",0.454696233834436,0.341702526712386,NA,NA
"1500:354:486:1",0.306532384904802,0.561679432544483,NA,NA
"1500:354:486:2",0.550367895489245,0.323129454325636,NA,NA
"1500:354:487:1",1.57127779018344,0.270956006249348,NA,NA
"1500:354:487:2",1.15763154263236,0.020232377241452,NA,NA
"1500:354:488:1",1.46290588296361,NA,NA,NA
"1500:354:488:2",1.41158306584607,NA,NA,NA
"1500:354:489:1",0.546931996385829,0.063205068260021,NA,NA
"1500:354:489:2",0.424365213683507,0.082349324912578,NA,NA
"1500:455:380:1",0.31660121599159,NA,NA,NA
"1500:455:380:2",0.575314271580823,NA,NA,NA
"1500:455:381:1",0.957916638228949,0.250647724785847,NA,NA
"1500:455:381:2",0.317119030550118,0.868451646787166,NA,NA
"1500:455:382:1",0.065464379687357,0.833710872077082,NA,NA
"1500:455:382:2",0.018675541089973,2.91517282394608,NA,NA
"1500:455:383:1",0.021343475531397,3.71717102042548,NA,NA
"1500:455:383:2",NA,2.52571969453381,NA,NA
"1500:455:384:1",NA,1.22524263971589,NA,NA
"1500:455:384:2",0.035369188023459,2.98936488192936,NA,NA
"1500:455:485:1",0.053053782035188,3.27652465400746,NA,NA
"1500:455:485:2",NA,4.92615307169686,NA,NA
"1500:455:486:1",NA,5.88552608392392,NA,NA
"1500:455:486:2",NA,3.19233764687724,NA,NA
"1500:455:487:1",0.007641965950371,5.78313974346441,NA,NA
"1500:455:487:2",0.005731474462778,5.81663871810231,NA,NA
"1500:455:488:1",NA,2.76553352550742,NA,NA
"1500:455:488:2",NA,2.96254242309315,NA,NA
"1500:455:489:1",NA,2.6453032268264,NA,NA
"1500:455:489:2",0.031479426133253,1.94463120775038,NA,NA
"1500:456:380:1",NA,2.8332900499138,NA,NA
"1500:456:380:2",0.023296094008073,4.04775428692657,NA,NA
"1500:456:381:1",0.036474475149191,1.93472621519088,NA,NA
"1500:456:381:2",0.109145060484574,1.93875316803845,NA,NA
"1500:456:382:1",0.159245990537929,2.01330809599584,NA,NA
"1500:456:382:2",0.735420943871432,3.64444677380446,NA,NA
"1500:456:383:1",1.11280747574069,0.384853440503995,NA,NA
"1500:456:383:2",1.4790202620508,0.218616422114617,NA,NA
"1500:456:384:1",1.428888288701,0.169718143568925,NA,NA
"1500:456:384:2",0.789904613062186,0.044088492700912,NA,NA
"1500:456:485:1",1.0908159548448,0.041884068065867,NA,NA
"1500:456:485:2",1.55092955413028,NA,NA,NA
"1500:456:486:1",1.36972023824238,NA,NA,NA
"1500:456:486:2",1.0313562799058,0.181905004714072,NA,NA
"1500:456:487:1",0.891554247354524,0.144920973208893,NA,NA
"1500:456:487:2",1.33285251033664,0.143562239634751,NA,NA
"1500:456:488:1",0.844227118326527,0.480911447046189,NA,NA
"1500:456:488:2",0.709817031876499,0.159163230945893,NA,NA
"1500:456:489:1",1.33430202422478,0.196711769154225,NA,NA
"1500:456:489:2",1.63865330386635,0.139102207936811,NA,NA
"1500:457:380:1",1.92475588303319,0.03494183846562,NA,0.623100861309507
"1500:457:380:2",1.48492598884469,0.032254004737496,NA,NA
"1500:457:381:1",1.55539006645048,0.052505678403385,NA,NA
"1500:457:381:2",1.45032099140981,0.053934548369898,NA,NA
"1500:457:382:1",1.57697782367954,NA,NA,NA
"1500:457:382:2",0.108925183659079,NA,NA,NA
"1500:457:383:1",NA,NA,NA,NA
"1500:457:383:2",0.00590978700162,0.084917870311267,NA,0.305375127721206
"1500:457:384:1",0.019994658054434,0.033177437165751,NA,NA
"1500:457:384:2",NA,NA,NA,NA
"1500:457:485:1",NA,0.224510070697731,NA,NA
"1500:457:485:2",0.009347741881822,0.669063894047235,NA,NA
"1500:457:486:1",0.009704945017144,0.021090115517043,NA,NA
"1500:457:486:2",0.141333341881967,0.024334748673511,NA,NA
"1500:457:487:1",0.840914716121888,0.066930293492033,NA,NA
"1500:457:487:2",1.0003482473206,NA,NA,NA
"1500:457:488:1",0.771450849490963,0.042133038220358,NA,NA
"1500:457:488:2",0.626263304586332,NA,NA,NA
"1500:457:489:1",0.294560804544638,0.024613292555727,NA,NA
"1500:457:489:2",0.139732306138876,0.028715507981681,NA,NA
"7500:351:479:4",NA,NA,NA,NA
"7500:351:479:3",NA,NA,0.189075313832723,NA
"7500:351:478:4",NA,0.171372402239188,0.025301551992727,NA
"7500:351:478:3",NA,0.017523065079699,0.05828393226896,NA
"7500:351:477:4",NA,0.550890733115785,0.014638755081506,NA
"7500:351:477:3",NA,0.106852240978185,NA,NA
"7500:351:476:4",NA,0.272263908781978,NA,NA
"7500:351:476:3",NA,0.160724964254666,NA,NA
"7500:351:475:4",NA,0.027348869653377,0.056346154675866,NA
"7500:351:475:3",NA,0.158270578785596,0.071461823931838,NA
"7500:351:374:4",NA,NA,0.05851987928159,NA
"7500:351:374:3",NA,0.09439480368221,NA,NA
"7500:351:373:4",NA,NA,NA,NA
"7500:351:373:3",NA,NA,0.01445802971013,NA
"7500:351:372:4",NA,NA,NA,NA
"7500:351:372:3",NA,NA,NA,NA
"7500:351:371:4",NA,0.108749864966324,NA,NA
"7500:351:371:3",NA,0.200403683353825,NA,NA
"7500:351:370:4",NA,NA,NA,NA
"7500:351:370:3",NA,NA,NA,NA
"7500:350:479:4",NA,NA,NA,NA
"7500:350:479:3",NA,0.104262237224208,NA,NA
"7500:350:478:4",NA,NA,NA,NA
"7500:350:478:3",NA,NA,NA,NA
"7500:350:477:4",NA,0.128034051311958,NA,NA
"7500:350:477:3",NA,0.167558002290935,NA,NA
"7500:350:476:4",NA,NA,NA,NA
"7500:350:476:3",NA,NA,NA,NA
"7500:350:475:4",NA,0.035818840787916,NA,NA
"7500:350:475:3",NA,NA,NA,NA
"7500:350:374:4",NA,NA,NA,NA
"7500:350:374:3",NA,0.078695797526268,NA,NA
"7500:350:373:4",NA,NA,NA,NA
"7500:350:373:3",NA,NA,NA,NA
"7500:350:372:4",NA,NA,NA,NA
"7500:350:372:3",NA,NA,NA,NA
"7500:350:371:4",NA,NA,NA,NA
"7500:350:371:3",NA,0.06203124373615,NA,NA
"7500:350:370:4",NA,0.414159971358348,NA,NA
"7500:350:370:3",NA,0.072747125171351,NA,NA
"1500:350:370:3",NA,0.034782017618037,NA,NA
"1500:350:370:4",NA,0.106262990524845,NA,NA
"1500:350:371:3",NA,NA,NA,NA
"1500:350:371:4",NA,NA,NA,NA
"1500:350:372:3",NA,NA,NA,NA
"1500:350:372:4",NA,NA,NA,NA
"1500:350:373:3",NA,NA,NA,NA
"1500:350:373:4",NA,NA,NA,NA
"1500:350:374:3",NA,0.09439480368221,NA,NA
"1500:350:374:4",NA,NA,NA,NA
"1500:350:475:3",NA,NA,NA,NA
"1500:350:475:4",NA,NA,NA,NA
"1500:350:476:3",NA,NA,NA,NA
"1500:350:476:4",NA,NA,NA,NA
"1500:350:477:3",NA,NA,NA,NA
"1500:350:477:4",NA,NA,NA,NA
"1500:350:478:3",NA,NA,NA,NA
"1500:350:478:4",NA,NA,NA,NA
"1500:350:479:3",NA,NA,NA,NA
"1500:350:479:4",NA,NA,NA,NA
"1500:351:370:3",NA,NA,NA,NA
"1500:351:370:4",NA,NA,NA,NA
"1500:351:371:3",NA,NA,NA,NA
"1500:351:371:4",NA,NA,NA,NA
"1500:351:372:3",NA,NA,NA,NA
"1500:351:372:4",NA,NA,NA,NA
"1500:351:373:3",NA,NA,NA,NA
"1500:351:373:4",NA,NA,NA,NA
"1500:351:374:3",NA,NA,NA,NA
"1500:351:374:4",NA,NA,NA,NA
"1500:351:475:3",NA,NA,NA,NA
"1500:351:475:4",NA,NA,NA,NA
"1500:351:476:3",NA,0.003418608706672,NA,NA
"1500:351:476:4",NA,0.964553287006397,NA,NA
"1500:351:477:3",NA,2.02502435558001,NA,NA
"1500:351:477:4",NA,0.394159586070355,NA,NA
"1500:351:478:3",NA,NA,NA,NA
"1500:351:478:4",NA,NA,NA,NA
"1500:351:479:3",NA,NA,NA,NA
"1500:351:479:4",NA,NA,NA,NA
"1500:352:370:3",NA,NA,NA,NA
"1500:352:370:4",NA,NA,NA,NA
"1500:352:371:3",NA,NA,NA,NA
"1500:352:371:4",NA,NA,NA,NA
"1500:352:372:3",NA,NA,NA,NA
"1500:352:372:4",NA,NA,NA,NA
"1500:352:373:3",NA,NA,NA,NA
"1500:352:373:4",NA,NA,NA,NA
"1500:352:374:3",NA,NA,NA,NA
"1500:352:374:4",NA,NA,NA,NA
"1500:352:475:3",NA,NA,NA,NA
"1500:352:475:4",NA,NA,NA,NA
"1500:352:476:3",NA,NA,NA,NA
"1500:352:476:4",NA,0.146393469217418,NA,NA
"1500:352:477:3",NA,NA,NA,NA
"1500:352:477:4",NA,0.206191452112904,NA,NA
"1500:352:478:3",NA,0.19357814111394,NA,NA
"1500:352:478:4",NA,0.428273851771506,NA,NA
"1500:352:479:3",NA,0.482226051650917,NA,NA
"1500:352:479:4",NA,0.247999767265253,NA,NA
"1500:353:370:3",NA,0.135286304902598,NA,NA
"1500:353:370:4",NA,0.207061466147738,NA,NA
"1500:353:371:3",NA,NA,NA,NA
"1500:353:371:4",NA,0.135286304902598,NA,NA
"1500:353:372:3",NA,NA,NA,NA
"1500:353:372:4",NA,0.290367211670911,NA,NA
"1500:353:373:3",NA,NA,NA,NA
"1500:353:373:4",NA,0.044361657338611,NA,NA
"1500:353:374:3",NA,NA,NA,NA
"1500:353:374:4",NA,NA,NA,NA
"1500:353:475:3",NA,NA,NA,NA
"1500:353:475:4",NA,NA,NA,NA
"1500:353:476:3",NA,NA,NA,NA
"1500:353:476:4",0.034599305154738,0.146078903716452,NA,NA
"1500:353:477:3",0.034008768610966,0.162996028579998,NA,NA
"1500:353:477:4",0.065420706612353,0.460752916186505,NA,NA
"1500:353:478:3",0.055793427381945,0.422261863173259,NA,NA
"1500:353:478:4",0.224039608270566,0.236608961331262,NA,NA
"1500:353:479:3",0.357252176932632,0.080657558797475,NA,NA
"1500:353:479:4",0.317383070848692,0.159016257792562,NA,NA
"1500:354:370:3",0.276954547720187,0.327219371090913,NA,NA
"1500:354:370:4",0.378170153095113,0.271227720207138,NA,NA
"1500:354:371:3",0.737876863981403,0.146418091396197,NA,NA
"1500:354:371:4",0.673650808593938,0.15072244247893,NA,NA
"1500:354:372:3",0.918222635043242,0.159449510156036,NA,NA
"1500:354:372:4",1.22905010473624,0.641601254670665,NA,NA
"1500:354:373:3",1.27815250954342,0.146418091396197,NA,NA
"1500:354:373:4",1.67130035054873,0.358854707453369,NA,NA
"1500:354:374:3",1.22704548660672,0.339202673476714,NA,NA
"1500:354:374:4",0.663056649785118,0.483856685731653,NA,NA
"1500:354:475:3",0.776563615422572,0.499809983056757,NA,NA
"1500:354:475:4",0.503909030369474,1.00725814998559,NA,NA
"1500:354:476:3",0.821949578859438,0.508236762487173,NA,NA
"1500:354:476:4",0.525927465164218,0.310039874329086,NA,NA
"1500:354:477:3",0.396641447521532,0.248108378289898,NA,NA
"1500:354:477:4",2.19309295284012,0.291378262097213,NA,NA
"1500:354:478:3",0.822493470872045,0.019284717709813,NA,NA
"1500:354:478:4",1.2940392087706,0.024460395624579,NA,NA
"1500:354:479:3",0.713855000902312,0.042539818477528,NA,NA
"1500:354:479:4",0.504978216689808,0.059617072883347,NA,NA
"1500:455:370:3",0.581976833627666,0.101878955816448,NA,NA
"1500:455:370:4",0.927565184028753,0.114245181618432,NA,NA
"1500:455:371:3",0.41479397510612,0.360844573332574,NA,NA
"1500:455:371:4",0.03082155087995,0.620159120287494,NA,NA
"1500:455:372:3",NA,1.13175945456241,NA,NA
"1500:455:372:4",NA,3.18416364709309,NA,NA
"1500:455:373:3",NA,5.05391327970182,NA,NA
"1500:455:373:4",NA,1.92228963723025,NA,NA
"1500:455:374:3",NA,0.761099764715676,NA,NA
"1500:455:374:4",NA,2.9892367729307,NA,NA
"1500:455:475:3",0.01998383084555,3.36010058557098,NA,NA
"1500:455:475:4",0.055193437573424,2.98656062496007,NA,NA
"1500:455:476:3",NA,5.54524386560129,NA,NA
"1500:455:476:4",NA,4.74043836587597,NA,NA
"1500:455:477:3",0.003816079648447,7.8797479765742,NA,NA
"1500:455:477:4",0.006269273708162,2.86421378677336,NA,NA
"1500:455:478:3",0.197300410082497,1.9916456571856,NA,NA
"1500:455:478:4",NA,1.78531206013616,NA,NA
"1500:455:479:3",0.025675751694365,2.79260984141807,NA,NA
"1500:455:479:4",NA,2.05853217824212,NA,NA
"1500:456:370:3",NA,1.93564137762386,NA,NA
"1500:456:370:4",0.098446836238544,4.04774689826864,NA,NA
"1500:456:371:3",0.054204352131991,2.63574659209625,NA,NA
"1500:456:371:4",0.137108565914739,3.83235331919866,NA,NA
"1500:456:372:3",0.294891019324354,3.23693801686808,NA,NA
"1500:456:372:4",1.16894169741696,1.97489411354372,NA,NA
"1500:456:373:3",1.27740067662709,0.483918521227248,NA,NA
"1500:456:373:4",1.34677230335927,0.154766971397848,NA,NA
"1500:456:374:3",2.16833090675219,0.169337180731764,NA,NA
"1500:456:374:4",1.58521126164265,0.289218550590471,NA,NA
"1500:456:475:3",0.845070170480293,0.10403244581792,NA,NA
"1500:456:475:4",1.43741383707528,NA,NA,NA
"1500:456:476:3",1.00111407199683,NA,NA,NA
"1500:456:476:4",0.595321020369972,NA,NA,NA
"1500:456:477:3",0.54855277752354,NA,NA,NA
"1500:456:477:4",0.486905267476262,NA,NA,NA
"1500:456:478:3",0.656638942223231,0.206262041240113,NA,NA
"1500:456:478:4",0.614367620086223,0.49683314872372,NA,NA
"1500:456:479:3",1.18784323297665,NA,NA,NA
"1500:456:479:4",1.13178926363939,0.051782294508535,NA,NA
"1500:457:370:3",1.1587558847363,0.08090648076241,NA,0.316609412433392
"1500:457:370:4",1.52201012429198,0.207461838359662,NA,NA
"1500:457:371:3",0.936179997262979,NA,NA,0.311150629460403
"1500:457:371:4",0.635575796617424,NA,NA,NA
"1500:457:372:3",0.483795227319194,NA,NA,NA
"1500:457:372:4",0.095651633515064,NA,NA,NA
"1500:457:373:3",0.022133451248485,0.630783440393841,NA,NA
"1500:457:373:4",NA,0.050810580555955,NA,NA
"1500:457:374:3",0.043566932020936,NA,NA,NA
"1500:457:374:4",0.088740124730294,0.046862686646596,NA,NA
"1500:457:475:3",NA,0.448328964019664,NA,NA
"1500:457:475:4",0.007904736414639,1.06915620280271,NA,NA
"1500:457:476:3",0.01841577827286,0.02977787293427,NA,NA
"1500:457:476:4",0.281144955862236,NA,NA,NA
"1500:457:477:3",1.51328685734026,0.078562684105791,NA,NA
"1500:457:477:4",0.954543155494156,NA,NA,NA
"1500:457:478:3",0.709247112883654,NA,NA,NA
"1500:457:478:4",0.617589564253217,NA,NA,NA
"1500:457:479:3",0.476856418784028,NA,NA,NA
"1500:457:479:4",0.371187332075938,NA,NA,NA
"7500:351:479:1",NA,NA,NA,NA
"7500:351:478:2",NA,NA,NA,NA
"7500:351:478:1",NA,NA,NA,NA
"7500:351:477:2",0.005407039854717,0.292637002974335,0.122989394554046,NA
"7500:351:477:1",0.003475954192318,0.18043078822272,0.110477300412248,NA
"7500:351:476:2",NA,0.526828524249997,0.036700423826533,NA
"7500:351:476:1",0.00421327780887,0.453268113301148,0.387580053110616,NA
"7500:351:475:2",NA,0.238430264780317,0.061052057504876,NA
"7500:351:475:1",NA,0.344073019011072,0.021599101891353,NA
"7500:351:374:2",NA,0.132352013518423,0.00282773757352,NA
"7500:351:374:1",NA,0.109378878158591,NA,NA
"7500:351:373:2",NA,0.114019271422407,NA,NA
"7500:351:373:1",NA,NA,NA,NA
"7500:351:372:2",NA,0.139168182901377,NA,NA
"7500:351:372:1",NA,NA,NA,NA
"7500:351:371:2",NA,NA,NA,NA
"7500:351:371:1",NA,0.145099169009156,NA,NA
"7500:351:370:2",NA,NA,NA,NA
"7500:351:370:1",NA,NA,NA,NA
"7500:350:479:2",NA,NA,NA,NA
"7500:350:479:1",NA,NA,NA,NA
"7500:350:478:2",NA,NA,NA,NA
"7500:350:478:1",NA,NA,NA,NA
"7500:350:477:2",NA,NA,NA,NA
"7500:350:477:1",NA,NA,NA,NA
"7500:350:476:2",NA,0.032195665715365,NA,NA
"7500:350:476:1",NA,0.126862118664195,NA,NA
"7500:350:475:2",NA,0.057296360652715,NA,NA
"7500:350:475:1",NA,0.032195665715365,NA,NA
"7500:350:374:2",NA,NA,NA,NA
"7500:350:374:1",NA,NA,NA,NA
"7500:350:373:2",NA,NA,NA,NA
"7500:350:373:1",NA,NA,NA,NA
"7500:350:372:2",NA,NA,NA,NA
"7500:350:372:1",NA,NA,NA,NA
"7500:350:371:2",NA,NA,NA,NA
"7500:350:371:1",NA,NA,NA,NA
"7500:350:370:2",NA,0.390169607894056,NA,NA
"7500:350:370:1",NA,NA,NA,NA
"1500:350:370:1",NA,NA,NA,NA
"1500:350:370:2",NA,NA,NA,NA
"1500:350:371:1",NA,NA,NA,NA
"1500:350:371:2",NA,NA,NA,NA
"1500:350:372:1",NA,NA,NA,NA
"1500:350:372:2",NA,NA,NA,NA
"1500:350:373:1",NA,0.094273897255313,NA,NA
"1500:350:373:2",NA,NA,NA,NA
"1500:350:374:1",NA,NA,NA,NA
"1500:350:374:2",NA,NA,NA,NA
"1500:350:475:1",NA,NA,NA,NA
"1500:350:475:2",NA,NA,NA,NA
"1500:350:476:1",NA,NA,NA,NA
"1500:350:476:2",NA,NA,NA,NA
"1500:350:477:1",NA,NA,NA,NA
"1500:350:477:2",NA,NA,NA,NA
"1500:350:478:1",NA,NA,NA,NA
"1500:350:478:2",NA,NA,NA,NA
"1500:350:479:1",NA,NA,NA,NA
"1500:350:479:2",NA,NA,NA,NA
"1500:351:370:1",NA,NA,NA,NA
"1500:351:370:2",NA,NA,NA,NA
"1500:351:371:1",NA,NA,NA,NA
"1500:351:371:2",NA,NA,NA,NA
"1500:351:372:1",NA,NA,NA,NA
"1500:351:372:2",NA,NA,NA,NA
"1500:351:373:1",NA,NA,NA,NA
"1500:351:373:2",NA,NA,NA,NA
"1500:351:374:1",NA,NA,NA,NA
"1500:351:374:2",NA,NA,NA,NA
"1500:351:475:1",NA,NA,NA,NA
"1500:351:475:2",NA,NA,NA,NA
"1500:351:476:1",NA,NA,NA,NA
"1500:351:476:2",NA,NA,NA,NA
"1500:351:477:1",NA,NA,NA,NA
"1500:351:477:2",NA,NA,NA,NA
"1500:351:478:1",NA,NA,NA,NA
"1500:351:478:2",NA,NA,NA,NA
"1500:351:479:1",NA,NA,NA,NA
"1500:351:479:2",NA,0.101367880528734,NA,NA
"1500:352:370:1",NA,NA,NA,NA
"1500:352:370:2",NA,NA,NA,NA
"1500:352:371:1",NA,NA,NA,NA
"1500:352:371:2",NA,NA,NA,NA
"1500:352:372:1",NA,NA,NA,NA
"1500:352:372:2",NA,NA,NA,NA
"1500:352:373:1",NA,NA,NA,NA
"1500:352:373:2",NA,NA,NA,NA
"1500:352:374:1",NA,NA,NA,NA
"1500:352:374:2",NA,NA,NA,NA
"1500:352:475:1",NA,NA,NA,NA
"1500:352:475:2",NA,NA,NA,NA
"1500:352:476:1",NA,0.371420549922134,NA,NA
"1500:352:476:2",NA,NA,NA,NA
"1500:352:477:1",NA,0.036974673911355,NA,NA
"1500:352:477:2",NA,1.12987870084491,NA,NA
"1500:352:478:1",NA,0.486199304591194,NA,NA
"1500:352:478:2",NA,NA,NA,NA
"1500:352:479:1",NA,NA,NA,NA
"1500:352:479:2",NA,NA,NA,NA
"1500:353:370:1",NA,0.40181745317949,NA,NA
"1500:353:370:2",NA,0.246736509673329,NA,NA
"1500:353:371:1",NA,0.280338271294667,NA,NA
"1500:353:371:2",NA,0.687297382519086,NA,0.075893279250833
"1500:353:372:1",NA,0.826755097031861,NA,0.753873240558276
"1500:353:372:2",NA,0.085790273953127,NA,NA
"1500:353:373:1",NA,NA,NA,NA
"1500:353:373:2",0.073140908122248,0.338327840941911,NA,NA
"1500:353:374:1",NA,NA,NA,NA
"1500:353:374:2",NA,NA,NA,NA
"1500:353:475:1",NA,0.098045946408824,NA,NA
"1500:353:475:2",NA,0.289995292235924,NA,NA
"1500:353:476:1",0.028069522722891,0.145891797248676,NA,NA
"1500:353:476:2",0.095771028043616,0.077638429446749,NA,NA
"1500:353:477:1",0.241976755186771,0.614223955070275,NA,NA
"1500:353:477:2",0.035207007049438,0.407092382418786,NA,NA
"1500:353:478:1",0.691428961405289,0.535809379762042,NA,NA
"1500:353:478:2",0.611408942453181,0.270226044462701,NA,NA
"1500:353:479:1",0.479256730243426,0.209143914213281,NA,NA
"1500:353:479:2",0.589984060078004,0.239398332640319,NA,NA
"1500:354:370:1",0.365702705600767,0.231038589376027,NA,NA
"1500:354:370:2",0.758493530247892,NA,NA,NA
"1500:354:371:1",1.22486024706327,0.292231275324388,NA,NA
"1500:354:371:2",1.14928156736293,0.184293048467406,NA,NA
"1500:354:372:1",1.2575509687308,NA,NA,NA
"1500:354:372:2",1.24430319181213,0.227242069511248,NA,NA
"1500:354:373:1",1.2424298484673,0.76775766753397,NA,NA
"1500:354:373:2",1.30473475161371,0.14190116056905,NA,NA
"1500:354:374:1",0.790989742623191,0.021285174085357,NA,NA
"1500:354:374:2",0.637050344919362,0.815120736591506,NA,NA
"1500:354:475:1",0.32245834725177,0.526198236703347,NA,NA
"1500:354:475:2",0.372350425468225,0.358911800266278,NA,NA
"1500:354:476:1",0.71466413327008,0.748680118502821,NA,NA
"1500:354:476:2",0.637529326009767,0.636453474781794,NA,NA
"1500:354:477:1",0.941797134216192,0.301014529264498,NA,NA
"1500:354:477:2",2.00910952825278,0.212431391297789,NA,NA
"1500:354:478:1",1.35549213585438,NA,NA,NA
"1500:354:478:2",0.449098640772973,NA,NA,NA
"1500:354:479:1",0.677815871223359,NA,NA,NA
"1500:354:479:2",0.747909446436768,0.11341891051557,NA,NA
"1500:455:370:1",0.773540762788698,0.06571064523562,NA,NA
"1500:455:370:2",0.842026071235956,0.431468610280012,NA,NA
"1500:455:371:1",0.058544154173791,0.223848717841735,NA,NA
"1500:455:371:2",0.125580870347596,1.3310008312655,NA,NA
"1500:455:372:1",NA,1.40783286659083,NA,NA
"1500:455:372:2",NA,2.51584463067063,NA,NA
"1500:455:373:1",NA,4.64396691477653,NA,NA
"1500:455:373:2",NA,1.96421467557878,NA,NA
"1500:455:374:1",NA,2.50226031642819,NA,NA
"1500:455:374:2",NA,1.83126914904786,NA,NA
"1500:455:475:1",NA,3.21944684442267,NA,NA
"1500:455:475:2",0.110245485132464,3.86409241060835,NA,NA
"1500:455:476:1",0.048755115407719,5.82830555040743,NA,NA
"1500:455:476:2",NA,4.14847144539328,NA,NA
"1500:455:477:1",0.004627875743501,5.25242283631997,NA,NA
"1500:455:477:2",NA,3.9429948419447,NA,NA
"1500:455:478:1",0.004627875743501,2.56517988709939,NA,NA
"1500:455:478:2",NA,2.44811502574979,NA,NA
"1500:455:479:1",NA,4.16905074151115,NA,NA
"1500:455:479:2",0.010007226930441,3.4717401227521,NA,NA
"1500:456:370:1",0.057356523749131,4.0112015470336,NA,NA
"1500:456:370:2",0.246107129029839,4.20221109735526,NA,NA
"1500:456:371:1",0.339467474217316,2.50175998141356,NA,NA
"1500:456:371:2",0.45600809916839,2.20225572946126,NA,NA
"1500:456:372:1",0.400111200727343,4.04622587391178,NA,NA
"1500:456:372:2",1.05959414476765,1.08068406533913,NA,NA
"1500:456:373:1",1.43837084653029,0.561291035022509,NA,NA
"1500:456:373:2",1.58910012424683,0.360703032984541,NA,NA
"1500:456:374:1",1.30823241491114,0.042895139395163,NA,NA
"1500:456:374:2",1.3442854233425,NA,NA,NA
"1500:456:475:1",0.96419071097877,0.044954369172662,NA,NA
"1500:456:475:2",1.0652200168169,NA,NA,NA
"1500:456:476:1",0.676143396972606,0.048994075605208,NA,NA
"1500:456:476:2",0.784912115517554,0.038870646343362,NA,NA
"1500:456:477:1",0.279878512672684,0.048994075605208,NA,NA
"1500:456:477:2",0.346769034958892,NA,NA,NA
"1500:456:478:1",0.476222249140965,0.051715968694387,NA,NA
"1500:456:478:2",0.580915274510066,NA,NA,NA
"1500:456:479:1",1.21577252231474,0.278387519601607,NA,0.316203880441312
"1500:456:479:2",0.442957971039091,NA,NA,NA
"1500:457:370:1",0.358822530315342,NA,NA,NA
"1500:457:370:2",0.916113737358811,NA,NA,0.30284717274106
"1500:457:371:1",0.564831140417488,NA,NA,0.161866592327118
"1500:457:371:2",0.110881286941606,NA,NA,NA
"1500:457:372:1",0.737292765522991,NA,NA,NA
"1500:457:372:2",0.204262543739955,NA,NA,NA
"1500:457:373:1",NA,0.124766977094482,NA,0.600472842503826
"1500:457:373:2",NA,0.071528718523451,NA,NA
"1500:457:374:1",NA,NA,NA,NA
"1500:457:374:2",0.051351108747447,0.072724252962954,NA,NA
"1500:457:475:1",0.12743426504846,0.134406768356396,NA,NA
"1500:457:475:2",0.015026984767132,2.75717355560707,NA,NA
"1500:457:476:1",0.017021333545943,0.172505107352788,NA,NA
"1500:457:476:2",0.26455374092767,NA,NA,NA
"1500:457:477:1",0.91335138756199,NA,NA,NA
"1500:457:477:2",0.464300488850847,NA,NA,NA
"1500:457:478:1",0.434753257035443,NA,NA,NA
"1500:457:478:2",0.558994488227868,NA,NA,NA
"1500:457:479:1",0.450208422247079,NA,NA,NA
"1500:457:479:2",0.351631085938573,NA,NA,NA
"7500:351:468:3",NA,NA,NA,NA
"7500:351:467:4",NA,NA,NA,NA
"7500:351:467:3",NA,0.741763450964304,NA,NA
"7500:351:466:4",NA,NA,NA,NA
"7500:351:466:3",NA,0.01363945996777,0.151999876927581,NA
"7500:351:465:4",NA,0.310260864571594,0.51816910044511,NA
"7500:351:465:3",0.012623673894697,0.340524335380062,0.256243185599041,NA
"7500:351:364:4",NA,0.115406329250584,NA,NA
"7500:351:364:3",NA,0.561351543959275,0.002523683866288,NA
"7500:351:363:4",NA,0.149570516562354,0.007210525332252,NA
"7500:351:363:3",NA,0.179848323706614,NA,NA
"7500:351:362:4",NA,0.043695616618961,NA,NA
"7500:351:362:3",NA,0.008031166455881,NA,NA
"7500:351:361:4",NA,NA,NA,NA
"7500:351:361:3",NA,0.279873487839169,NA,NA
"7500:351:360:4",NA,0.103282004144491,0.007210525332252,NA
"7500:351:360:3",NA,0.001054586141093,NA,NA
"7500:350:469:4",NA,0.096609110270221,NA,NA
"7500:350:469:3",NA,0.069912986590337,NA,NA
"7500:350:468:4",NA,NA,NA,NA
"7500:350:468:3",NA,NA,NA,NA
"7500:350:467:4",NA,NA,NA,NA
"7500:350:467:3",NA,NA,NA,NA
"7500:350:466:4",NA,NA,NA,NA
"7500:350:466:3",NA,0.030368143439129,NA,NA
"7500:350:465:4",NA,0.29024304159052,0.010815787998378,NA
"7500:350:465:3",NA,0.066302426831403,NA,NA
"7500:350:364:4",NA,NA,NA,NA
"7500:350:364:3",NA,NA,NA,NA
"7500:350:363:4",NA,0.092808881289803,NA,NA
"7500:350:363:3",NA,NA,NA,NA
"7500:350:362:4",NA,NA,NA,NA
"7500:350:362:3",NA,NA,NA,NA
"7500:350:361:4",NA,NA,NA,NA
"7500:350:361:3",NA,NA,NA,NA
"7500:350:360:4",NA,NA,NA,NA
"7500:350:360:3",NA,NA,NA,NA
"1500:350:360:3",NA,NA,NA,NA
"1500:350:360:4",NA,NA,NA,NA
"1500:350:361:3",NA,NA,NA,NA
"1500:350:361:4",NA,NA,NA,NA
"1500:350:362:3",NA,NA,NA,NA
"1500:350:362:4",NA,NA,NA,NA
"1500:350:363:3",NA,NA,NA,NA
"1500:350:363:4",NA,NA,NA,NA
"1500:350:364:3",NA,0.068420011913047,NA,NA
"1500:350:364:4",NA,NA,NA,NA
"1500:350:465:3",NA,NA,NA,NA
"1500:350:465:4",NA,NA,NA,NA
"1500:350:466:3",NA,NA,NA,NA
"1500:350:466:4",NA,NA,NA,NA
"1500:350:467:3",NA,NA,NA,NA
"1500:350:467:4",NA,NA,NA,NA
"1500:350:468:3",NA,NA,NA,NA
"1500:350:468:4",NA,NA,NA,NA
"1500:350:469:3",NA,NA,NA,NA
"1500:350:469:4",NA,0.097920598506948,NA,NA
"1500:351:360:3",NA,NA,NA,NA
"1500:351:360:4",NA,NA,NA,NA
"1500:351:361:3",NA,NA,NA,NA
"1500:351:361:4",NA,NA,NA,NA
"1500:351:362:3",NA,NA,NA,NA
"1500:351:362:4",NA,NA,NA,NA
"1500:351:363:3",NA,NA,NA,NA
"1500:351:363:4",NA,NA,NA,NA
"1500:351:364:3",NA,NA,NA,NA
"1500:351:364:4",NA,NA,NA,NA
"1500:351:465:3",NA,NA,NA,NA
"1500:351:465:4",NA,NA,NA,NA
"1500:351:466:3",NA,NA,NA,NA
"1500:351:466:4",NA,NA,NA,NA
"1500:351:467:3",NA,NA,NA,NA
"1500:351:467:4",NA,NA,NA,NA
"1500:351:468:3",NA,NA,NA,NA
"1500:351:468:4",NA,NA,NA,NA
"1500:351:469:3",NA,0.188933730482991,NA,NA
"1500:351:469:4",NA,0.226609469687414,NA,NA
"1500:352:360:3",NA,NA,NA,NA
"1500:352:360:4",NA,NA,NA,NA
"1500:352:361:3",NA,NA,NA,NA
"1500:352:361:4",NA,NA,NA,NA
"1500:352:362:3",NA,NA,NA,NA
"1500:352:362:4",NA,NA,NA,NA
"1500:352:363:3",NA,NA,NA,NA
"1500:352:363:4",NA,NA,NA,NA
"1500:352:364:3",NA,NA,NA,NA
"1500:352:364:4",NA,NA,NA,NA
"1500:352:465:3",NA,0.065626636749671,NA,NA
"1500:352:465:4",NA,0.056433250136032,NA,NA
"1500:352:466:3",NA,0.246084918860713,NA,NA
"1500:352:466:4",NA,NA,NA,NA
"1500:352:467:3",NA,0.494668345408123,NA,NA
"1500:352:467:4",NA,0.477833295947286,NA,NA
"1500:352:468:3",NA,0.19540448209933,NA,NA
"1500:352:468:4",NA,NA,NA,NA
"1500:352:469:3",NA,0.086471108583985,NA,NA
"1500:352:469:4",NA,0.482707574357258,NA,NA
"1500:353:360:3",NA,1.07482348374126,NA,NA
"1500:353:360:4",NA,0.627519846664436,NA,NA
"1500:353:361:3",NA,0.193083029742903,NA,NA
"1500:353:361:4",0.034510811126882,0.627519846664436,NA,NA
"1500:353:362:3",NA,0.617647859882267,NA,NA
"1500:353:362:4",0.032461855934988,0.289624544614355,NA,NA
"1500:353:363:3",0.038483341096991,NA,NA,0.151592505332331
"1500:353:363:4",0.108386908078566,0.144812272307177,NA,NA
"1500:353:364:3",0.379484995156287,NA,NA,NA
"1500:353:364:4",0.1794660096771,NA,NA,NA
"1500:353:465:3",0.230151834379681,NA,NA,NA
"1500:353:465:4",0.227663566952622,0.418913953059173,NA,NA
"1500:353:466:3",0.130022483781633,0.486781488455212,NA,NA
"1500:353:466:4",0.204735702233624,0.68215751736233,NA,NA
"1500:353:467:3",0.215888257664322,0.595350169725124,NA,NA
"1500:353:467:4",0.30424511960738,0.340430080895551,NA,NA
"1500:353:468:3",0.500975296539658,NA,NA,NA
"1500:353:468:4",0.689716987140058,NA,NA,NA
"1500:353:469:3",0.735963585775435,0.342473753823991,NA,NA
"1500:353:469:4",0.495154157728412,0.43866250631847,NA,NA
"1500:354:360:3",0.81465032644628,NA,NA,NA
"1500:354:360:4",0.977882970568865,NA,NA,NA
"1500:354:361:3",1.02482608192753,0.144812272307177,NA,NA
"1500:354:361:4",0.761045140893391,NA,NA,NA
"1500:354:362:3",1.12236390133433,0.463601407657935,NA,NA
"1500:354:362:4",0.765096349539397,NA,NA,NA
"1500:354:363:3",0.686008999595807,0.506548748871523,NA,NA
"1500:354:363:4",0.716170144127161,0.601288848462188,NA,NA
"1500:354:364:3",0.902273796653273,0.445279078968747,NA,NA
"1500:354:364:4",0.593346473418596,0.191194161563292,NA,NA
"1500:354:465:3",0.739678480614813,0.474081346317411,NA,NA
"1500:354:465:4",0.700400080948131,1.12741524588624,NA,NA
"1500:354:466:3",0.790790144270002,1.03714000088857,NA,NA
"1500:354:466:4",0.76708977345221,0.088469887894755,NA,NA
"1500:354:467:3",0.410493784209036,0.031823261354905,NA,NA
"1500:354:467:4",0.617400481454084,0.158909948486283,NA,NA
"1500:354:468:3",1.12730881324665,0.159040070063136,NA,NA
"1500:354:468:4",0.78436512301809,0.029701710597912,NA,NA
"1500:354:469:3",0.592916450013317,NA,NA,NA
"1500:354:469:4",0.620552574239389,0.175953629893128,NA,NA
"1500:455:360:3",0.771822447231923,0.234866576674366,NA,NA
"1500:455:360:4",0.256508434283881,0.08675329195557,NA,NA
"1500:455:361:3",0.049385683166591,0.563160661198143,NA,NA
"1500:455:361:4",NA,0.883515270975633,NA,NA
"1500:455:362:3",0.035708041528487,1.58695244032128,NA,NA
"1500:455:362:4",NA,1.79750758832947,NA,NA
"1500:455:363:3",NA,2.53400138337804,NA,NA
"1500:455:363:4",NA,2.16043129816195,NA,NA
"1500:455:364:3",NA,2.59445903058566,NA,NA
"1500:455:364:4",NA,2.90761222270164,NA,NA
"1500:455:465:3",NA,2.98723891823138,NA,NA
"1500:455:465:4",NA,5.75633926230989,NA,NA
"1500:455:466:3",NA,9.08921409612493,NA,NA
"1500:455:466:4",NA,6.46482085013886,NA,NA
"1500:455:467:3",0.00489383913774,5.85659135566832,NA,NA
"1500:455:467:4",NA,4.44995098163528,NA,NA
"1500:455:468:3",NA,5.41290344425044,NA,NA
"1500:455:468:4",0.039311062783445,5.68332348239755,NA,NA
"1500:455:469:3",0.006473387645515,5.78567990895372,NA,NA
"1500:455:469:4",0.045237779352676,5.06062158210263,NA,NA
"1500:456:360:3",0.399299057824029,2.19816562400173,NA,NA
"1500:456:360:4",0.460083701752427,0.823931133722154,NA,NA
"1500:456:361:3",0.919668979682602,0.986401200297202,NA,NA
"1500:456:361:4",0.898463174183268,0.725747355903272,NA,NA
"1500:456:362:3",0.999053345879439,1.15254833403656,NA,NA
"1500:456:362:4",0.718539366031228,0.960280498391563,NA,NA
"1500:456:363:3",1.31058738024768,0.558251036831923,NA,NA
"1500:456:363:4",1.72413904955115,0.322715172799544,NA,NA
"1500:456:364:3",0.815093719852569,0.341265179192878,NA,NA
"1500:456:364:4",0.59870364807341,0.094580765407231,NA,NA
"1500:456:465:3",0.912846950008329,0.058530566079308,NA,NA
"1500:456:465:4",0.95801031034461,0.035339372321297,NA,NA
"1500:456:466:3",0.669380010386994,0.036394642260594,NA,NA
"1500:456:466:4",0.20185120052231,NA,NA,NA
"1500:456:467:3",0.125871471272819,NA,NA,NA
"1500:456:467:4",0.416830525632187,NA,NA,NA
"1500:456:468:3",0.670266866604968,NA,NA,NA
"1500:456:468:4",0.73800055308322,NA,NA,NA
"1500:456:469:3",0.901239881825436,0.188202817337411,NA,0.315799626166353
"1500:456:469:4",0.720865950501217,0.063519229664391,NA,0.310354805025554
"1500:457:360:3",0.596667407249632,0.005293269138699,NA,NA
"1500:457:360:4",0.420327444909837,0.038111537798635,NA,NA
"1500:457:361:3",0.792415321086427,0.144856656953186,NA,0.599705161496115
"1500:457:361:4",1.01248370261385,NA,NA,0.599705161496115
"1500:457:362:3",0.934517726892788,NA,NA,NA
"1500:457:362:4",0.181587985813994,NA,NA,NA
"1500:457:363:3",NA,0.191403915692909,NA,NA
"1500:457:363:4",NA,1.64677425948133,NA,NA
"1500:457:364:3",NA,0.038112875761019,NA,NA
"1500:457:364:4",0.018119927038014,0.027473541450673,NA,NA
"1500:457:465:3",0.086702665223465,NA,NA,NA
"1500:457:465:4",0.21221143278231,0.413216804089361,NA,NA
"1500:457:466:3",0.053487176473555,0.704930423340015,NA,NA
"1500:457:466:4",0.181208249567687,NA,NA,NA
"1500:457:467:3",0.18709207749796,NA,NA,NA
"1500:457:467:4",0.189636314619724,NA,NA,NA
"1500:457:468:3",0.062678113114149,NA,NA,NA
"1500:457:468:4",0.03519736831222,NA,NA,NA
"1500:457:469:3",0.092858750288911,0.036396738332086,NA,NA
"1500:457:469:4",0.253447197276928,NA,NA,NA
"7500:351:467:1",NA,0.256211489157511,NA,NA
"7500:351:466:2",NA,NA,NA,NA
"7500:351:466:1",NA,NA,NA,NA
"7500:351:465:2",NA,0.083938352844493,NA,NA
"7500:351:465:1",0.004202521739211,NA,0.028805296821856,NA
"7500:351:364:2",0.008405043478422,0.268956668562667,0.900810003797865,NA
"7500:351:364:1",NA,0.30330265937109,0.425491801913314,NA
"7500:351:363:2",NA,0.086047114711861,NA,NA
"7500:351:363:1",NA,NA,NA,NA
"7500:351:362:2",NA,0.366224924447964,NA,NA
"7500:351:362:1",NA,0.263072983185707,NA,NA
"7500:351:361:2",NA,0.210305421435913,NA,NA
"7500:351:361:1",NA,0.366092056788115,NA,NA
"7500:351:360:2",NA,0.477109521639687,NA,NA
"7500:351:360:1",NA,0.227378136256848,NA,NA
"7500:350:469:2",NA,NA,0.007201324205464,NA
"7500:350:469:1",NA,0.08386375020533,NA,NA
"7500:350:468:2",NA,0.35694812158429,NA,NA
"7500:350:468:1",NA,0.107827663343561,NA,NA
"7500:350:467:2",NA,NA,NA,NA
"7500:350:467:1",NA,NA,NA,NA
"7500:350:466:2",NA,0.034110502623248,NA,NA
"7500:350:466:1",NA,NA,NA,NA
"7500:350:465:2",NA,1.88269655696628,NA,NA
"7500:350:465:1",NA,0.591554125046781,0.039517266577484,NA
"7500:350:364:2",NA,0.021408982303886,NA,NA
"7500:350:364:1",NA,0.10071892030469,NA,NA
"7500:350:363:2",NA,NA,NA,NA
"7500:350:363:1",NA,NA,NA,NA
"7500:350:362:2",NA,NA,NA,NA
"7500:350:362:1",NA,NA,NA,NA
"7500:350:361:2",NA,NA,NA,NA
"7500:350:361:1",NA,NA,NA,NA
"7500:350:360:2",NA,NA,NA,NA
"7500:350:360:1",NA,NA,NA,NA
"1500:350:360:1",NA,NA,NA,NA
"1500:350:360:2",NA,NA,NA,NA
"1500:350:361:1",NA,NA,NA,NA
"1500:350:361:2",NA,0.132319939361346,NA,NA
"1500:350:362:1",NA,NA,NA,NA
"1500:350:362:2",NA,NA,NA,NA
"1500:350:363:1",NA,NA,NA,NA
"1500:350:363:2",NA,NA,NA,NA
"1500:350:364:1",NA,0.078397209949669,NA,NA
"1500:350:364:2",NA,NA,NA,NA
"1500:350:465:1",NA,NA,NA,NA
"1500:350:465:2",NA,NA,NA,NA
"1500:350:466:1",NA,NA,NA,NA
"1500:350:466:2",NA,NA,NA,NA
"1500:350:467:1",NA,NA,NA,NA
"1500:350:467:2",NA,NA,NA,NA
"1500:350:468:1",NA,NA,NA,NA
"1500:350:468:2",NA,NA,NA,NA
"1500:350:469:1",NA,NA,NA,NA
"1500:350:469:2",NA,NA,NA,NA
"1500:351:360:1",NA,NA,NA,NA
"1500:351:360:2",NA,NA,NA,NA
"1500:351:361:1",NA,NA,NA,NA
"1500:351:361:2",NA,NA,NA,NA
"1500:351:362:1",NA,NA,NA,NA
"1500:351:362:2",NA,NA,NA,NA
"1500:351:363:1",NA,NA,NA,NA
"1500:351:363:2",NA,NA,NA,NA
"1500:351:364:1",NA,NA,NA,NA
"1500:351:364:2",NA,NA,NA,NA
"1500:351:465:1",NA,NA,NA,NA
"1500:351:465:2",NA,NA,NA,NA
"1500:351:466:1",NA,NA,NA,NA
"1500:351:466:2",NA,NA,NA,NA
"1500:351:467:1",NA,NA,NA,NA
"1500:351:467:2",NA,0.149180266591624,NA,NA
"1500:351:468:1",NA,NA,NA,NA
"1500:351:468:2",NA,NA,NA,NA
"1500:351:469:1",NA,NA,NA,NA
"1500:351:469:2",NA,0.512924683562831,NA,NA
"1500:352:360:1",NA,NA,NA,NA
"1500:352:360:2",NA,NA,NA,NA
"1500:352:361:1",NA,NA,NA,NA
"1500:352:361:2",NA,NA,NA,NA
"1500:352:362:1",NA,NA,NA,NA
"1500:352:362:2",NA,NA,NA,NA
"1500:352:363:1",NA,NA,NA,NA
"1500:352:363:2",NA,NA,NA,NA
"1500:352:364:1",NA,0.088383461147052,NA,NA
"1500:352:364:2",NA,NA,NA,NA
"1500:352:465:1",NA,0.046100351662535,NA,NA
"1500:352:465:2",NA,0.132138282074859,NA,NA
"1500:352:466:1",NA,0.171648373759701,NA,NA
"1500:352:466:2",NA,0.451722680180942,NA,NA
"1500:352:467:1",NA,0.157477883083855,NA,NA
"1500:352:467:2",NA,NA,NA,NA
"1500:352:468:1",NA,NA,NA,NA
"1500:352:468:2",NA,0.262475965935428,NA,NA
"1500:352:469:1",NA,0.157477883083855,NA,NA
"1500:352:469:2",0.095973470371683,0.091597405188763,NA,NA
"1500:353:360:1",NA,0.177698299792748,NA,NA
"1500:353:360:2",0.158297507612348,0.159745850967209,NA,NA
"1500:353:361:1",0.100601845056479,NA,NA,NA
"1500:353:361:2",0.057217953567459,NA,NA,NA
"1500:353:362:1",0.137101356262092,NA,NA,NA
"1500:353:362:2",0.271418995269358,NA,NA,NA
"1500:353:363:1",0.333186043323988,NA,NA,NA
"1500:353:363:2",0.106040139404423,0.048619079585491,NA,0.075699531428985
"1500:353:364:1",0.204609940578167,NA,NA,NA
"1500:353:364:2",0.430088234217812,NA,NA,NA
"1500:353:465:1",0.136860461974226,0.564422397002049,NA,NA
"1500:353:465:2",0.180806865368861,0.145857238756472,NA,NA
"1500:353:466:1",0.350763741245399,0.32067662750853,NA,NA
"1500:353:466:2",0.4991762839966,0.144627481876994,NA,NA
"1500:353:467:1",0.340859399075335,0.449498062734649,NA,NA
"1500:353:467:2",0.424274198466545,0.262464445883652,NA,NA
"1500:353:468:1",0.802126358371423,NA,NA,NA
"1500:353:468:2",0.87917048189214,NA,NA,NA
"1500:353:469:1",1.03638074622682,0.061446461852443,NA,NA
"1500:353:469:2",1.19438591226364,0.369455050641631,NA,NA
"1500:354:360:1",1.03811231090107,NA,NA,NA
"1500:354:360:2",1.36669338328773,NA,NA,NA
"1500:354:361:1",0.497338279587533,NA,NA,NA
"1500:354:361:2",0.926038192543076,0.197305063530073,NA,NA
"1500:354:362:1",0.438720953385828,NA,NA,NA
"1500:354:362:2",0.459345281692192,NA,NA,NA
"1500:354:363:1",1.22152251668894,0.155254625054547,NA,NA
"1500:354:363:2",1.16856294015978,0.101893951258222,NA,NA
"1500:354:364:1",0.673137155835855,0.46356198530045,NA,NA
"1500:354:364:2",0.61224907711003,NA,NA,NA
"1500:354:465:1",0.982253543947281,0.023775255293585,NA,NA
"1500:354:465:2",0.971268255527126,0.542438013639678,NA,NA
"1500:354:466:1",0.991334495951675,0.475804854623506,NA,NA
"1500:354:466:2",0.909250063425109,0.150145102077044,NA,NA
"1500:354:467:1",0.548840619913097,0.950102494110394,NA,NA
"1500:354:467:2",0.7653466121626,NA,NA,NA
"1500:354:468:1",0.910275948990266,0.188470993055142,NA,NA
"1500:354:468:2",1.53477696496098,NA,NA,NA
"1500:354:469:1",0.855139511409465,0.212800323388694,NA,NA
"1500:354:469:2",0.775717158597672,0.099116068694276,NA,NA
"1500:455:360:1",0.45213031440615,0.358899557161907,NA,NA
"1500:455:360:2",0.341878592973364,0.483849653590875,NA,NA
"1500:455:361:1",0.614931540288004,0.484546351051927,NA,NA
"1500:455:361:2",0.085483991212817,1.41738060891566,NA,NA
"1500:455:362:1",0.104971470514031,0.596108530592635,NA,NA
"1500:455:362:2",0.081122462354413,0.601320487451864,NA,NA
"1500:455:363:1",NA,2.89812219967759,NA,NA
"1500:455:363:2",NA,1.4082183165812,NA,NA
"1500:455:364:1",0.05403405395288,3.45832645456325,NA,NA
"1500:455:364:2",0.013271522023514,3.54303720447682,NA,NA
"1500:455:465:1",0.054906048148669,2.42444615353118,NA,NA
"1500:455:465:2",NA,4.71680822197474,NA,NA
"1500:455:466:1",NA,6.61379750308432,NA,NA
"1500:455:466:2",NA,8.67708856852178,NA,NA
"1500:455:467:1",NA,8.34689764372125,NA,NA
"1500:455:467:2",NA,6.7912362476274,NA,NA
"1500:455:468:1",NA,7.46979087407868,NA,NA
"1500:455:468:2",0.031807641686126,9.48399269409579,NA,NA
"1500:455:469:1",0.072189400684291,7.41751199543747,NA,NA
"1500:455:469:2",0.110335811584353,6.87775549468556,NA,NA
"1500:456:360:1",0.196834026176647,2.99123809115704,NA,NA
"1500:456:360:2",0.46642008736156,0.042376870243064,NA,NA
"1500:456:361:1",1.02191441119345,0.379862162141861,NA,NA
"1500:456:361:2",0.685428872516441,0.406255280734303,NA,NA
"1500:456:362:1",1.27742027215493,2.29831535885991,NA,NA
"1500:456:362:2",0.988863528296334,0.631020528407052,NA,NA
"1500:456:363:1",0.558748205879945,0.186862038816622,NA,NA
"1500:456:363:2",1.05295381893396,0.380108690284927,NA,NA
"1500:456:364:1",0.85913808803926,0.226512844534627,NA,NA
"1500:456:364:2",0.845220715112949,0.074940883467044,NA,NA
"1500:456:465:1",1.27789474996533,0.07027152000188,NA,NA
"1500:456:465:2",0.99680998331294,NA,NA,NA
"1500:456:466:1",0.620157377367577,NA,NA,NA
"1500:456:466:2",0.271517472763088,NA,NA,NA
"1500:456:467:1",0.422236928609818,0.289254963753988,NA,NA
"1500:456:467:2",0.54730166230132,NA,NA,0.3153966440997
"1500:456:468:1",0.748651468551708,0.032776390289498,NA,NA
"1500:456:468:2",0.550939734381747,0.746540907638977,NA,NA
"1500:456:469:1",1.18707887728828,0.111016805819268,NA,0.3153966440997
"1500:456:469:2",0.66877325644383,NA,NA,1.56610747415024
"1500:457:360:1",0.925592060611792,0.199830250474682,NA,0.625355415025268
"1500:457:360:2",0.73315473429348,0.515975053633504,NA,NA
"1500:457:361:1",1.04286378647147,0.017974149513596,NA,0.309958770925568
"1500:457:361:2",1.13073955096627,NA,NA,0.91489018667274
"1500:457:362:1",1.31940748319551,0.142453707807878,NA,1.49995382755295
"1500:457:362:2",0.109591760783233,NA,NA,NA
"1500:457:363:1",NA,0.118103886302222,NA,NA
"1500:457:363:2",NA,1.58527013763803,NA,NA
"1500:457:364:1",NA,3.38278275806334,NA,NA
"1500:457:364:2",0.006516792349395,0.067243278962421,NA,NA
"1500:457:465:1",0.431474022103148,NA,NA,NA
"1500:457:465:2",0.300062277359031,NA,NA,NA
"1500:457:466:1",0.123661979318888,NA,NA,NA
"1500:457:466:2",0.344425814171657,NA,NA,NA
"1500:457:467:1",0.398258309065261,NA,NA,NA
"1500:457:467:2",1.31434101811861,NA,NA,NA
"1500:457:468:1",0.908505699148528,0.040894080286455,NA,NA
"1500:457:468:2",0.655570785287829,0.234728041338078,NA,NA
"1500:457:469:1",0.357731005002703,0.227950881085371,NA,NA
"1500:457:469:2",0.559146860002122,0.202252804005541,NA,NA
"7500:351:456:3",NA,NA,NA,NA
"7500:351:455:4",NA,0.14085872154991,NA,NA
"7500:351:455:3",NA,0.020206577826786,0.043152912008685,NA
"7500:351:354:4",NA,0.083138620159116,0.02876860800579,NA
"7500:351:354:3",NA,0.061934927848338,0.107536585810928,NA
"7500:351:353:4",NA,0.093913457067196,NA,NA
"7500:351:353:3",NA,0.105898885905362,NA,NA
"7500:351:352:4",NA,0.138721328583342,NA,NA
"7500:351:352:3",NA,0.231343041959337,NA,NA
"7500:351:351:4",NA,0.85076704525713,NA,NA
"7500:351:351:3",NA,5.96635674927666,NA,NA
"7500:351:350:4",NA,6.77953610329244,NA,NA
"7500:351:350:3",NA,4.31978679452185,NA,NA
"7500:350:459:4",NA,0.983758673245452,NA,NA
"7500:350:459:3",NA,0.331756589798268,NA,NA
"7500:350:458:4",NA,0.054293872230277,NA,NA
"7500:350:458:3",NA,0.099484157827283,NA,NA
"7500:350:457:4",NA,0.170681793273397,NA,NA
"7500:350:457:3",NA,0.092572392518323,NA,NA
"7500:350:456:4",NA,NA,NA,NA
"7500:350:456:3",NA,0.124918795290006,NA,NA
"7500:350:455:4",NA,0.103000712551755,NA,NA
"7500:350:455:3",NA,4.45429714720027,NA,NA
"7500:350:354:4",NA,0.188823927874761,NA,NA
"7500:350:354:3",NA,NA,NA,NA
"7500:350:353:4",NA,NA,NA,NA
"7500:350:353:3",NA,NA,NA,NA
"7500:350:352:4",NA,NA,NA,NA
"7500:350:352:3",NA,NA,NA,NA
"7500:350:351:4",NA,NA,NA,NA
"7500:350:351:3",NA,NA,NA,NA
"7500:350:350:4",NA,NA,NA,NA
"7500:350:350:3",NA,NA,NA,NA
"1500:350:350:3",NA,NA,NA,NA
"1500:350:350:4",NA,NA,NA,NA
"1500:350:351:3",NA,NA,NA,NA
"1500:350:351:4",NA,NA,NA,NA
"1500:350:352:3",NA,NA,NA,NA
"1500:350:352:4",NA,NA,NA,NA
"1500:350:353:3",NA,NA,NA,NA
"1500:350:353:4",NA,NA,NA,NA
"1500:350:354:3",NA,NA,NA,NA
"1500:350:354:4",NA,NA,NA,NA
"1500:350:455:3",NA,NA,NA,NA
"1500:350:455:4",NA,NA,NA,NA
"1500:350:456:3",NA,NA,NA,NA
"1500:350:456:4",NA,NA,NA,NA
"1500:350:457:3",NA,NA,NA,NA
"1500:350:457:4",NA,NA,NA,NA
"1500:350:458:3",NA,NA,NA,NA
"1500:350:458:4",NA,NA,NA,NA
"1500:350:459:3",NA,NA,NA,NA
"1500:350:459:4",NA,NA,NA,NA
"1500:351:350:3",NA,NA,NA,NA
"1500:351:350:4",NA,NA,NA,NA
"1500:351:351:3",NA,NA,NA,NA
"1500:351:351:4",NA,NA,NA,NA
"1500:351:352:3",NA,0.06902060046582,NA,NA
"1500:351:352:4",NA,0.140655878452464,NA,NA
"1500:351:353:3",NA,NA,NA,NA
"1500:351:353:4",NA,NA,NA,NA
"1500:351:354:3",NA,NA,NA,NA
"1500:351:354:4",NA,NA,NA,NA
"1500:351:455:3",NA,NA,NA,NA
"1500:351:455:4",NA,NA,NA,NA
"1500:351:456:3",NA,0.162985775943164,NA,NA
"1500:351:456:4",NA,0.080784254163134,NA,NA
"1500:351:457:3",NA,NA,NA,NA
"1500:351:457:4",NA,NA,NA,NA
"1500:351:458:3",NA,0.077275764785784,NA,NA
"1500:351:458:4",NA,NA,NA,NA
"1500:351:459:3",NA,0.157936760057968,NA,NA
"1500:351:459:4",NA,0.154127853337557,NA,NA
"1500:352:350:3",NA,0.273975546191417,NA,NA
"1500:352:350:4",NA,NA,NA,NA
"1500:352:351:3",NA,NA,NA,NA
"1500:352:351:4",NA,0.144443272316042,NA,NA
"1500:352:352:3",NA,NA,NA,NA
"1500:352:352:4",NA,0.052180519020234,NA,NA
"1500:352:353:3",NA,0.561993396845607,NA,NA
"1500:352:353:4",NA,0.222403927268209,NA,NA
"1500:352:354:3",NA,0.12381307431219,NA,NA
"1500:352:354:4",NA,0.743971315604427,NA,NA
"1500:352:455:3",NA,0.165018011366202,NA,NA
"1500:352:455:4",NA,0.358754524152651,NA,NA
"1500:352:456:3",NA,0.212839767886309,NA,NA
"1500:352:456:4",NA,0.192591029754722,NA,NA
"1500:352:457:3",NA,NA,NA,NA
"1500:352:457:4",NA,NA,NA,NA
"1500:352:458:3",NA,NA,NA,NA
"1500:352:458:4",NA,NA,NA,NA
"1500:352:459:3",0.09140822987031,NA,NA,NA
"1500:352:459:4",0.177036884093439,NA,NA,NA
"1500:353:350:3",0.572956306106447,NA,NA,NA
"1500:353:350:4",0.597419283552825,NA,NA,NA
"1500:353:351:3",0.66500896811175,NA,NA,NA
"1500:353:351:4",0.654557103141011,NA,NA,NA
"1500:353:352:3",0.41296197506904,NA,NA,NA
"1500:353:352:4",0.472975040456743,0.485571542917075,NA,NA
"1500:353:353:3",0.231848147647792,NA,NA,NA
"1500:353:353:4",0.09193137640646,NA,NA,NA
"1500:353:354:3",0.122529627803828,NA,NA,NA
"1500:353:354:4",0.162992670839338,0.19422861716683,NA,NA
"1500:353:455:3",0.334410438198877,0.441296790567442,NA,NA
"1500:353:455:4",0.423636231829579,NA,NA,NA
"1500:353:456:3",0.446028483186525,0.209664806040655,NA,NA
"1500:353:456:4",0.733967847751815,0.060310126151665,NA,NA
"1500:353:457:3",0.638434657000667,0.122736397080582,NA,NA
"1500:353:457:4",0.707168631940355,NA,NA,NA
"1500:353:458:3",1.0576308116881,0.397659327787874,NA,NA
"1500:353:458:4",1.21190171801497,0.243872896590992,NA,NA
"1500:353:459:3",1.10266793820157,0,NA,NA
"1500:353:459:4",0.972891895116099,0.211619196057425,NA,NA
"1500:354:350:3",1.07823516145747,0.171314795679883,NA,NA
"1500:354:350:4",0.614288135871992,0.284551088912869,NA,NA
"1500:354:351:3",0.972831440197494,0.262519515977912,NA,NA
"1500:354:351:4",0.75173111566534,0.064330801228443,NA,NA
"1500:354:352:3",0.333756878779271,0.314154193949734,NA,NA
"1500:354:352:4",0.487870612352264,0.266516678334943,NA,NA
"1500:354:353:3",0.873032209958399,0.275898253514091,NA,NA
"1500:354:353:4",0.718634900703707,0.13910125002466,NA,NA
"1500:354:354:3",1.18909436854505,0.272430568941375,NA,NA
"1500:354:354:4",0.951513839902274,NA,NA,NA
"1500:354:455:3",0.989506930369258,0,NA,NA
"1500:354:455:4",0.969412997221821,0.080413501535554,NA,NA
"1500:354:456:3",1.15631061091999,0.276417848222578,NA,NA
"1500:354:456:4",1.26763438968303,0.261748592609202,NA,NA
"1500:354:457:3",1.34485655828562,0.368047083914318,NA,NA
"1500:354:457:4",0.517136718252111,0.041859732136383,NA,NA
"1500:354:458:3",1.41940516145121,NA,NA,NA
"1500:354:458:4",1.80661762600806,0.625884615367289,NA,NA
"1500:354:459:3",1.53757069497425,0.441626862093214,NA,NA
"1500:354:459:4",1.44264905480445,0.107881060744277,NA,NA
"1500:455:350:3",1.33742525996182,0.027509882104268,NA,NA
"1500:455:350:4",1.14476858165259,0.410502020668942,NA,NA
"1500:455:351:3",0.800744823753644,0.663465676125725,NA,NA
"1500:455:351:4",0.680548720247327,0.913541850508099,NA,NA
"1500:455:352:3",0.313861266880833,1.33776562659654,NA,NA
"1500:455:352:4",0.118694852333544,0.655606308759795,NA,NA
"1500:455:353:3",0.058922816317721,0.918297199917228,NA,NA
"1500:455:353:4",0.077001255723348,0.855637348169455,NA,NA
"1500:455:354:3",0.062134331496111,1.65476953075344,NA,NA
"1500:455:354:4",0.057818251353737,2.6603782134349,NA,NA
"1500:455:455:3",NA,2.9814377767127,NA,NA
"1500:455:455:4",0.034329524205472,4.48922586631832,NA,NA
"1500:455:456:3",NA,3.4941153401813,NA,NA
"1500:455:456:4",NA,4.26540009874803,NA,NA
"1500:455:457:3",0.004881369016461,6.71530204515129,NA,NA
"1500:455:457:4",NA,7.78191307929341,NA,NA
"1500:455:458:3",0.02177544436955,8.76379775688877,NA,NA
"1500:455:458:4",NA,7.0402162536902,NA,NA
"1500:455:459:3",0.030765947183122,11.1254580286819,NA,NA
"1500:455:459:4",0.08997612148988,9.99640088187883,NA,NA
"1500:456:350:3",0.091416839028777,8.35026508005761,NA,NA
"1500:456:350:4",0.208558783147054,0.939086812864555,NA,NA
"1500:456:351:3",0.628840773072679,0.035249323129571,NA,NA
"1500:456:351:4",0.597000918837131,0.14740107975809,NA,NA
"1500:456:352:3",1.03492095981736,0.976021809363316,NA,NA
"1500:456:352:4",0.842906837608665,1.09510413010766,NA,NA
"1500:456:353:3",0.993067954287574,0.473461523747721,NA,NA
"1500:456:353:4",1.48445572923512,0.53683610628224,NA,NA
"1500:456:354:3",0.727612553606909,0.280380514007801,NA,NA
"1500:456:354:4",0.946772136512257,NA,NA,NA
"1500:456:455:3",1.61234294039244,0.043383782313318,NA,NA
"1500:456:455:4",1.17603910138514,NA,NA,NA
"1500:456:456:3",0.375106712054115,NA,NA,NA
"1500:456:456:4",0.033835347988081,NA,NA,NA
"1500:456:457:3",0.139474736601383,NA,NA,NA
"1500:456:457:4",0.620755372128236,NA,NA,0.301689288161219
"1500:456:458:3",0.653644845264106,0.035902512290848,NA,1.55868180268039
"1500:456:458:4",0.732987789160525,0.323911747304135,NA,1.25454876801105
"1500:456:459:3",0.626424123373821,NA,NA,0.309563981717012
"1500:456:459:4",0.275023401239028,NA,NA,NA
"1500:457:350:3",0.201375399534518,NA,NA,NA
"1500:457:350:4",0.239497712275704,NA,NA,NA
"1500:457:351:3",0.527424887313951,NA,NA,NA
"1500:457:351:4",0.540743903824811,0.541989588365494,NA,NA
"1500:457:352:3",1.1009296831939,0.375470418782148,NA,0.301689288161219
"1500:457:352:4",0.028607936837893,0.110299635527013,NA,NA
"1500:457:353:3",NA,NA,NA,NA
"1500:457:353:4",NA,0.041524250758075,NA,NA
"1500:457:354:3",NA,0.946099824775661,NA,NA
"1500:457:354:4",0.017995885993932,2.7826782356233,NA,NA
"1500:457:455:3",0.013721670465166,0.104739387428333,NA,NA
"1500:457:455:4",0.012453406648636,NA,NA,NA
"1500:457:456:3",0.097130291778636,0.029567812813491,NA,NA
"1500:457:456:4",0.503182621710613,0.24704075477752,NA,NA
"1500:457:457:3",0.519385234013926,0.079057410886802,NA,NA
"1500:457:457:4",1.5146237628095,0.038572994515363,NA,NA
"1500:457:458:3",0.313276934114136,0.099926030460913,NA,NA
"1500:457:458:4",0.105834053799545,NA,NA,NA
"1500:457:459:3",0.350390810270813,NA,NA,NA
"1500:457:459:4",1.72052469358717,NA,NA,NA
"7500:351:455:2",NA,0.051209038954336,NA,NA
"7500:351:455:1",NA,0.16257819145841,NA,NA
"7500:351:354:2",NA,0.162783357678682,NA,NA
"7500:351:354:1",NA,NA,0.024861190862423,NA
"7500:351:353:2",NA,0.111198731620877,0.007183008595885,NA
"7500:351:353:1",NA,0.654491119333991,NA,NA
"7500:351:352:2",NA,0.228682396874087,NA,NA
"7500:351:352:1",NA,0.741696338229579,NA,NA
"7500:351:351:2",NA,2.19445524027832,NA,NA
"7500:351:351:1",NA,7.19738899945536,NA,NA
"7500:351:350:2",NA,5.46943859971585,NA,NA
"7500:351:350:1",NA,6.12205605817933,NA,NA
"7500:350:459:2",NA,6.03111334737298,NA,NA
"7500:350:459:1",NA,3.48906785283648,NA,NA
"7500:350:458:2",NA,3.14142678006846,NA,NA
"7500:350:458:1",NA,1.50545418786691,NA,NA
"7500:350:457:2",NA,0.518671899394029,NA,NA
"7500:350:457:1",NA,0.113095316313572,NA,NA
"7500:350:456:2",NA,NA,NA,NA
"7500:350:456:1",NA,NA,NA,NA
"7500:350:455:2",NA,0.20201608905546,NA,NA
"7500:350:455:1",NA,7.8584046456582,NA,NA
"7500:350:354:2",NA,0.326797663542374,NA,NA
"7500:350:354:1",NA,0.032746483820738,NA,NA
"7500:350:353:2",NA,NA,NA,NA
"7500:350:353:1",NA,NA,NA,NA
"7500:350:352:2",NA,NA,NA,NA
"7500:350:352:1",NA,NA,NA,NA
"7500:350:351:2",NA,NA,NA,NA
"7500:350:351:1",NA,NA,NA,NA
"7500:350:350:2",NA,NA,NA,NA
"7500:350:350:1",NA,NA,NA,NA
"1500:350:350:1",NA,NA,NA,NA
"1500:350:350:2",NA,NA,NA,NA
"1500:350:351:1",NA,NA,NA,NA
"1500:350:351:2",NA,NA,NA,NA
"1500:350:352:1",NA,NA,NA,NA
"1500:350:352:2",NA,0.121548923821165,NA,NA
"1500:350:353:1",NA,NA,NA,NA
"1500:350:353:2",NA,NA,NA,NA
"1500:350:354:1",NA,NA,NA,NA
"1500:350:354:2",NA,NA,NA,NA
"1500:350:455:1",NA,NA,NA,NA
"1500:350:455:2",NA,NA,NA,NA
"1500:350:456:1",NA,NA,NA,NA
"1500:350:456:2",NA,NA,NA,NA
"1500:350:457:1",NA,NA,NA,NA
"1500:350:457:2",NA,0.097546914875046,NA,NA
"1500:350:458:1",NA,NA,NA,NA
"1500:350:458:2",NA,NA,NA,NA
"1500:350:459:1",NA,NA,NA,NA
"1500:350:459:2",NA,0.074849234348152,NA,NA
"1500:351:350:1",NA,NA,NA,NA
"1500:351:350:2",NA,NA,NA,NA
"1500:351:351:1",NA,0.203442693401151,NA,NA
"1500:351:351:2",NA,NA,NA,NA
"1500:351:352:1",NA,NA,NA,NA
"1500:351:352:2",NA,NA,NA,NA
"1500:351:353:1",NA,NA,NA,NA
"1500:351:353:2",NA,0.082719425230054,NA,NA
"1500:351:354:1",NA,0.074885804301285,NA,NA
"1500:351:354:2",NA,0.082719425230054,NA,NA
"1500:351:455:1",NA,NA,NA,NA
"1500:351:455:2",NA,0.282796155779241,NA,NA
"1500:351:456:1",NA,0.157559041325896,NA,NA
"1500:351:456:2",NA,0.07717752386186,NA,NA
"1500:351:457:1",NA,NA,NA,NA
"1500:351:457:2",NA,NA,NA,NA
"1500:351:458:1",NA,NA,NA,NA
"1500:351:458:2",NA,NA,NA,NA
"1500:351:459:1",NA,NA,NA,NA
"1500:351:459:2",NA,0.14425964112758,NA,NA
"1500:352:350:1",NA,NA,NA,NA
"1500:352:350:2",NA,NA,NA,NA
"1500:352:351:1",NA,0.284427745501586,NA,NA
"1500:352:351:2",NA,0.464025363752293,NA,NA
"1500:352:352:1",NA,0.153748979317401,NA,NA
"1500:352:352:2",NA,0.721058297803433,NA,NA
"1500:352:353:1",NA,0.101634797555861,NA,NA
"1500:352:353:2",NA,0.20061158953808,NA,NA
"1500:352:354:1",NA,0.192346188170107,NA,NA
"1500:352:354:2",NA,NA,NA,NA
"1500:352:455:1",NA,NA,NA,NA
"1500:352:455:2",NA,NA,NA,NA
"1500:352:456:1",NA,NA,NA,NA
"1500:352:456:2",NA,NA,NA,NA
"1500:352:457:1",NA,NA,NA,NA
"1500:352:457:2",NA,NA,NA,NA
"1500:352:458:1",NA,NA,NA,NA
"1500:352:458:2",0.02212598311186,NA,NA,NA
"1500:352:459:1",0.279436599148481,NA,NA,NA
"1500:352:459:2",0.744176673091384,NA,NA,NA
"1500:353:350:1",1.00654092165837,0.120731517914069,NA,NA
"1500:353:350:2",0.868604590200435,NA,NA,NA
"1500:353:351:1",0.821190130042463,0.329108493082704,NA,NA
"1500:353:351:2",0.932332391461046,NA,NA,NA
"1500:353:352:1",0.748093351937169,0.094970930408991,NA,NA
"1500:353:352:2",0.762240824275279,0.053851321153591,NA,NA
"1500:353:353:1",0.453912598357634,0.189701791757311,NA,NA
"1500:353:353:2",0.381897903600258,0.04904864165792,NA,NA
"1500:353:354:1",0.249853753059197,0.03985202134706,NA,NA
"1500:353:354:2",0.32298322958925,0.5932616596355,NA,NA
"1500:353:455:1",0.59084246954164,0.081720241274127,NA,NA
"1500:353:455:2",0.604530137296972,0.032688096509651,NA,NA
"1500:353:456:1",0.376096807495725,0.07763422921042,NA,NA
"1500:353:456:2",0.7770208578751,0.48758935196596,NA,NA
"1500:353:457:1",0.753517053730849,0.308052366095119,NA,NA
"1500:353:457:2",0.905200225408979,0.129695658780748,NA,NA
"1500:353:458:1",1.07953625041963,0.037126350992642,NA,NA
"1500:353:458:2",0.944619935954872,0.087708362401972,NA,NA
"1500:353:459:1",0.757403961962003,NA,NA,NA
"1500:353:459:2",0.727785397774437,NA,NA,NA
"1500:354:350:1",0.834018082187306,0.512928975268342,NA,NA
"1500:354:350:2",0.738277745844649,0.215314049494962,NA,NA
"1500:354:351:1",0.848478396382503,0.064249017277589,NA,NA
"1500:354:351:2",0.784751068855584,0.372672479603561,NA,NA
"1500:354:352:1",0.544327961434552,0.294686007973855,NA,NA
"1500:354:352:2",0.700296421620868,0.207188991023454,NA,NA
"1500:354:353:1",0.582884240640833,0.141777573762224,NA,NA
"1500:354:353:2",0.755154517837168,0.652978631903703,NA,NA
"1500:354:354:1",1.26473214748529,0.231564166437978,NA,NA
"1500:354:354:2",1.52299129298529,0.19295745180889,NA,NA
"1500:354:455:1",0.796407105329139,0.12258036191119,NA,NA
"1500:354:455:2",1.01500435303309,NA,NA,NA
"1500:354:456:1",1.11521867208903,0.145881113775215,NA,NA
"1500:354:456:2",1.2345494706261,0.674691736551924,NA,NA
"1500:354:457:1",0.944894413988139,0.084117743881174,NA,NA
"1500:354:457:2",0.669921571465439,0.046724929341565,NA,NA
"1500:354:458:1",1.1137063357587,0.226550415494435,NA,NA
"1500:354:458:2",1.49073252305276,0.123077023722382,NA,NA
"1500:354:459:1",1.94450186653725,0.209436478732577,NA,NA
"1500:354:459:2",1.32858957226543,0.641462360990563,NA,NA
"1500:455:350:1",1.02051188544959,1.52095690706853,NA,NA
"1500:455:350:2",1.11781864985434,0.806870142332009,NA,NA
"1500:455:351:1",1.28609793750142,0.861952102872026,NA,NA
"1500:455:351:2",0.826949230361434,1.36897459853571,NA,NA
"1500:455:352:1",0.418299652373839,1.01857410797118,NA,NA
"1500:455:352:2",0.312771243906409,0.872992260955656,NA,NA
"1500:455:353:1",0.311587882439866,1.83982695434885,NA,NA
"1500:455:353:2",0.614355027880152,1.21086884343987,NA,NA
"1500:455:354:1",0.458957734048114,1.84196079168811,NA,NA
"1500:455:354:2",0.073318588732926,2.97282680902532,NA,NA
"1500:455:455:1",NA,3.58121424368056,NA,NA
"1500:455:455:2",0.066366196520034,4.06608800469032,NA,NA
"1500:455:456:1",0.068269152742582,3.29027941023011,NA,NA
"1500:455:456:2",NA,2.56468531300155,NA,NA
"1500:455:457:1",0.004604320910129,3.24482766175531,NA,NA
"1500:455:457:2",0.032544636140671,4.01487551791109,NA,NA
"1500:455:458:1",0.037822193353607,4.30397872912669,NA,NA
"1500:455:458:2",0.034019729668931,7.52605938119675,NA,NA
"1500:455:459:1",0.042795874477447,8.39247532013883,NA,NA
"1500:455:459:2",0.032126702134897,10.7657474489018,NA,NA
"1500:456:350:1",0.030593645212444,12.2628675376906,NA,NA
"1500:456:350:2",0.032406055265371,8.34980391799975,NA,NA
"1500:456:351:1",0.043122950164865,1.27888766450351,NA,NA
"1500:456:351:2",0.17371287325781,0.143612145114199,NA,NA
"1500:456:352:1",0.379325918182477,0.176197610357686,NA,NA
"1500:456:352:2",0.676088090649046,0.699262276177442,NA,NA
"1500:456:353:1",0.934398237716252,0.280143784105904,NA,NA
"1500:456:353:2",1.31078934987328,0.305415505694693,NA,NA
"1500:456:354:1",1.93811507198975,0.571481636560428,NA,NA
"1500:456:354:2",1.59632535527578,0.653687070418551,NA,NA
"1500:456:455:1",2.16743978546378,0.032496471280345,NA,NA
"1500:456:455:2",1.52003678668618,NA,NA,NA
"1500:456:456:1",0.231850592435071,NA,NA,NA
"1500:456:456:2",0.11582466162815,NA,NA,NA
"1500:456:457:1",0.117082074434965,NA,NA,NA
"1500:456:457:2",0.274878324909783,NA,NA,NA
"1500:456:458:1",0.330860082537432,0.093269565717644,NA,0.309170432048993
"1500:456:458:2",0.474639608787243,0.141318249647477,NA,NA
"1500:456:459:1",0.42482165502804,0.037966096920218,NA,NA
"1500:456:459:2",0.383664678382213,NA,NA,NA
"1500:457:350:1",0.181546528097314,0.059058372987005,NA,NA
"1500:457:350:2",0.138323520123468,0.052730690166969,NA,NA
"1500:457:351:1",0.242337775881485,NA,NA,NA
"1500:457:351:2",0.84817452142651,0.061167600593684,NA,0.597416572514477
"1500:457:352:1",0.656175708681243,0.027984829203406,NA,0.309170432048993
"1500:457:352:2",0.026948312764445,0.041471460846891,NA,NA
"1500:457:353:1",NA,0.078577504762531,NA,NA
"1500:457:353:2",0,NA,NA,0.297817436237859
"1500:457:354:1",NA,NA,NA,NA
"1500:457:354:2",0.001083369625913,0.62261194601017,NA,NA
"1500:457:455:1",0.048264644209837,3.32353126609104,NA,NA
"1500:457:455:2",0.200868433730993,3.56444648543049,NA,NA
"1500:457:456:1",0.429289157422847,3.58832146493616,NA,NA
"1500:457:456:2",0.528124943056768,2.69802080895899,NA,NA
"1500:457:457:1",0.139891677297055,1.24459174974985,NA,NA
"1500:457:457:2",0.018576616539062,0.021093016542601,NA,NA
"1500:457:458:1",0.078835284055712,NA,NA,NA
"1500:457:458:2",0.424164348647147,0.139757783638311,NA,NA
"1500:457:459:1",1.29395426463044,0.091816094826891,NA,NA
"1500:457:459:2",0.865829014465265,0.15049247355442,NA,NA
"7500:351:245:4",NA,NA,NA,NA
"7500:351:245:3",NA,0.27544753435581,NA,NA
"7500:351:144:4",0.023863130052098,0.229019522943274,NA,NA
"7500:351:144:3",0.031259304863567,0.473230441231652,0.420567977930848,NA
"7500:351:143:4",NA,0.271882692450648,NA,NA
"7500:351:143:3",NA,0.085199952001395,NA,NA
"7500:351:142:4",NA,0.277003830828302,NA,NA
"7500:351:142:3",NA,1.68032019007535,NA,NA
"7500:351:141:4",NA,4.17416146116212,NA,NA
"7500:351:141:3",NA,9.70413781956557,NA,NA
"7500:351:140:4",NA,6.83586819380421,NA,NA
"7500:351:140:3",NA,7.65867310824364,NA,NA
"7500:350:249:4",NA,5.79008925987001,NA,NA
"7500:350:249:3",NA,4.87913182555452,NA,NA
"7500:350:248:4",NA,3.27718315600234,NA,NA
"7500:350:248:3",NA,2.94474493047075,NA,NA
"7500:350:247:4",NA,2.8352344624723,NA,NA
"7500:350:247:3",NA,0.977177637022152,NA,NA
"7500:350:246:4",NA,0.143894201310061,NA,NA
"7500:350:246:3",NA,NA,NA,NA
"7500:350:245:4",NA,0.290345521521927,NA,NA
"7500:350:245:3",NA,7.21428318736476,NA,NA
"7500:350:144:4",NA,0.921954520570697,NA,NA
"7500:350:144:3",NA,NA,NA,NA
"7500:350:143:4",NA,NA,NA,NA
"7500:350:143:3",NA,NA,NA,NA
"7500:350:142:4",NA,NA,NA,NA
"7500:350:142:3",NA,NA,NA,NA
"7500:350:141:4",NA,0.120147886518758,NA,NA
"7500:350:141:3",NA,NA,NA,NA
"7500:350:140:4",NA,NA,NA,NA
"7500:350:140:3",NA,NA,NA,NA
"1500:350:140:3",NA,NA,NA,NA
"1500:350:140:4",NA,NA,NA,NA
"1500:350:141:3",NA,NA,NA,NA
"1500:350:141:4",NA,NA,NA,NA
"1500:350:142:3",NA,NA,NA,NA
"1500:350:142:4",NA,NA,NA,NA
"1500:350:143:3",NA,0.129013184258803,NA,NA
"1500:350:143:4",NA,NA,NA,NA
"1500:350:144:3",NA,NA,NA,NA
"1500:350:144:4",NA,NA,NA,NA
"1500:350:245:3",NA,NA,NA,NA
"1500:350:245:4",NA,NA,NA,NA
"1500:350:246:3",NA,NA,NA,NA
"1500:350:246:4",NA,NA,NA,NA
"1500:350:247:3",NA,NA,NA,NA
"1500:350:247:4",NA,NA,NA,NA
"1500:350:248:3",NA,NA,NA,NA
"1500:350:248:4",NA,NA,NA,NA
"1500:350:249:3",NA,NA,NA,NA
"1500:350:249:4",NA,0.357677134651747,NA,NA
"1500:351:140:3",NA,NA,NA,NA
"1500:351:140:4",NA,0.078024767891478,NA,NA
"1500:351:141:3",NA,0.195963315350118,NA,NA
"1500:351:141:4",NA,NA,NA,NA
"1500:351:142:3",NA,NA,NA,NA
"1500:351:142:4",NA,NA,NA,NA
"1500:351:143:3",NA,0.076868290693047,NA,NA
"1500:351:143:4",NA,1.30534727206791,NA,NA
"1500:351:144:3",NA,0.705008866900449,NA,NA
"1500:351:144:4",NA,NA,NA,NA
"1500:351:245:3",NA,0.646272155693851,NA,NA
"1500:351:245:4",NA,0.498979592609822,NA,NA
"1500:351:246:3",NA,0.164195693724398,NA,NA
"1500:351:246:4",NA,0.155813956625466,NA,NA
"1500:351:247:3",NA,NA,NA,NA
"1500:351:247:4",NA,NA,NA,NA
"1500:351:248:3",NA,0.144076585829395,NA,NA
"1500:351:248:4",NA,NA,NA,NA
"1500:351:249:3",NA,NA,NA,NA
"1500:351:249:4",NA,NA,NA,NA
"1500:352:140:3",NA,0.20301166034872,NA,NA
"1500:352:140:4",NA,0.380063324635968,NA,NA
"1500:352:141:3",NA,0.987820076106741,NA,NA
"1500:352:141:4",NA,0.765564120351161,NA,NA
"1500:352:142:3",NA,0.574884174614774,NA,NA
"1500:352:142:4",NA,0.866771715374604,NA,NA
"1500:352:143:3",NA,0.445859272847681,NA,NA
"1500:352:143:4",NA,0.331734221623408,NA,NA
"1500:352:144:3",NA,0.226691045949784,NA,NA
"1500:352:144:4",NA,0.092240992765778,NA,NA
"1500:352:245:3",NA,NA,NA,NA
"1500:352:245:4",NA,NA,NA,NA
"1500:352:246:3",NA,NA,NA,NA
"1500:352:246:4",NA,NA,NA,NA
"1500:352:247:3",NA,NA,NA,NA
"1500:352:247:4",NA,NA,NA,NA
"1500:352:248:3",NA,NA,NA,NA
"1500:352:248:4",NA,NA,NA,NA
"1500:352:249:3",0.281646382545335,NA,NA,NA
"1500:352:249:4",0.281759911928198,0.100597633630007,NA,NA
"1500:353:140:3",0.351630592064981,NA,NA,NA
"1500:353:140:4",0.509275429308711,0.144076585829395,NA,NA
"1500:353:141:3",0.520984069137011,0.01200638215245,NA,NA
"1500:353:141:4",0.86240055554362,NA,NA,NA
"1500:353:142:3",0.691314178864761,0.362664879810765,NA,NA
"1500:353:142:4",0.692923540249531,0.061212408043761,NA,NA
"1500:353:143:3",0.415360417295648,0.120314043396358,NA,NA
"1500:353:143:4",0.643615507759161,0.579590087572548,NA,NA
"1500:353:144:3",0.664597653398424,0.200220176474463,NA,NA
"1500:353:144:4",0.443064025616533,0.245358757023172,NA,NA
"1500:353:245:3",0.977451209583328,0.549039149699298,NA,NA
"1500:353:245:4",0.669046562378402,0.158102641906365,NA,NA
"1500:353:246:3",0.480224020341646,0.451745284899086,NA,NA
"1500:353:246:4",0.330481667390407,0.33344931588666,NA,NA
"1500:353:247:3",0.391066433658491,0.291286631380656,NA,NA
"1500:353:247:4",0.839493986052939,0.187522420277632,NA,NA
"1500:353:248:3",0.591560062707526,0.341241585071541,NA,NA
"1500:353:248:4",0.664452262150233,0.957504219129264,NA,NA
"1500:353:249:3",0.655350423380567,0.285823954685167,NA,NA
"1500:353:249:4",0.920238660471442,0.04898640239506,NA,NA
"1500:354:140:3",0.852213313136815,0.161544469963765,NA,NA
"1500:354:140:4",0.893718570756466,0.159168736873829,NA,NA
"1500:354:141:3",0.54463143272194,0.204562174118179,NA,NA
"1500:354:141:4",1.09795984570947,0.180777546756041,NA,NA
"1500:354:142:3",0.913262473764799,0.137622379463904,NA,NA
"1500:354:142:4",0.950167153921499,NA,NA,NA
"1500:354:143:3",0.844155092771035,0.145572956600622,NA,NA
"1500:354:143:4",0.853325281994372,0.138748124899191,NA,NA
"1500:354:144:3",1.23821184687307,0.197776901219482,NA,NA
"1500:354:144:4",0.574090932939703,0.069374062449596,NA,NA
"1500:354:245:3",1.1058939920009,0.343493075942116,NA,NA
"1500:354:245:4",1.31271428055306,0.397731504238741,NA,NA
"1500:354:246:3",1.1052965726445,0.013720022492567,NA,NA
"1500:354:246:4",0.391996535468155,0.214339119544407,NA,NA
"1500:354:247:3",1.02022396007194,0.506462974027387,NA,NA
"1500:354:247:4",0.809670573098589,0.528807228262211,NA,NA
"1500:354:248:3",0.735779581790724,0.088419104915785,NA,NA
"1500:354:248:4",0.866583826951956,0.353560095612182,NA,NA
"1500:354:249:3",0.847039591104454,0.748028171426723,NA,NA
"1500:354:249:4",0.935918706249351,1.88426104798571,NA,NA
"1500:455:140:3",0.71817007366515,0.611870871536273,NA,NA
"1500:455:140:4",0.557825544350999,0.776751948424753,NA,NA
"1500:455:141:3",0.307486318143572,0.719490904894351,NA,NA
"1500:455:141:4",0.54807360778909,0.939539989415962,NA,NA
"1500:455:142:3",0.607791395751876,1.03508485911777,NA,NA
"1500:455:142:4",0.356450330655996,1.28708955256104,NA,NA
"1500:455:143:3",0.31790182066219,1.93087368651698,NA,NA
"1500:455:143:4",0.532211344825332,2.37967535322477,NA,NA
"1500:455:144:3",0.833244257904705,2.68388339186438,NA,NA
"1500:455:144:4",0.236439588251831,3.24787033499107,NA,NA
"1500:455:245:3",0.233707605604361,2.28049408908483,NA,NA
"1500:455:245:4",0.030687844154161,1.71080032503675,NA,NA
"1500:455:246:3",0.067315947929077,3.04895905520181,NA,NA
"1500:455:246:4",NA,3.82118296327082,NA,NA
"1500:455:247:3",NA,3.03733102007471,NA,NA
"1500:455:247:4",0.023797745786384,3.2224072298942,NA,NA
"1500:455:248:3",0.004532903959311,3.32093405011858,NA,NA
"1500:455:248:4",NA,3.52177499193733,NA,NA
"1500:455:249:3",0.053640910431999,4.94578557394701,NA,NA
"1500:455:249:4",0.108789695023471,10.6210597713066,NA,NA
"1500:456:140:3",0.015090385064045,8.81729004636975,NA,NA
"1500:456:140:4",0.062671508300332,17.0229014090823,NA,NA
"1500:456:141:3",0.0895778460034,9.56926078135659,NA,NA
"1500:456:141:4",0.111436491629337,1.17924520544923,NA,NA
"1500:456:142:3",0.260687580890806,0.043273647403891,NA,NA
"1500:456:142:4",0.677285870529622,0.112925653853058,NA,NA
"1500:456:143:3",1.35220133258978,0.503077957033394,NA,NA
"1500:456:143:4",0.681496766950431,0.251705482141226,NA,NA
"1500:456:144:3",1.24563188441053,0.083946604590085,NA,NA
"1500:456:144:4",1.72897471255971,0.303450193189071,NA,NA
"1500:456:245:3",2.3308762099726,0.15632741204924,NA,NA
"1500:456:245:4",1.26055288632871,NA,NA,NA
"1500:456:246:3",0.466125556571116,NA,NA,NA
"1500:456:246:4",0.054866879435188,NA,NA,NA
"1500:456:247:3",NA,NA,NA,NA
"1500:456:247:4",0.024743886804104,NA,NA,0.314195276542127
"1500:456:248:3",0.251088952214802,NA,NA,0.628390553084255
"1500:456:248:4",0.331185469797076,0.048450676352982,NA,NA
"1500:456:249:3",0.557658411027625,0.077774797551775,NA,NA
"1500:456:249:4",0.359536302737586,0.158153213435203,NA,NA
"1500:457:140:3",0.359834496275032,NA,NA,NA
"1500:457:140:4",0.636727699644809,NA,NA,NA
"1500:457:141:3",0.320839397642731,NA,NA,NA
"1500:457:141:4",0.378350497902333,0.125244242569076,NA,1.20636002356567
"1500:457:142:3",0.644933287905854,0.185229386107426,NA,0.942585829626382
"1500:457:142:4",0.144556852864552,NA,NA,NA
"1500:457:143:3",NA,NA,NA,0.30265776425539
"1500:457:143:4",0.004598478352013,0.075634727437562,NA,NA
"1500:457:144:3",0.001622992359534,NA,NA,NA
"1500:457:144:4",0.0063837699475,NA,NA,NA
"1500:457:245:3",0.02140185924772,NA,NA,NA
"1500:457:245:4",0.023161904295393,NA,NA,NA
"1500:457:246:3",0.180551216548713,0.027440044985134,NA,NA
"1500:457:246:4",0.631894809174901,0.02532927229397,NA,NA
"1500:457:247:3",0.700773140300297,0.193010385371622,NA,NA
"1500:457:247:4",0.173585309850745,0.284965970784417,NA,NA
"1500:457:248:3",0.004598478352013,0.306485591443651,NA,NA
"1500:457:248:4",NA,0.274124544584506,NA,NA
"1500:457:249:3",0.008840952502716,0.937584261087526,NA,NA
"1500:457:249:4",0.146966796284647,0.548956350040166,NA,NA
"7500:351:245:1",NA,0.122069827624846,NA,NA
"7500:351:144:2",0.016045399385165,0.281033757134098,0.008000701916544,NA
"7500:351:144:1",0.04238122501373,0.365508740721437,0.544813955633482,NA
"7500:351:143:2",NA,0.568799694704407,NA,NA
"7500:351:143:1",0.004181211566167,0.272184381432511,NA,NA
"7500:351:142:2",NA,0.659759392980375,NA,NA
"7500:351:142:1",NA,2.47654622626303,NA,NA
"7500:351:141:2",NA,8.44649144000801,NA,NA
"7500:351:141:1",NA,6.33726136995849,NA,NA
"7500:351:140:2",NA,6.34052379070751,NA,NA
"7500:351:140:1",NA,6.018146944028,NA,NA
"7500:350:249:2",NA,4.91129996747925,NA,NA
"7500:350:249:1",NA,4.36134563771353,NA,NA
"7500:350:248:2",NA,5.3544583282571,NA,NA
"7500:350:248:1",NA,3.80356375079641,NA,NA
"7500:350:247:2",NA,2.33035137254589,NA,NA
"7500:350:247:1",NA,1.74524239166478,NA,NA
"7500:350:246:2",NA,0.187726132890772,NA,NA
"7500:350:246:1",NA,0.017807838977842,NA,NA
"7500:350:245:2",NA,0.053888611705392,NA,NA
"7500:350:245:1",NA,1.19402772300419,NA,NA
"7500:350:144:2",NA,0.242565757041883,NA,NA
"7500:350:144:1",NA,NA,NA,NA
"7500:350:143:2",NA,NA,NA,NA
"7500:350:143:1",NA,NA,NA,NA
"7500:350:142:2",NA,NA,NA,NA
"7500:350:142:1",NA,NA,NA,NA
"7500:350:141:2",NA,NA,NA,NA
"7500:350:141:1",NA,NA,NA,NA
"7500:350:140:2",NA,NA,NA,NA
"7500:350:140:1",NA,NA,NA,NA
"1500:350:140:1",NA,NA,NA,NA
"1500:350:140:2",NA,NA,NA,NA
"1500:350:141:1",NA,NA,NA,NA
"1500:350:141:2",NA,NA,NA,NA
"1500:350:142:1",NA,NA,NA,NA
"1500:350:142:2",NA,0.575838776827237,NA,NA
"1500:350:143:1",NA,0.016081485189576,NA,NA
"1500:350:143:2",NA,0.151702043756398,NA,NA
"1500:350:144:1",NA,0.127753468133108,NA,NA
"1500:350:144:2",NA,NA,NA,NA
"1500:350:245:1",NA,NA,NA,NA
"1500:350:245:2",NA,NA,NA,NA
"1500:350:246:1",NA,NA,NA,NA
"1500:350:246:2",NA,NA,NA,NA
"1500:350:247:1",NA,NA,NA,NA
"1500:350:247:2",NA,NA,NA,NA
"1500:350:248:1",NA,NA,NA,NA
"1500:350:248:2",NA,0.129665425359637,NA,NA
"1500:350:249:1",NA,0.435257250677826,NA,NA
"1500:350:249:2",NA,NA,NA,NA
"1500:351:140:1",NA,0.168145331557867,NA,NA
"1500:351:140:2",NA,NA,NA,NA
"1500:351:141:1",NA,0.155523395588045,NA,NA
"1500:351:141:2",NA,NA,NA,NA
"1500:351:142:1",NA,NA,NA,NA
"1500:351:142:2",NA,NA,NA,NA
"1500:351:143:1",NA,1.66959255247554,NA,NA
"1500:351:143:2",NA,1.06999218946753,NA,NA
"1500:351:144:1",NA,0.464111170401708,NA,NA
"1500:351:144:2",NA,0.960074704318951,NA,NA
"1500:351:245:1",NA,4.81971301699376,NA,NA
"1500:351:245:2",NA,0.218313819391287,NA,NA
"1500:351:246:1",NA,NA,NA,NA
"1500:351:246:2",NA,0.124169276629592,NA,NA
"1500:351:247:1",NA,NA,NA,NA
"1500:351:247:2",NA,NA,NA,NA
"1500:351:248:1",NA,NA,NA,NA
"1500:351:248:2",NA,NA,NA,NA
"1500:351:249:1",NA,NA,NA,NA
"1500:351:249:2",NA,0.474707271939513,NA,NA
"1500:352:140:1",NA,0.69420983841487,NA,NA
"1500:352:140:2",NA,0.277978813512623,NA,NA
"1500:352:141:1",NA,0.105601319567106,NA,NA
"1500:352:141:2",NA,0.143894103953693,NA,NA
"1500:352:142:1",NA,0.149499338255977,NA,NA
"1500:352:142:2",NA,NA,NA,NA
"1500:352:143:1",NA,0.05158953176352,NA,NA
"1500:352:143:2",NA,0.143894103953693,NA,NA
"1500:352:144:1",0.033706707156658,0.218239390996434,NA,NA
"1500:352:144:2",0.009119734542143,0.143894103953693,NA,NA
"1500:352:245:1",NA,0.287788207907385,NA,NA
"1500:352:245:2",0.061795629787207,NA,NA,NA
"1500:352:246:1",NA,NA,NA,NA
"1500:352:246:2",NA,NA,NA,NA
"1500:352:247:1",NA,NA,NA,NA
"1500:352:247:2",NA,NA,NA,NA
"1500:352:248:1",NA,NA,NA,NA
"1500:352:248:2",NA,NA,NA,NA
"1500:352:249:1",0.061934101607196,0.143894103953693,NA,NA
"1500:352:249:2",0.102909728765417,0.239349928645827,NA,NA
"1500:353:140:1",0.245831474442285,0.143894103953693,NA,0.075315673780122
"1500:353:140:2",0.357979197344529,NA,NA,0.981614281600923
"1500:353:141:1",0.472313653579013,NA,NA,0.075315673780122
"1500:353:141:2",0.425970469696689,0.23941556684128,NA,NA
"1500:353:142:1",0.653243943081376,0.136183212677874,NA,NA
"1500:353:142:2",0.710585373583764,NA,NA,NA
"1500:353:143:1",0.623565589114315,0.368468461444426,NA,NA
"1500:353:143:2",0.546539116539461,0.203782929187738,NA,NA
"1500:353:144:1",0.627928494423361,0.32417882068486,NA,NA
"1500:353:144:2",0.267380325393092,0.320782438531732,NA,NA
"1500:353:245:1",0.379283323669863,0.349312048618015,NA,NA
"1500:353:245:2",0.464609878846138,0.52962949062641,NA,NA
"1500:353:246:1",0.627343146253183,0.141804810724432,NA,NA
"1500:353:246:2",0.281866532787828,0.46942686021281,NA,NA
"1500:353:247:1",0.373126076919517,0.262071873932989,NA,NA
"1500:353:247:2",0.396375450847403,0.138572391847662,NA,NA
"1500:353:248:1",0.320139567848067,0.311050046913628,NA,NA
"1500:353:248:2",0.583145238259691,0.028107990232791,NA,NA
"1500:353:249:1",0.828390425774368,0.118194098928888,NA,NA
"1500:353:249:2",0.678137446894674,NA,NA,NA
"1500:354:140:1",0.895338955891521,0.060080829122592,NA,NA
"1500:354:140:2",1.10557017074278,0.05503990285945,NA,NA
"1500:354:141:1",0.912086655747599,0.095175091991804,NA,NA
"1500:354:141:2",0.598787521730791,NA,NA,NA
"1500:354:142:1",1.05844389021708,NA,NA,NA
"1500:354:142:2",1.36745540089303,NA,NA,NA
"1500:354:143:1",0.879375687897947,NA,NA,NA
"1500:354:143:2",0.898933537694498,NA,NA,NA
"1500:354:144:1",0.872856671185765,NA,NA,NA
"1500:354:144:2",0.921536908997919,0.048064663298073,NA,NA
"1500:354:245:1",0.782626179320269,0.318204221367987,NA,NA
"1500:354:245:2",1.20420865451725,1.42402305950354,NA,NA
"1500:354:246:1",0.648627996988887,0.44556574256594,NA,NA
"1500:354:246:2",0.591191345312089,0.22885868575313,NA,NA
"1500:354:247:1",0.673853580886591,0.485212181703444,NA,NA
"1500:354:247:2",0.655315371557296,0.512108109200728,NA,NA
"1500:354:248:1",0.570579050368592,0.341028089229355,NA,NA
"1500:354:248:2",0.499161352928951,1.07548557175653,NA,NA
"1500:354:249:1",0.524804200052809,1.53506640320297,NA,NA
"1500:354:249:2",0.696383185536479,0.936616518581765,NA,NA
"1500:455:140:1",0.932869169603539,0.842783592707468,NA,NA
"1500:455:140:2",0.320950302866985,0.442721380231787,NA,NA
"1500:455:141:1",0.541775217856783,1.54857225524512,NA,NA
"1500:455:141:2",0.819097910832085,1.30152254994047,NA,NA
"1500:455:142:1",0.527942940049552,0.902658861114911,NA,NA
"1500:455:142:2",0.450396969718121,1.27113867111232,NA,NA
"1500:455:143:1",0.605067127865158,2.44989546744989,NA,NA
"1500:455:143:2",0.58081104209737,1.72944664169116,NA,NA
"1500:455:144:1",0.760503745405753,1.43713293129825,NA,NA
"1500:455:144:2",0.734603496263893,1.18508031080615,NA,NA
"1500:455:245:1",0.217130404920104,1.98914312966499,NA,NA
"1500:455:245:2",0.001979949862495,1.55846227854119,NA,NA
"1500:455:246:1",0.052684856585451,1.66404154359196,NA,NA
"1500:455:246:2",NA,2.027103703268,NA,NA
"1500:455:247:1",0.00517566683514,1.87735948279043,NA,NA
"1500:455:247:2",0.010834733490361,4.09147663378038,NA,NA
"1500:455:248:1",NA,2.01271472923086,NA,NA
"1500:455:248:2",0.050933730433554,3.2822331609125,NA,NA
"1500:455:249:1",0.070412192034447,4.35577957157597,NA,NA
"1500:455:249:2",NA,6.55610357111636,NA,NA
"1500:456:140:1",0.087563129619377,8.58300820065384,NA,NA
"1500:456:140:2",0.226202125220015,11.4039915863569,NA,NA
"1500:456:141:1",0.053244609172375,16.7587556295759,NA,NA
"1500:456:141:2",0.037669766774488,12.1437747137295,NA,NA
"1500:456:142:1",0.11384648742258,1.63264061923965,NA,NA
"1500:456:142:2",0.337457651273377,0.055120928980963,NA,NA
"1500:456:143:1",0.884140395007269,0.094541209574013,NA,NA
"1500:456:143:2",1.39201949127784,0.331694411433986,NA,NA
"1500:456:144:1",0.901333786588855,0.111559615940219,NA,NA
"1500:456:144:2",1.17106800512466,0.133785070213606,NA,NA
"1500:456:245:1",1.84422763764134,0.204112227505498,NA,NA
"1500:456:245:2",1.37283025075957,NA,NA,NA
"1500:456:246:1",0.435569898415486,NA,NA,NA
"1500:456:246:2",NA,NA,NA,NA
"1500:456:247:1",0.0198063370622,NA,NA,NA
"1500:456:247:2",NA,NA,NA,1.07123915714227
"1500:456:248:1",0.28946289231407,0.058752502195125,NA,1.60144843693996
"1500:456:248:2",0.53437906371257,0.128233128607526,NA,NA
"1500:456:249:1",0.264084494162662,0.067145716794428,NA,NA
"1500:456:249:2",0.332567571138526,NA,NA,NA
"1500:457:140:1",0.151006028852631,0.045233485981875,NA,NA
"1500:457:140:2",0.540343483419255,0.050359287595821,NA,NA
"1500:457:141:1",0.52248844032958,0.041366376982295,NA,0.295360512468524
"1500:457:141:2",0.541049972939084,0.043543554718205,NA,0.595902788313687
"1500:457:142:1",0.644451745907396,NA,NA,0.608929305931575
"1500:457:142:2",0.197953293389373,NA,NA,0.595902788313687
"1500:457:143:1",0.014876597188638,NA,NA,0.302274429543512
"1500:457:143:2",NA,0.083932145993036,NA,NA
"1500:457:144:1",NA,NA,NA,NA
"1500:457:144:2",0.008073646548088,NA,NA,NA
"1500:457:245:1",0.010881888645732,NA,NA,NA
"1500:457:245:2",0.011238494728462,NA,NA,NA
"1500:457:246:1",0.017746872556977,NA,NA,NA
"1500:457:246:2",0.102366618136082,NA,NA,NA
"1500:457:247:1",0.32746648304687,NA,NA,NA
"1500:457:247:2",0.542951394565237,NA,NA,NA
"1500:457:248:1",0.396189602384902,NA,NA,NA
"1500:457:248:2",0.319521977074847,0.336101106111701,NA,NA
"1500:457:249:1",0.308534570038157,0.107443067830259,NA,NA
"1500:457:249:2",0.435462843901933,0.036959510050621,NA,NA
"7500:351:235:4",NA,0.013502941345606,NA,NA
"7500:351:235:3",NA,0.534194176976615,NA,NA
"7500:351:134:4",0.000121797832306,0.622879246446378,0.018247162340758,NA
"7500:351:134:3",0.455322668274867,0.699281768348787,0.218900353714668,NA
"7500:351:133:4",0.006263888518608,0.651262552584041,0.026983140389519,NA
"7500:351:133:3",0.002087962839536,0.481108812476226,0.061539449462949,NA
"7500:351:132:4",NA,0.749636938342943,NA,NA
"7500:351:132:3",NA,3.24451177928363,NA,NA
"7500:351:131:4",NA,10.8575792392542,NA,NA
"7500:351:131:3",NA,7.71210996575749,NA,NA
"7500:351:130:4",NA,6.12444006039497,NA,NA
"7500:351:130:3",NA,5.37232240873008,NA,NA
"7500:350:239:4",NA,5.72010622250915,NA,NA
"7500:350:239:3",NA,4.08611832440029,NA,NA
"7500:350:238:4",NA,3.41969184442475,NA,NA
"7500:350:238:3",NA,3.13538023189118,NA,NA
"7500:350:237:4",NA,4.08256384259379,NA,NA
"7500:350:237:3",NA,1.20551652648349,NA,NA
"7500:350:236:4",NA,0.096039701382888,NA,NA
"7500:350:236:3",NA,0.045671100764849,NA,NA
"7500:350:235:4",NA,0.084817758563291,NA,NA
"7500:350:235:3",NA,0.059486678381294,NA,NA
"7500:350:134:4",NA,0.11984401325291,NA,NA
"7500:350:134:3",NA,NA,NA,NA
"7500:350:133:4",NA,0.366658599462872,NA,NA
"7500:350:133:3",NA,0.105862211706738,NA,NA
"7500:350:132:4",NA,NA,NA,NA
"7500:350:132:3",NA,NA,NA,NA
"7500:350:131:4",NA,NA,NA,NA
"7500:350:131:3",NA,NA,NA,NA
"7500:350:130:4",NA,0.147245392989529,NA,NA
"7500:350:130:3",NA,NA,NA,NA
"1500:350:130:3",NA,NA,NA,NA
"1500:350:130:4",NA,NA,NA,NA
"1500:350:131:3",NA,NA,NA,NA
"1500:350:131:4",NA,NA,NA,NA
"1500:350:132:3",NA,0.600849804961743,NA,NA
"1500:350:132:4",NA,0.495286170115506,NA,NA
"1500:350:133:3",NA,0.629686694547048,NA,NA
"1500:350:133:4",NA,1.87784816147346,NA,NA
"1500:350:134:3",NA,0.621786502730984,NA,NA
"1500:350:134:4",NA,0.028962316968188,NA,NA
"1500:350:235:3",NA,NA,NA,NA
"1500:350:235:4",NA,0.171778357634839,NA,NA
"1500:350:236:3",NA,NA,NA,NA
"1500:350:236:4",NA,NA,NA,NA
"1500:350:237:3",NA,NA,NA,NA
"1500:350:237:4",NA,NA,NA,NA
"1500:350:238:3",NA,NA,NA,NA
"1500:350:238:4",NA,NA,NA,NA
"1500:350:239:3",NA,0.508168030464644,NA,NA
"1500:350:239:4",NA,NA,NA,NA
"1500:351:130:3",NA,NA,NA,NA
"1500:351:130:4",NA,0.143706154101325,NA,NA
"1500:351:131:3",NA,0.276482779799454,NA,NA
"1500:351:131:4",NA,NA,NA,NA
"1500:351:132:3",NA,NA,NA,NA
"1500:351:132:4",NA,NA,NA,NA
"1500:351:133:3",NA,0.081785470360716,NA,NA
"1500:351:133:4",NA,0.081890208246423,NA,NA
"1500:351:134:3",NA,3.38127464745989,NA,NA
"1500:351:134:4",NA,6.66218541928838,NA,NA
"1500:351:235:3",NA,0.253859584202231,NA,NA
"1500:351:235:4",NA,0.346323168924592,NA,NA
"1500:351:236:3",NA,0.081890208246423,NA,NA
"1500:351:236:4",NA,0.143712193046994,NA,NA
"1500:351:237:3",NA,NA,NA,NA
"1500:351:237:4",NA,0.069925852386057,NA,NA
"1500:351:238:3",NA,NA,NA,NA
"1500:351:238:4",NA,0.069925852386057,NA,NA
"1500:351:239:3",NA,NA,NA,NA
"1500:351:239:4",NA,0.514182830250614,NA,NA
"1500:352:130:3",NA,0.066245544365738,NA,NA
"1500:352:130:4",NA,0.223191999478825,NA,NA
"1500:352:131:3",NA,0.069925852386057,NA,NA
"1500:352:131:4",NA,0.878452484674134,NA,NA
"1500:352:132:3",NA,0.772362716570265,NA,NA
"1500:352:132:4",0.032378839070166,0.298207496138414,NA,NA
"1500:352:133:3",0.067328190284087,0.517277451587768,NA,NA
"1500:352:133:4",0.084745551073184,0.143712193046994,NA,NA
"1500:352:134:3",0.14122634338013,0.211717717986434,NA,NA
"1500:352:134:4",0.168138521760443,0.134461905038262,NA,NA
"1500:352:235:3",0.098438037934426,0.670656900885971,NA,NA
"1500:352:235:4",0.033664095142043,0.718560965234969,NA,NA
"1500:352:236:3",0.032378839070166,NA,NA,NA
"1500:352:236:4",NA,NA,NA,NA
"1500:352:237:3",0.033664095142043,0.191616257395992,NA,NA
"1500:352:237:4",NA,NA,NA,NA
"1500:352:238:3",NA,NA,NA,NA
"1500:352:238:4",NA,NA,NA,NA
"1500:352:239:3",NA,0.044093023359644,NA,0.075220459715546
"1500:352:239:4",0.108533512695887,0.200686412175611,NA,0.977865976302098
"1500:353:130:3",0.149404953254601,0.146107396264443,NA,0.075220459715546
"1500:353:130:4",0.348547265199201,NA,NA,0.075220459715546
"1500:353:131:3",0.379518084669704,0.439032947808991,NA,1.57962965402647
"1500:353:131:4",0.394276903986535,0.159349822528706,NA,0.075220459715546
"1500:353:132:3",0.493413681544316,0.096007799914504,NA,NA
"1500:353:132:4",0.47122197394113,0.219836091390193,NA,NA
"1500:353:133:3",0.156839417391062,0.246969723836258,NA,NA
"1500:353:133:4",0.134514917709089,0.1395201068933,NA,NA
"1500:353:134:3",0.336309189121553,NA,NA,NA
"1500:353:134:4",0.199696912068446,0.143712193046994,NA,NA
"1500:353:235:3",0.427946946211799,0.133063441986768,NA,NA
"1500:353:235:4",0.340745529887707,0.271097754913789,NA,NA
"1500:353:236:3",0.779726217152002,0.08618244027413,NA,NA
"1500:353:236:4",0.290515384964745,0.04070506136726,NA,NA
"1500:353:237:3",0.569688240244956,0.145274960396946,NA,NA
"1500:353:237:4",0.476065097619524,0.063233207399831,NA,NA
"1500:353:238:3",0.798117923615137,NA,NA,NA
"1500:353:238:4",1.23555249437424,NA,NA,NA
"1500:353:239:3",0.809569629696139,0.116907657264445,NA,NA
"1500:353:239:4",1.12090887143467,0.118061112254762,NA,NA
"1500:354:130:3",0.823810388899217,0.036646880947815,NA,NA
"1500:354:130:4",0.803793522058994,0.116806319165652,NA,NA
"1500:354:131:3",0.604609556313242,0.016843473669211,NA,NA
"1500:354:131:4",0.554705749212797,0.028423361816794,NA,NA
"1500:354:132:3",0.722758609827959,0.306897669440348,NA,NA
"1500:354:132:4",0.863738713920038,0.160331154562629,NA,NA
"1500:354:133:3",0.630748687284903,0.124010074889567,NA,NA
"1500:354:133:4",0.913384337539315,0.144934167292627,NA,NA
"1500:354:134:3",0.442352961074192,0.403341310500006,NA,NA
"1500:354:134:4",0.629108412780802,0.178633569755011,NA,NA
"1500:354:235:3",0.544289478809742,0.415300803546709,NA,NA
"1500:354:235:4",0.434112221863096,0.303161943019937,NA,NA
"1500:354:236:3",0.395036144130197,0.066158975023889,NA,NA
"1500:354:236:4",0.050658542007813,1.17096737560257,NA,NA
"1500:354:237:3",0.089257208311548,0.363673926333911,NA,NA
"1500:354:237:4",0.234768200526628,0.909063336015927,NA,NA
"1500:354:238:3",0.202200339561162,0.543732864457493,NA,NA
"1500:354:238:4",0.412234524461451,0.852041509139403,NA,NA
"1500:354:239:3",0.483947222145539,0.788645008263966,NA,NA
"1500:354:239:4",0.433175828733583,0.624821531652281,NA,NA
"1500:455:130:3",0.539944674913487,0.826045993023113,NA,NA
"1500:455:130:4",0.382033437176095,0.476560487191747,NA,NA
"1500:455:131:3",0.277375180247261,0.774550250413822,NA,NA
"1500:455:131:4",0.382323199676645,0.405434543379975,NA,NA
"1500:455:132:3",0.331768272646839,0.276171065818312,NA,NA
"1500:455:132:4",0.586908181530054,0.784096046458162,NA,NA
"1500:455:133:3",0.271854730531903,1.63417619199523,NA,NA
"1500:455:133:4",0.109973845735199,1.15288944224809,NA,NA
"1500:455:134:3",0.489985529010769,1.87114145123199,NA,NA
"1500:455:134:4",0.6179636005317,0.494382995529351,NA,NA
"1500:455:235:3",0.397080087209516,0.908121507409372,NA,NA
"1500:455:235:4",0.064437926516121,0.709709707836829,NA,NA
"1500:455:236:3",0.004970311305605,0.948242270718539,NA,NA
"1500:455:236:4",0.073252005081127,0.682293322048149,NA,NA
"1500:455:237:3",0.028239480031691,1.32812447281348,NA,NA
"1500:455:237:4",0.032196049919255,1.56442175651512,NA,NA
"1500:455:238:3",0.05674826509379,2.01619226350257,NA,NA
"1500:455:238:4",0.065967192822504,2.16170198078762,NA,NA
"1500:455:239:3",0.052621463342318,3.44540640425319,NA,NA
"1500:455:239:4",0.150859722272771,2.76236537162593,NA,NA
"1500:456:130:3",0.176448754328923,7.01262723464077,NA,NA
"1500:456:130:4",0.137632828469687,8.49970531455278,NA,NA
"1500:456:131:3",0.143775297357609,10.5850654101903,NA,NA
"1500:456:131:4",0.069608091897886,11.1232163461155,NA,NA
"1500:456:132:3",0.200651389172842,14.8869585749925,NA,NA
"1500:456:132:4",0.132360089544782,1.34810452381821,NA,NA
"1500:456:133:3",0.361172418304085,0.088354058194427,NA,NA
"1500:456:133:4",0.605451849507517,0.086328402824863,NA,NA
"1500:456:134:3",0.992966386829587,0.52891169455894,NA,NA
"1500:456:134:4",1.14555710263807,0.109368985785575,NA,NA
"1500:456:235:3",0.761909095241941,0.052331008718075,NA,NA
"1500:456:235:4",0.879708734208502,0.043164201412432,NA,NA
"1500:456:236:3",0.099612964392632,NA,NA,NA
"1500:456:236:4",NA,NA,NA,NA
"1500:456:237:3",0.053692094282554,NA,NA,0.313400626319278
"1500:456:237:4",0.027317030424457,NA,NA,0.956412256181248
"1500:456:238:3",0.311242728652803,0.157614068628405,NA,1.98306948033061
"1500:456:238:4",0.337207869447306,NA,NA,NA
"1500:456:239:3",0.147942380522814,0.10497821341212,NA,NA
"1500:456:239:4",0.029502392858414,0.056303156185231,NA,NA
"1500:457:130:3",0.026846047141277,0.076840874893553,NA,NA
"1500:457:130:4",NA,0.075692990379024,NA,NA
"1500:457:131:3",0.050795909981198,NA,NA,NA
"1500:457:131:4",0.004586848063081,0.036771807719926,NA,NA
"1500:457:132:3",0.176812961991445,NA,NA,NA
"1500:457:132:4",NA,NA,NA,NA
"1500:457:133:3",NA,NA,NA,NA
"1500:457:133:4",NA,NA,NA,0.296687254694641
"1500:457:134:3",0.01014087048838,NA,NA,NA
"1500:457:134:4",0.01236262616177,NA,NA,NA
"1500:457:235:3",0.004091828730999,0.040003249964377,NA,NA
"1500:457:235:4",0.011193194635242,NA,NA,NA
"1500:457:236:3",0.016441918166386,NA,NA,NA
"1500:457:236:4",0.01625301709832,NA,NA,NA
"1500:457:237:3",0.081404702474859,NA,NA,NA
"1500:457:237:4",0.176123834320256,NA,NA,NA
"1500:457:238:3",0.153016837370493,NA,NA,NA
"1500:457:238:4",0.198018113178917,NA,NA,NA
"1500:457:239:3",0.295657746459575,NA,NA,NA
"1500:457:239:4",0.176290397426396,NA,NA,NA
"7500:351:235:1",NA,0.419522931809619,NA,NA
"7500:351:134:2",NA,0.614822550232029,NA,NA
"7500:351:134:1",0.088993861592192,0.48927241705675,0.072956105073622,NA
"7500:351:133:2",0.028562044643787,0.427032519023737,0.033678920342149,NA
"7500:351:133:1",0.014597297092225,1.08790716742164,0.390801244236504,NA
"7500:351:132:2",NA,0.770674200162227,NA,NA
"7500:351:132:1",0.007168195742255,4.57150350378284,NA,NA
"7500:351:131:2",NA,9.48444413037948,NA,NA
"7500:351:131:1",0.010752293613383,8.1956497446585,NA,NA
"7500:351:130:2",NA,5.79494258097019,NA,NA
"7500:351:130:1",NA,4.74192187783274,NA,NA
"7500:350:239:2",NA,4.68054980944015,NA,NA
"7500:350:239:1",NA,4.76912209112886,NA,NA
"7500:350:238:2",NA,3.97092075110957,NA,NA
"7500:350:238:1",NA,4.00518835420717,NA,NA
"7500:350:237:2",NA,2.86317668356192,NA,NA
"7500:350:237:1",NA,0.666442658721209,NA,NA
"7500:350:236:2",NA,0.401455904828959,NA,NA
"7500:350:236:1",NA,0.087968836846981,NA,NA
"7500:350:235:2",NA,0.104259362189015,NA,NA
"7500:350:235:1",NA,0.067398690357965,NA,NA
"7500:350:134:2",NA,NA,NA,NA
"7500:350:134:1",NA,NA,NA,NA
"7500:350:133:2",NA,NA,NA,NA
"7500:350:133:1",NA,0.140982749609625,NA,NA
"7500:350:132:2",NA,NA,NA,NA
"7500:350:132:1",NA,NA,NA,NA
"7500:350:131:2",NA,NA,NA,NA
"7500:350:131:1",NA,NA,NA,NA
"7500:350:130:2",NA,0.298029944077496,NA,NA
"7500:350:130:1",NA,0.121687668610095,NA,NA
"1500:350:130:1",NA,NA,NA,NA
"1500:350:130:2",NA,NA,NA,NA
"1500:350:131:1",NA,0.16772085729421,NA,NA
"1500:350:131:2",NA,NA,NA,NA
"1500:350:132:1",NA,0.654550977338404,NA,NA
"1500:350:132:2",NA,0.007279369166569,NA,NA
"1500:350:133:1",NA,0.127909582027237,NA,NA
"1500:350:133:2",NA,0.273627383638963,NA,NA
"1500:350:134:1",NA,2.70531527124868,NA,NA
"1500:350:134:2",NA,0.59006443998256,NA,NA
"1500:350:235:1",NA,NA,NA,NA
"1500:350:235:2",NA,NA,NA,NA
"1500:350:236:1",NA,NA,NA,NA
"1500:350:236:2",NA,NA,NA,NA
"1500:350:237:1",NA,NA,NA,NA
"1500:350:237:2",NA,NA,NA,NA
"1500:350:238:1",NA,NA,NA,NA
"1500:350:238:2",NA,0.491532800440664,NA,NA
"1500:350:239:1",NA,0.039097260820881,NA,NA
"1500:350:239:2",NA,0.045179056948573,NA,NA
"1500:351:130:1",NA,0.228504457422053,NA,NA
"1500:351:130:2",NA,0.679965063436577,NA,NA
"1500:351:131:1",NA,0.111830441532082,NA,NA
"1500:351:131:2",NA,0.098673918998895,NA,NA
"1500:351:132:1",NA,NA,NA,NA
"1500:351:132:2",NA,0.099006206775552,NA,NA
"1500:351:133:1",NA,0.101770107014544,NA,NA
"1500:351:133:2",NA,3.26294531148473,NA,0.295692532350716
"1500:351:134:1",NA,4.64429764091337,NA,NA
"1500:351:134:2",NA,0.375717576621341,NA,NA
"1500:351:235:1",NA,0.036253362550769,NA,NA
"1500:351:235:2",NA,0.040432304500601,NA,NA
"1500:351:236:1",NA,NA,NA,NA
"1500:351:236:2",NA,0.094620993625786,NA,NA
"1500:351:237:1",NA,NA,NA,NA
"1500:351:237:2",NA,NA,NA,NA
"1500:351:238:1",NA,NA,NA,NA
"1500:351:238:2",NA,NA,NA,NA
"1500:351:239:1",NA,NA,NA,NA
"1500:351:239:2",NA,NA,NA,NA
"1500:352:130:1",NA,0.363203456698624,NA,NA
"1500:352:130:2",NA,0.906636540065712,NA,NA
"1500:352:131:1",NA,0.307192531064896,NA,NA
"1500:352:131:2",NA,0.445949775792015,NA,NA
"1500:352:132:1",0.032337982024457,0.563957698657614,NA,NA
"1500:352:132:2",0.033621616303597,0.535918579786606,NA,NA
"1500:352:133:1",0.010779327341486,0.285865610917817,NA,NA
"1500:352:133:2",0.063307516413808,0.460345941830962,NA,NA
"1500:352:134:1",0.016810808151798,0.378047664790492,NA,NA
"1500:352:134:2",0.120621185891142,0.113830354196761,NA,NA
"1500:352:235:1",0.174715147655285,0.388183046415148,NA,NA
"1500:352:235:2",0.106632781242595,0.457961831828569,NA,NA
"1500:352:236:1",0.125398111187968,0.421409857206629,NA,NA
"1500:352:236:2",0.046133963057819,0.220922502770918,NA,NA
"1500:352:237:1",NA,NA,NA,NA
"1500:352:237:2",NA,0.060980546891122,NA,NA
"1500:352:238:1",NA,NA,NA,NA
"1500:352:238:2",NA,0.132553501662551,NA,NA
"1500:352:239:1",NA,0.158534585424315,NA,NA
"1500:352:239:2",0.142615727967197,0.198681814876001,NA,NA
"1500:353:130:1",0.07450961375447,0.56740783840059,NA,1.27713423483113
"1500:353:130:2",0.251715705450769,0.264440555712776,NA,0.077629727999539
"1500:353:131:1",0.23029933492758,0.201446236044249,NA,0.075125543225361
"1500:353:131:2",0.650220970818653,0.060980546891122,NA,NA
"1500:353:132:1",0.086955956954751,NA,NA,NA
"1500:353:132:2",0.101135401397636,0.095687233780022,NA,NA
"1500:353:133:1",0.239581165478001,0.121981610722489,NA,NA
"1500:353:133:2",0.511251235012457,0.073176656269346,NA,NA
"1500:353:134:1",0.378806848650206,0.173396911078588,NA,NA
"1500:353:134:2",0.414342527310519,NA,NA,NA
"1500:353:235:1",0.339860558389953,0.184769238500848,NA,NA
"1500:353:235:2",0.62574416498091,0.132755351507799,NA,NA
"1500:353:236:1",0.427865912465991,0.144415956572474,NA,NA
"1500:353:236:2",0.722198419059117,0.039507029237147,NA,NA
"1500:353:237:1",0.834439619315754,NA,NA,NA
"1500:353:237:2",1.14882034032934,NA,NA,NA
"1500:353:238:1",1.55749209427507,0.071446232676604,NA,NA
"1500:353:238:2",1.07311432191487,0.091501595747051,NA,NA
"1500:353:239:1",0.768939460862289,0.162450605880335,NA,NA
"1500:353:239:2",0.279909393870391,0.109652885432968,NA,NA
"1500:354:130:1",0.277219262903725,0.123963629708936,NA,NA
"1500:354:130:2",0.427908434649469,0.34696795695974,NA,NA
"1500:354:131:1",0.546759259295839,0.087034961178593,NA,NA
"1500:354:131:2",0.643444039281431,0.132895536673066,NA,NA
"1500:354:132:1",0.24924627272739,0.193303660806015,NA,NA
"1500:354:132:2",0.489198165562802,0.628763521231895,NA,NA
"1500:354:133:1",0.351600098012013,0.547455233559823,NA,NA
"1500:354:133:2",0.729943990390667,0.586757501955113,NA,NA
"1500:354:134:1",0.564994402890773,0.145091646051291,NA,NA
"1500:354:134:2",0.559568626117298,0.498898535210825,NA,NA
"1500:354:235:1",0.582612593623545,0.246795804285381,NA,NA
"1500:354:235:2",0.213617739643457,0.07742498612322,NA,NA
"1500:354:236:1",NA,0.03660063829882,NA,NA
"1500:354:236:2",0.022563076969274,0.902566897139575,NA,NA
"1500:354:237:1",0.149593842772976,1.19903865674314,NA,NA
"1500:354:237:2",0.076767480837939,1.23138994420402,NA,NA
"1500:354:238:1",0.079400775709625,0.321246633830661,NA,NA
"1500:354:238:2",0.107014887537716,0.536269600682318,NA,NA
"1500:354:239:1",0.292450678941245,0.869978933742103,NA,NA
"1500:354:239:2",0.193526226354297,1.10021656894669,NA,NA
"1500:455:130:1",0.473168758174074,0.464141745545568,NA,NA
"1500:455:130:2",0.377225825663713,0.438191170617596,NA,NA
"1500:455:131:1",0.426290787801996,0.557937733478337,NA,NA
"1500:455:131:2",0.478613593366669,0.927382903027892,NA,NA
"1500:455:132:1",0.393418559754393,0.645431620704773,NA,NA
"1500:455:132:2",0.532920961274236,1.14047772130403,NA,NA
"1500:455:133:1",0.390790979858325,1.5410596661133,NA,NA
"1500:455:133:2",0.169608446991909,0.658999926168179,NA,NA
"1500:455:134:1",0.200147852501047,1.49815865193144,NA,NA
"1500:455:134:2",0.19310518681905,0.565623849927839,NA,NA
"1500:455:235:1",0.324400166578264,1.36180587367045,NA,NA
"1500:455:235:2",0.032604867163414,1.14927849416035,NA,NA
"1500:455:236:1",0.032739072710297,0.436569252724087,NA,NA
"1500:455:236:2",0.042899474585907,0.541219125830914,NA,NA
"1500:455:237:1",0.025683238074457,0.684186449427665,NA,NA
"1500:455:237:2",0.032739072710297,1.15399034163205,NA,NA
"1500:455:238:1",NA,0.797567882813798,NA,NA
"1500:455:238:2",NA,1.1171945552395,NA,NA
"1500:455:239:1",0.145849721856419,2.41010453092998,NA,NA
"1500:455:239:2",0.143190370557024,3.35424400290159,NA,NA
"1500:456:130:1",0.227832921704673,2.56041449193447,NA,NA
"1500:456:130:2",0.267719650186972,5.27869841139122,NA,NA
"1500:456:131:1",0.166116504268351,9.7485581326652,NA,NA
"1500:456:131:2",0.266619512171942,8.47124775148951,NA,NA
"1500:456:132:1",0.171464716262763,13.4820570802879,NA,NA
"1500:456:132:2",0.307716384724055,11.3611157474855,NA,NA
"1500:456:133:1",0.115390096740685,0.414792957172965,NA,NA
"1500:456:133:2",0.733540300877168,NA,NA,NA
"1500:456:134:1",0.803017260915037,0.446028848862473,NA,NA
"1500:456:134:2",0.40880295243081,0.113640855586415,NA,NA
"1500:456:235:1",0.569519935176959,NA,NA,NA
"1500:456:235:2",0.323678663096072,0.035026659623581,NA,NA
"1500:456:236:1",0.233911647135996,0.020561342778258,NA,NA
"1500:456:236:2",NA,NA,NA,NA
"1500:456:237:1",0.028427225750419,NA,NA,NA
"1500:456:237:2",0.097276440179447,NA,NA,0.302211882097482
"1500:456:238:1",0.478737162527842,NA,NA,1.24122737290037
"1500:456:238:2",0.129342856654461,0.128883465855434,NA,0.620613686450184
"1500:456:239:1",0.081377292800021,NA,NA,NA
"1500:456:239:2",0.027282560591914,NA,NA,NA
"1500:457:130:1",0.160561935452105,0.37255823856843,NA,NA
"1500:457:130:2",0.124741242546823,0.151623319163683,NA,NA
"1500:457:131:1",0.21496918858047,0.054867687998317,NA,NA
"1500:457:131:2",NA,0.034102164044768,NA,NA
"1500:457:132:1",NA,0.049841624373122,NA,NA
"1500:457:132:2",NA,0.043457401232754,NA,NA
"1500:457:133:1",NA,0.054505978910672,NA,NA
"1500:457:133:2",NA,NA,NA,NA
"1500:457:134:1",0.004581060176104,NA,NA,NA
"1500:457:134:2",0.010788203959713,NA,NA,NA
"1500:457:235:1",0.013816235888391,NA,NA,NA
"1500:457:235:2",0.00878374912718,NA,NA,NA
"1500:457:236:1",0.018314073417774,NA,NA,NA
"1500:457:236:2",0.02439310520005,NA,NA,NA
"1500:457:237:1",0.300806870600518,NA,NA,NA
"1500:457:237:2",0.347035394121247,NA,NA,NA
"1500:457:238:1",0.324269898578532,NA,NA,NA
"1500:457:238:2",0.25221281171288,NA,NA,NA
"1500:457:239:1",0.254636527422868,NA,NA,NA
"1500:457:239:2",0.316353926565157,NA,NA,NA
"7500:351:225:3",NA,NA,NA,NA
"7500:351:124:4",NA,0.142937210133383,NA,NA
"7500:351:124:3",0.019785666124704,0.300017516663963,NA,NA
"7500:351:123:4",NA,0.555230279102726,0.047817762185799,NA
"7500:351:123:3",0.012496210184024,0.471072818473338,0.014275438488141,NA
"7500:351:122:4",0.049028365027659,1.08659187038775,NA,NA
"7500:351:122:3",0.067892771235673,7.41241450557711,NA,NA
"7500:351:121:4",0.022611037168998,8.65196779288546,NA,NA
"7500:351:121:3",0.007159167441371,6.48399856312325,NA,NA
"7500:351:120:4",NA,7.71441151847641,NA,NA
"7500:351:120:3",0.007427636220423,5.26794145612832,NA,NA
"7500:350:229:4",NA,5.8427827160978,NA,NA
"7500:350:229:3",NA,5.37395096483092,NA,NA
"7500:350:228:4",NA,4.63248946830608,NA,NA
"7500:350:228:3",NA,3.37171664912062,NA,NA
"7500:350:227:4",NA,1.93458045817972,NA,NA
"7500:350:227:3",NA,1.00456935333806,NA,NA
"7500:350:226:4",NA,0.67329881946156,NA,NA
"7500:350:226:3",NA,0.183057802880827,NA,NA
"7500:350:225:4",NA,NA,NA,NA
"7500:350:225:3",NA,NA,NA,NA
"7500:350:124:4",NA,NA,NA,NA
"7500:350:124:3",NA,0.141555157260668,NA,NA
"7500:350:123:4",NA,NA,NA,NA
"7500:350:123:3",NA,NA,NA,NA
"7500:350:122:4",NA,NA,NA,NA
"7500:350:122:3",NA,NA,NA,NA
"7500:350:121:4",NA,NA,NA,NA
"7500:350:121:3",NA,NA,NA,NA
"7500:350:120:4",NA,NA,NA,NA
"7500:350:120:3",NA,0.089296373128425,NA,NA
"1500:350:120:3",NA,NA,NA,NA
"1500:350:120:4",NA,NA,NA,NA
"1500:350:121:3",NA,NA,NA,NA
"1500:350:121:4",NA,NA,NA,NA
"1500:350:122:3",NA,1.42793104446729,NA,NA
"1500:350:122:4",NA,1.69552366775149,NA,NA
"1500:350:123:3",NA,0.302235064244069,NA,NA
"1500:350:123:4",NA,0.157381484394852,NA,NA
"1500:350:124:3",NA,0.087396320269073,NA,NA
"1500:350:124:4",NA,3.57620006350617,NA,NA
"1500:350:225:3",NA,0.474539945026435,NA,NA
"1500:350:225:4",NA,NA,NA,NA
"1500:350:226:3",NA,NA,NA,NA
"1500:350:226:4",NA,NA,NA,NA
"1500:350:227:3",NA,NA,NA,NA
"1500:350:227:4",NA,NA,NA,NA
"1500:350:228:3",NA,NA,NA,NA
"1500:350:228:4",NA,NA,NA,NA
"1500:350:229:3",NA,0.062980782372093,NA,NA
"1500:350:229:4",NA,NA,NA,NA
"1500:351:120:3",NA,0.600450425869712,NA,NA
"1500:351:120:4",NA,0.203914355497678,NA,NA
"1500:351:121:3",NA,0.764475918619679,NA,NA
"1500:351:121:4",NA,0.166155129897571,NA,NA
"1500:351:122:3",NA,NA,NA,NA
"1500:351:122:4",NA,0.126731368518304,NA,NA
"1500:351:123:3",NA,0.817051127085699,NA,NA
"1500:351:123:4",NA,5.98431008279085,NA,NA
"1500:351:124:3",NA,0.821315933884566,NA,NA
"1500:351:124:4",NA,NA,NA,NA
"1500:351:225:3",NA,NA,NA,NA
"1500:351:225:4",NA,NA,NA,NA
"1500:351:226:3",NA,NA,NA,NA
"1500:351:226:4",NA,NA,NA,NA
"1500:351:227:3",NA,NA,NA,NA
"1500:351:227:4",NA,NA,NA,NA
"1500:351:228:3",NA,NA,NA,NA
"1500:351:228:4",NA,0.286700148795314,NA,NA
"1500:351:229:3",NA,0.974942766238433,NA,NA
"1500:351:229:4",NA,0.697206034989034,NA,NA
"1500:352:120:3",NA,0.787095307762555,NA,NA
"1500:352:120:4",0.022576293604426,0.811446449052214,NA,NA
"1500:352:121:3",0.032351004223059,0.644005346443444,NA,NA
"1500:352:121:4",0.12186490453106,1.64883757726957,NA,NA
"1500:352:122:3",0.069977380468688,1.08156730428775,NA,NA
"1500:352:122:4",0.03229725252401,1.25154590646468,NA,NA
"1500:352:123:3",0.034731721178087,0.816272030297879,NA,NA
"1500:352:123:4",0.133644602083183,0.571678315784263,NA,NA
"1500:352:124:3",0.133966231455681,0.114644822107989,NA,NA
"1500:352:124:4",0.045100466259948,0.308708288756813,NA,NA
"1500:352:225:3",0.094815704658298,0.427055284466214,NA,NA
"1500:352:225:4",0.067158540146468,0.665408022887826,NA,NA
"1500:352:226:3",0.171699874635389,1.07470630791953,NA,NA
"1500:352:226:4",0.172468097152687,1.19592449931458,NA,NA
"1500:352:227:3",0.229226196247782,0.706873264504162,NA,NA
"1500:352:227:4",0.088886919679133,0.838251234138875,NA,NA
"1500:352:228:3",0.08738043025169,0.672631995650387,NA,0.150061846080429
"1500:352:228:4",0.035472294478077,0.698068473202045,NA,1.42808856853208
"1500:352:229:3",0.021351467937348,1.05124632695146,NA,0.075030923040215
"1500:352:229:4",0.038147477711539,0.623741869226862,NA,NA
"1500:353:120:3",0.126957384023359,0.651545333285119,NA,0.300123692160859
"1500:353:120:4",0.308183747088581,1.34649463886811,NA,1.27552569168365
"1500:353:121:3",0.61845902931147,0.760396193893886,NA,NA
"1500:353:121:4",0.551946498703203,0.14543601606031,NA,NA
"1500:353:122:3",0.129915503259391,0.243315448214583,NA,NA
"1500:353:122:4",0.234679688815797,0.357288601752942,NA,NA
"1500:353:123:3",0.236421485194886,0.206893884134979,NA,NA
"1500:353:123:4",0.523259320279303,0.081204989662219,NA,NA
"1500:353:124:3",0.28179017809169,0.144234065514357,NA,NA
"1500:353:124:4",0.245849391204821,0.143350074397657,NA,NA
"1500:353:225:3",0.341177228955568,NA,NA,NA
"1500:353:225:4",0.452388060218881,NA,NA,NA
"1500:353:226:3",1.13399150486184,NA,NA,NA
"1500:353:226:4",1.01802774437128,0.209109512274047,NA,NA
"1500:353:227:3",1.14748549230313,NA,NA,NA
"1500:353:227:4",1.27235393332424,0.091082208127808,NA,NA
"1500:353:228:3",0.492842894116906,0.464613766012138,NA,NA
"1500:353:228:4",0.22509351872911,0.252342728724423,NA,NA
"1500:353:229:3",0.259503251528773,0.572990992886191,NA,NA
"1500:353:229:4",0.235460187888769,0.72290568205754,NA,NA
"1500:354:120:3",0.392425871184739,0.588598968731342,NA,NA
"1500:354:120:4",0.405757351574999,0.288186593044491,NA,NA
"1500:354:121:3",0.587418894560334,0.637098388287197,NA,NA
"1500:354:121:4",0.339523843502035,0.290663597805753,NA,NA
"1500:354:122:3",0.535993970601901,0.121995273758449,NA,NA
"1500:354:122:4",0.169616515734806,0.073042021922123,NA,NA
"1500:354:123:3",0.220496120982828,0.16117378306928,NA,NA
"1500:354:123:4",0.658577372752797,0.41099515676248,NA,NA
"1500:354:124:3",0.929471590509352,0.277125987031299,NA,NA
"1500:354:124:4",0.869519079796078,0.54019404629766,NA,NA
"1500:354:225:3",0.563822226260506,0.290803916292307,NA,NA
"1500:354:225:4",0.18309998635038,0.168724705064798,NA,NA
"1500:354:226:3",0.064456083029842,0.147317306807355,NA,NA
"1500:354:226:4",0.072819893618264,0.773300786448986,NA,NA
"1500:354:227:3",0.041330415358364,0.289585707300606,NA,NA
"1500:354:227:4",0.068810213282295,1.48078354006764,NA,NA
"1500:354:228:3",0.023285814201774,1.46001203659715,NA,NA
"1500:354:228:4",0.013627882475892,0.573642142777614,NA,NA
"1500:354:229:3",0.073317499686842,1.66015667600528,NA,NA
"1500:354:229:4",0.175451061133995,1.09588306980624,NA,NA
"1500:455:120:3",0.291153977437247,1.48916243933232,NA,NA
"1500:455:120:4",0.259563557033445,1.35633216075268,NA,NA
"1500:455:121:3",0.397986361721374,0.8900067536858,NA,NA
"1500:455:121:4",0.443653746579158,0.366426591596728,NA,NA
"1500:455:122:3",0.292244555126761,0.724250627133024,NA,NA
"1500:455:122:4",0.384771949115606,0.600381830946564,NA,NA
"1500:455:123:3",0.863174047176798,0.463937283882346,NA,NA
"1500:455:123:4",0.312367111302338,0.359995768521455,NA,NA
"1500:455:124:3",0.393011326643334,1.09372034041874,NA,NA
"1500:455:124:4",0.230689617747116,1.26824072695227,NA,NA
"1500:455:225:3",0.286253729478877,0.782132083391809,NA,NA
"1500:455:225:4",0.111346020058327,1.03072055910647,NA,NA
"1500:455:226:3",0.058493202101999,0.927488668064465,NA,NA
"1500:455:226:4",0.034069706189729,1.17617295439553,NA,NA
"1500:455:227:3",0.067849356264353,0.490377539891389,NA,NA
"1500:455:227:4",0.059453503719796,0.776883023058927,NA,NA
"1500:455:228:3",NA,1.15136145990102,NA,NA
"1500:455:228:4",0.006464816372115,1.37317266155395,NA,NA
"1500:455:229:3",0.038511636217117,1.16523400402727,NA,NA
"1500:455:229:4",0.153228666447343,1.81048880458942,NA,NA
"1500:456:120:3",0.529905329303434,2.53444152499828,NA,NA
"1500:456:120:4",0.726001149088876,2.93734088744938,NA,NA
"1500:456:121:3",0.148638169954403,6.17356425974968,NA,NA
"1500:456:121:4",0.405703800466284,9.08743182610301,NA,NA
"1500:456:122:3",0.295704423743119,9.94607750626699,NA,NA
"1500:456:122:4",0.156798762778105,12.0710660289065,NA,NA
"1500:456:123:3",0.255163570523876,11.7244555162753,NA,NA
"1500:456:123:4",0.150378884529995,0.027007222771953,NA,NA
"1500:456:124:3",0.138407428476415,NA,NA,NA
"1500:456:124:4",0.169986078907384,0.037337174339106,NA,NA
"1500:456:225:3",0.268734772444687,0.084950436420558,NA,NA
"1500:456:225:4",0.090315993259645,NA,NA,NA
"1500:456:226:3",0.248015954795392,0.069965087498643,NA,NA
"1500:456:226:4",0.055639620190159,NA,NA,NA
"1500:456:227:3",0.033919308999669,NA,NA,NA
"1500:456:227:4",0.055623908387269,NA,NA,NA
"1500:456:228:3",NA,NA,NA,NA
"1500:456:228:4",0.119613326870393,0.083614818410688,NA,NA
"1500:456:229:3",0.068684251741712,NA,NA,NA
"1500:456:229:4",0.051226612926924,NA,NA,NA
"1500:457:120:3",NA,0.450346908210474,NA,NA
"1500:457:120:4",0.093170164606585,3.25040172037837,NA,NA
"1500:457:121:3",0.055107132211373,0.764982613917675,NA,NA
"1500:457:121:4",0.012925332348444,0.199062277666872,NA,NA
"1500:457:122:3",0.0283381263,NA,NA,NA
"1500:457:122:4",NA,0.191451648302308,NA,NA
"1500:457:123:3",0.017511699564134,0.098529816345936,NA,NA
"1500:457:123:4",NA,NA,NA,NA
"1500:457:124:3",0.004575290357433,NA,NA,NA
"1500:457:124:4",0.008353081279257,NA,NA,NA
"1500:457:225:3",NA,NA,NA,NA
"1500:457:225:4",0.011518966311654,NA,NA,NA
"1500:457:226:3",0.034197900390883,NA,NA,NA
"1500:457:226:4",0.054377340817112,NA,NA,NA
"1500:457:227:3",0.331234045341113,NA,NA,NA
"1500:457:227:4",1.11106639412303,NA,NA,NA
"1500:457:228:3",1.26039170896945,NA,NA,NA
"1500:457:228:4",0.718810412617976,NA,NA,NA
"1500:457:229:3",0.458712923503821,NA,NA,NA
"1500:457:229:4",0.311914037742063,0.042780557400423,NA,NA
"7500:351:124:2",NA,0.075522806393549,NA,NA
"7500:351:124:1",NA,0.175478874872844,0.028514984234738,NA
"7500:351:123:2",NA,0.224551076029414,0.075273077701472,NA
"7500:351:123:1",0.057902338761274,0.98366622498085,0.162060160400759,NA
"7500:351:122:2",0.041852312551392,2.9594108644382,NA,NA
"7500:351:122:1",0.081139502586643,7.41702448233837,NA,NA
"7500:351:121:2",0.025671086737222,6.47521103150419,NA,NA
"7500:351:121:1",0.016907166410105,9.74589356308265,NA,NA
"7500:351:120:2",NA,7.09360655293051,NA,NA
"7500:351:120:1",0.009116463297783,6.46869874708788,NA,NA
"7500:350:229:2",0.001370448731039,5.31600473433214,NA,NA
"7500:350:229:1",NA,5.8778284742045,NA,NA
"7500:350:228:2",NA,4.22333125542041,NA,NA
"7500:350:228:1",NA,3.03836905918814,NA,NA
"7500:350:227:2",NA,1.66011767952777,NA,NA
"7500:350:227:1",NA,1.11362533196476,NA,NA
"7500:350:226:2",NA,0.013508562737428,NA,NA
"7500:350:226:1",NA,NA,NA,NA
"7500:350:225:2",NA,NA,NA,NA
"7500:350:225:1",NA,NA,NA,NA
"7500:350:124:2",NA,NA,NA,NA
"7500:350:124:1",NA,0.029337945682675,NA,NA
"7500:350:123:2",NA,0.14824477508696,NA,NA
"7500:350:123:1",NA,NA,NA,NA
"7500:350:122:2",NA,NA,NA,NA
"7500:350:122:1",NA,NA,NA,NA
"7500:350:121:2",NA,0.139415857582958,NA,NA
"7500:350:121:1",NA,NA,NA,NA
"7500:350:120:2",NA,NA,NA,NA
"7500:350:120:1",NA,NA,NA,NA
"1500:350:120:1",NA,NA,NA,NA
"1500:350:120:2",NA,NA,NA,NA
"1500:350:121:1",NA,NA,NA,NA
"1500:350:121:2",NA,NA,NA,NA
"1500:350:122:1",NA,0.463493902596618,NA,NA
"1500:350:122:2",NA,3.47591040325642,NA,NA
"1500:350:123:1",NA,3.32842407194509,NA,NA
"1500:350:123:2",NA,NA,NA,NA
"1500:350:124:1",NA,NA,NA,NA
"1500:350:124:2",NA,0.80446206215977,NA,NA
"1500:350:225:1",NA,1.30596953260761,NA,NA
"1500:350:225:2",NA,NA,NA,NA
"1500:350:226:1",NA,NA,NA,NA
"1500:350:226:2",NA,NA,NA,NA
"1500:350:227:1",NA,NA,NA,NA
"1500:350:227:2",NA,NA,NA,NA
"1500:350:228:1",NA,NA,NA,NA
"1500:350:228:2",NA,NA,NA,NA
"1500:350:229:1",NA,0.184587591191587,NA,NA
"1500:350:229:2",NA,NA,NA,NA
"1500:351:120:1",NA,NA,NA,NA
"1500:351:120:2",NA,2.31034153771338,NA,NA
"1500:351:121:1",NA,0.449075615816142,NA,NA
"1500:351:121:2",NA,0.184707224578428,NA,NA
"1500:351:122:1",NA,0.045498750293749,NA,NA
"1500:351:122:2",NA,0.225798433447995,NA,NA
"1500:351:123:1",NA,4.92272751091275,NA,NA
"1500:351:123:2",NA,0.765158095553696,NA,NA
"1500:351:124:1",NA,0.26732365347155,NA,NA
"1500:351:124:2",NA,NA,NA,NA
"1500:351:225:1",NA,0.091661438200344,NA,NA
"1500:351:225:2",NA,NA,NA,NA
"1500:351:226:1",NA,NA,NA,NA
"1500:351:226:2",NA,NA,NA,NA
"1500:351:227:1",NA,NA,NA,NA
"1500:351:227:2",NA,NA,NA,NA
"1500:351:228:1",NA,NA,NA,NA
"1500:351:228:2",NA,NA,NA,NA
"1500:351:229:1",NA,NA,NA,NA
"1500:351:229:2",NA,NA,NA,NA
"1500:352:120:1",NA,0.299060612788133,NA,NA
"1500:352:120:2",NA,0.384371161557866,NA,NA
"1500:352:121:1",NA,0.812126698287762,NA,NA
"1500:352:121:2",NA,1.2810071723316,NA,NA
"1500:352:122:1",NA,1.60807034593049,NA,NA
"1500:352:122:2",0.042270147408,0.959630619843451,NA,NA
"1500:352:123:1",0.033537055886152,1.34115332078474,NA,NA
"1500:352:123:2",0.132612868152353,0.926566693999896,NA,NA
"1500:352:124:1",0.033537055886152,1.21033811914677,NA,NA
"1500:352:124:2",0.033537055886152,0.3937035761562,NA,NA
"1500:352:225:1",0.066306434076177,0.257652768963336,NA,NA
"1500:352:225:2",NA,0.507130591884515,NA,NA
"1500:352:226:1",0.243322783635361,1.4789137592636,NA,NA
"1500:352:226:2",NA,2.26063851369893,NA,NA
"1500:352:227:1",NA,1.92592132499529,NA,NA
"1500:352:227:2",NA,1.6050864575697,NA,NA
"1500:352:228:1",0.034119401495247,1.33731096694578,NA,0.224809793694269
"1500:352:228:2",0.101193513267552,1.33541648223692,NA,0.449619587388538
"1500:352:229:1",0.022576205827284,0.856197604372136,NA,0.824302576878987
"1500:352:229:2",0.060425101963688,1.13551645570106,NA,0.224809793694269
"1500:353:120:1",0.390951745139401,0.232226000769845,NA,0.149873195796179
"1500:353:120:2",0.234531836190919,0.658220677017763,NA,NA
"1500:353:121:1",0.468929265645948,1.43032498676556,NA,NA
"1500:353:121:2",0.644011546958255,0.410977796406595,NA,NA
"1500:353:122:1",0.582011124659137,0.265394503112106,NA,NA
"1500:353:122:2",0.392173410294082,0.288115759538715,NA,NA
"1500:353:123:1",0.371369410513356,0.060827177093117,NA,NA
"1500:353:123:2",0.499867273575315,0.168344407382067,NA,NA
"1500:353:124:1",0.537742272380524,NA,NA,NA
"1500:353:124:2",0.308378729273911,0.133409839681361,NA,NA
"1500:353:225:1",0.372265705573887,0.205214401754779,NA,NA
"1500:353:225:2",0.824160760275778,0.275853666528285,NA,NA
"1500:353:226:1",1.01613682594458,NA,NA,NA
"1500:353:226:2",0.960533385536075,NA,NA,NA
"1500:353:227:1",0.359309055114956,0.143169861818719,NA,NA
"1500:353:227:2",0.302898572450092,0.215388327715786,NA,NA
"1500:353:228:1",0.069317745039825,0.353854649687794,NA,NA
"1500:353:228:2",0.084945039527549,0.354596242139976,NA,NA
"1500:353:229:1",0.034345873251307,0.828483405835051,NA,NA
"1500:353:229:2",0.112239587935244,1.17444567025149,NA,NA
"1500:354:120:1",0.154374061335847,0.254926723230145,NA,NA
"1500:354:120:2",0.06173037272062,1.02578256347624,NA,NA
"1500:354:121:1",0.105875074075983,0.310249474136686,NA,NA
"1500:354:121:2",0.309627962447531,0.847890721454231,NA,NA
"1500:354:122:1",0.217192811273841,0.267817492898283,NA,NA
"1500:354:122:2",0.089263841672135,0.325079178786209,NA,NA
"1500:354:123:1",0.329750969020364,0.268197719235199,NA,NA
"1500:354:123:2",0.573998747990023,0.191059039926273,NA,NA
"1500:354:124:1",0.592962318599143,0.323884515448998,NA,NA
"1500:354:124:2",0.56250014115655,0.333274516034556,NA,NA
"1500:354:225:1",0.23417373122686,0.712287911016986,NA,NA
"1500:354:225:2",0.384335268624902,0.557922088307048,NA,NA
"1500:354:226:1",0.005671145908462,0.29648404195351,NA,NA
"1500:354:226:2",0.084379279108974,0.383882594876983,NA,NA
"1500:354:227:1",0.026728988288856,0.687385124484047,NA,NA
"1500:354:227:2",0.023835660671672,1.05137392667729,NA,NA
"1500:354:228:1",0.025319620634993,0.832142362160834,NA,NA
"1500:354:228:2",NA,0.668005459228928,NA,NA
"1500:354:229:1",0.037911838233683,1.22061972719606,NA,NA
"1500:354:229:2",NA,1.64991937870031,NA,NA
"1500:455:120:1",0.092191731613721,1.02362186962863,NA,NA
"1500:455:120:2",0.129624451363777,0.816932505406391,NA,NA
"1500:455:121:1",0.391298468753772,0.782961519499871,NA,NA
"1500:455:121:2",0.297460921383351,1.1755673527953,NA,NA
"1500:455:122:1",0.393343518811138,0.66734551559279,NA,NA
"1500:455:122:2",0.230454710425901,0.443498359375281,NA,NA
"1500:455:123:1",0.168338800693098,0.967419743717403,NA,NA
"1500:455:123:2",0.370712140907361,0.605888719374578,NA,NA
"1500:455:124:1",0.183156645731751,0.571695526514631,NA,NA
"1500:455:124:2",0.386853316813556,0.690120526424698,NA,NA
"1500:455:225:1",0.303864636957949,1.10124867443368,NA,NA
"1500:455:225:2",0.192361591216989,0.651923572098138,NA,NA
"1500:455:226:1",0.034026875450771,0.649658748590321,NA,NA
"1500:455:226:2",NA,0.881402260293696,NA,NA
"1500:455:227:1",0.030912622941185,0.86870476501781,NA,NA
"1500:455:227:2",0.034076328608917,0.839438281879694,NA,NA
"1500:455:228:1",0.032978104954717,1.14070023583308,NA,NA
"1500:455:228:2",0.057023932318716,0.849328943819179,NA,NA
"1500:455:229:1",0.065027123201651,0.83808416280493,NA,NA
"1500:455:229:2",0.209620303409729,0.885591031126904,NA,NA
"1500:456:120:1",0.429161337803988,2.33647215133041,NA,NA
"1500:456:120:2",0.60249089080263,1.44493620763086,NA,NA
"1500:456:121:1",0.240369653594189,3.038182545366,NA,NA
"1500:456:121:2",0.142410417338658,7.59040293521656,NA,NA
"1500:456:122:1",0.132109377214329,8.95661246504166,NA,NA
"1500:456:122:2",0.165876200987802,9.73097064872967,NA,NA
"1500:456:123:1",0.196152828989024,11.7716506905024,NA,NA
"1500:456:123:2",0.0458564248217,6.18580090000558,NA,NA
"1500:456:124:1",0.047003215544053,NA,NA,NA
"1500:456:124:2",0.102332977931392,NA,NA,NA
"1500:456:225:1",0.021395789894257,0.040313729349711,NA,NA
"1500:456:225:2",0.209469214173517,NA,NA,NA
"1500:456:226:1",0.235782457833536,NA,NA,NA
"1500:456:226:2",NA,NA,NA,NA
"1500:456:227:1",0.033313620230093,0.261443895707633,NA,0.920504605908632
"1500:456:227:2",0.022521884099218,NA,NA,NA
"1500:456:228:1",NA,NA,NA,NA
"1500:456:228:2",NA,NA,NA,NA
"1500:456:229:1",NA,NA,NA,NA
"1500:456:229:2",NA,NA,NA,NA
"1500:457:120:1",NA,NA,NA,NA
"1500:457:120:2",NA,2.33663168389209,NA,NA
"1500:457:121:1",0.029391058749479,6.74266743376793,NA,NA
"1500:457:121:2",NA,0.509418960210623,NA,NA
"1500:457:122:1",0.028884316357247,0.4641792281915,NA,NA
"1500:457:122:2",NA,0.14729112799259,NA,NA
"1500:457:123:1",NA,0.029307143260552,NA,NA
"1500:457:123:2",NA,NA,NA,NA
"1500:457:124:1",NA,NA,NA,NA
"1500:457:124:2",0.003709107740857,NA,NA,NA
"1500:457:225:1",0.006305518620113,NA,NA,NA
"1500:457:225:2",0.005146643924954,NA,NA,NA
"1500:457:226:1",0.01525389351747,NA,NA,NA
"1500:457:226:2",0.07808880394704,NA,NA,NA
"1500:457:227:1",0.289678083689247,NA,NA,NA
"1500:457:227:2",0.887211156831452,NA,NA,NA
"1500:457:228:1",1.51639642425734,NA,NA,NA
"1500:457:228:2",1.47352444465905,NA,NA,NA
"1500:457:229:1",0.851821620769006,0.068337618820638,NA,NA
"1500:457:229:2",1.26517654265622,0.036609438653914,NA,NA
"7500:351:114:4",0.012464839886715,NA,NA,NA
"7500:351:114:3",0.014103860471722,0.605542121925567,0.098431246357033,NA
"7500:351:113:4",0.285562420503839,2.39578007462844,0.013646284907847,NA
"7500:351:113:3",0.066547344955661,1.21368806525862,0.021537397484993,NA
"7500:351:112:4",0.052091051475024,4.81974749088194,NA,NA
"7500:351:112:3",0.042338856813406,11.3580367247559,NA,NA
"7500:351:111:4",0.029457430099166,7.15620561003377,NA,NA
"7500:351:111:3",0.0112473824015,7.90407717323932,NA,NA
"7500:351:110:4",0.003035007949611,8.10394614010414,NA,NA
"7500:351:110:3",NA,7.48974393106186,NA,NA
"7500:350:219:4",NA,6.62018417409199,NA,NA
"7500:350:219:3",NA,7.10405972386789,NA,NA
"7500:350:218:4",NA,0.980876727280194,NA,NA
"7500:350:218:3",NA,0.512771469961606,0.01423960164297,NA
"7500:350:217:4",NA,0.426466813711683,0.017799502053713,NA
"7500:350:217:3",NA,0.149137127632163,NA,NA
"7500:350:216:4",NA,0.095202629620593,NA,NA
"7500:350:216:3",NA,NA,NA,NA
"7500:350:215:4",NA,NA,NA,NA
"7500:350:215:3",NA,NA,NA,NA
"7500:350:114:4",NA,NA,NA,NA
"7500:350:114:3",NA,0.137535629257614,NA,NA
"7500:350:113:4",NA,NA,NA,NA
"7500:350:113:3",NA,0.235843872239858,NA,NA
"7500:350:112:4",NA,0.251362524033023,NA,NA
"7500:350:112:3",NA,NA,NA,NA
"7500:350:111:4",NA,NA,NA,NA
"7500:350:111:3",NA,NA,NA,NA
"7500:350:110:4",NA,NA,NA,NA
"7500:350:110:3",NA,NA,NA,NA
"1500:350:110:3",NA,NA,NA,NA
"1500:350:110:4",NA,0.057656584727178,NA,NA
"1500:350:111:3",NA,NA,NA,NA
"1500:350:111:4",NA,0.11766649944322,NA,NA
"1500:350:112:3",NA,0.137535629257614,NA,NA
"1500:350:112:4",NA,3.55791004040873,NA,NA
"1500:350:113:3",NA,4.44063253793117,NA,NA
"1500:350:113:4",NA,0.153745404534184,NA,NA
"1500:350:114:3",NA,0.128080652553226,NA,NA
"1500:350:114:4",NA,0.296798739987823,NA,NA
"1500:350:215:3",NA,0.410653092904144,NA,NA
"1500:350:215:4",NA,0.071545163941269,NA,NA
"1500:350:216:3",NA,NA,NA,NA
"1500:350:216:4",NA,NA,NA,NA
"1500:350:217:3",NA,NA,NA,NA
"1500:350:217:4",NA,NA,NA,NA
"1500:350:218:3",NA,NA,NA,NA
"1500:350:218:4",NA,NA,NA,NA
"1500:350:219:3",NA,NA,NA,NA
"1500:350:219:4",NA,NA,NA,NA
"1500:351:110:3",NA,NA,NA,NA
"1500:351:110:4",NA,1.62499678229871,NA,NA
"1500:351:111:3",NA,0.055179156032206,NA,NA
"1500:351:111:4",NA,0.03128938745247,NA,NA
"1500:351:112:3",NA,0.044873340262327,NA,NA
"1500:351:112:4",NA,0.223450728193797,NA,NA
"1500:351:113:3",NA,0.965450419868929,NA,NA
"1500:351:113:4",NA,0.650040349889415,NA,NA
"1500:351:114:3",NA,NA,NA,NA
"1500:351:114:4",NA,NA,NA,NA
"1500:351:215:3",NA,NA,NA,NA
"1500:351:215:4",NA,NA,NA,NA
"1500:351:216:3",NA,NA,NA,NA
"1500:351:216:4",NA,NA,NA,NA
"1500:351:217:3",NA,NA,NA,NA
"1500:351:217:4",NA,NA,NA,NA
"1500:351:218:3",NA,NA,NA,NA
"1500:351:218:4",NA,NA,NA,NA
"1500:351:219:3",NA,NA,NA,NA
"1500:351:219:4",NA,NA,NA,NA
"1500:352:110:3",NA,NA,NA,NA
"1500:352:110:4",NA,NA,NA,NA
"1500:352:111:3",NA,1.13761230177398,NA,NA
"1500:352:111:4",0.061942821775202,1.41170556382739,NA,NA
"1500:352:112:3",0.192866226868615,0.657900179058696,NA,NA
"1500:352:112:4",0.056898877556702,0.767250729493185,NA,NA
"1500:352:113:3",0.033984178113883,0.935753937060131,NA,NA
"1500:352:113:4",NA,NA,NA,NA
"1500:352:114:3",NA,NA,NA,NA
"1500:352:114:4",NA,0.744340766190293,NA,NA
"1500:352:215:3",NA,1.05539526828388,NA,NA
"1500:352:215:4",NA,1.56648209667268,NA,NA
"1500:352:216:3",NA,2.65627576861002,NA,NA
"1500:352:216:4",0.13961042235404,2.8122592743744,NA,NA
"1500:352:217:3",0.042662905649543,2.17530922423861,NA,NA
"1500:352:217:4",0.065893820002941,2.22286961608443,NA,NA
"1500:352:218:3",0.070066385440054,2.12658471861069,NA,0.074842566544247
"1500:352:218:4",NA,1.14817347679734,NA,NA
"1500:352:219:3",0.019681920444649,1.19017072207241,NA,NA
"1500:352:219:4",0.274128263657472,2.13365721206477,NA,0.074842566544247
"1500:353:110:3",0.312353259944307,1.06299120219738,NA,NA
"1500:353:110:4",0.238343122475121,1.38640024424604,NA,NA
"1500:353:111:3",0.382847593702558,1.15930512073887,NA,NA
"1500:353:111:4",0.388868835849046,0.519896054957066,NA,NA
"1500:353:112:3",0.68126265700562,0.010474284553791,NA,NA
"1500:353:112:4",0.487707856336608,0.212734427988553,NA,NA
"1500:353:113:3",0.478537441252008,0.12907329066451,NA,NA
"1500:353:113:4",0.582897057563925,0.144206045817234,NA,NA
"1500:353:114:3",0.546162094213467,NA,NA,NA
"1500:353:114:4",0.344027119106112,0.144206045817234,NA,NA
"1500:353:215:3",0.968760913424654,0.160307694331584,NA,NA
"1500:353:215:4",0.82833461699156,0.033517710572133,NA,NA
"1500:353:216:3",1.24748149873293,NA,NA,NA
"1500:353:216:4",0.415698483300433,0.582221090130835,NA,NA
"1500:353:217:3",0.129097331243062,0.52621582146158,NA,NA
"1500:353:217:4",0.101504362413837,0.852852547620776,NA,NA
"1500:353:218:3",NA,0.616295622704696,NA,NA
"1500:353:218:4",NA,0.670762442123724,NA,NA
"1500:353:219:3",0.057733633304302,0.83205758346806,NA,NA
"1500:353:219:4",0.03289692417177,0.83235071470367,NA,NA
"1500:354:110:3",NA,0.958334634492853,NA,NA
"1500:354:110:4",0.017432558108117,0.500382445002747,NA,NA
"1500:354:111:3",0.129828756064198,0.591392417207441,NA,NA
"1500:354:111:4",0.127285974375614,1.19646145996779,NA,NA
"1500:354:112:3",0.041521366773003,0.566402289379163,NA,NA
"1500:354:112:4",0.016992089056942,0.231257422339985,NA,NA
"1500:354:113:3",0.146529471745371,0.362546556359735,NA,NA
"1500:354:113:4",0.293397491568746,0.211049987187312,NA,NA
"1500:354:114:3",0.469422734972856,0.399624805741712,NA,NA
"1500:354:114:4",0.417437466629022,0.240155322542292,NA,NA
"1500:354:215:3",0.402723343140934,0.320515475693891,NA,NA
"1500:354:215:4",0.290810640112188,0.896005316327545,NA,NA
"1500:354:216:3",0.083957449211029,0.501214385567643,NA,NA
"1500:354:216:4",0.002903419730687,0.346294796136109,NA,NA
"1500:354:217:3",0.024461815409778,0.669311608977605,NA,NA
"1500:354:217:4",NA,0.702412965393087,NA,NA
"1500:354:218:3",0.062477588829324,0.722028550273849,NA,NA
"1500:354:218:4",0.028247464218559,1.56292383808997,NA,NA
"1500:354:219:3",0.064716028890618,0.813307305291213,NA,NA
"1500:354:219:4",0.047543778329296,0.627204559536777,NA,NA
"1500:455:110:3",0.095360622755434,0.297216640579536,NA,NA
"1500:455:110:4",0.130742223717581,0.601136617398604,NA,NA
"1500:455:111:3",0.105804391969797,0.435771497918978,NA,NA
"1500:455:111:4",0.212111727054717,0.869938496265387,NA,NA
"1500:455:112:3",0.274887634313059,0.663934425117912,NA,NA
"1500:455:112:4",0.283320958136334,0.598134163872562,NA,NA
"1500:455:113:3",0.247813500006579,0.067561230228865,NA,NA
"1500:455:113:4",0.455980646955017,0.577536466004528,NA,NA
"1500:455:114:3",0.743362828869386,0.557814259594861,NA,NA
"1500:455:114:4",0.856557764110671,0.6143810894411,NA,NA
"1500:455:215:3",0.614450870835605,0.979661811683555,NA,NA
"1500:455:215:4",0.456030468081157,0.828368993009222,NA,NA
"1500:455:216:3",0.179139528811972,0.655286413366684,NA,NA
"1500:455:216:4",0.149582598951452,0.309626455860669,NA,NA
"1500:455:217:3",0.088292157880386,1.17470087663108,NA,NA
"1500:455:217:4",0.050281483120653,0.802822736564752,NA,NA
"1500:455:218:3",0.049719530914714,1.14670173228695,NA,NA
"1500:455:218:4",0.071932845647751,0.970474268987256,NA,NA
"1500:455:219:3",0.214780369570487,0.747160254501583,NA,NA
"1500:455:219:4",0.221892329931298,0.675864991932584,NA,NA
"1500:456:110:3",0.318209346093913,1.70159455915883,NA,NA
"1500:456:110:4",0.586066766111996,1.81698671702337,NA,NA
"1500:456:111:3",0.245878585481924,1.95119588601967,NA,NA
"1500:456:111:4",0.219219042327946,3.32957907480033,NA,NA
"1500:456:112:3",0.207754941041293,8.46284886374678,NA,NA
"1500:456:112:4",0.110933753934005,9.60160993146607,NA,NA
"1500:456:113:3",0.056228967016365,9.92315904989206,NA,NA
"1500:456:113:4",0.191184509088082,11.341562040104,NA,NA
"1500:456:114:3",0.054284478182053,1.59910693650189,NA,NA
"1500:456:114:4",0.054359589799505,NA,NA,NA
"1500:456:215:3",0.09391087755018,NA,NA,NA
"1500:456:215:4",0.172460532972918,0.053684190922851,NA,NA
"1500:456:216:3",0.157483514368307,NA,NA,0.30644984851369
"1500:456:216:4",0.060798383880962,NA,NA,NA
"1500:456:217:3",0.115762091716496,NA,NA,NA
"1500:456:217:4",NA,NA,NA,NA
"1500:456:218:3",NA,NA,NA,NA
"1500:456:218:4",NA,NA,NA,NA
"1500:456:219:3",0.038755449973768,NA,NA,NA
"1500:456:219:4",0.024368091979089,NA,NA,NA
"1500:457:110:3",0.004563804617622,0.049852896396136,NA,NA
"1500:457:110:4",NA,0.031361108893909,NA,NA
"1500:457:111:3",NA,1.97062285645184,NA,NA
"1500:457:111:4",NA,4.52359657855972,NA,NA
"1500:457:112:3",0.056046611551904,0.917228434470571,NA,NA
"1500:457:112:4",0.044574863635594,0.281996063749273,NA,NA
"1500:457:113:3",NA,0.105447689349326,NA,NA
"1500:457:113:4",0.005100722807931,NA,NA,NA
"1500:457:114:3",NA,NA,NA,NA
"1500:457:114:4",0.002910642041515,NA,NA,NA
"1500:457:215:3",0.00774676102749,NA,NA,NA
"1500:457:215:4",0.002293233123618,NA,NA,NA
"1500:457:216:3",0.008926245202347,0.159427966046848,NA,NA
"1500:457:216:4",0.016187267501224,NA,NA,NA
"1500:457:217:3",0.109784744472204,NA,NA,NA
"1500:457:217:4",0.190137934640257,NA,NA,NA
"1500:457:218:3",0.25798740889626,NA,NA,NA
"1500:457:218:4",0.685387547328391,NA,NA,NA
"1500:457:219:3",0.816961348313408,NA,NA,NA
"1500:457:219:4",1.44086822778067,NA,NA,NA
"7500:351:114:2",NA,0.039600920677115,NA,NA
"7500:351:114:1",0.014086195669439,0.906214992050669,0.021332650241391,NA
"7500:351:113:2",0.136052374035581,2.39562227457247,NA,NA
"7500:351:113:1",0.116753462523859,4.25662825007724,NA,NA
"7500:351:112:2",0.040158535333267,6.31277072408234,NA,NA
"7500:351:112:1",0.050470581530093,10.1514211723011,NA,NA
"7500:351:111:2",0.031976258523875,9.78990353639984,NA,NA
"7500:351:111:1",NA,8.29808139886272,0.014221766827594,NA
"7500:351:110:2",0.01473998534186,8.83060388902458,NA,NA
"7500:351:110:1",0.000950966796249,9.42837119861979,0.007110883413797,NA
"7500:350:219:2",0.007132250971868,6.67546044366188,NA,NA
"7500:350:219:1",0.007132250971868,5.32940261352279,0.014221766827594,NA
"7500:350:218:2",NA,0.126769991944418,NA,NA
"7500:350:218:1",NA,NA,NA,NA
"7500:350:217:2",NA,0.010872967564853,NA,NA
"7500:350:217:1",NA,NA,NA,NA
"7500:350:216:2",NA,0.204809177031644,NA,NA
"7500:350:216:1",NA,NA,NA,NA
"7500:350:215:2",NA,0.166879824498599,NA,NA
"7500:350:215:1",NA,NA,NA,NA
"7500:350:114:2",NA,NA,NA,NA
"7500:350:114:1",NA,0.365787825142909,NA,NA
"7500:350:113:2",NA,0.737396503529358,NA,NA
"7500:350:113:1",NA,1.36288295957205,NA,NA
"7500:350:112:2",NA,1.55661161555844,NA,NA
"7500:350:112:1",NA,1.62051527480945,NA,NA
"7500:350:111:2",NA,0.630378351074438,NA,NA
"7500:350:111:1",NA,0.207546628599948,NA,NA
"7500:350:110:2",NA,NA,NA,NA
"7500:350:110:1",NA,0.161588796205851,NA,NA
"1500:350:110:1",NA,NA,NA,NA
"1500:350:110:2",NA,NA,NA,NA
"1500:350:111:1",NA,NA,NA,NA
"1500:350:111:2",NA,NA,NA,NA
"1500:350:112:1",NA,0.047358657370902,NA,NA
"1500:350:112:2",NA,4.66749194406385,NA,NA
"1500:350:113:1",NA,3.95517024871723,NA,NA
"1500:350:113:2",NA,3.63951704862657,NA,NA
"1500:350:114:1",NA,0.603680055714966,NA,NA
"1500:350:114:2",NA,0.170507646770307,NA,NA
"1500:350:215:1",NA,0.0278133040831,NA,NA
"1500:350:215:2",NA,0.059307095808288,NA,NA
"1500:350:216:1",NA,NA,NA,NA
"1500:350:216:2",NA,NA,NA,NA
"1500:350:217:1",NA,NA,NA,NA
"1500:350:217:2",NA,NA,NA,NA
"1500:350:218:1",NA,NA,NA,NA
"1500:350:218:2",NA,NA,NA,NA
"1500:350:219:1",NA,NA,NA,NA
"1500:350:219:2",NA,NA,NA,NA
"1500:351:110:1",NA,NA,NA,NA
"1500:351:110:2",NA,0.129778928863465,NA,NA
"1500:351:111:1",NA,0.040404943586805,NA,NA
"1500:351:111:2",NA,0.037037864954572,NA,NA
"1500:351:112:1",NA,NA,NA,NA
"1500:351:112:2",NA,0.078533623730616,NA,NA
"1500:351:113:1",NA,0.344611301456366,NA,NA
"1500:351:113:2",NA,0.251746180909422,NA,NA
"1500:351:114:1",NA,0.079872763933186,NA,NA
"1500:351:114:2",NA,NA,NA,NA
"1500:351:215:1",NA,NA,NA,NA
"1500:351:215:2",NA,NA,NA,NA
"1500:351:216:1",NA,NA,NA,NA
"1500:351:216:2",NA,0.08985535059918,NA,NA
"1500:351:217:1",NA,NA,NA,NA
"1500:351:217:2",NA,NA,NA,NA
"1500:351:218:1",NA,NA,NA,NA
"1500:351:218:2",NA,NA,NA,NA
"1500:351:219:1",NA,NA,NA,NA
"1500:351:219:2",NA,NA,NA,NA
"1500:352:110:1",NA,NA,NA,NA
"1500:352:110:2",NA,NA,NA,NA
"1500:352:111:1",NA,0.599086262211267,NA,NA
"1500:352:111:2",NA,1.55440949371013,NA,NA
"1500:352:112:1",NA,1.29152316803034,NA,NA
"1500:352:112:2",NA,0.36299611668934,NA,NA
"1500:352:113:1",0.056723179687791,NA,NA,NA
"1500:352:113:2",NA,0.420638978667739,NA,NA
"1500:352:114:1",NA,0.468739881649284,NA,NA
"1500:352:114:2",NA,NA,NA,NA
"1500:352:215:1",0.007775824103727,NA,NA,NA
"1500:352:215:2",0.038921393083635,2.17991517504518,NA,NA
"1500:352:216:1",0.037816841764763,1.88840859508644,NA,NA
"1500:352:216:2",0.028284678010501,1.99956488231505,NA,NA
"1500:352:217:1",0.045092620745565,1.19813863182649,NA,NA
"1500:352:217:2",NA,1.03974489751242,NA,NA
"1500:352:218:1",NA,2.06835705168555,NA,NA
"1500:352:218:2",NA,0.636560014284194,NA,NA
"1500:352:219:1",0.020312511541964,2.28476950980075,NA,NA
"1500:352:219:2",0.112146395908028,2.23797196105047,NA,0.376235766246919
"1500:353:110:1",0.303713088222033,1.20360810608495,NA,NA
"1500:353:110:2",0.235488941850966,1.14595740639247,NA,NA
"1500:353:111:1",0.234415169562952,1.56535162755636,NA,NA
"1500:353:111:2",0.154569488765878,0.307282185571914,NA,NA
"1500:353:112:1",0.410139560224862,NA,NA,NA
"1500:353:112:2",0.284325032711918,0.354053484617355,NA,NA
"1500:353:113:1",0.322242827929651,0.216160030110859,NA,NA
"1500:353:113:2",0.463063809500202,0.089304739255136,NA,NA
"1500:353:114:1",0.736639589805492,0.039752429745605,NA,NA
"1500:353:114:2",1.40174206671988,0.353780298451005,NA,NA
"1500:353:215:1",0.978498415750137,NA,NA,NA
"1500:353:215:2",1.12777411978059,NA,NA,NA
"1500:353:216:1",0.595692734989049,NA,NA,NA
"1500:353:216:2",0.053011429338984,0.210137097412904,NA,NA
"1500:353:217:1",0.032855721434238,0.13599515439286,NA,NA
"1500:353:217:2",0.046077068993489,1.06341216007474,NA,NA
"1500:353:218:1",NA,0.481593295778312,NA,NA
"1500:353:218:2",NA,0.3605951144098,NA,NA
"1500:353:219:1",NA,0.220521526216527,NA,NA
"1500:353:219:2",0.003369817582999,0.105159744666935,NA,NA
"1500:354:110:1",NA,0.244338152035685,NA,NA
"1500:354:110:2",NA,0.338154733022194,NA,NA
"1500:354:111:1",NA,0.221328627491889,NA,NA
"1500:354:111:2",0.070838201944122,0.05554987039019,NA,NA
"1500:354:112:1",0.012449603848301,0.166123311673739,NA,NA
"1500:354:112:2",NA,0.876475197968681,NA,NA
"1500:354:113:1",0.023588723080991,0.532872563778765,NA,NA
"1500:354:113:2",0.052194730118891,0.584573716384308,NA,NA
"1500:354:114:1",NA,0.466450486824267,NA,NA
"1500:354:114:2",0.12970661337491,0.370213596341221,NA,NA
"1500:354:215:1",0.103113389783448,0.405898537494804,NA,NA
"1500:354:215:2",0.125970630594245,1.72448958269421,NA,0.293137549689272
"1500:354:216:1",NA,0.552763689238858,NA,NA
"1500:354:216:2",0.066606182622423,0.537141200136039,NA,NA
"1500:354:217:1",0.033686541025432,0.629255663339546,NA,NA
"1500:354:217:2",0.028062418603786,0.893143989553261,NA,NA
"1500:354:218:1",0.028062418603786,0.499435293096326,NA,NA
"1500:354:218:2",0.026700332448407,0.501218667857124,NA,NA
"1500:354:219:1",0.010530679946871,0.828274861237081,NA,NA
"1500:354:219:2",0.038127057768776,1.06752304379613,NA,NA
"1500:455:110:1",0.037348811544903,0.804535138103289,NA,NA
"1500:455:110:2",0.183584026339714,0.49605438650034,NA,NA
"1500:455:111:1",0.191952910309367,0.924783460011872,NA,NA
"1500:455:111:2",0.125468353003569,1.21396126606685,NA,NA
"1500:455:112:1",0.129103163915727,0.678315083207754,NA,NA
"1500:455:112:2",0.196632316945101,0.782467707229767,NA,NA
"1500:455:113:1",0.126963010130069,0.53565447130406,NA,NA
"1500:455:113:2",0.568110283858435,0.466724789443217,NA,NA
"1500:455:114:1",0.28988490912998,0.863627400374203,NA,NA
"1500:455:114:2",0.299963116789968,0.835539454080696,NA,NA
"1500:455:215:1",0.168976296699963,0.912415000203222,NA,NA
"1500:455:215:2",0.236935071274028,1.03178432316689,NA,NA
"1500:455:216:1",0.284536181003959,0.833498459469939,NA,NA
"1500:455:216:2",0.362671090548313,0.877547323179256,NA,NA
"1500:455:217:1",0.249624773771318,1.03767731393654,NA,NA
"1500:455:217:2",0.414526894021817,0.896941308438913,NA,NA
"1500:455:218:1",0.477360886965684,0.986551016067748,NA,NA
"1500:455:218:2",0.403526041064495,0.509667468649459,NA,NA
"1500:455:219:1",0.244218544489914,0.34005170527014,NA,NA
"1500:455:219:2",0.394072416295646,0.48801931093291,NA,NA
"1500:456:110:1",0.304926720332485,0.316547136715682,NA,NA
"1500:456:110:2",0.400995049250258,0.940448573767212,NA,NA
"1500:456:111:1",0.315666294561773,0.86311648594455,NA,NA
"1500:456:111:2",0.414008427828436,2.3477938380436,NA,NA
"1500:456:112:1",0.233019225231359,7.58744875564909,NA,NA
"1500:456:112:2",0.211733423099086,7.94268011514721,NA,NA
"1500:456:113:1",0.035412726581332,8.680199472067,NA,NA
"1500:456:113:2",0.245709770946859,8.74246636370291,NA,NA
"1500:456:114:1",0.060803521790732,6.00490847923909,NA,NA
"1500:456:114:2",0.097400966323485,0.03016833945247,NA,NA
"1500:456:215:1",0.053355445064147,NA,NA,NA
"1500:456:215:2",0.250532434540837,NA,NA,0.961154713939557
"1500:456:216:1",NA,NA,NA,1.84713531617435
"1500:456:216:2",0.063652109901087,NA,NA,0.934306816902139
"1500:456:217:1",0.061757548083884,NA,NA,NA
"1500:456:217:2",NA,NA,NA,NA
"1500:456:218:1",NA,NA,NA,NA
"1500:456:218:2",NA,NA,NA,NA
"1500:456:219:1",0.058581471192245,NA,NA,NA
"1500:456:219:2",0.083231774781807,NA,NA,NA
"1500:457:110:1",0.030946158137205,0.037342842482679,NA,NA
"1500:457:110:2",0.044396009898895,NA,NA,NA
"1500:457:111:1",NA,NA,NA,NA
"1500:457:111:2",NA,NA,NA,NA
"1500:457:112:1",NA,0.290148821254933,NA,NA
"1500:457:112:2",NA,0.735126178051264,NA,NA
"1500:457:113:1",0.004826211399423,0.384552064489687,NA,NA
"1500:457:113:2",NA,0.077339453062975,NA,NA
"1500:457:114:1",0.0045580885439,0.130259459007984,NA,NA
"1500:457:114:2",0.00567304775565,0.141030767350132,NA,NA
"1500:457:215:1",0.007507439954659,0.400189314796408,NA,NA
"1500:457:215:2",0.01139489276512,NA,NA,NA
"1500:457:216:1",0.031921006064867,0.090987591838795,NA,NA
"1500:457:216:2",0.068200830313056,NA,NA,NA
"1500:457:217:1",0.135621746704058,NA,NA,NA
"1500:457:217:2",0.274465979205027,NA,NA,NA
"1500:457:218:1",0.434101473449004,0.077776755180816,NA,NA
"1500:457:218:2",0.597359971357965,0.144442545335801,NA,NA
"1500:457:219:1",0.578502954539243,0.035864262761638,NA,NA
"1500:457:219:2",0.715826319530396,NA,NA,NA
"7500:351:104:3",NA,0.010422470029499,NA,NA
"7500:351:103:4",NA,0.453694873135482,NA,NA
"7500:351:103:3",0.089384651716233,3.16295613201259,NA,NA
"7500:351:102:4",NA,3.53905687295694,NA,NA
"7500:351:102:3",NA,8.13713106459114,NA,NA
"7500:351:101:4",NA,11.1343487378674,0.010652990576439,NA
"7500:351:101:3",NA,8.38463395503474,NA,NA
"7500:351:100:4",NA,7.81009697728124,NA,NA
"7500:351:100:3",NA,9.79767617412058,0.017754984294066,NA
"7500:350:209:4",NA,5.72352501241084,NA,NA
"7500:350:209:3",NA,3.16340125539189,NA,NA
"7500:350:208:4",NA,0.261667921917489,NA,NA
"7500:350:208:3",NA,0.028145333570608,NA,NA
"7500:350:207:4",NA,0.076046156763497,NA,NA
"7500:350:207:3",NA,0.108463762115613,NA,NA
"7500:350:206:4",NA,NA,NA,NA
"7500:350:206:3",NA,NA,NA,NA
"7500:350:205:4",NA,NA,NA,NA
"7500:350:205:3",NA,0.381022965699467,NA,NA
"7500:350:104:4",NA,NA,NA,NA
"7500:350:104:3",NA,NA,NA,NA
"7500:350:103:4",NA,0.292240992078739,NA,NA
"7500:350:103:3",NA,1.33116904544439,NA,NA
"7500:350:102:4",NA,1.82811978259935,NA,NA
"7500:350:102:3",NA,1.94900278876847,NA,NA
"7500:350:101:4",NA,0.702286715253005,NA,NA
"7500:350:101:3",NA,0.005281749340299,NA,NA
"7500:350:100:4",NA,NA,NA,NA
"7500:350:100:3",NA,0.114326369448164,NA,NA
"1500:350:100:3",NA,NA,NA,NA
"1500:350:100:4",NA,NA,NA,NA
"1500:350:101:3",NA,NA,NA,NA
"1500:350:101:4",NA,NA,NA,NA
"1500:350:102:3",NA,0.14273244928541,NA,NA
"1500:350:102:4",NA,1.26447161998211,NA,NA
"1500:350:103:3",NA,5.15350309830068,NA,NA
"1500:350:103:4",NA,5.29244595515609,NA,NA
"1500:350:104:3",NA,0.835792600936012,NA,NA
"1500:350:104:4",NA,0.259158509649723,NA,NA
"1500:350:205:3",NA,NA,NA,NA
"1500:350:205:4",NA,NA,NA,NA
"1500:350:206:3",NA,NA,NA,NA
"1500:350:206:4",NA,0.088849429247543,NA,NA
"1500:350:207:3",NA,NA,NA,NA
"1500:350:207:4",NA,NA,NA,NA
"1500:350:208:3",NA,NA,NA,NA
"1500:350:208:4",NA,NA,NA,NA
"1500:350:209:3",NA,NA,NA,NA
"1500:350:209:4",NA,NA,NA,NA
"1500:351:100:3",NA,NA,NA,NA
"1500:351:100:4",NA,NA,NA,NA
"1500:351:101:3",NA,NA,NA,NA
"1500:351:101:4",NA,NA,NA,NA
"1500:351:102:3",NA,NA,NA,NA
"1500:351:102:4",NA,NA,NA,NA
"1500:351:103:3",NA,0.062422261152372,NA,NA
"1500:351:103:4",NA,0.630914796716365,NA,NA
"1500:351:104:3",NA,NA,NA,NA
"1500:351:104:4",NA,NA,NA,NA
"1500:351:205:3",NA,NA,NA,NA
"1500:351:205:4",NA,NA,NA,NA
"1500:351:206:3",NA,NA,NA,NA
"1500:351:206:4",NA,NA,NA,NA
"1500:351:207:3",NA,NA,NA,NA
"1500:351:207:4",NA,NA,NA,NA
"1500:351:208:3",NA,0.117779339584539,NA,NA
"1500:351:208:4",NA,NA,NA,NA
"1500:351:209:3",NA,NA,NA,NA
"1500:351:209:4",NA,NA,NA,NA
"1500:352:100:3",NA,NA,NA,NA
"1500:352:100:4",NA,0.169574292336505,NA,NA
"1500:352:101:3",NA,0.994443611255326,NA,NA
"1500:352:101:4",NA,2.02801342252542,NA,NA
"1500:352:102:3",NA,0.646261672294197,NA,NA
"1500:352:102:4",NA,0.077458355643333,NA,NA
"1500:352:103:3",NA,0.089245881467513,NA,NA
"1500:352:103:4",NA,0.100088839028987,NA,NA
"1500:352:104:3",NA,0.100488490873796,NA,NA
"1500:352:104:4",NA,0.177212249388948,NA,NA
"1500:352:205:3",NA,0.374794200704743,NA,NA
"1500:352:205:4",NA,2.64863581021775,NA,NA
"1500:352:206:3",0.058100794358768,2.96583679067034,NA,NA
"1500:352:206:4",NA,1.25817611864571,NA,NA
"1500:352:207:3",0.102986258470088,1.73997969963622,NA,NA
"1500:352:207:4",0.043744534463958,2.19375605780609,NA,NA
"1500:352:208:3",0.039265389258335,0.884829866994556,NA,NA
"1500:352:208:4",0.055121127396938,1.17337466072058,NA,NA
"1500:352:209:3",0.039265389258335,1.11164000885618,NA,NA
"1500:352:209:4",0.20167146701765,1.56119090970815,NA,NA
"1500:353:100:3",0.171816334404567,2.00143859767353,NA,NA
"1500:353:100:4",0.299990922274848,1.10882205963985,NA,NA
"1500:353:101:3",0.40834725556273,0.677489859653732,NA,NA
"1500:353:101:4",0.36157226168682,0.4097104424887,NA,NA
"1500:353:102:3",0.424404129724889,0.31110638359401,NA,NA
"1500:353:102:4",0.409911027920915,0.43869504161849,NA,NA
"1500:353:103:3",0.592452930860813,0.165012516080301,NA,NA
"1500:353:103:4",1.13186168430718,NA,NA,NA
"1500:353:104:3",0.758918237974422,NA,NA,NA
"1500:353:104:4",0.814100738935101,0.190176776452156,NA,NA
"1500:353:205:3",0.611424735761969,0.059554099656427,NA,NA
"1500:353:205:4",0.300580241692776,NA,NA,NA
"1500:353:206:3",0.040375637263595,0.325763038371544,NA,NA
"1500:353:206:4",NA,0.433643591889171,NA,NA
"1500:353:207:3",NA,0.226998586149538,NA,NA
"1500:353:207:4",NA,0.181341962449703,NA,NA
"1500:353:208:3",NA,0.287660699713138,NA,NA
"1500:353:208:4",NA,0.738237644664082,NA,NA
"1500:353:209:3",NA,0.540175985313105,NA,NA
"1500:353:209:4",0.05480700223554,1.12104917721859,NA,NA
"1500:354:100:3",0.008414011983929,0.257265700337289,NA,NA
"1500:354:100:4",NA,1.12016920704291,NA,NA
"1500:354:101:3",NA,1.2467657999339,NA,NA
"1500:354:101:4",0.089826849291114,1.27731870480807,NA,NA
"1500:354:102:3",NA,0.567198177646146,NA,NA
"1500:354:102:4",NA,0.486309514636258,NA,NA
"1500:354:103:3",0.094310407222334,0.407785085026209,NA,NA
"1500:354:103:4",0.019440153887428,1.18739059759517,NA,NA
"1500:354:104:3",0.090029928228038,0.884932365933661,NA,NA
"1500:354:104:4",0.041770222511856,1.20378218943909,NA,NA
"1500:354:205:3",NA,0.57526979973759,NA,NA
"1500:354:205:4",0.037155082539922,0.903066703961152,NA,NA
"1500:354:206:3",0.087868060461771,0.51090733377238,NA,NA
"1500:354:206:4",0.028007952945055,0.270736119454406,NA,NA
"1500:354:207:3",NA,0.778510485532408,NA,NA
"1500:354:207:4",NA,0.641869586153935,NA,NA
"1500:354:208:3",NA,0.81908878476814,NA,NA
"1500:354:208:4",0.054223632785319,0.634539222404336,NA,NA
"1500:354:209:3",NA,0.680640679275122,NA,NA
"1500:354:209:4",0.128618236937378,1.02519016820374,NA,NA
"1500:455:100:3",0.208902398470232,0.356663744591327,NA,NA
"1500:455:100:4",0.091687743268685,0.1699287170334,NA,NA
"1500:455:101:3",0.151522725602186,0.553654495007757,NA,NA
"1500:455:101:4",0.038613090600377,0.598019303535756,NA,NA
"1500:455:102:3",0.286633504342422,0.416002689260156,NA,NA
"1500:455:102:4",0.042251759678401,0.507968514685165,NA,NA
"1500:455:103:3",0.05833714975524,0.19826863936588,NA,NA
"1500:455:103:4",0.205863454919317,0.801464588598741,NA,NA
"1500:455:104:3",0.160222314184545,0.579060291656829,NA,NA
"1500:455:104:4",0.033411199985302,0.27457594381883,NA,NA
"1500:455:205:3",0.125299502392828,0.996496667338601,NA,NA
"1500:455:205:4",0.323029634890268,0.662419939305705,NA,NA
"1500:455:206:3",0.099296260620927,0.914205232795766,NA,NA
"1500:455:206:4",0.32370697954667,0.816284899438632,NA,NA
"1500:455:207:3",0.583717361746512,0.733543914822939,NA,NA
"1500:455:207:4",0.491521241956767,0.66309705124297,NA,NA
"1500:455:208:3",0.333062965727962,0.801664770853741,NA,NA
"1500:455:208:4",0.301959888885832,0.683456983120293,NA,NA
"1500:455:209:3",0.224137319547367,0.809668813474632,NA,NA
"1500:455:209:4",0.420981336578503,0.514978358059156,NA,NA
"1500:456:100:3",0.336312322782312,1.00360815365945,NA,NA
"1500:456:100:4",0.371607618619643,0.842687560368993,NA,NA
"1500:456:101:3",0.249333655742048,1.25082505894612,NA,NA
"1500:456:101:4",0.287533873518456,1.30521049348663,NA,NA
"1500:456:102:3",0.238290364221016,1.85238415494092,NA,NA
"1500:456:102:4",0.029841695836334,6.09237479100186,NA,NA
"1500:456:103:3",0.233920368049755,8.72689910023209,NA,NA
"1500:456:103:4",0.063622325303949,4.52847807631067,NA,NA
"1500:456:104:3",0.154008801851738,7.85850110335564,NA,NA
"1500:456:104:4",0.149414155030167,2.67134397474831,NA,NA
"1500:456:205:3",0.161650591763674,NA,NA,NA
"1500:456:205:4",0.149774439242946,NA,NA,2.78869063652641
"1500:456:206:3",0.091525752580737,NA,NA,5.52911547357447
"1500:456:206:4",0.079648018823109,NA,NA,2.46691864000413
"1500:456:207:3",0.012691944953725,NA,NA,0.927775923305901
"1500:456:207:4",0.004284602572525,NA,NA,NA
"1500:456:208:3",0.001319710149419,NA,NA,NA
"1500:456:208:4",0.004552390233308,NA,NA,NA
"1500:456:209:3",NA,NA,NA,NA
"1500:456:209:4",0.088193481390425,NA,NA,NA
"1500:457:100:3",0.020754562893691,0.040404171378392,NA,NA
"1500:457:100:4",NA,NA,NA,NA
"1500:457:101:3",0.002062349212528,NA,NA,NA
"1500:457:101:4",NA,NA,NA,NA
"1500:457:102:3",NA,NA,NA,NA
"1500:457:102:4",NA,0.031282672637445,NA,NA
"1500:457:103:3",0.007435570714403,0.033368184146608,NA,NA
"1500:457:103:4",0.011032851624252,NA,NA,NA
"1500:457:104:3",NA,NA,NA,NA
"1500:457:104:4",NA,NA,NA,NA
"1500:457:205:3",0.015464737410208,NA,NA,NA
"1500:457:205:4",0.01231823239601,NA,NA,NA
"1500:457:206:3",0.025085848548988,NA,NA,NA
"1500:457:206:4",0.00740576276184,NA,NA,NA
"1500:457:207:3",0.034648867051373,NA,NA,0.311046263304868
"1500:457:207:4",0.078480561837327,NA,NA,NA
"1500:457:208:3",0.54054188567421,0.093485616395465,NA,NA
"1500:457:208:4",0.702375578999831,0.292962769794211,NA,NA
"1500:457:209:3",0.798954080658248,0.260617209703625,NA,NA
"1500:457:209:4",0.964890636374536,0.034728622599586,NA,NA
"7500:351:103:2",NA,0.898904793447252,NA,NA
"7500:351:103:1",NA,3.90424100036571,0.024825960654801,NA
"7500:351:102:2",0.024900560409162,4.72908690843882,NA,NA
"7500:351:102:1",0.007114445831189,3.74041655170706,NA,NA
"7500:351:101:2",NA,10.4975782616895,NA,NA
"7500:351:101:1",NA,11.2740912463518,NA,NA
"7500:351:100:2",NA,5.85974095800106,NA,NA
"7500:351:100:1",NA,6.88262562974011,NA,NA
"7500:350:209:2",NA,6.51750828651578,NA,NA
"7500:350:209:1",NA,3.1674294541306,NA,NA
"7500:350:208:2",NA,0.384990147231471,NA,NA
"7500:350:208:1",NA,0.246759116160522,NA,NA
"7500:350:207:2",NA,0.082671433929472,NA,NA
"7500:350:207:1",NA,0.096326364736142,NA,NA
"7500:350:206:2",NA,NA,NA,NA
"7500:350:206:1",NA,0.187368261030526,NA,NA
"7500:350:205:2",NA,0.106705702070961,NA,NA
"7500:350:205:1",NA,0.219305529263771,NA,NA
"7500:350:104:2",NA,NA,NA,NA
"7500:350:104:1",NA,0.257776881293616,NA,NA
"7500:350:103:2",NA,0.206775040863613,NA,NA
"7500:350:103:1",NA,0.653767385575579,NA,NA
"7500:350:102:2",NA,1.37367710290467,NA,NA
"7500:350:102:1",NA,0.57189860943883,NA,NA
"7500:350:101:2",NA,0.813775770829471,NA,NA
"7500:350:101:1",NA,0.115009771712012,NA,NA
"7500:350:100:2",NA,NA,NA,NA
"7500:350:100:1",NA,NA,NA,NA
"1500:350:100:1",NA,NA,NA,NA
"1500:350:100:2",NA,0.173700752634011,NA,NA
"1500:350:101:1",NA,0.068577061790788,NA,NA
"1500:350:101:2",NA,NA,NA,NA
"1500:350:102:1",NA,0.093259594002287,NA,NA
"1500:350:102:2",NA,0.275812096162308,NA,NA
"1500:350:103:1",NA,2.18741827837916,NA,NA
"1500:350:103:2",NA,3.76582993251574,NA,NA
"1500:350:104:1",NA,1.72192018657275,NA,NA
"1500:350:104:2",NA,NA,NA,NA
"1500:350:205:1",NA,NA,NA,NA
"1500:350:205:2",NA,NA,NA,NA
"1500:350:206:1",NA,NA,NA,NA
"1500:350:206:2",NA,NA,NA,NA
"1500:350:207:1",NA,NA,NA,NA
"1500:350:207:2",NA,NA,NA,NA
"1500:350:208:1",NA,NA,NA,NA
"1500:350:208:2",NA,NA,NA,NA
"1500:350:209:1",NA,NA,NA,NA
"1500:350:209:2",NA,NA,NA,NA
"1500:351:100:1",NA,NA,NA,NA
"1500:351:100:2",NA,NA,NA,NA
"1500:351:101:1",NA,NA,NA,NA
"1500:351:101:2",NA,NA,NA,NA
"1500:351:102:1",NA,NA,NA,NA
"1500:351:102:2",NA,NA,NA,NA
"1500:351:103:1",NA,NA,NA,NA
"1500:351:103:2",NA,0.24496141494319,NA,NA
"1500:351:104:1",NA,NA,NA,NA
"1500:351:104:2",NA,NA,NA,NA
"1500:351:205:1",NA,NA,NA,NA
"1500:351:205:2",NA,NA,NA,NA
"1500:351:206:1",NA,NA,NA,NA
"1500:351:206:2",NA,NA,NA,NA
"1500:351:207:1",NA,NA,NA,NA
"1500:351:207:2",NA,0.010829427361452,NA,NA
"1500:351:208:1",NA,NA,NA,NA
"1500:351:208:2",NA,NA,NA,NA
"1500:351:209:1",NA,0.309047372010901,NA,NA
"1500:351:209:2",NA,0.274475531494506,NA,NA
"1500:352:100:1",0.026174475701524,0.314954821773671,NA,NA
"1500:352:100:2",NA,0.671687174323124,NA,NA
"1500:352:101:1",NA,1.40459888565626,NA,NA
"1500:352:101:2",NA,1.13004680142273,NA,NA
"1500:352:102:1",NA,0.737036530505795,NA,NA
"1500:352:102:2",0.022435264887021,0.531129499983988,NA,NA
"1500:352:103:1",NA,0.780355741664376,NA,NA
"1500:352:103:2",NA,0.554257269013305,NA,NA
"1500:352:104:1",NA,0.427081506449457,NA,NA
"1500:352:104:2",NA,0.515993509403741,NA,NA
"1500:352:205:1",NA,0.591148701303414,NA,NA
"1500:352:205:2",0.033948944661651,3.55507684956826,NA,NA
"1500:352:206:1",0.067464285909487,1.97504359856733,NA,NA
"1500:352:206:2",0.015537161262919,2.28267828017661,NA,NA
"1500:352:207:1",0.093979283720719,1.15951497640938,NA,NA
"1500:352:207:2",0.097560966516366,2.15330314041381,NA,NA
"1500:352:208:1",0.084889643379948,2.6973006187425,NA,NA
"1500:352:208:2",0.062129390476075,1.37013404578204,NA,NA
"1500:352:209:1",0.121036240249952,0.87544347308924,NA,NA
"1500:352:209:2",0.27193656668261,2.94851581279991,NA,NA
"1500:353:100:1",0.334628637401641,0.73784545348176,NA,NA
"1500:353:100:2",0.521026613839383,1.21519641846727,NA,NA
"1500:353:101:1",0.572613414193824,0.92835148091915,NA,NA
"1500:353:101:2",0.513964410410937,0.772686061592682,NA,NA
"1500:353:102:1",0.37313783022607,0.284830074407938,NA,NA
"1500:353:102:2",0.475429577197632,0.439968971875159,NA,NA
"1500:353:103:1",0.733542101997674,0.072410591451258,NA,NA
"1500:353:103:2",0.31992246994666,NA,NA,NA
"1500:353:104:1",0.240426992529808,0.191554508972304,NA,NA
"1500:353:104:2",0.144288512676005,0.628795451269542,NA,NA
"1500:353:205:1",0.103443015295475,0.188961386585417,NA,NA
"1500:353:205:2",0.049544900204452,0.043711850237313,NA,NA
"1500:353:206:1",0.023384196285609,0.391048840917571,NA,NA
"1500:353:206:2",NA,1.12808871301819,NA,NA
"1500:353:207:1",NA,0.230918110755576,NA,NA
"1500:353:207:2",NA,0.584326970188614,NA,NA
"1500:353:208:1",NA,0.133272899566897,NA,NA
"1500:353:208:2",NA,0.188264601663734,NA,NA
"1500:353:209:1",NA,0.984709965823545,NA,NA
"1500:353:209:2",NA,1.05665213034184,NA,NA
"1500:354:100:1",NA,0.611712889637318,NA,NA
"1500:354:100:2",0.037392108145035,0.729884251918963,NA,NA
"1500:354:101:1",0.033614050809199,1.05041876751253,NA,NA
"1500:354:101:2",NA,0.91221378733122,NA,NA
"1500:354:102:1",NA,0.97688063167042,NA,NA
"1500:354:102:2",0.02799236283696,0.667995751823769,NA,0.297535678824754
"1500:354:103:1",NA,1.01411951199636,NA,NA
"1500:354:103:2",0.007843278522146,1.97219299463667,NA,NA
"1500:354:104:1",0.020915409392391,1.13333544099537,NA,NA
"1500:354:104:2",0.048740373673339,1.85283412394188,NA,NA
"1500:354:205:1",0.074773271111711,0.384507349708856,NA,NA
"1500:354:205:2",NA,0.249956549323421,NA,NA
"1500:354:206:1",NA,0.644176179498598,NA,NA
"1500:354:206:2",NA,1.26869268133393,NA,NA
"1500:354:207:1",0.074829972203371,0.315706233852644,NA,NA
"1500:354:207:2",NA,1.07042106376744,NA,NA
"1500:354:208:1",NA,0.595803397348901,NA,NA
"1500:354:208:2",0.02362244646306,1.06684800323877,NA,NA
"1500:354:209:1",NA,0.228377780752672,NA,NA
"1500:354:209:2",0.037763951937461,0.611149827891684,NA,NA
"1500:455:100:1",0.062188817488082,0.868436315341562,NA,NA
"1500:455:100:2",0.071897527732385,0.395247067609112,NA,NA
"1500:455:101:1",0.052436672606711,0.563783912547816,NA,NA
"1500:455:101:2",0.147744353572979,0.300015689286438,NA,NA
"1500:455:102:1",0.30397596015194,0.268697895375693,NA,NA
"1500:455:102:2",0.138980984917528,0.533258027826838,NA,NA
"1500:455:103:1",0.197813123884349,0.507818666579643,NA,NA
"1500:455:103:2",0.062926202299509,0.836267650704811,NA,NA
"1500:455:104:1",0.08700347179072,0.586867721877257,NA,NA
"1500:455:104:2",0.150913027842913,0.107270924620231,NA,NA
"1500:455:205:1",NA,0.096976399772113,NA,NA
"1500:455:205:2",0.121364784215904,0.350690183689887,NA,NA
"1500:455:206:1",0.54464226214064,0.742362753288466,NA,NA
"1500:455:206:2",0.387170722867484,0.640172889938608,NA,NA
"1500:455:207:1",0.309229517055281,1.52263720221509,NA,NA
"1500:455:207:2",0.399361423623779,0.66862811529677,NA,NA
"1500:455:208:1",0.264199915165103,0.530268157795593,NA,NA
"1500:455:208:2",0.304424550664763,0.738396823002074,NA,NA
"1500:455:209:1",0.058908624043121,0.205159347779011,NA,NA
"1500:455:209:2",0.234853403045404,0.705720486061283,NA,NA
"1500:456:100:1",0.412567049472485,1.32392013753771,NA,NA
"1500:456:100:2",0.312103627917023,0.744233451440746,NA,NA
"1500:456:101:1",0.586728565536431,1.19408374678024,NA,NA
"1500:456:101:2",0.647751646981304,1.20916366991086,NA,NA
"1500:456:102:1",0.474604567038605,1.69775687130828,NA,NA
"1500:456:102:2",0.050908777212817,2.76263525487939,NA,NA
"1500:456:103:1",0.09340843942746,3.46439870688146,NA,NA
"1500:456:103:2",0.173927082953788,4.01834648675043,NA,NA
"1500:456:104:1",0.178304632039478,5.55640552212122,NA,NA
"1500:456:104:2",0.274647382324501,4.25428452721494,NA,NA
"1500:456:205:1",0.142784345963743,1.62994284052711,NA,NA
"1500:456:205:2",0.17002412625424,NA,NA,NA
"1500:456:206:1",0.004937461793144,NA,NA,1.86394877711939
"1500:456:206:2",0.004279256104138,NA,NA,0.926618213912801
"1500:456:207:1",NA,NA,NA,0.937330563206589
"1500:456:207:2",NA,NA,NA,NA
"1500:456:208:1",NA,NA,NA,NA
"1500:456:208:2",0.007578864386545,NA,NA,NA
"1500:456:209:1",NA,NA,NA,NA
"1500:456:209:2",0.031933348268739,0.037249618819297,NA,0.310658129519898
"1500:457:100:1",NA,NA,NA,NA
"1500:457:100:2",NA,NA,NA,NA
"1500:457:101:1",NA,NA,NA,NA
"1500:457:101:2",NA,NA,NA,NA
"1500:457:102:1",NA,NA,NA,NA
"1500:457:102:2",0.008558512208277,NA,NA,NA
"1500:457:103:1",NA,NA,NA,NA
"1500:457:103:2",NA,NA,NA,NA
"1500:457:104:1",NA,NA,NA,0.310658129519898
"1500:457:104:2",NA,NA,NA,0.297535678824754
"1500:457:205:1",0.006344191361718,NA,NA,0.603063882847673
"1500:457:205:2",0.006922629033293,NA,NA,0.926618213912799
"1500:457:206:1",0.000267453506509,NA,NA,0.610603909746007
"1500:457:206:2",0.021799847769939,0.066473997278498,NA,NA
"1500:457:207:1",0.002674535065087,NA,NA,NA
"1500:457:207:2",NA,NA,NA,NA
"1500:457:208:1",0.330299090452032,NA,NA,NA
"1500:457:208:2",0.426902594053148,0.040246571546917,NA,NA
"1500:457:209:1",0.69946626007832,NA,NA,NA
"1500:457:209:2",0.980047845044677,0.035774730263927,NA,NA
"7500:141:393:3",NA,0.780448215522977,NA,NA
"7500:141:392:4",NA,1.18535028827418,NA,NA
"7500:141:392:3",0.011780371090008,3.87287063623447,0.038934115547731,NA
"7500:141:391:4",NA,6.78971492400195,NA,NA
"7500:141:391:3",NA,10.551980896501,NA,NA
"7500:141:390:4",NA,10.9149345168846,NA,NA
"7500:141:390:3",NA,6.860780367053,NA,NA
"7500:140:499:4",NA,6.77405054508439,NA,NA
"7500:140:499:3",NA,5.49260486445227,0.017710742478119,NA
"7500:140:498:4",NA,0.398855125247163,NA,NA
"7500:140:498:3",NA,NA,NA,NA
"7500:140:497:4",NA,NA,NA,NA
"7500:140:497:3",NA,NA,NA,NA
"7500:140:496:4",NA,NA,NA,NA
"7500:140:496:3",NA,NA,NA,NA
"7500:140:495:4",NA,0.142169380987832,NA,NA
"7500:140:495:3",NA,NA,NA,NA
"7500:140:394:4",NA,NA,NA,NA
"7500:140:394:3",NA,0.141544773440346,NA,NA
"7500:140:393:4",NA,NA,NA,NA
"7500:140:393:3",NA,0.948375860620513,NA,NA
"7500:140:392:4",NA,0.928982935858019,NA,NA
"7500:140:392:3",NA,0.618795050944566,NA,NA
"7500:140:391:4",NA,NA,NA,NA
"7500:140:391:3",NA,NA,NA,NA
"7500:140:390:4",NA,0.093663791881453,NA,NA
"7500:140:390:3",NA,NA,NA,NA
"1500:140:390:3",NA,NA,NA,NA
"1500:140:390:4",NA,NA,NA,NA
"1500:140:391:3",NA,NA,NA,NA
"1500:140:391:4",NA,NA,NA,NA
"1500:140:392:3",NA,NA,NA,NA
"1500:140:392:4",NA,NA,NA,NA
"1500:140:393:3",NA,0.071084690493916,NA,NA
"1500:140:393:4",NA,0.198898047595515,NA,NA
"1500:140:394:3",NA,0.34558463971902,NA,NA
"1500:140:394:4",NA,0.722536433947368,NA,NA
"1500:140:495:3",NA,NA,NA,NA
"1500:140:495:4",NA,NA,NA,NA
"1500:140:496:3",NA,NA,NA,NA
"1500:140:496:4",NA,NA,NA,NA
"1500:140:497:3",NA,NA,NA,NA
"1500:140:497:4",NA,NA,NA,NA
"1500:140:498:3",NA,NA,NA,NA
"1500:140:498:4",NA,NA,NA,NA
"1500:140:499:3",NA,NA,NA,NA
"1500:140:499:4",NA,NA,NA,NA
"1500:141:390:3",NA,NA,NA,NA
"1500:141:390:4",NA,NA,NA,NA
"1500:141:391:3",NA,NA,NA,NA
"1500:141:391:4",NA,NA,NA,NA
"1500:141:392:3",NA,0.101331577532517,NA,NA
"1500:141:392:4",NA,NA,NA,NA
"1500:141:393:3",NA,NA,NA,NA
"1500:141:393:4",NA,0.064342274803312,NA,NA
"1500:141:394:3",NA,NA,NA,NA
"1500:141:394:4",NA,NA,NA,NA
"1500:141:495:3",NA,NA,NA,NA
"1500:141:495:4",NA,NA,NA,NA
"1500:141:496:3",NA,NA,NA,NA
"1500:141:496:4",NA,0.261916424230378,NA,NA
"1500:141:497:3",NA,0.029119836072786,NA,NA
"1500:141:497:4",NA,0.094851447269054,NA,NA
"1500:141:498:3",NA,0.301409771171485,NA,NA
"1500:141:498:4",NA,0.384393779771,NA,NA
"1500:141:499:3",NA,0.905217356241442,NA,NA
"1500:141:499:4",NA,0.618865471368271,NA,NA
"1500:142:390:3",NA,1.35944671600504,NA,NA
"1500:142:390:4",0.069625040997343,0.463974010472434,NA,0.744693541688218
"1500:142:391:3",NA,1.170736235865,NA,0.595754833350575
"1500:142:391:4",NA,0.783158739631473,NA,2.08762422853264
"1500:142:392:3",NA,1.14491172761424,NA,NA
"1500:142:392:4",0.026141874916078,1.28424992918704,NA,NA
"1500:142:393:3",0.033814711506491,0.941113214165944,NA,NA
"1500:142:393:4",NA,1.09911034551046,NA,NA
"1500:142:394:3",0.100504390975708,1.64475832805998,NA,NA
"1500:142:394:4",NA,0.651700527913077,NA,NA
"1500:142:495:3",0.02660050430057,1.45191729819154,NA,NA
"1500:142:495:4",0.033327946058639,2.60717565284959,NA,NA
"1500:142:496:3",0.033814711506491,2.47635486658025,NA,NA
"1500:142:496:4",0.00477471059878,2.09701260182534,NA,NA
"1500:142:497:3",0.036929402287441,1.54028462747734,NA,NA
"1500:142:497:4",0.117259727220682,1.45374551761876,NA,NA
"1500:142:498:3",0.061840796519188,1.52762391675167,NA,NA
"1500:142:498:4",0.16093719877645,1.13098650523162,NA,0.074469354168822
"1500:142:499:3",0.195400671505935,1.09434624470226,NA,NA
"1500:142:499:4",0.265829793503088,1.43317817466052,NA,NA
"1500:143:390:3",0.509214169400361,1.66916497639532,NA,NA
"1500:143:390:4",0.888410680088951,1.10975737303981,NA,NA
"1500:143:391:3",0.615785344901344,0.413466966790087,NA,NA
"1500:143:391:4",0.550286830197088,0.577028510169452,NA,NA
"1500:143:392:3",0.615723975162916,0.297012860504613,NA,NA
"1500:143:392:4",0.563092098951981,NA,NA,NA
"1500:143:393:3",0.349205659747983,0.58034666774661,NA,NA
"1500:143:393:4",0.151825883204655,0.281452625418567,NA,NA
"1500:143:394:3",0.140816119118638,0.860303151674005,NA,NA
"1500:143:394:4",0.123093208868873,1.15372453769336,NA,NA
"1500:143:495:3",0.036780192581229,0.618148762144672,NA,NA
"1500:143:495:4",0.134112082008969,0.50509285541039,NA,NA
"1500:143:496:3",0.041018150741906,1.28305681836281,NA,NA
"1500:143:496:4",0.083353442494658,1.18631144320199,NA,NA
"1500:143:497:3",0.039447316079766,0.42682129751811,NA,NA
"1500:143:497:4",NA,0.735102024789218,NA,NA
"1500:143:498:3",NA,0.606045554376588,NA,NA
"1500:143:498:4",NA,0.646561447776557,NA,NA
"1500:143:499:3",NA,0.739534447392901,NA,NA
"1500:143:499:4",NA,0.974906060912178,NA,NA
"1500:144:390:3",NA,1.00942686621454,NA,NA
"1500:144:390:4",NA,0.669500799718644,NA,NA
"1500:144:391:3",NA,1.29567139901409,NA,0.074469354168822
"1500:144:391:4",0.027957497840029,0.762102285984487,NA,NA
"1500:144:392:3",0.048124720875039,1.1576628666743,NA,NA
"1500:144:392:4",NA,1.13581201854763,NA,NA
"1500:144:393:3",0.054088518501807,1.69691705695924,NA,0.28691802056337
"1500:144:393:4",NA,2.1127569641855,NA,NA
"1500:144:394:3",0.042039127519045,1.75194150784808,NA,NA
"1500:144:394:4",NA,1.5268133488194,NA,NA
"1500:144:495:3",0.026141874916078,0.828197760786766,NA,NA
"1500:144:495:4",NA,1.06305120914885,NA,NA
"1500:144:496:3",0.106385491259955,0.956948401180792,NA,NA
"1500:144:496:4",0.050757930097661,0.683688667036648,NA,NA
"1500:144:497:3",0.043006750314805,0.71304072566521,NA,NA
"1500:144:497:4",0.085258996238123,0.546355521756324,NA,NA
"1500:144:498:3",0.160271987163616,0.320308627507754,NA,NA
"1500:144:498:4",0.00523560438615,NA,NA,NA
"1500:144:499:3",0.020548763079477,0.229984854904886,NA,NA
"1500:144:499:4",0.141020937465217,0.315687824860877,NA,NA
"1500:245:390:3",0.073958541980631,0.351872708861412,NA,NA
"1500:245:390:4",0.004671014168783,0.321009613005174,NA,NA
"1500:245:391:3",0.018872760197622,0.881661006570012,NA,NA
"1500:245:391:4",0.219855366534401,0.342250051409964,NA,NA
"1500:245:392:3",0.131052828907695,0.416556251347667,NA,NA
"1500:245:392:4",0.066101142477463,0.672938703289366,NA,NA
"1500:245:393:3",0.076084675116345,0.830404350333188,NA,NA
"1500:245:393:4",0.027034921811621,0.417384878274881,NA,NA
"1500:245:394:3",0.050567819747175,0.81566220063517,NA,NA
"1500:245:394:4",0.052292090173517,0.116723781707627,NA,NA
"1500:245:495:3",0.063726559011278,0.315685300027896,NA,NA
"1500:245:495:4",0.157283526197763,0.747622203321021,NA,NA
"1500:245:496:3",0.258797752640784,1.36054412749154,NA,NA
"1500:245:496:4",0.535126442566259,0.708855091169726,NA,NA
"1500:245:497:3",0.160169653169482,0.524362066211653,NA,NA
"1500:245:497:4",0.2087469132133,0.941906557239158,NA,NA
"1500:245:498:3",0.210537066396705,0.639915878853349,NA,NA
"1500:245:498:4",0.117959634826712,0.064842294474611,NA,NA
"1500:245:499:3",0.095451557208832,0.018528862146822,NA,NA
"1500:245:499:4",0.314478462301536,NA,NA,NA
"1500:246:390:3",0.469242358118475,0.142277170903581,NA,NA
"1500:246:390:4",0.602341457016485,0.712943726333059,NA,NA
"1500:246:391:3",0.67561823120616,1.06412702101688,NA,NA
"1500:246:391:4",0.913633206920086,1.50165988532924,NA,NA
"1500:246:392:3",0.69425419705451,2.34343849750087,NA,NA
"1500:246:392:4",0.266471091103383,2.50730494107728,NA,NA
"1500:246:393:3",0.398968447451822,1.27004716991909,NA,NA
"1500:246:393:4",0.540236484062808,1.90097952588974,NA,NA
"1500:246:394:3",0.367474630549919,3.09150106915349,NA,NA
"1500:246:394:4",0.540341958296951,2.53268809147511,NA,NA
"1500:246:495:3",0.411464238011498,1.64603762041332,NA,NA
"1500:246:495:4",0.32198455387283,0.508945341190725,NA,NA
"1500:246:496:3",0.080947518741517,NA,NA,0.310271199170529
"1500:246:496:4",0.112533076984202,NA,NA,NA
"1500:246:497:3",NA,NA,NA,0.304921695736555
"1500:246:497:4",NA,NA,NA,NA
"1500:246:498:3",NA,NA,NA,NA
"1500:246:498:4",NA,NA,NA,NA
"1500:246:499:3",0.055580463094773,NA,NA,0.310271199170529
"1500:246:499:4",0.004586998277982,0.04340376103199,NA,0.304921695736555
"1500:247:390:3",0.004037026545673,0.082832098753081,NA,NA
"1500:247:390:4",0.008129332617951,NA,NA,NA
"1500:247:391:3",NA,NA,NA,NA
"1500:247:391:4",0.007784905783375,NA,NA,NA
"1500:247:392:3",0.015234862579962,NA,NA,NA
"1500:247:392:4",0.012491430888002,NA,NA,NA
"1500:247:393:3",0.006407591738106,NA,NA,NA
"1500:247:393:4",NA,NA,NA,1.53530748555072
"1500:247:394:3",0.019232667957808,NA,NA,NA
"1500:247:394:4",NA,NA,NA,0.615192894907084
"1500:247:495:3",0.036756688909136,NA,NA,NA
"1500:247:495:4",0.025797483310567,0.240668109809666,NA,1.51992424506119
"1500:247:496:3",0.013108250837592,0.290461511839252,NA,0.62054239834106
"1500:247:496:4",0.061561434587236,NA,NA,NA
"1500:247:497:3",0.118600257865235,NA,NA,0.62054239834106
"1500:247:497:4",0.116303280733208,NA,NA,NA
"1500:247:498:3",0.810067590720149,NA,NA,NA
"1500:247:498:4",1.04973162935637,0.072422902891665,NA,NA
"1500:247:499:3",0.483481812151122,NA,NA,NA
"1500:247:499:4",1.12400025895176,0.068534166479088,NA,NA
"7500:141:393:1",NA,NA,NA,NA
"7500:141:392:2",0.022962170622379,0.310385540591412,NA,NA
"7500:141:392:1",0.023236044862452,6.12569119341854,NA,NA
"7500:141:391:2",0.002547965035386,4.77775521264267,NA,NA
"7500:141:391:1",NA,7.05621891145281,0.010613234592633,NA
"7500:141:390:2",NA,8.6448662048476,NA,NA
"7500:141:390:1",NA,7.06628497518933,NA,NA
"7500:140:499:2",NA,6.2113669956787,NA,NA
"7500:140:499:1",NA,3.95768318168916,NA,NA
"7500:140:498:2",NA,2.4017562009749,NA,NA
"7500:140:498:1",NA,0.404520781694389,NA,NA
"7500:140:497:2",NA,0.068339828353607,NA,NA
"7500:140:497:1",NA,NA,NA,NA
"7500:140:496:2",NA,0.227799427845358,NA,NA
"7500:140:496:1",NA,NA,NA,NA
"7500:140:495:2",NA,NA,NA,NA
"7500:140:495:1",NA,NA,NA,NA
"7500:140:394:2",NA,0.120377436934239,NA,NA
"7500:140:394:1",NA,NA,NA,NA
"7500:140:393:2",NA,NA,NA,NA
"7500:140:393:1",NA,0.048150974773696,NA,NA
"7500:140:392:2",NA,0.50416907694502,NA,NA
"7500:140:392:1",NA,0.18666702394765,NA,NA
"7500:140:391:2",NA,NA,NA,NA
"7500:140:391:1",NA,NA,NA,NA
"7500:140:390:2",NA,NA,NA,NA
"7500:140:390:1",NA,NA,NA,NA
"1500:140:390:1",NA,NA,NA,NA
"1500:140:390:2",NA,NA,NA,NA
"1500:140:391:1",NA,NA,NA,NA
"1500:140:391:2",NA,NA,NA,NA
"1500:140:392:1",NA,NA,NA,NA
"1500:140:392:2",NA,NA,NA,NA
"1500:140:393:1",NA,NA,NA,NA
"1500:140:393:2",NA,NA,NA,NA
"1500:140:394:1",NA,NA,NA,NA
"1500:140:394:2",NA,NA,NA,NA
"1500:140:495:1",NA,0.068339828353607,NA,NA
"1500:140:495:2",NA,0.056567810009128,NA,NA
"1500:140:496:1",NA,NA,NA,NA
"1500:140:496:2",NA,NA,NA,NA
"1500:140:497:1",NA,NA,NA,NA
"1500:140:497:2",NA,NA,NA,NA
"1500:140:498:1",NA,NA,NA,NA
"1500:140:498:2",NA,NA,NA,NA
"1500:140:499:1",NA,NA,NA,NA
"1500:140:499:2",NA,NA,NA,NA
"1500:141:390:1",NA,NA,NA,NA
"1500:141:390:2",NA,NA,NA,NA
"1500:141:391:1",NA,NA,NA,NA
"1500:141:391:2",NA,0.115663544215278,NA,NA
"1500:141:392:1",NA,NA,NA,NA
"1500:141:392:2",NA,NA,NA,NA
"1500:141:393:1",NA,NA,NA,NA
"1500:141:393:2",NA,0.047537178392596,NA,NA
"1500:141:394:1",NA,NA,NA,NA
"1500:141:394:2",NA,NA,NA,NA
"1500:141:495:1",NA,NA,NA,NA
"1500:141:495:2",NA,NA,NA,NA
"1500:141:496:1",NA,NA,NA,NA
"1500:141:496:2",NA,NA,NA,NA
"1500:141:497:1",NA,0.209272645868653,NA,NA
"1500:141:497:2",0.026109375098041,0.294725642931686,NA,NA
"1500:141:498:1",0.037103545498535,0.8306399940661,NA,NA
"1500:141:498:2",0.004221584093477,0.263674983711921,NA,NA
"1500:141:499:1",0.031482077514008,0.993155513845565,NA,NA
"1500:141:499:2",0.038838573659989,1.03171627158434,NA,NA
"1500:142:390:1",0.036883491316694,1.31422693464981,NA,NA
"1500:142:390:2",0.035819462907308,0.176550909527022,NA,NA
"1500:142:391:1",0.068512635769663,1.01759133792425,NA,NA
"1500:142:391:2",0.034648128206592,0.757662629677517,NA,0.148753546372977
"1500:142:392:1",0.135992225986503,0.838147765481417,NA,2.75441983367296
"1500:142:392:2",0.104612506442837,1.09277690256541,NA,0.371883865932443
"1500:142:393:1",0.069296256413183,0.697418047604784,NA,NA
"1500:142:393:2",0.075493628565655,0.786422944134153,NA,NA
"1500:142:394:1",0.017882904880822,1.17646245871813,NA,0.074376773186488
"1500:142:394:2",0.020267292198264,2.90052457037776,NA,0.074376773186488
"1500:142:495:1",NA,1.83887503384327,NA,NA
"1500:142:495:2",NA,2.84087117945225,NA,NA
"1500:142:496:1",0.008662032051648,1.11412262542336,NA,NA
"1500:142:496:2",0.046320182527864,2.7829456360595,NA,NA
"1500:142:497:1",0.071531619523286,2.12246151011757,NA,NA
"1500:142:497:2",0.039118854426797,1.87347867414519,NA,NA
"1500:142:498:1",0.03977083533391,1.7538367622645,NA,NA
"1500:142:498:2",NA,1.2033599812456,NA,NA
"1500:142:499:1",0.11625312820418,1.5561794643338,NA,NA
"1500:142:499:2",0.337206023518217,0.986900147901017,NA,NA
"1500:143:390:1",0.836026612166245,1.1317510932993,NA,NA
"1500:143:390:2",1.20379674563113,0.224565012706177,NA,NA
"1500:143:391:1",0.638313748446719,0.371417225173505,NA,NA
"1500:143:391:2",0.545497239839766,0.79875450827367,NA,NA
"1500:143:392:1",0.150764466710821,0.206236920444052,NA,NA
"1500:143:392:2",0.094802326164267,NA,NA,NA
"1500:143:393:1",0.098985789998932,0.448113768753899,NA,NA
"1500:143:393:2",0.021235949545976,0.485174651196809,NA,NA
"1500:143:394:1",0.038535481119277,0.46654721865851,NA,NA
"1500:143:394:2",0.071101405063792,0.518507252294487,NA,NA
"1500:143:495:1",NA,0.398680135617063,NA,NA
"1500:143:495:2",NA,1.2113319124184,NA,NA
"1500:143:496:1",NA,0.769866679066512,NA,NA
"1500:143:496:2",0.092073243094915,0.449629405805649,NA,NA
"1500:143:497:1",NA,0.399389613392498,NA,NA
"1500:143:497:2",NA,0.201136182047463,NA,NA
"1500:143:498:1",NA,0.906344395586358,NA,NA
"1500:143:498:2",0.018660828484955,1.51542318435475,NA,NA
"1500:143:499:1",0.046652071212386,0.680800307154299,NA,NA
"1500:143:499:2",NA,0.352784377069879,NA,NA
"1500:144:390:1",NA,0.284838437284167,NA,0.074376773186488
"1500:144:390:2",NA,0.768379353235758,NA,0.52063741230542
"1500:144:391:1",NA,1.16787116899303,NA,0.223130319559466
"1500:144:391:2",NA,1.26811745087385,NA,0.961069446588497
"1500:144:392:1",NA,1.80366741111543,NA,NA
"1500:144:392:2",NA,1.95653316203562,NA,NA
"1500:144:393:1",0.030177401986386,2.50265654892247,NA,NA
"1500:144:393:2",NA,2.53412652379284,NA,NA
"1500:144:394:1",0.078051428594419,2.60816094118365,NA,NA
"1500:144:394:2",NA,1.28180574116302,NA,NA
"1500:144:495:1",0.117975450223323,1.09751149531514,NA,NA
"1500:144:495:2",0.026567434310288,0.151284196244033,NA,NA
"1500:144:496:1",0.10055252939287,0.068573542766392,NA,NA
"1500:144:496:2",0.074598214565833,0.463608341265467,NA,NA
"1500:144:497:1",0.045967549468302,0.422488976644566,NA,NA
"1500:144:497:2",0.017696624621646,0.395476776843972,NA,NA
"1500:144:498:1",0.095184547348357,0.341893884891236,NA,NA
"1500:144:498:2",0.033013712343325,0.191078078640855,NA,NA
"1500:144:499:1",0.03142110786534,0.402959421789065,NA,NA
"1500:144:499:2",0.016753644493779,0.507583054199817,NA,NA
"1500:245:390:1",0.068203249846337,0.491173488883825,NA,NA
"1500:245:390:2",0.022803574076934,0.779441607918362,NA,NA
"1500:245:391:1",0.134368138809506,0.47551218605562,NA,NA
"1500:245:391:2",0.07051080656574,0.137289765483462,NA,NA
"1500:245:392:1",0.125539596241724,0.32142280476153,NA,NA
"1500:245:392:2",0.161012272109809,0.51770318850209,NA,NA
"1500:245:393:1",0.065880179611215,0.303244496357301,NA,NA
"1500:245:393:2",0.065957915172972,0.325674136277066,NA,NA
"1500:245:394:1",0.03723151930505,0.527375898546462,NA,NA
"1500:245:394:2",0.064056230056585,0.754599377385115,NA,NA
"1500:245:495:1",0.287389961479062,0.18552481776714,NA,NA
"1500:245:495:2",0.234580513754497,0.793878183677744,NA,NA
"1500:245:496:1",0.096460247101375,0.48957852012082,NA,NA
"1500:245:496:2",0.504088669992588,0.511272347522675,NA,NA
"1500:245:497:1",0.282856263424092,0.311912982115399,NA,NA
"1500:245:497:2",0.341979793559302,0.421999366697176,NA,NA
"1500:245:498:1",0.533078116774222,0.172063907365166,NA,NA
"1500:245:498:2",0.346210809300068,0.150253344114731,NA,NA
"1500:245:499:1",0.111893753650085,NA,NA,NA
"1500:245:499:2",0.199018034302203,NA,NA,NA
"1500:246:390:1",0.327434417009048,0.137760135546835,NA,NA
"1500:246:390:2",0.355495399062665,0.289004270965769,NA,NA
"1500:246:391:1",0.750189019951875,0.811237375242841,NA,NA
"1500:246:391:2",0.872672294588432,0.921303836983467,NA,NA
"1500:246:392:1",0.795275017449227,1.18535692870303,NA,NA
"1500:246:392:2",0.579673906928142,1.71325815905391,NA,NA
"1500:246:393:1",0.685163783354271,2.64240805988609,NA,NA
"1500:246:393:2",0.400898338631746,2.43974327529145,NA,NA
"1500:246:394:1",0.105487930944417,2.19143722635899,NA,NA
"1500:246:394:2",0.439583225422278,3.91659490360874,NA,NA
"1500:246:495:1",0.691906960992209,1.78084383121731,NA,NA
"1500:246:495:2",0.857215526413364,0.620887251523363,NA,NA
"1500:246:496:1",0.541656092914621,0.023505836018783,NA,NA
"1500:246:496:2",0.058938729606173,NA,NA,NA
"1500:246:497:1",NA,NA,NA,NA
"1500:246:497:2",NA,NA,NA,0.309885467177422
"1500:246:498:1",NA,NA,NA,NA
"1500:246:498:2",NA,0.097187120269307,NA,NA
"1500:246:499:1",NA,0.054850590452995,NA,NA
"1500:246:499:2",0.081274875293851,0.031082001256697,NA,NA
"1500:247:390:1",0.004757181290747,0.112650580569699,NA,NA
"1500:247:390:2",0.002921154938933,0.03900486432213,NA,NA
"1500:247:391:1",0.013271362858348,NA,NA,NA
"1500:247:391:2",0.002361169524994,NA,NA,NA
"1500:247:392:1",0.004032007677341,NA,NA,NA
"1500:247:392:2",0.014888826301041,NA,NA,NA
"1500:247:393:1",0.009673881629213,NA,NA,NA
"1500:247:393:2",0.009090403600996,NA,NA,NA
"1500:247:394:1",0.017575880353826,NA,NA,NA
"1500:247:394:2",0.029028702147858,NA,NA,0.309885467177422
"1500:247:495:1",0.064310189665008,NA,NA,0.609085228590106
"1500:247:495:2",0.07957693238942,NA,NA,NA
"1500:247:496:1",0.099273113024015,0.066308664555577,NA,0.309885467177422
"1500:247:496:2",0.206321367440915,NA,NA,NA
"1500:247:497:1",0.234266858517676,NA,NA,0.304542614295053
"1500:247:497:2",0.43909582911787,NA,NA,NA
"1500:247:498:1",0.765914440834325,NA,NA,0.309885467177422
"1500:247:498:2",1.48584396301087,0.02453395457558,NA,NA
"1500:247:499:1",1.35484313377281,0.037262385554447,NA,NA
"1500:247:499:2",1.73989791230066,0.074793939956889,NA,NA
"7500:141:383:3",NA,NA,NA,NA
"7500:141:382:4",NA,0.066072093133768,NA,NA
"7500:141:382:3",0.127155208786724,2.10062269635943,NA,NA
"7500:141:381:4",0.008575942797639,3.01013450399533,0.001413341942374,NA
"7500:141:381:3",0.004586735346133,6.5250651109269,0.021200129135611,NA
"7500:141:380:4",NA,4.86119912276216,NA,NA
"7500:141:380:3",NA,6.24041907017527,NA,NA
"7500:140:489:4",NA,4.92546089415608,NA,NA
"7500:140:489:3",NA,3.69328188415846,NA,NA
"7500:140:488:4",NA,3.06117566843707,NA,NA
"7500:140:488:3",NA,0.2951414797058,NA,NA
"7500:140:487:4",NA,0.123233761366017,NA,NA
"7500:140:487:3",NA,NA,NA,NA
"7500:140:486:4",NA,NA,NA,NA
"7500:140:486:3",NA,NA,NA,NA
"7500:140:485:4",NA,NA,NA,NA
"7500:140:485:3",NA,NA,NA,NA
"7500:140:384:4",NA,NA,NA,NA
"7500:140:384:3",NA,NA,NA,NA
"7500:140:383:4",NA,NA,NA,NA
"7500:140:383:3",NA,NA,NA,NA
"7500:140:382:4",NA,0.151355605682038,NA,NA
"7500:140:382:3",NA,0.216410507764713,NA,NA
"7500:140:381:4",NA,0.360684179607856,NA,NA
"7500:140:381:3",NA,0.109006774281485,NA,NA
"7500:140:380:4",NA,0.048091223947714,NA,NA
"7500:140:380:3",NA,NA,NA,NA
"1500:140:380:3",NA,0.101222020326964,NA,NA
"1500:140:380:4",NA,NA,NA,NA
"1500:140:381:3",NA,NA,NA,NA
"1500:140:381:4",NA,0.141816435222659,NA,NA
"1500:140:382:3",NA,NA,NA,NA
"1500:140:382:4",NA,NA,NA,NA
"1500:140:383:3",NA,NA,NA,NA
"1500:140:383:4",NA,NA,NA,NA
"1500:140:384:3",NA,NA,NA,NA
"1500:140:384:4",NA,NA,NA,NA
"1500:140:485:3",NA,NA,NA,NA
"1500:140:485:4",NA,0.004945222192025,NA,NA
"1500:140:486:3",NA,0.085466972211376,NA,NA
"1500:140:486:4",NA,0.107218913209688,NA,NA
"1500:140:487:3",NA,0.136313239868489,NA,NA
"1500:140:487:4",NA,0.124248974636025,NA,NA
"1500:140:488:3",NA,0.058355881973799,NA,NA
"1500:140:488:4",NA,0.006960624841277,NA,NA
"1500:140:489:3",NA,NA,NA,NA
"1500:140:489:4",NA,NA,NA,NA
"1500:141:380:3",NA,NA,NA,NA
"1500:141:380:4",NA,NA,NA,NA
"1500:141:381:3",NA,0.093860013525968,NA,NA
"1500:141:381:4",NA,NA,NA,NA
"1500:141:382:3",NA,NA,NA,NA
"1500:141:382:4",NA,NA,NA,NA
"1500:141:383:3",NA,NA,NA,NA
"1500:141:383:4",NA,0.073043368046355,NA,NA
"1500:141:384:3",NA,0.297797811524988,NA,NA
"1500:141:384:4",NA,NA,NA,NA
"1500:141:485:3",NA,NA,NA,NA
"1500:141:485:4",NA,NA,NA,NA
"1500:141:486:3",NA,NA,NA,NA
"1500:141:486:4",NA,0.041842554023237,NA,NA
"1500:141:487:3",NA,NA,NA,NA
"1500:141:487:4",NA,0.233833247008005,NA,NA
"1500:141:488:3",0.069267328548318,0.8953729862219,NA,NA
"1500:141:488:4",0.059163614726343,2.31897978442286,NA,NA
"1500:141:489:3",0.323434977307609,1.48914905208003,NA,NA
"1500:141:489:4",0.27010545323904,1.51902993719543,NA,NA
"1500:142:380:3",0.248301256113148,0.661596584384675,NA,NA
"1500:142:380:4",0.181564870790602,1.69235090456246,NA,0.074284478613998
"1500:142:381:3",0.103411650055726,1.3274262065664,NA,0.891413743367977
"1500:142:381:4",0.089689037074741,0.962947586315389,NA,1.48568957227996
"1500:142:382:3",NA,0.651682403122612,NA,0.37142239306999
"1500:142:382:4",0.034386192979368,0.994215243053708,NA,1.56245020018109
"1500:142:383:3",0.033822484897739,1.57306121689673,NA,1.18855165782397
"1500:142:383:4",0.037954016994258,1.64858584748638,NA,0.074284478613998
"1500:142:384:3",0.033730764040843,1.44714811532833,NA,0.148568957227996
"1500:142:384:4",NA,1.33142307907824,NA,1.85711196534995
"1500:142:485:3",NA,0.925321079541017,NA,0.891413743367977
"1500:142:485:4",NA,3.0550486912698,NA,0.148568957227996
"1500:142:486:3",NA,0.830552769156426,NA,0.074284478613998
"1500:142:486:4",NA,1.15136366450025,NA,0.148568957227996
"1500:142:487:3",0.071442855518603,1.44715677235712,NA,NA
"1500:142:487:4",0.087443835947733,1.96196020163026,NA,NA
"1500:142:488:3",NA,0.990257950184646,NA,NA
"1500:142:488:4",0.070568486417622,0.682089969682158,NA,NA
"1500:142:489:3",0.106531839693421,1.77796217340304,NA,NA
"1500:142:489:4",0.311402250359129,1.28119453375518,NA,NA
"1500:143:380:3",0.881536683166122,0.695213670418791,NA,NA
"1500:143:380:4",0.374286111752188,0.474182937331706,NA,NA
"1500:143:381:3",0.324916143322055,0.530144078038431,NA,NA
"1500:143:381:4",0.122006926987034,0.734837146574759,NA,NA
"1500:143:382:3",0.023297090192297,0.442630616888622,NA,NA
"1500:143:382:4",0.060458682661353,NA,NA,NA
"1500:143:383:3",0.01627929650489,0.311599285099471,NA,NA
"1500:143:383:4",NA,0.390419190748344,NA,NA
"1500:143:384:3",NA,0.694192915974943,NA,NA
"1500:143:384:4",NA,0.424015714133382,NA,NA
"1500:143:485:3",0.039047183329589,0.5270380615805,NA,NA
"1500:143:485:4",0.125837069622945,1.61184846617902,NA,NA
"1500:143:486:3",0.053954239844778,1.0901087476348,NA,NA
"1500:143:486:4",NA,0.79355222092849,NA,NA
"1500:143:487:3",NA,0.343455885044393,NA,NA
"1500:143:487:4",NA,0.462035092144715,NA,NA
"1500:143:488:3",NA,0.936071700283369,NA,NA
"1500:143:488:4",NA,0.655156240050946,NA,NA
"1500:143:489:3",NA,0.345785027913529,NA,NA
"1500:143:489:4",NA,0.802890744746235,NA,NA
"1500:144:380:3",NA,0.372348218224739,NA,NA
"1500:144:380:4",NA,0.523234150020315,NA,NA
"1500:144:381:3",NA,1.49078641893664,NA,NA
"1500:144:381:4",NA,1.22992532277643,NA,NA
"1500:144:382:3",0.005329323935601,2.82628535569173,NA,NA
"1500:144:382:4",0.073489395650646,1.74787308147275,NA,NA
"1500:144:383:3",NA,2.6865162877412,NA,NA
"1500:144:383:4",NA,3.40767646163475,NA,NA
"1500:144:384:3",NA,3.60507997886006,NA,NA
"1500:144:384:4",NA,1.83259278460573,NA,NA
"1500:144:485:3",0.053965067152607,1.18179036096313,NA,NA
"1500:144:485:4",0.026534466625797,0.381008969689738,NA,NA
"1500:144:486:3",0.009869286695061,0.60124980643818,NA,NA
"1500:144:486:4",0.026076975821904,0.994633258565956,NA,NA
"1500:144:487:3",0.050883671016437,0.647374276940377,NA,NA
"1500:144:487:4",0.04872087847071,0.582823208076334,NA,NA
"1500:144:488:3",0.010615373355032,0.227320150976858,NA,NA
"1500:144:488:4",0.066242236196072,NA,NA,NA
"1500:144:489:3",0.085930183458384,0.448484362694773,NA,NA
"1500:144:489:4",0.013953682718477,0.180055651811581,NA,NA
"1500:245:380:3",0.091789420067518,0.146015032136963,NA,NA
"1500:245:380:4",0.026196676045981,0.431806131898866,NA,NA
"1500:245:381:3",0.041821160615784,0.180019150277906,NA,NA
"1500:245:381:4",0.032615926269215,0.275538920592526,NA,NA
"1500:245:382:3",0.050369915691621,0.07529813158941,NA,NA
"1500:245:382:4",0.032615926269215,0.204625548076816,NA,NA
"1500:245:383:3",0.099809039756807,0.566445147159625,NA,NA
"1500:245:383:4",0.168600399111979,0.382953123156046,NA,NA
"1500:245:384:3",0.166960076555748,0.104490159658553,NA,NA
"1500:245:384:4",0.140515124499081,0.170453998869268,NA,NA
"1500:245:485:3",0.228173844485761,0.418820432944179,NA,NA
"1500:245:485:4",0.166334455353239,0.211912031549152,NA,NA
"1500:245:486:3",0.089302672565163,0.344491220117613,NA,NA
"1500:245:486:4",0.125183799990774,0.512631986990177,NA,NA
"1500:245:487:3",0.534800506737052,0.542343938047645,NA,NA
"1500:245:487:4",0.268469280135612,0.315462003031318,NA,NA
"1500:245:488:3",0.352734150008961,0.112068143820137,NA,NA
"1500:245:488:4",0.33940283016178,0.314320741471705,NA,NA
"1500:245:489:3",0.310831720166927,NA,NA,NA
"1500:245:489:4",0.48256620225727,NA,NA,NA
"1500:246:380:3",0.65678245504912,0.275019910813081,NA,NA
"1500:246:380:4",1.32513950192843,0.03848509907961,NA,NA
"1500:246:381:3",1.17048013013818,0.326829507723413,NA,NA
"1500:246:381:4",0.369333027021475,0.487829872297531,NA,NA
"1500:246:382:3",0.683743459347257,0.838918101866495,NA,NA
"1500:246:382:4",1.09936996073258,1.41288851300802,NA,NA
"1500:246:383:3",1.02850473934014,1.15386411692189,NA,NA
"1500:246:383:4",0.520316595156083,2.85258718593472,NA,NA
"1500:246:384:3",0.245969942008095,1.85126691538641,NA,NA
"1500:246:384:4",0.450911860533245,2.33233773428072,NA,NA
"1500:246:485:3",0.535201649640666,1.86240629574,NA,NA
"1500:246:485:4",0.927002251689132,0.557629794522807,NA,NA
"1500:246:486:3",0.831668657127827,0.334929852428456,NA,NA
"1500:246:486:4",0.448815522657314,0.253332868298791,NA,NA
"1500:246:487:3",0.116279085111547,NA,NA,NA
"1500:246:487:4",NA,NA,NA,NA
"1500:246:488:3",NA,NA,NA,NA
"1500:246:488:4",NA,0.052956441833607,NA,NA
"1500:246:489:3",0.05181560286726,NA,NA,NA
"1500:246:489:4",0.053489117087496,NA,NA,NA
"1500:247:380:3",NA,NA,NA,NA
"1500:247:380:4",NA,0.291138773483316,NA,NA
"1500:247:381:3",0.004796230367337,0.066425268692849,NA,NA
"1500:247:381:4",0.005862059337856,NA,NA,NA
"1500:247:382:3",0.007158074363527,NA,NA,NA
"1500:247:382:4",0.006233425356335,NA,NA,NA
"1500:247:383:3",0.004869057823788,NA,NA,NA
"1500:247:383:4",0.057015503885745,NA,NA,NA
"1500:247:384:3",0.017999782087234,NA,NA,NA
"1500:247:384:4",0.008560186797863,NA,NA,NA
"1500:247:485:3",0.042468029569728,NA,NA,NA
"1500:247:485:4",0.124556275101686,NA,NA,0.296427358902746
"1500:247:486:3",0.118081054399489,NA,NA,0.587743901272686
"1500:247:486:4",0.267619055673729,NA,NA,0.587743901272686
"1500:247:487:3",0.299317837405832,NA,NA,NA
"1500:247:487:4",0.392314936691561,NA,NA,NA
"1500:247:488:3",0.71870162519575,0.079501984660361,NA,NA
"1500:247:488:4",1.20358054623995,0.035295796192406,NA,NA
"1500:247:489:3",2.17415734199197,0.073510530743928,NA,NA
"1500:247:489:4",3.03037036796209,0.194901483811486,NA,NA
"7500:141:382:2",NA,NA,NA,NA
"7500:141:382:1",0.007367862136131,0.083404965119885,NA,NA
"7500:141:381:2",NA,0.608220664042014,NA,NA
"7500:141:381:1",NA,3.25464751129481,NA,NA
"7500:141:380:2",NA,4.7572671090432,NA,NA
"7500:141:380:1",NA,4.4905267825213,0.020997421560146,NA
"7500:140:489:2",NA,5.26284323552374,NA,NA
"7500:140:489:1",NA,1.46322229781024,NA,NA
"7500:140:488:2",NA,1.53749695214465,NA,NA
"7500:140:488:1",NA,0.291806643618851,NA,NA
"7500:140:487:2",NA,0.357405030714022,NA,NA
"7500:140:487:1",NA,NA,NA,NA
"7500:140:486:2",NA,0.03450737850985,NA,NA
"7500:140:486:1",NA,0.208076915023745,NA,NA
"7500:140:485:2",NA,NA,NA,NA
"7500:140:485:1",NA,0.098713760259136,NA,NA
"7500:140:384:2",NA,NA,NA,NA
"7500:140:384:1",0.020812785725751,NA,NA,NA
"7500:140:383:2",0.024975342870901,NA,NA,NA
"7500:140:383:1",NA,NA,NA,NA
"7500:140:382:2",NA,NA,NA,NA
"7500:140:382:1",NA,NA,NA,NA
"7500:140:381:2",0.00416255714515,NA,NA,NA
"7500:140:381:1",NA,0.169111461700566,NA,NA
"7500:140:380:2",NA,0.225748791477205,NA,NA
"7500:140:380:1",NA,0.205175331845352,NA,NA
"1500:140:380:1",NA,0.087954180696606,NA,NA
"1500:140:380:2",NA,0.047529557256662,NA,NA
"1500:140:381:1",NA,0.027623492683962,NA,NA
"1500:140:381:2",NA,NA,NA,NA
"1500:140:382:1",0.01248767143545,NA,NA,NA
"1500:140:382:2",NA,NA,NA,NA
"1500:140:383:1",NA,NA,NA,NA
"1500:140:383:2",NA,NA,NA,NA
"1500:140:384:1",NA,NA,NA,NA
"1500:140:384:2",NA,NA,NA,NA
"1500:140:485:1",NA,NA,NA,NA
"1500:140:485:2",NA,0.051479397488831,NA,NA
"1500:140:486:1",NA,0.109308138916128,NA,NA
"1500:140:486:2",NA,0.297364720664802,NA,NA
"1500:140:487:1",NA,0.242775123491327,NA,NA
"1500:140:487:2",NA,0.284386711029508,NA,NA
"1500:140:488:1",NA,0.066149134747233,NA,NA
"1500:140:488:2",NA,0.144830109921368,NA,NA
"1500:140:489:1",NA,0.316219980859268,NA,NA
"1500:140:489:2",NA,NA,NA,NA
"1500:141:380:1",NA,NA,NA,NA
"1500:141:380:2",NA,NA,NA,NA
"1500:141:381:1",NA,0.108165874314368,NA,NA
"1500:141:381:2",NA,NA,NA,NA
"1500:141:382:1",NA,NA,NA,NA
"1500:141:382:2",NA,NA,NA,NA
"1500:141:383:1",NA,0.156565554784195,NA,NA
"1500:141:383:2",0.017169644272681,NA,NA,NA
"1500:141:384:1",NA,0.054714671946209,NA,NA
"1500:141:384:2",NA,0.364764479641393,NA,NA
"1500:141:485:1",NA,NA,NA,NA
"1500:141:485:2",NA,NA,NA,NA
"1500:141:486:1",NA,NA,NA,NA
"1500:141:486:2",NA,NA,NA,NA
"1500:141:487:1",NA,NA,NA,NA
"1500:141:487:2",0.028150493407499,NA,NA,NA
"1500:141:488:1",NA,NA,NA,NA
"1500:141:488:2",NA,1.30238421813802,NA,0.309756934616437
"1500:141:489:1",NA,1.54851177073963,NA,0.309756934616437
"1500:141:489:2",0.022324008569645,2.36107041721217,NA,NA
"1500:142:380:1",0.158561370568389,2.96610805173639,NA,NA
"1500:142:380:2",0.19228302403413,2.51856688430048,NA,NA
"1500:142:381:1",0.230907105532434,0.980301758397603,NA,NA
"1500:142:381:2",0.203557508930378,1.21877573163163,NA,0.148384938492274
"1500:142:382:1",0.200957456467691,1.15235740877943,NA,0.964502100199781
"1500:142:382:2",0.061150753842593,0.527749013250758,NA,NA
"1500:142:383:1",0.033204029235797,1.6101634697707,NA,0.370962346230685
"1500:142:383:2",0.162540975093569,1.78494636587463,NA,NA
"1500:142:384:1",0.066408058471594,2.09699027628478,NA,NA
"1500:142:384:2",0.022136019490531,2.7952654609875,NA,1.4096569156766
"1500:142:485:1",NA,0.742814558461997,NA,0.148384938492274
"1500:142:485:2",0.03679209487003,1.22470771131214,NA,0.074192469246137
"1500:142:486:1",NA,0.891037316992507,NA,2.23072024200052
"1500:142:486:2",NA,0.429127434601262,NA,0.148384938492274
"1500:142:487:1",NA,1.9176732342532,NA,NA
"1500:142:487:2",0.034562270938513,1.53077946945833,NA,NA
"1500:142:488:1",0.134538865739001,0.740624165747068,NA,NA
"1500:142:488:2",0.165589198918238,1.16164720597929,NA,NA
"1500:142:489:1",0.369600980912632,1.4330755708449,NA,NA
"1500:142:489:2",0.337920639732225,0.506348597089588,NA,NA
"1500:143:380:1",0.590223848877693,0.650499597865769,NA,NA
"1500:143:380:2",0.134823878705273,2.0270352794333,NA,NA
"1500:143:381:1",0.026943705839164,0.370908323968938,NA,NA
"1500:143:381:2",0.021183327349411,0.639147751864866,NA,NA
"1500:143:382:1",NA,1.10267009455135,NA,NA
"1500:143:382:2",NA,0.326310488997605,NA,NA
"1500:143:383:1",NA,0.974222131590233,NA,NA
"1500:143:383:2",0.055988679194872,1.00711575032626,NA,NA
"1500:143:384:1",0.048538352564028,0.93163715226731,NA,NA
"1500:143:384:2",NA,0.327962498818293,NA,NA
"1500:143:485:1",0.058549952901237,0.254947489250421,NA,NA
"1500:143:485:2",NA,0.815575151511881,NA,NA
"1500:143:486:1",NA,0.726691017201231,NA,NA
"1500:143:486:2",NA,0.375075566087905,NA,NA
"1500:143:487:1",0.045734115544206,0.268592574467725,NA,NA
"1500:143:487:2",NA,0.385892175627541,NA,NA
"1500:143:488:1",NA,0.561179253796838,NA,NA
"1500:143:488:2",NA,0.282223342995704,NA,NA
"1500:143:489:1",NA,0.715734218438687,NA,NA
"1500:143:489:2",0.051696186778403,0.425335118313002,NA,NA
"1500:144:380:1",0.013007306267182,0.600642737055904,NA,NA
"1500:144:380:2",NA,0.969934428139421,NA,NA
"1500:144:381:1",NA,1.47775156220911,NA,NA
"1500:144:381:2",0.027853548910778,2.74456834418154,NA,NA
"1500:144:382:1",NA,3.121696851137,NA,NA
"1500:144:382:2",0.040136830767306,3.06864564731895,NA,NA
"1500:144:383:1",NA,3.210284620713,NA,NA
"1500:144:383:2",0.012854795680602,5.01046958320939,NA,NA
"1500:144:384:1",0.042366654698823,1.38679403759785,NA,NA
"1500:144:384:2",NA,2.43183640818671,NA,NA
"1500:144:485:1",NA,1.91776291860605,NA,NA
"1500:144:485:2",0.095643958085325,1.00402937461482,NA,NA
"1500:144:486:1",0.128330411836027,0.451155566273778,NA,NA
"1500:144:486:2",0.050177557480422,0.435178063765276,NA,NA
"1500:144:487:1",0.060219918592422,0.331619841215193,NA,NA
"1500:144:487:2",0.07168526053575,0.27543618567834,NA,NA
"1500:144:488:1",0.027872799143962,0.077895793205487,NA,NA
"1500:144:488:2",NA,0.352342998433309,NA,NA
"1500:144:489:1",0.0028759927996,0.18899755914379,NA,NA
"1500:144:489:2",0.027654224853269,0.278282490822011,NA,NA
"1500:245:380:1",0.007930610081478,NA,NA,NA
"1500:245:380:2",0,0.063130481338745,NA,NA
"1500:245:381:1",0.020068415383653,0.96474312441804,NA,NA
"1500:245:381:2",0.137956401680068,0.169466226161654,NA,NA
"1500:245:382:1",0.082689304127088,0.492219013391174,NA,NA
"1500:245:382:2",0.018002072358158,0.122426139001278,NA,NA
"1500:245:383:1",0.061340397324663,0.253235592786723,NA,NA
"1500:245:383:2",0.156730962845332,0.18899755914379,NA,NA
"1500:245:384:1",0.3032038669821,0.18590019629598,NA,NA
"1500:245:384:2",0.289397737697478,0.05112339961258,NA,NA
"1500:245:485:1",0.286165418953301,0.144967310813642,NA,NA
"1500:245:485:2",0.453028258450841,NA,NA,NA
"1500:245:486:1",0.141905898220895,0.423779941928645,NA,NA
"1500:245:486:2",0.084461777780896,0.414711879415294,NA,NA
"1500:245:487:1",0.469907026350344,0.060104820222465,NA,NA
"1500:245:487:2",0.518317938494698,0.325488219387467,NA,NA
"1500:245:488:1",0.195835227039145,0.050806122496619,NA,NA
"1500:245:488:2",0.423262182419098,0.06694433424778,NA,NA
"1500:245:489:1",0.32042381138118,0.729610253255392,NA,NA
"1500:245:489:2",0.111773540363022,0.040839770563395,NA,NA
"1500:246:380:1",0.41858962270605,0.080825091826175,NA,NA
"1500:246:380:2",0.644827606797726,0.395231815564295,NA,NA
"1500:246:381:1",0.760815990053189,0.189096831448005,NA,NA
"1500:246:381:2",0.437064878548935,0.236975658916522,NA,NA
"1500:246:382:1",0.459341286786115,0.037236261396037,NA,NA
"1500:246:382:2",0.778945491348,0.194283361175247,NA,NA
"1500:246:383:1",0.740075284193994,0.516296192345053,NA,NA
"1500:246:383:2",0.713768239384705,1.30530386938377,NA,NA
"1500:246:384:1",0.348926114640827,1.11875012864984,NA,NA
"1500:246:384:2",0.569069462182399,0.785064616002788,NA,NA
"1500:246:485:1",0.68189686877062,1.34978410232193,NA,NA
"1500:246:485:2",0.923342447577759,0.188566975884935,NA,NA
"1500:246:486:1",1.01542491153514,0.254944354041593,NA,NA
"1500:246:486:2",1.1333394909484,0.106942405451957,NA,NA
"1500:246:487:1",0.712287553195053,0.031149908555302,NA,NA
"1500:246:487:2",0.024199951298015,NA,NA,NA
"1500:246:488:1",0.050101714392085,NA,NA,NA
"1500:246:488:2",NA,NA,NA,NA
"1500:246:489:1",0.015720258717195,NA,NA,NA
"1500:246:489:2",NA,NA,NA,NA
"1500:247:380:1",0.004524162510356,NA,NA,NA
"1500:247:380:2",NA,NA,NA,NA
"1500:247:381:1",NA,0.244814638742813,NA,NA
"1500:247:381:2",0.00345965368439,0.47440725134413,NA,NA
"1500:247:382:1",NA,0.077209518654948,NA,NA
"1500:247:382:2",0.007293621009407,NA,NA,NA
"1500:247:383:1",0.008564315229088,NA,NA,NA
"1500:247:383:2",0.007806605563917,NA,NA,NA
"1500:247:384:1",0.011186484946824,NA,NA,NA
"1500:247:384:2",NA,NA,NA,NA
"1500:247:485:1",0.021285645228087,NA,NA,NA
"1500:247:485:2",0.133962316981026,NA,NA,NA
"1500:247:486:1",0.237447049435784,NA,NA,0.290955715297973
"1500:247:486:2",0.386100175353138,NA,NA,0.883076118360514
"1500:247:487:1",0.535789880862532,NA,NA,NA
"1500:247:487:2",0.471983660803671,NA,NA,NA
"1500:247:488:1",0.935068576725144,0.169835291366082,NA,NA
"1500:247:488:2",2.16586703323053,0.171734071021107,NA,NA
"1500:247:489:1",3.4740232127768,0.068375247173358,NA,NA
"1500:247:489:2",3.15127207056277,0.285545772767729,NA,NA
"7500:141:372:4",NA,NA,NA,NA
"7500:141:372:3",NA,NA,NA,NA
"7500:141:371:4",NA,NA,NA,NA
"7500:141:371:3",NA,0.600228007213819,NA,NA
"7500:141:370:4",NA,2.84637379033131,0.017623077399079,NA
"7500:141:370:3",NA,4.94338084809724,NA,NA
"7500:140:479:4",NA,4.22953346247391,0.042295385757791,NA
"7500:140:479:3",NA,1.86597937648337,NA,NA
"7500:140:478:4",NA,0.886267090889178,NA,NA
"7500:140:478:3",NA,0.201131332809583,0.021147692878895,NA
"7500:140:477:4",NA,0.321171520881399,NA,NA
"7500:140:477:3",NA,NA,NA,NA
"7500:140:476:4",NA,NA,NA,NA
"7500:140:476:3",NA,NA,NA,NA
"7500:140:475:4",NA,0.059650470820668,NA,NA
"7500:140:475:3",NA,NA,NA,NA
"7500:140:374:4",NA,NA,NA,NA
"7500:140:374:3",0.042093785441085,0.098591718824963,NA,NA
"7500:140:373:4",0.042093785441085,0.028345119162177,NA,NA
"7500:140:373:3",0.06353043543423,NA,NA,NA
"7500:140:372:4",0.041574109077615,0.143916826314242,NA,NA
"7500:140:372:3",0.041574109077615,NA,NA,NA
"7500:140:371:4",0.021306730902277,NA,NA,NA
"7500:140:371:3",NA,NA,NA,NA
"7500:140:370:4",NA,NA,NA,NA
"7500:140:370:3",0.016629643631046,NA,NA,NA
"1500:140:370:3",NA,NA,NA,NA
"1500:140:370:4",NA,NA,NA,NA
"1500:140:371:3",0.012784038541367,0.020346374543889,NA,NA
"1500:140:371:4",NA,0.084872399405268,NA,NA
"1500:140:372:3",NA,0.003902882429044,NA,NA
"1500:140:372:4",NA,0.039519535194918,NA,NA
"1500:140:373:3",NA,0.009463568037426,NA,NA
"1500:140:373:4",0.020787054538807,0.021475800857464,NA,NA
"1500:140:374:3",NA,0.018916982031894,NA,NA
"1500:140:374:4",NA,0.017566494318399,NA,NA
"1500:140:475:3",0.021306730902277,0.01719079472893,NA,NA
"1500:140:475:4",NA,0.171714834800803,NA,NA
"1500:140:476:3",NA,0.640117511380751,NA,NA
"1500:140:476:4",NA,0.309504260409234,NA,NA
"1500:140:477:3",NA,0.203619655277718,NA,NA
"1500:140:477:4",NA,0.200183079785334,NA,NA
"1500:140:478:3",NA,0.044473437479176,NA,NA
"1500:140:478:4",NA,0.043325657919132,NA,NA
"1500:140:479:3",NA,0.09572163347072,NA,NA
"1500:140:479:4",NA,0.083808701329607,NA,NA
"1500:141:370:3",NA,0.10083000393872,NA,NA
"1500:141:370:4",NA,0.1080321470772,NA,NA
"1500:141:371:3",NA,NA,NA,NA
"1500:141:371:4",NA,NA,NA,NA
"1500:141:372:3",NA,NA,NA,NA
"1500:141:372:4",NA,NA,NA,NA
"1500:141:373:3",NA,NA,NA,NA
"1500:141:373:4",NA,0.216314586486927,NA,NA
"1500:141:374:3",NA,NA,NA,NA
"1500:141:374:4",NA,0.189443027985766,NA,NA
"1500:141:475:3",NA,0.051003892150014,NA,NA
"1500:141:475:4",NA,NA,NA,NA
"1500:141:476:3",NA,NA,NA,NA
"1500:141:476:4",0.013362402982614,NA,NA,NA
"1500:141:477:3",0.03674660820219,NA,NA,NA
"1500:141:477:4",NA,0.103411649332154,NA,NA
"1500:141:478:3",NA,0.156371990231513,NA,0.304039942971462
"1500:141:478:4",NA,0.729735954413728,NA,0.618747954117362
"1500:141:479:3",NA,NA,NA,NA
"1500:141:479:4",NA,0.446528905438876,NA,NA
"1500:142:370:3",NA,1.55190744103671,NA,NA
"1500:142:370:4",0.128880547255566,3.25555285235261,NA,0.074100743884567
"1500:142:371:3",0.136062745796695,3.89933794054222,NA,0.148201487769134
"1500:142:371:4",0.091907076537647,3.45987223634867,NA,NA
"1500:142:372:3",0.055271630920178,2.15240966526227,NA,0.296402975538268
"1500:142:372:4",0.063707283963863,2.08144677735085,NA,1.33628341471836
"1500:142:373:3",0.028039445496741,1.27615052502039,NA,0.074100743884567
"1500:142:373:4",0.035633074620305,1.00128541659415,NA,2.1513915974486
"1500:142:374:3",0.061577168138349,1.60579690249723,NA,0.222302231653701
"1500:142:374:4",NA,0.830625901134557,NA,NA
"1500:142:475:3",NA,0.747616734332964,NA,NA
"1500:142:475:4",0.033647334596089,1.72211072256552,NA,NA
"1500:142:476:3",0.064584947749303,1.26186643153533,NA,NA
"1500:142:476:4",0.033162978552107,2.23174980423004,NA,NA
"1500:142:477:3",0.07126614924061,2.3512478691985,NA,NA
"1500:142:477:4",0.069653060116468,1.91488857640475,NA,NA
"1500:142:478:3",0.245183273875147,1.23314725526629,NA,NA
"1500:142:478:4",0.371272210598218,0.593477198085411,NA,NA
"1500:142:479:3",0.800843205580247,0.491527844104474,NA,NA
"1500:142:479:4",0.465720593285364,0.284275402648288,NA,NA
"1500:143:370:3",0.177875066727363,0.848868556333137,NA,NA
"1500:143:370:4",0.02542964361546,0.611596735467563,NA,NA
"1500:143:371:3",0.03767455285376,0.776546404322741,NA,NA
"1500:143:371:4",NA,0.600402055312846,NA,NA
"1500:143:372:3",NA,0.254820199567147,NA,NA
"1500:143:372:4",0.025473182437062,0.269719495461854,NA,NA
"1500:143:373:3",0.031896854529887,0.329257571329878,NA,NA
"1500:143:373:4",NA,0.610690906118432,NA,NA
"1500:143:374:3",0.107833652889998,0.161261986925597,NA,NA
"1500:143:374:4",0.18807169913767,0.429754112768469,NA,NA
"1500:143:475:3",0.161747616492624,0.439341495137462,NA,NA
"1500:143:475:4",0.096422041259004,0.801503207595611,NA,NA
"1500:143:476:3",0.050027959850813,0.166329942778243,NA,NA
"1500:143:476:4",NA,0.564950430451411,NA,NA
"1500:143:477:3",NA,0.194318452358009,NA,NA
"1500:143:477:4",0.04567757371015,0.484570390477127,NA,NA
"1500:143:478:3",NA,0.09829363542151,NA,0.074100743884567
"1500:143:478:4",0.038045730714389,0.243841153880958,NA,0.074100743884567
"1500:143:479:3",0.026724805965229,0.725956107775573,NA,1.11151115826851
"1500:143:479:4",0.019571779905001,0.775708086263909,NA,0.076570768680719
"1500:144:370:3",NA,0.049246741787013,NA,0.666906694961104
"1500:144:370:4",NA,1.04099659224466,NA,NA
"1500:144:371:3",0.005311711010561,1.30208162162394,NA,NA
"1500:144:371:4",NA,3.07402565747393,NA,NA
"1500:144:372:3",NA,2.17999757704375,NA,NA
"1500:144:372:4",NA,4.30390251816827,NA,NA
"1500:144:373:3",0.046478934652433,3.8135137507637,NA,NA
"1500:144:373:4",NA,3.66352921904154,NA,NA
"1500:144:374:3",0.018985747571131,2.86425713720758,NA,NA
"1500:144:374:4",NA,0.346010138452146,NA,NA
"1500:144:475:3",NA,0.936698256981126,NA,NA
"1500:144:475:4",NA,0.537462310648288,NA,NA
"1500:144:476:3",0.034263571527827,0.861213597397028,NA,NA
"1500:144:476:4",NA,0.46736514256825,NA,NA
"1500:144:477:3",0.112994035055242,0.378356873128981,NA,NA
"1500:144:477:4",0.147604296590195,NA,NA,NA
"1500:144:478:3",0.064551661106448,0.142445955814522,NA,NA
"1500:144:478:4",0.024286476419201,0.188763898374383,NA,NA
"1500:144:479:3",0.025450451772975,0.142445955814522,NA,NA
"1500:144:479:4",0.013161446109447,0.332892999945656,NA,NA
"1500:245:370:3",0.141545240225604,0.124323506433193,NA,NA
"1500:245:370:4",0.022814864657207,0.301088851912208,NA,NA
"1500:245:371:3",0.033647334596089,0.05114359792355,NA,NA
"1500:245:371:4",0.012271418374832,0.291066699472896,NA,NA
"1500:245:372:3",0.053813219337892,0.32331792787117,NA,NA
"1500:245:372:4",0.181326676960977,0.236112533118027,NA,NA
"1500:245:373:3",0.150889451614085,0.545267962302576,NA,NA
"1500:245:373:4",0.223854784823719,0.334554282671617,NA,NA
"1500:245:374:3",0.232349058219988,0.495649812033561,NA,NA
"1500:245:374:4",0.260226299554575,0.285409643351579,NA,NA
"1500:245:475:3",0.178251214378067,0.375561506140699,NA,NA
"1500:245:475:4",0.343369542651666,NA,NA,NA
"1500:245:476:3",0.340053854852662,0.377527796748765,NA,NA
"1500:245:476:4",0.398142680654775,0.662050047735986,NA,NA
"1500:245:477:3",0.243151578211003,0.551940102616443,NA,NA
"1500:245:477:4",0.630711578073718,0.283545922142643,NA,NA
"1500:245:478:3",0.416897342869955,0.145898763118534,NA,NA
"1500:245:478:4",0.530487936589698,0.117536977308163,NA,NA
"1500:245:479:3",0.499509069080103,0.141572923780787,NA,NA
"1500:245:479:4",0.346944735389041,0.141572923780787,NA,NA
"1500:246:370:3",0.4033433203603,0.035518401130755,NA,NA
"1500:246:370:4",0.346730857692913,NA,NA,NA
"1500:246:371:3",0.47289417613465,0.138937452458002,NA,NA
"1500:246:371:4",0.389447598367336,0.036874295036896,NA,NA
"1500:246:372:3",0.329867334949928,0.080765665319706,NA,NA
"1500:246:372:4",0.53269016781112,0.096237922669039,NA,NA
"1500:246:373:3",0.255621169921517,0.202407847644967,NA,NA
"1500:246:373:4",0.863506976108699,NA,NA,NA
"1500:246:374:3",0.59589405519031,0.085147254590562,NA,NA
"1500:246:374:4",0.653382428473599,0.120482112141017,NA,NA
"1500:246:475:3",0.481158959395176,0.116072954481443,NA,NA
"1500:246:475:4",0.899953152168227,NA,NA,NA
"1500:246:476:3",0.759809340141434,0.033591171507749,NA,NA
"1500:246:476:4",0.988637137326533,0.022199000706722,NA,NA
"1500:246:477:3",0.758054170125601,NA,NA,NA
"1500:246:477:4",0.42836252494655,0.056968425487994,NA,NA
"1500:246:478:3",0.075789866775003,NA,NA,NA
"1500:246:478:4",0.067981225174051,NA,NA,NA
"1500:246:479:3",0.004518569214348,NA,NA,NA
"1500:246:479:4",0.039712332062382,NA,NA,NA
"1500:247:370:3",NA,NA,NA,NA
"1500:247:370:4",NA,NA,NA,NA
"1500:247:371:3",NA,NA,NA,NA
"1500:247:371:4",0.001594789134476,0.477138117209574,NA,NA
"1500:247:372:3",0.006364482551144,0.10825208634442,NA,NA
"1500:247:372:4",NA,NA,NA,NA
"1500:247:373:3",0.003295897544583,NA,NA,NA
"1500:247:373:4",0.013879050883874,NA,NA,NA
"1500:247:374:3",0.009595824069978,NA,NA,NA
"1500:247:374:4",0.016008805503928,NA,NA,NA
"1500:247:475:3",0.073814068783018,NA,NA,NA
"1500:247:475:4",0.241562900893839,NA,NA,NA
"1500:247:476:3",0.336748701605774,NA,NA,0.290596001994753
"1500:247:476:4",0.984514506190281,NA,NA,NA
"1500:247:477:3",0.97258643189271,0.103837642525922,NA,NA
"1500:247:477:4",0.865020011974766,0.042219560471122,NA,NA
"1500:247:478:3",1.11878650807152,0.072677410357277,NA,NA
"1500:247:478:4",1.80299435779054,0.150097789373272,NA,NA
"1500:247:479:3",2.48537516311112,0.068128514030251,NA,NA
"1500:247:479:4",2.65961092951649,0.204906621800138,NA,NA
"7500:141:372:1",NA,NA,NA,NA
"7500:141:371:2",NA,0.0732329130589,NA,NA
"7500:141:371:1",NA,0.055913548447952,0.00357893709827,NA
"7500:141:370:2",NA,0.778742663254878,NA,NA
"7500:141:370:1",NA,1.459078328377,NA,NA
"7500:140:479:2",NA,1.25064658773105,NA,NA
"7500:140:479:1",NA,0.245715237489525,NA,NA
"7500:140:478:2",NA,NA,0.021121595989792,NA
"7500:140:478:1",NA,0.141291094517627,0.027942111361496,NA
"7500:140:477:2",NA,NA,0.049391287659464,NA
"7500:140:477:1",NA,NA,0.289594030448935,NA
"7500:140:476:2",NA,0.047913076207257,0.189286937818046,NA
"7500:140:476:1",NA,0.071869614310886,0.01959614739053,NA
"7500:140:475:2",NA,NA,NA,NA
"7500:140:475:1",NA,0.019050423621412,NA,NA
"7500:140:374:2",0.049827366451833,0.005132250109681,NA,NA
"7500:140:374:1",0.042041840443734,0.117742578764689,NA,NA
"7500:140:373:2",0.062284208064791,0.204384472070409,NA,NA
"7500:140:373:1",0.020761402688264,0.049235026839222,NA,NA
"7500:140:372:2",0.020761402688264,0.109093156737673,NA,NA
"7500:140:372:1",NA,NA,NA,NA
"7500:140:371:2",NA,NA,NA,NA
"7500:140:371:1",NA,NA,NA,NA
"7500:140:370:2",NA,NA,NA,NA
"7500:140:370:1",NA,0.128376042017862,NA,NA
"1500:140:370:1",NA,NA,NA,NA
"1500:140:370:2",NA,0.080087540997265,NA,NA
"1500:140:371:1",NA,0.036952200789706,NA,NA
"1500:140:371:2",NA,0.060047326283272,NA,NA
"1500:140:372:1",NA,NA,NA,NA
"1500:140:372:2",NA,NA,NA,NA
"1500:140:373:1",NA,0.031671943737943,NA,NA
"1500:140:373:2",NA,0.000131839663334,NA,NA
"1500:140:374:1",NA,NA,NA,NA
"1500:140:374:2",NA,NA,NA,NA
"1500:140:475:1",NA,NA,NA,NA
"1500:140:475:2",NA,0.020033611862057,NA,NA
"1500:140:476:1",NA,0.425709229334838,NA,NA
"1500:140:476:2",0.020761402688264,0.080096263579919,NA,NA
"1500:140:477:1",NA,0.179661971241672,NA,NA
"1500:140:477:2",NA,0.060960435043258,NA,NA
"1500:140:478:1",NA,0.069657845377567,NA,NA
"1500:140:478:2",NA,0.111546995437841,NA,NA
"1500:140:479:1",NA,0.050374537653132,NA,NA
"1500:140:479:2",NA,0.114612182592959,NA,NA
"1500:141:370:1",NA,0.118761328648487,NA,NA
"1500:141:370:2",NA,0.115092087635482,NA,NA
"1500:141:371:1",NA,NA,NA,NA
"1500:141:371:2",NA,NA,NA,NA
"1500:141:372:1",NA,NA,NA,NA
"1500:141:372:2",NA,NA,NA,NA
"1500:141:373:1",NA,NA,NA,NA
"1500:141:373:2",NA,NA,NA,NA
"1500:141:374:1",NA,0.156179022492137,NA,NA
"1500:141:374:2",NA,0.515839379874181,NA,NA
"1500:141:475:1",NA,0.145772366076214,NA,NA
"1500:141:475:2",NA,NA,NA,NA
"1500:141:476:1",NA,0.052059674164046,NA,NA
"1500:141:476:2",NA,0.312358044984275,NA,NA
"1500:141:477:1",NA,0.62471608996855,NA,NA
"1500:141:477:2",NA,0.661728294587321,NA,NA
"1500:141:478:1",NA,0.208238696656183,NA,NA
"1500:141:478:2",NA,0.420643890413103,NA,NA
"1500:141:479:1",NA,NA,NA,NA
"1500:141:479:2",NA,NA,NA,NA
"1500:142:370:1",NA,NA,NA,NA
"1500:142:370:2",NA,NA,NA,NA
"1500:142:371:1",NA,1.37214338043415,NA,NA
"1500:142:371:2",0.084570451115025,3.6759340417549,NA,0.074009301337777
"1500:142:372:1",0.075097831671189,3.24968722653832,NA,4.44302505697785
"1500:142:372:2",0.033605812773138,1.67896814369282,NA,1.03613021872887
"1500:142:373:1",0.033605812773138,2.02161365491317,NA,0.22202790401333
"1500:142:373:2",0.033605812773138,2.26044643344333,NA,0.148018602675553
"1500:142:374:1",NA,2.71223056199097,NA,0.520532086075695
"1500:142:374:2",NA,1.27975741835913,NA,0.074009301337777
"1500:142:475:1",NA,2.23447887651716,NA,NA
"1500:142:475:2",0.033122054439082,3.45548375589174,NA,NA
"1500:142:476:1",NA,2.39445902142831,NA,NA
"1500:142:476:2",0.188737639978432,1.75595676411517,NA,NA
"1500:142:477:1",0.071178204668871,1.02617807932273,NA,NA
"1500:142:477:2",0.196518885150114,1.51562927299431,NA,NA
"1500:142:478:1",0.360611058038662,1.39629149613181,NA,NA
"1500:142:478:2",0.795091777067743,0.925632234816371,NA,NA
"1500:142:479:1",0.473255447378597,1.23891725314958,NA,NA
"1500:142:479:2",0.203919929510298,1.05873328330838,NA,NA
"1500:143:370:1",0.034012540696186,0.91636266786604,NA,NA
"1500:143:370:2",NA,1.1835402416981,NA,NA
"1500:143:371:1",0.028004843977615,0.219705205840565,NA,NA
"1500:143:371:2",0.026359022460487,0.472700243812531,NA,NA
"1500:143:372:1",NA,0.017608036174808,NA,NA
"1500:143:372:2",0.025477969364536,0.263796116117953,NA,NA
"1500:143:373:1",0.073884081283105,0.491943824080088,NA,NA
"1500:143:373:2",0.352652004569053,0.785987371984027,NA,NA
"1500:143:374:1",0.357344535023848,0.5191373364864,NA,NA
"1500:143:374:2",0.372723113976982,0.42154233437505,NA,NA
"1500:143:475:1",0.34144698477321,0.426709873457528,NA,NA
"1500:143:475:2",0.11786396492163,0.607066927090026,NA,NA
"1500:143:476:1",0.155459556377421,0.324578598432018,NA,NA
"1500:143:476:2",0.053262752855504,0.376770805638094,NA,NA
"1500:143:477:1",0.045953385601109,0.107323816842275,NA,NA
"1500:143:477:2",NA,0.208841576529725,NA,NA
"1500:143:478:1",NA,0.30762850118775,NA,NA
"1500:143:478:2",0.019449348443678,NA,NA,0.074009301337777
"1500:143:479:1",NA,0.427691757953527,NA,NA
"1500:143:479:2",NA,0.221667923106285,NA,NA
"1500:144:370:1",0.016670870094581,0.183800615777911,NA,NA
"1500:144:370:2",NA,0.989184021635343,NA,NA
"1500:144:371:1",0.005722687708134,1.07501740715123,NA,NA
"1500:144:371:2",0.016670870094581,2.08554527128779,NA,NA
"1500:144:372:1",0.049529264103034,1.79747600401664,NA,NA
"1500:144:372:2",0.008635653514916,1.25578178744414,NA,NA
"1500:144:373:1",0.020819989066559,2.444842680704,NA,NA
"1500:144:373:2",0.006358541897927,2.90790766239258,NA,NA
"1500:144:374:1",0.02001887006312,2.83781552728499,NA,NA
"1500:144:374:2",0.077427609513647,0.894323235778259,NA,NA
"1500:144:475:1",0.100762482291543,0.430714115087616,NA,NA
"1500:144:475:2",0.041688696861138,0.97661826121044,NA,NA
"1500:144:476:1",0.111472768925904,0.928089352720626,NA,NA
"1500:144:476:2",0.03557758070975,1.23000927992539,NA,NA
"1500:144:477:1",0.05965479996388,0.521465684797617,NA,NA
"1500:144:477:2",0.081578574321251,0.261802421218585,NA,NA
"1500:144:478:1",0.001241760687685,0.139883797709026,NA,NA
"1500:144:478:2",0.015005780377331,0.132935846782647,NA,NA
"1500:144:479:1",0.098037948549341,0.32190332470757,NA,NA
"1500:144:479:2",0.001149778414523,0.303319733062227,NA,NA
"1500:245:370:1",0.124473409100236,0.409672570446677,NA,NA
"1500:245:370:2",0.017794551167218,0.389126565136966,NA,NA
"1500:245:371:1",0.15587165124606,0.199539772051324,NA,NA
"1500:245:371:2",0.146059487053238,0.329693869344023,NA,NA
"1500:245:372:1",0.052101278598101,0.424194655603634,NA,NA
"1500:245:372:2",0.165626324294275,0.396839714044875,NA,NA
"1500:245:373:1",0.398452864836967,0.077769020194,NA,NA
"1500:245:373:2",0.318987106035891,0.199652939363877,NA,NA
"1500:245:374:1",0.341973489939457,0.095612049767088,NA,NA
"1500:245:374:2",0.277508572744049,0.141398218534545,NA,NA
"1500:245:475:1",0.481929682993733,NA,NA,NA
"1500:245:475:2",0.386047347690028,0.066500923323093,NA,NA
"1500:245:476:1",0.365275055854812,0.209781632579141,NA,NA
"1500:245:476:2",0.633011622678361,0.497024694346575,NA,NA
"1500:245:477:1",0.366937369759049,0.67390709749277,NA,NA
"1500:245:477:2",0.594587232981709,0.548917630301085,NA,NA
"1500:245:478:1",0.70650346944041,0.19374599288933,NA,NA
"1500:245:478:2",0.626828909227117,0.634049891336551,NA,NA
"1500:245:479:1",0.711623896178055,0.110294462659519,NA,NA
"1500:245:479:2",0.753476482688207,0.322705328718937,NA,NA
"1500:246:370:1",0.524555049378729,0.063953527674115,NA,NA
"1500:246:370:2",0.546852115108134,NA,NA,NA
"1500:246:371:1",0.56871953074582,0.149122493114623,NA,NA
"1500:246:371:2",0.355663981861253,0.04121717926019,NA,NA
"1500:246:372:1",0.727204879515941,0.067546856254747,NA,NA
"1500:246:372:2",0.739334066855019,0.149784792965878,NA,NA
"1500:246:373:1",0.34029742295674,NA,NA,NA
"1500:246:373:2",0.43696963274739,0.015981479833076,NA,NA
"1500:246:374:1",0.737137927563841,NA,NA,NA
"1500:246:374:2",0.66871822898275,NA,NA,NA
"1500:246:475:1",0.942497668752354,0.114088277411931,NA,NA
"1500:246:475:2",0.727744932836565,NA,NA,NA
"1500:246:476:1",0.576245284075369,0.151572927082739,NA,NA
"1500:246:476:2",0.479105739456613,NA,NA,NA
"1500:246:477:1",0.661542017786338,0.046145705312728,NA,NA
"1500:246:477:2",0.34548625085091,NA,NA,NA
"1500:246:478:1",0.384419667858291,NA,NA,NA
"1500:246:478:2",0.081235802112881,NA,NA,NA
"1500:246:479:1",0.001061880744477,NA,NA,NA
"1500:246:479:2",NA,NA,NA,NA
"1500:247:370:1",NA,0.258208680445603,NA,NA
"1500:247:370:2",NA,NA,NA,NA
"1500:247:371:1",NA,NA,NA,NA
"1500:247:371:2",0.004492207417535,NA,NA,NA
"1500:247:372:1",0.003072374954019,0.13369396450947,NA,NA
"1500:247:372:2",0.008654328067485,0.13369396450947,NA,NA
"1500:247:373:1",0.011415218003125,NA,NA,NA
"1500:247:373:2",0.016459151539389,NA,NA,NA
"1500:247:374:1",0.023326580832189,NA,NA,NA
"1500:247:374:2",0.053042002516554,NA,NA,NA
"1500:247:475:1",0.284289126774804,NA,NA,0.290237397787609
"1500:247:475:2",0.286319569983398,NA,NA,0.295329281959321
"1500:247:476:1",0.413817120296713,0.033290100208106,NA,0.880895961706252
"1500:247:476:2",0.640022293454696,NA,NA,NA
"1500:247:477:1",1.14618846307188,0.045802586148395,NA,0.303037966638372
"1500:247:477:2",1.54588360139165,0.103773277890097,NA,NA
"1500:247:478:1",1.23086168169349,0.037728780235854,NA,NA
"1500:247:478:2",1.3127856777747,0.034897208494015,NA,NA
"1500:247:479:1",2.7494547145506,0.276039980346298,NA,NA
"1500:247:479:2",3.14793476006209,0.182387658209125,NA,NA
"7500:141:361:4",NA,NA,NA,NA
"7500:141:361:3",NA,NA,0.013829324322761,NA
"7500:141:360:4",NA,NA,NA,NA
"7500:141:360:3",NA,NA,0.042191158950797,NA
"7500:140:469:4",NA,NA,0.014063719650266,NA
"7500:140:469:3",NA,NA,NA,NA
"7500:140:468:4",NA,NA,0.020216596997257,NA
"7500:140:468:3",NA,0.0957081186033,0.027834445141151,NA
"7500:140:467:4",NA,NA,0.239405527629835,NA
"7500:140:467:3",NA,NA,1.03052780300582,NA
"7500:140:466:4",NA,NA,1.80816960339426,NA
"7500:140:466:3",NA,0.107007032779311,1.62935255114481,NA
"7500:140:465:4",NA,NA,0.509387521602747,NA
"7500:140:465:3",NA,NA,0.196657679776215,NA
"7500:140:364:4",NA,0.018380114918745,0.010547789737699,NA
"7500:140:364:3",NA,0.027594581561276,0.010547789737699,NA
"7500:140:363:4",0.021254225587818,0.028204811140252,0.019191117439425,NA
"7500:140:363:3",0.041990055429591,0.175779435250485,0.003515929912566,NA
"7500:140:362:4",NA,0.02173637760311,0.003486630496628,NA
"7500:140:362:3",NA,0.054810121580345,NA,NA
"7500:140:361:4",NA,0.039298784886028,NA,NA
"7500:140:361:3",NA,0.008195730270274,NA,NA
"7500:140:360:4",NA,0.212328451878166,NA,NA
"7500:140:360:3",NA,0.008195730270274,NA,NA
"1500:140:360:3",NA,0.008815329863717,NA,NA
"1500:140:360:4",NA,0.110472583609884,NA,NA
"1500:140:361:3",NA,0.038944851730222,NA,NA
"1500:140:361:4",NA,0.071189238401677,NA,NA
"1500:140:362:3",NA,NA,NA,NA
"1500:140:362:4",NA,0.034694192993696,NA,NA
"1500:140:363:3",NA,NA,NA,NA
"1500:140:363:4",NA,0.233887162003227,NA,NA
"1500:140:364:3",NA,NA,NA,NA
"1500:140:364:4",NA,0.071781088952475,NA,NA
"1500:140:465:3",NA,NA,NA,NA
"1500:140:465:4",NA,NA,NA,NA
"1500:140:466:3",NA,0.05342969583572,NA,NA
"1500:140:466:4",NA,0.065371544399795,NA,NA
"1500:140:467:3",NA,0.141520866442586,NA,NA
"1500:140:467:4",NA,0.036207738946856,NA,NA
"1500:140:468:3",NA,0.017787178303715,NA,NA
"1500:140:468:4",NA,0.050470970796939,NA,NA
"1500:140:469:3",NA,NA,NA,NA
"1500:140:469:4",NA,0.034384690351676,NA,NA
"1500:141:360:3",NA,0.012618566701088,NA,NA
"1500:141:360:4",NA,0.026345928183934,NA,NA
"1500:141:361:3",NA,0.142551004732677,NA,NA
"1500:141:361:4",NA,NA,NA,NA
"1500:141:362:3",NA,NA,NA,NA
"1500:141:362:4",NA,NA,NA,NA
"1500:141:363:3",NA,NA,NA,NA
"1500:141:363:4",NA,NA,NA,NA
"1500:141:364:3",NA,0.155986649065969,NA,NA
"1500:141:364:4",NA,NA,NA,NA
"1500:141:465:3",NA,NA,NA,NA
"1500:141:465:4",NA,NA,NA,NA
"1500:141:466:3",NA,0.930752500986844,NA,NA
"1500:141:466:4",NA,0.361754250645321,NA,NA
"1500:141:467:3",NA,0.693491634317058,NA,NA
"1500:141:467:4",NA,0.251711797274593,NA,NA
"1500:141:468:3",NA,0.32849959911387,NA,NA
"1500:141:468:4",NA,0.563369389627288,NA,0.147836280842064
"1500:141:469:3",NA,0.099100437721503,NA,NA
"1500:141:469:4",NA,0.131308079980991,NA,0.92051390822875
"1500:142:360:3",NA,0.198200875443006,NA,NA
"1500:142:360:4",NA,0.198200875443006,NA,NA
"1500:142:361:3",NA,0.219865034908985,NA,NA
"1500:142:361:4",NA,0.298092723538351,NA,NA
"1500:142:362:3",NA,3.49556839730553,NA,0.076382078435066
"1500:142:362:4",NA,2.72080400789237,NA,0.221754421263096
"1500:142:363:3",NA,2.47658946588286,NA,2.14362607220993
"1500:142:363:4",NA,1.62603799639903,NA,0.073918140421032
"1500:142:364:3",NA,1.91693940722452,NA,NA
"1500:142:364:4",0.035853723001891,1.72966828934146,NA,NA
"1500:142:465:3",NA,1.52013009238115,NA,NA
"1500:142:465:4",0.114130334464452,2.33546991205712,NA,NA
"1500:142:466:3",0.228672799959738,2.68214601501495,NA,NA
"1500:142:466:4",0.077404013739042,1.15911496876696,NA,NA
"1500:142:467:3",0.185475199655148,1.49434288634807,NA,NA
"1500:142:467:4",0.34782939528438,1.4554418055071,NA,NA
"1500:142:468:3",0.238274235129231,1.49539092353114,NA,NA
"1500:142:468:4",0.213996533843963,1.28594869776942,NA,NA
"1500:142:469:3",NA,1.0662156600035,NA,NA
"1500:142:469:4",0.033564418831498,0.784494774051357,NA,NA
"1500:143:360:3",0.033879081157723,1.14468360976278,NA,NA
"1500:143:360:4",NA,1.23131370581073,NA,NA
"1500:143:361:3",NA,0.655347313497534,NA,NA
"1500:143:361:4",0.032146108956528,0.455352478575783,NA,NA
"1500:143:362:3",NA,0.482816662900045,NA,NA
"1500:143:362:4",0.032212896838491,0.119629489931078,NA,NA
"1500:143:363:3",0.062023978791145,0.543129662125732,NA,NA
"1500:143:363:4",0.415259553580452,0.238175573780115,NA,NA
"1500:143:364:3",0.385341822975984,0.466486329016047,NA,NA
"1500:143:364:4",0.294790786810235,0.618256717773401,NA,NA
"1500:143:465:3",0.225934984367368,0.482857352541322,NA,NA
"1500:143:465:4",0.394025682447912,0.479304194322572,NA,NA
"1500:143:466:3",0.19141039754517,0.742987743905048,NA,NA
"1500:143:466:4",0.053688161397485,0.560037557031285,NA,NA
"1500:143:467:3",0.025446586889603,0.457438154892933,NA,NA
"1500:143:467:4",0.03887763411542,0.199184258308649,NA,NA
"1500:143:468:3",NA,0.182597149310414,NA,NA
"1500:143:468:4",NA,0.232432177065908,NA,NA
"1500:143:469:3",NA,0.564200878749852,NA,NA
"1500:143:469:4",NA,0.737304237228203,NA,NA
"1500:144:360:3",NA,0.66646066161426,NA,NA
"1500:144:360:4",0.020787226359545,0.997724063354344,NA,NA
"1500:144:361:3",NA,1.07905638413864,NA,NA
"1500:144:361:4",0.053688161397485,0.768065856161365,NA,NA
"1500:144:362:3",NA,1.65968714512003,NA,NA
"1500:144:362:4",0.045975106653739,2.34256350080453,NA,NA
"1500:144:363:3",NA,2.55882305396606,NA,NA
"1500:144:363:4",0.035501372914334,1.78931831677801,NA,NA
"1500:144:364:3",0.027551972548012,2.32263222573445,NA,NA
"1500:144:364:4",0.026123865814673,1.90368121162058,NA,NA
"1500:144:465:3",0.063143098877096,0.915729966745969,NA,NA
"1500:144:465:4",0.235896991840139,1.21020187848355,NA,NA
"1500:144:466:3",0.151626072680092,1.04988763678481,NA,NA
"1500:144:466:4",0.240383612816273,0.515195448614014,NA,NA
"1500:144:467:3",0.100297263790388,0.519048551077609,NA,NA
"1500:144:467:4",0.053421986083889,0.466177706251105,NA,NA
"1500:144:468:3",0.109877648982709,0.076898619941754,NA,NA
"1500:144:468:4",0.024193438592304,0.607107784580055,NA,NA
"1500:144:469:3",0.097871182053268,0.37207605419427,NA,NA
"1500:144:469:4",0.168915808046761,0.174235418125065,NA,NA
"1500:245:360:3",0.09193817405712,0.270652000708046,NA,NA
"1500:245:360:4",0.321521979434998,0.252299246775466,NA,NA
"1500:245:361:3",0.391495505620944,0.127819795762735,NA,NA
"1500:245:361:4",0.332610314257789,0.109317146346703,NA,NA
"1500:245:362:3",0.229574753843579,0.131904626675065,NA,NA
"1500:245:362:4",0.212859004355946,0.414167857000152,NA,NA
"1500:245:363:3",0.254816521787332,0.54887144324902,NA,NA
"1500:245:363:4",0.126545541591488,0.179651404742123,NA,NA
"1500:245:364:3",0.366001465579971,0.145767264062492,NA,NA
"1500:245:364:4",0.609152154044669,0.03103473085731,NA,NA
"1500:245:465:3",0.286377632724835,0.18818616746365,NA,NA
"1500:245:465:4",0.442286583279168,0.188298735140836,NA,NA
"1500:245:466:3",0.602444312708214,0.251191701392307,NA,NA
"1500:245:466:4",0.376073353191195,0.251009001932149,NA,NA
"1500:245:467:3",0.397313245872752,0.329368630948396,NA,NA
"1500:245:467:4",0.758502481468671,0.773921835490169,NA,NA
"1500:245:468:3",0.615108927300585,0.576440411250162,NA,NA
"1500:245:468:4",0.818912831141496,0.096699935972725,NA,NA
"1500:245:469:3",0.917664980772326,0.492933164242892,NA,NA
"1500:245:469:4",0.710080641999539,0.114367016733949,NA,NA
"1500:246:360:3",0.758342395619706,0.029386269385042,NA,NA
"1500:246:360:4",0.442616905097778,0.126644507820241,NA,NA
"1500:246:361:3",0.533796582297507,0.365314458161062,NA,NA
"1500:246:361:4",0.341357302298735,0.448461734794155,NA,NA
"1500:246:362:3",0.600181438046687,0.322154576382868,NA,NA
"1500:246:362:4",0.540796733423116,0.463582943512705,NA,NA
"1500:246:363:3",0.415363006249647,0.134127250475046,NA,NA
"1500:246:363:4",0.606475477810735,0.091262904265777,NA,NA
"1500:246:364:3",0.618530784960957,NA,NA,NA
"1500:246:364:4",0.599983133702939,NA,NA,NA
"1500:246:465:3",0.533516851805081,0.493731311128588,NA,NA
"1500:246:465:4",0.440873924198861,0.11957267020775,NA,NA
"1500:246:466:3",0.383668725340667,NA,NA,NA
"1500:246:466:4",0.803187723979737,0.04608886536526,NA,NA
"1500:246:467:3",0.721139555990189,NA,NA,NA
"1500:246:467:4",0.275103986768616,NA,NA,NA
"1500:246:468:3",0.349883428079475,NA,NA,NA
"1500:246:468:4",0.50482797082099,NA,NA,NA
"1500:246:469:3",0.446618544700441,NA,NA,NA
"1500:246:469:4",0.010605727734462,NA,NA,NA
"1500:247:360:3",NA,NA,NA,NA
"1500:247:360:4",NA,NA,NA,NA
"1500:247:361:3",0.003571744514227,NA,NA,NA
"1500:247:361:4",NA,NA,NA,NA
"1500:247:362:3",0.00620435072466,NA,NA,NA
"1500:247:362:4",0.012249615533303,0.095325469981936,NA,NA
"1500:247:363:3",0.013204131029405,0.104628907432051,NA,NA
"1500:247:363:4",0.016261407879337,NA,NA,NA
"1500:247:364:3",0.086062848783941,NA,NA,NA
"1500:247:364:4",0.133194873450418,NA,NA,NA
"1500:247:465:3",0.311047247799661,NA,NA,NA
"1500:247:465:4",0.468726791931792,NA,NA,NA
"1500:247:466:3",0.419439965343396,NA,NA,NA
"1500:247:466:4",0.575649323796933,0.098600764913493,NA,NA
"1500:247:467:3",1.48511077475206,0.073148009319545,NA,0.610639306588772
"1500:247:467:4",1.26890121911445,0.083504911370536,NA,NA
"1500:247:468:3",0.596689210562315,0.031032488802231,NA,NA
"1500:247:468:4",1.22080530717773,NA,NA,NA
"1500:247:469:3",3.45320755637388,0.153824836735197,NA,NA
"1500:247:469:4",3.29415345946529,0.035465701488264,NA,NA
"7500:141:360:1",NA,NA,NA,NA
"7500:140:469:2",NA,NA,NA,NA
"7500:140:469:1",NA,NA,NA,NA
"7500:140:468:2",NA,NA,NA,NA
"7500:140:468:1",NA,0.132734867703881,NA,NA
"7500:140:467:2",NA,0.009787747185448,NA,NA
"7500:140:467:1",NA,0.07109539563846,NA,NA
"7500:140:466:2",NA,0.184377066504862,0.045263153207653,NA
"7500:140:466:1",NA,NA,0.630055405503306,NA
"7500:140:465:2",NA,NA,1.95700335964658,NA
"7500:140:465:1",NA,NA,1.40571910920159,NA
"7500:140:364:2",NA,NA,1.15360349621628,NA
"7500:140:364:1",NA,NA,0.287555268684238,NA
"7500:140:363:2",NA,0.018686635868491,0.014046428666348,NA
"7500:140:363:1",NA,0.034447771013931,0.019665000132887,NA
"7500:140:362:2",NA,0.042041883307519,NA,NA
"7500:140:362:1",NA,0.030668999246656,NA,NA
"7500:140:361:2",NA,0.029559746889166,NA,NA
"7500:140:361:1",NA,0.156806550547108,NA,NA
"7500:140:360:2",NA,0.02001530078021,NA,NA
"7500:140:360:1",NA,NA,NA,NA
"1500:140:360:1",NA,0.207052665216006,NA,NA
"1500:140:360:2",NA,0.008185653829345,NA,NA
"1500:140:361:1",NA,0.017400981106957,NA,NA
"1500:140:361:2",NA,0.040207697160412,NA,NA
"1500:140:362:1",NA,0.015852903641009,NA,NA
"1500:140:362:2",NA,0.039829353298857,NA,NA
"1500:140:363:1",NA,0.075246641339661,NA,NA
"1500:140:363:2",NA,0.016169187345868,NA,0.291362424932477
"1500:140:364:1",NA,0.011517889267102,NA,NA
"1500:140:364:2",NA,0.077943597747675,NA,NA
"1500:140:465:1",NA,0.013847625563145,NA,NA
"1500:140:465:2",NA,0.06198617908119,NA,NA
"1500:140:466:1",NA,0.129740650114438,NA,NA
"1500:140:466:2",NA,0.231631064494128,NA,NA
"1500:140:467:1",0.020710335668878,0.11396596025544,NA,NA
"1500:140:467:2",NA,0.042015751719955,NA,NA
"1500:140:468:1",NA,0.137076708254311,NA,NA
"1500:140:468:2",NA,0.297347917445711,NA,NA
"1500:140:469:1",NA,0.006728850377409,NA,NA
"1500:140:469:2",NA,NA,NA,NA
"1500:141:360:1",NA,NA,NA,NA
"1500:141:360:2",NA,NA,NA,NA
"1500:141:361:1",NA,0.002467646381697,NA,NA
"1500:141:361:2",NA,0.28320860642624,NA,NA
"1500:141:362:1",NA,0.039095563849823,NA,NA
"1500:141:362:2",NA,NA,NA,NA
"1500:141:363:1",NA,NA,NA,NA
"1500:141:363:2",NA,NA,NA,NA
"1500:141:364:1",NA,NA,NA,NA
"1500:141:364:2",NA,NA,NA,NA
"1500:141:465:1",NA,0.983751661445532,NA,NA
"1500:141:465:2",NA,0.467866977022195,NA,NA
"1500:141:466:1",NA,0.82353304520914,NA,NA
"1500:141:466:2",NA,0.620967595483814,NA,NA
"1500:141:467:1",NA,1.00782124629054,NA,NA
"1500:141:467:2",NA,NA,NA,NA
"1500:141:468:1",NA,NA,NA,NA
"1500:141:468:2",NA,1.52638687128766,NA,0.376745081426903
"1500:141:469:1",NA,0.565349515687044,NA,0.30823216921567
"1500:141:469:2",NA,0.360572191577079,NA,NA
"1500:142:360:1",NA,NA,NA,1.22229998137249
"1500:142:360:2",NA,0.138038229113959,NA,NA
"1500:142:361:1",NA,0.381284326828943,NA,NA
"1500:142:361:2",NA,1.59976819428374,NA,NA
"1500:142:362:1",NA,2.61186236169124,NA,0.369136299781651
"1500:142:362:2",0.036437881094909,2.51109573086257,NA,1.40271793917027
"1500:142:363:1",NA,2.44069476877992,NA,1.62419971903926
"1500:142:363:2",NA,4.34218398699789,NA,0.14765451991266
"1500:142:364:1",0.120173122696343,2.09539696551645,NA,0.221481779868991
"1500:142:364:2",NA,1.46089643761919,NA,0.07382725995633
"1500:142:465:1",NA,0.98713607449542,NA,NA
"1500:142:465:2",0.033614308554141,0.881005058275363,NA,0.07382725995633
"1500:142:466:1",0.100842925662423,2.23768137652487,NA,NA
"1500:142:466:2",0.067046304472538,0.597155377594076,NA,NA
"1500:142:467:1",0.238688862203252,4.70078959790319,NA,NA
"1500:142:467:2",0.172018663716795,2.00374611581608,NA,NA
"1500:142:468:1",0.337778058688974,0.763262676786644,NA,NA
"1500:142:468:2",0.089295071993355,3.50358384712366,NA,NA
"1500:142:469:1",0.059084527451866,1.91087079032654,NA,NA
"1500:142:469:2",0.020255950271686,0.831216921032644,NA,NA
"1500:143:360:1",0.011094238587936,0.976160558943728,NA,NA
"1500:143:360:2",NA,0.825244732338424,NA,NA
"1500:143:361:1",NA,0.167731456709411,NA,NA
"1500:143:361:2",NA,0.291764135258565,NA,NA
"1500:143:362:1",NA,0.341537847178577,NA,NA
"1500:143:362:2",0.0332437926343,0.18592364736741,NA,NA
"1500:143:363:1",0.132057456425254,0.593313807152952,NA,NA
"1500:143:363:2",0.489397233220068,0.382573090469999,NA,NA
"1500:143:364:1",0.33430278963493,0.511092853241013,NA,NA
"1500:143:364:2",0.36529990434023,0.06392182464108,NA,NA
"1500:143:465:1",0.205779187199111,0.325944382873138,NA,NA
"1500:143:465:2",0.284543673957935,0.452178714893477,NA,NA
"1500:143:466:1",0.232954039116589,0.411717562074727,NA,NA
"1500:143:466:2",0.072205967594431,0.210948366802704,NA,NA
"1500:143:467:1",0.034603049131867,0.083748943896845,NA,NA
"1500:143:467:2",0.026294186922581,0.288673574493695,NA,NA
"1500:143:468:1",0.045793733176874,0.199821241788267,NA,NA
"1500:143:468:2",NA,NA,NA,NA
"1500:143:469:1",0.040678874822432,0.442444289388689,NA,NA
"1500:143:469:2",0.042758566165849,0.719838587446613,NA,NA
"1500:144:360:1",0.097685551451981,0.37133040649948,NA,NA
"1500:144:360:2",NA,0.418905722305647,NA,NA
"1500:144:361:1",0.021880592670874,1.37133441760208,NA,NA
"1500:144:361:2",NA,0.682127252971263,NA,NA
"1500:144:362:1",0.033523152236269,0.356221206797846,NA,NA
"1500:144:362:2",NA,0.574646483566135,NA,NA
"1500:144:363:1",0.039616487121886,1.48891205264001,NA,NA
"1500:144:363:2",0.010584214112626,3.49909300495234,NA,NA
"1500:144:364:1",0.006131471674292,5.15363394092445,NA,NA
"1500:144:364:2",0.078866999364513,4.42287541525719,NA,NA
"1500:144:465:1",0.215693723608047,4.18022620888574,NA,NA
"1500:144:465:2",0.098077790545356,2.84507358450426,NA,NA
"1500:144:466:1",0.258483104182322,2.64114320208899,NA,NA
"1500:144:466:2",0.266097859608961,1.62989568982412,NA,NA
"1500:144:467:1",0.179948570007526,0.801254698643763,NA,NA
"1500:144:467:2",0.33049111045201,0.481778057227198,NA,NA
"1500:144:468:1",0.342042539947515,0.708720016437591,NA,NA
"1500:144:468:2",0.349256632623613,0.383704749990286,NA,NA
"1500:144:469:1",0.762562685648947,0.411348901307571,NA,NA
"1500:144:469:2",0.827148392620828,0.476013566582061,NA,NA
"1500:245:360:1",1.1399636803188,0.162270545465627,NA,NA
"1500:245:360:2",1.32621059726743,0.332252100428908,NA,NA
"1500:245:361:1",1.0071564411549,0.197999949321962,NA,NA
"1500:245:361:2",1.04323012259558,0.339966866181142,NA,NA
"1500:245:362:1",0.922548086226018,NA,NA,NA
"1500:245:362:2",0.380369690035232,0.282100839986809,NA,NA
"1500:245:363:1",0.426035235799664,0.677897148457917,NA,NA
"1500:245:363:2",0.411295251488563,0.091815039358906,NA,NA
"1500:245:364:1",0.102125215896726,0.610877571099881,NA,NA
"1500:245:364:2",0.453845810390649,0.068597701051056,NA,NA
"1500:245:465:1",0.43200883692615,0.4866913796878,NA,NA
"1500:245:465:2",0.380109411385754,0.131216340272253,NA,NA
"1500:245:466:1",0.470869777548561,0.036632952335805,NA,NA
"1500:245:466:2",0.603631399690451,0.233270347845086,NA,NA
"1500:245:467:1",0.773876269761144,0.119030745033686,NA,NA
"1500:245:467:2",0.783415168417207,0.114284506654379,NA,NA
"1500:245:468:1",0.731534800920027,0.25481391706833,NA,NA
"1500:245:468:2",0.72149201924601,0.177876180219864,NA,NA
"1500:245:469:1",0.592924089113593,0.111548617492993,NA,NA
"1500:245:469:2",0.53184850140748,0.104451006315297,NA,NA
"1500:246:360:1",0.618799796879098,0.258269455197077,NA,NA
"1500:246:360:2",0.572961650200667,0.113643189279461,NA,NA
"1500:246:361:1",0.556178652289373,0.280360218884499,NA,NA
"1500:246:361:2",0.596391384737804,0.370639844451074,NA,NA
"1500:246:362:1",1.02738858404906,0.217220514754372,NA,NA
"1500:246:362:2",0.722871363802358,0.304259436621817,NA,NA
"1500:246:363:1",0.697903598948945,0.184428988250738,NA,NA
"1500:246:363:2",1.275539581536,0.102703388902505,NA,NA
"1500:246:364:1",0.902074968250103,0.215343081099044,NA,NA
"1500:246:364:2",0.87184861248069,NA,NA,NA
"1500:246:465:1",0.883741331301145,0.079468934297051,NA,NA
"1500:246:465:2",0.747640551427376,0.048331983432125,NA,NA
"1500:246:466:1",0.627043836824278,0.039127370240613,NA,NA
"1500:246:466:2",0.529423960829987,NA,NA,NA
"1500:246:467:1",0.424172454690866,NA,NA,NA
"1500:246:467:2",0.352604227065336,NA,NA,NA
"1500:246:468:1",0.499248395377767,NA,NA,NA
"1500:246:468:2",0.91197747408096,NA,NA,NA
"1500:246:469:1",1.38345388292406,NA,NA,NA
"1500:246:469:2",1.12012568044943,NA,NA,NA
"1500:247:360:1",0.032378900293583,NA,NA,NA
"1500:247:360:2",NA,0.021255252742444,NA,NA
"1500:247:361:1",0.006084697333834,NA,NA,NA
"1500:247:361:2",NA,NA,NA,NA
"1500:247:362:1",0.004766709718457,NA,NA,NA
"1500:247:362:2",NA,NA,NA,NA
"1500:247:363:1",0.007752599356929,NA,NA,NA
"1500:247:363:2",0.018730697566273,NA,NA,NA
"1500:247:364:1",0.079568095510112,NA,NA,NA
"1500:247:364:2",0.317270200335467,NA,NA,NA
"1500:247:465:1",0.273069869543249,NA,NA,0.302292581273554
"1500:247:465:2",0.56833623381623,NA,NA,NA
"1500:247:466:1",0.615309997735834,NA,NA,0.302292581273554
"1500:247:466:2",0.81347814437869,0.136668986460029,NA,0.307595959892388
"1500:247:467:1",1.23055800368426,0.138873324951319,NA,NA
"1500:247:467:2",1.71585045643942,NA,NA,NA
"1500:247:468:1",1.8660593464736,0.101265974327177,NA,NA
"1500:247:468:2",1.29237188704461,0.099052093245015,NA,NA
"1500:247:469:1",3.36624780582669,0.042063740561081,NA,NA
"1500:247:469:2",3.43429302691075,0.152108898489935,NA,NA
"7500:140:458:4",NA,NA,NA,NA
"7500:140:458:3",NA,NA,NA,NA
"7500:140:457:4",NA,0.029502379597095,0.021043786227878,NA
"7500:140:457:3",NA,0.260112016376549,NA,NA
"7500:140:456:4",NA,0.432839244674322,NA,NA
"7500:140:456:3",NA,0.259236092266336,NA,NA
"7500:140:455:4",NA,0.203237543393735,0.02747383201973,NA
"7500:140:455:3",NA,NA,0.329911242498427,NA
"7500:140:354:4",NA,NA,0.600854898332554,NA
"7500:140:354:3",0.025442451404422,NA,0.671007907334657,NA
"7500:140:353:4",NA,NA,0.826304892261497,NA
"7500:140:353:3",NA,NA,0.170513123407556,NA
"7500:140:352:4",NA,0.01926026026916,0.010609575556555,NA
"7500:140:352:3",NA,0.10842434297372,NA,NA
"7500:140:351:4",NA,0.041527653462772,NA,NA
"7500:140:351:3",NA,0.026333718686595,NA,NA
"7500:140:350:4",NA,0.075044402211822,NA,NA
"7500:140:350:3",NA,0.022876124554837,NA,NA
"1500:140:350:3",NA,0.009788400288499,NA,NA
"1500:140:350:4",NA,NA,NA,NA
"1500:140:351:3",NA,NA,NA,NA
"1500:140:351:4",NA,0.112895574106585,NA,NA
"1500:140:352:3",NA,0.038935112074811,NA,NA
"1500:140:352:4",NA,0.008175608353879,NA,NA
"1500:140:353:3",NA,0.214396172262284,NA,NA
"1500:140:353:4",NA,0.093881919859113,NA,NA
"1500:140:354:3",NA,0.183520421437461,NA,0.291004863502165
"1500:140:354:4",NA,NA,NA,NA
"1500:140:455:3",NA,NA,NA,NA
"1500:140:455:4",NA,0.095440567080019,NA,NA
"1500:140:456:3",NA,0.204190741585666,NA,NA
"1500:140:456:4",NA,0.131869333164119,NA,NA
"1500:140:457:3",NA,0.028286956386362,NA,NA
"1500:140:457:4",NA,0.02287000332311,NA,NA
"1500:140:458:3",NA,0.051993959807586,NA,NA
"1500:140:458:4",NA,0.147861690270808,NA,NA
"1500:140:459:3",NA,0.05217873919443,NA,NA
"1500:140:459:4",NA,NA,NA,NA
"1500:141:350:3",NA,NA,NA,NA
"1500:141:350:4",NA,NA,NA,NA
"1500:141:351:3",NA,NA,NA,NA
"1500:141:351:4",NA,NA,NA,NA
"1500:141:352:3",NA,0.15931602288955,NA,NA
"1500:141:352:4",NA,0.093945486769323,NA,NA
"1500:141:353:3",NA,NA,NA,NA
"1500:141:353:4",NA,NA,NA,NA
"1500:141:354:3",NA,NA,NA,NA
"1500:141:354:4",NA,NA,NA,NA
"1500:141:455:3",NA,0.256393912091239,NA,NA
"1500:141:455:4",NA,0.238692370990956,NA,NA
"1500:141:456:3",NA,0.276772909086002,NA,NA
"1500:141:456:4",NA,0.95831425270758,NA,NA
"1500:141:457:3",NA,0.274823904541285,NA,NA
"1500:141:457:4",NA,0.279376862519728,NA,NA
"1500:141:458:3",0.033573056905963,0.18240508970948,NA,NA
"1500:141:458:4",NA,0.489194120234449,NA,NA
"1500:141:459:3",NA,0.482457354428492,NA,NA
"1500:141:459:4",NA,0.94753741035656,NA,NA
"1500:142:350:3",NA,0.486280664770009,NA,0.147473317544702
"1500:142:350:4",NA,1.26619482370265,NA,1.70885042182517
"1500:142:351:3",NA,1.34377215525687,NA,NA
"1500:142:351:4",NA,1.04292774511368,NA,0.221209976317053
"1500:142:352:3",NA,1.17387408031308,NA,3.91050080356034
"1500:142:352:4",NA,1.40935198240742,NA,11.8838915054772
"1500:142:353:3",0.035322777157739,2.9292116985019,NA,2.43330973948758
"1500:142:353:4",0.025884668020437,2.24725763920981,NA,1.47473317544702
"1500:142:354:3",NA,2.37908639595186,NA,1.32971774652806
"1500:142:354:4",NA,2.52038626774829,NA,0.147473317544702
"1500:142:455:3",0.031740133163109,3.56419156064745,NA,0.147473317544702
"1500:142:455:4",0.043440561902935,2.77248899743595,NA,0.884839905268212
"1500:142:456:3",0.05710376313624,3.58942138116772,NA,NA
"1500:142:456:4",0.06387394184281,1.79831887207916,NA,NA
"1500:142:457:3",0.1188379343652,2.40268348317819,NA,NA
"1500:142:457:4",0.092516446143112,1.4626214451246,NA,NA
"1500:142:458:3",0.027750339590985,0.847455243555123,NA,NA
"1500:142:458:4",0.104341400625672,2.09434623315195,NA,NA
"1500:142:459:3",NA,3.1996490849102,NA,NA
"1500:142:459:4",0.019391091444647,0.43594367676541,NA,NA
"1500:143:350:3",0,0.840027770979033,NA,NA
"1500:143:350:4",NA,1.08427523278043,NA,NA
"1500:143:351:3",0,0.767578666892932,NA,NA
"1500:143:351:4",NA,1.09316308049527,NA,NA
"1500:143:352:3",0.026778173899751,0.446092116840497,NA,NA
"1500:143:352:4",0.106457542140327,0.139952578415064,NA,NA
"1500:143:353:3",0.508018597315062,0.556391769471229,NA,NA
"1500:143:353:4",0.548428949290678,0.372192719474009,NA,NA
"1500:143:354:3",0.673225394540161,0.267438094964862,NA,NA
"1500:143:354:4",0.33045869665157,0.403592931944007,NA,NA
"1500:143:455:3",0.321471609999014,0.732159552741792,NA,NA
"1500:143:455:4",0.426858381759827,0.472365874357541,NA,NA
"1500:143:456:3",0.252414505016191,0.246093263722451,NA,NA
"1500:143:456:4",0.153848076006251,0.319285113287426,NA,NA
"1500:143:457:3",NA,0.07012464604201,NA,NA
"1500:143:457:4",NA,0.197506757994025,NA,NA
"1500:143:458:3",0.015050734287572,0.100142281429218,NA,NA
"1500:143:458:4",0.097203822864323,NA,NA,NA
"1500:143:459:3",0.053445307955644,0.252618567135801,NA,NA
"1500:143:459:4",0.153544301617345,0.607678908201103,NA,NA
"1500:144:350:3",0.218603930350308,1.19150022542371,NA,NA
"1500:144:350:4",0.034514075877577,0.681092186220316,NA,NA
"1500:144:351:3",0.024928443858509,0.835461275041786,NA,NA
"1500:144:351:4",0.025884668020437,1.83156652597549,NA,NA
"1500:144:352:3",NA,0.479967370041166,NA,NA
"1500:144:352:4",NA,0.320860337996923,NA,NA
"1500:144:353:3",0.000595682230249,0.687831047475744,NA,NA
"1500:144:353:4",0.013875169795492,1.34136899311383,NA,NA
"1500:144:354:3",0.011605196940837,3.29191228837715,NA,NA
"1500:144:354:4",0.077557286822614,2.42405959241065,NA,NA
"1500:144:455:3",0.211705975852176,1.14461281224738,NA,NA
"1500:144:455:4",0.123332778281297,1.92301136416548,NA,NA
"1500:144:456:3",0.315516452800393,1.46065461108357,NA,NA
"1500:144:456:4",0.213179772828138,0.625987743151771,NA,NA
"1500:144:457:3",0.174549730367146,0.216934031356651,NA,NA
"1500:144:457:4",0.921271565682465,0.165502123939144,NA,NA
"1500:144:458:3",1.06670624771324,0.25575546259988,NA,NA
"1500:144:458:4",0.831003933295796,0.016511218825096,NA,NA
"1500:144:459:3",0.680057841219372,0.345224970648464,NA,NA
"1500:144:459:4",0.570195806546177,0.156356589858542,NA,NA
"1500:245:350:3",0.582748326868051,0.141845032368185,NA,NA
"1500:245:350:4",0.680325255356875,0.030924136924503,NA,NA
"1500:245:351:3",0.910554882141305,0.015479267648528,NA,NA
"1500:245:351:4",1.01007791488465,0.230413892873579,NA,NA
"1500:245:352:3",0.866046914508613,0.080086790596319,NA,NA
"1500:245:352:4",0.459478579198269,0.044381429788794,NA,NA
"1500:245:353:3",0.261432621687489,0.123703764528424,NA,NA
"1500:245:353:4",0.250743402508106,0.16048545631613,NA,NA
"1500:245:354:3",0.001015650130851,NA,NA,NA
"1500:245:354:4",0.121008366454774,NA,NA,NA
"1500:245:455:3",0.134749056554386,0.008275635028286,NA,NA
"1500:245:455:4",0.379286834860527,0.028437166150487,NA,NA
"1500:245:456:3",0.543612585146789,0.06804530252748,NA,NA
"1500:245:456:4",0.987756334077018,0.464027679609212,NA,NA
"1500:245:457:3",0.918907938680844,0.295939757858606,NA,NA
"1500:245:457:4",1.07123281145189,NA,NA,NA
"1500:245:458:3",0.882127220029674,0.110045117320108,NA,NA
"1500:245:458:4",0.730087470013273,NA,NA,NA
"1500:245:459:3",0.503486250285644,NA,NA,NA
"1500:245:459:4",0.381610331716875,NA,NA,NA
"1500:246:350:3",0.514959004290304,0.080368832915878,NA,NA
"1500:246:350:4",0.60284258614296,0.142851258378524,NA,NA
"1500:246:351:3",0.645493879145089,0.071458495055967,NA,NA
"1500:246:351:4",1.15277549530763,0.242602196067492,NA,NA
"1500:246:352:3",1.50124410127549,0.03842476990364,NA,NA
"1500:246:352:4",1.28465400122439,0.241222232399952,NA,NA
"1500:246:353:3",1.40877772636405,0.219058460431457,NA,NA
"1500:246:353:4",1.10183760214612,0.067243347331369,NA,NA
"1500:246:354:3",1.56394958615878,0.150410170968698,NA,NA
"1500:246:354:4",2.11048446568771,0.059735558936774,NA,NA
"1500:246:455:3",1.22742915351401,0.07022645203776,NA,NA
"1500:246:455:4",0.667963863083381,NA,NA,NA
"1500:246:456:3",0.727765519689781,0.136184629140912,NA,NA
"1500:246:456:4",0.463278848131638,NA,NA,NA
"1500:246:457:3",0.596802879315103,NA,NA,NA
"1500:246:457:4",0.319948161117189,NA,NA,NA
"1500:246:458:3",0.688765651742918,NA,NA,NA
"1500:246:458:4",0.4961652926099,NA,NA,NA
"1500:246:459:3",1.35350720086937,NA,NA,NA
"1500:246:459:4",2.00441964466028,NA,NA,NA
"1500:247:350:3",0.438659236208237,NA,NA,NA
"1500:247:350:4",0.013047642945289,NA,NA,NA
"1500:247:351:3",0.004760859988365,0.214381222111313,NA,NA
"1500:247:351:4",0.003790348933961,NA,NA,NA
"1500:247:352:3",0.003790348933961,NA,NA,NA
"1500:247:352:4",0.022455389611787,NA,NA,NA
"1500:247:353:3",0.013116152152532,NA,NA,NA
"1500:247:353:4",0.047670224175502,NA,NA,NA
"1500:247:354:3",0.11173609645813,NA,NA,NA
"1500:247:354:4",0.432292811613095,NA,NA,NA
"1500:247:455:3",0.286346491141621,NA,NA,NA
"1500:247:455:4",0.481718740302844,NA,NA,NA
"1500:247:456:3",0.956679379320254,NA,NA,NA
"1500:247:456:4",0.866129307523499,0.072339380383844,NA,NA
"1500:247:457:3",1.01184439549528,NA,NA,NA
"1500:247:457:4",1.55859194462679,0.092068302306711,NA,NA
"1500:247:458:3",2.62404917999254,0.035378627138976,NA,NA
"1500:247:458:4",2.7072879564266,NA,NA,NA
"1500:247:459:3",2.66403152092514,0.058672098240177,NA,NA
"1500:247:459:4",2.80561110975458,0.066334925885581,NA,NA
"7500:140:456:2",NA,0.076115549428705,NA,NA
"7500:140:456:1",NA,2.31210224733987,NA,NA
"7500:140:455:2",NA,4.40227786734376,0.010509004414038,NA
"7500:140:455:1",NA,0.405263806917079,NA,NA
"7500:140:354:2",NA,NA,NA,NA
"7500:140:354:1",NA,NA,0.694528973767992,NA
"7500:140:353:2",NA,NA,1.89427752094181,NA
"7500:140:353:1",NA,0.095356189862842,1.84720384427609,NA
"7500:140:352:2",NA,0.071517142397132,0.575703339980185,NA
"7500:140:352:1",NA,0.003623594778726,0.007006002942692,NA
"7500:140:351:2",NA,0.069492765638989,NA,NA
"7500:140:351:1",NA,0.037366801191358,NA,NA
"7500:140:350:2",NA,0.150116782841342,0.0030359346085,NA
"7500:140:350:1",NA,0.059217807289917,0.010509004414038,NA
"1500:140:350:1",NA,NA,NA,NA
"1500:140:350:2",NA,NA,NA,0.576285620032653
"1500:140:351:1",NA,0.070263319806538,NA,NA
"1500:140:351:2",NA,0.126829902418885,0.006071869217,NA
"1500:140:352:1",NA,0.626826337307904,NA,NA
"1500:140:352:2",NA,0.19696483475027,NA,NA
"1500:140:353:1",NA,0.024047563012951,NA,NA
"1500:140:353:2",NA,0.071040665318252,NA,NA
"1500:140:354:1",NA,NA,NA,0.285637220364011
"1500:140:354:2",NA,NA,NA,NA
"1500:140:455:1",NA,0.070263319806538,NA,NA
"1500:140:455:2",NA,0.121820882146792,NA,NA
"1500:140:456:1",NA,0.294893918435404,NA,NA
"1500:140:456:2",NA,0.116398216456719,NA,NA
"1500:140:457:1",NA,0.325348474254811,NA,NA
"1500:140:457:2",NA,0.110401870101994,NA,NA
"1500:140:458:1",NA,0.179930318880428,NA,NA
"1500:140:458:2",0.020659582031399,0.125893495273009,NA,NA
"1500:140:459:1",NA,0.001781291718039,NA,NA
"1500:140:459:2",NA,NA,NA,NA
"1500:141:350:1",NA,NA,NA,NA
"1500:141:350:2",NA,NA,NA,NA
"1500:141:351:1",NA,NA,NA,NA
"1500:141:351:2",NA,NA,NA,NA
"1500:141:352:1",NA,NA,NA,NA
"1500:141:352:2",NA,0.136001570938148,NA,NA
"1500:141:353:1",NA,0.036947135920801,NA,NA
"1500:141:353:2",NA,0.139955949179111,NA,NA
"1500:141:354:1",NA,NA,NA,NA
"1500:141:354:2",NA,NA,NA,NA
"1500:141:455:1",NA,0.155413069878172,NA,NA
"1500:141:455:2",NA,1.05350305542847,NA,NA
"1500:141:456:1",NA,1.33661648754924,NA,NA
"1500:141:456:2",NA,0.023450792630046,NA,NA
"1500:141:457:1",NA,1.21722328349893,NA,NA
"1500:141:457:2",NA,1.3207439248538,NA,NA
"1500:141:458:1",NA,1.04644992469981,NA,NA
"1500:141:458:2",NA,0.476671703830027,NA,NA
"1500:141:459:1",NA,0.614374290050664,NA,NA
"1500:141:459:2",NA,1.96031387348344,NA,NA
"1500:142:350:1",NA,1.00288402804024,NA,0.368231678522051
"1500:142:350:2",NA,0.768080171408951,NA,1.04394015927655
"1500:142:351:1",NA,1.82976339436724,NA,0.14729267140882
"1500:142:351:2",0.095729987436443,1.58028916143995,NA,1.39928037838379
"1500:142:352:1",0.255095515654335,0.91669828107051,NA,2.87711684818563
"1500:142:352:2",0.090150349440388,0.901859982907814,NA,4.46051306583044
"1500:142:353:1",0.095361085750753,2.0664467542673,NA,1.18079624912737
"1500:142:353:2",NA,2.29523171356571,NA,0.294585342817641
"1500:142:354:1",0.031541094126458,1.80110357534857,NA,1.10469503556615
"1500:142:354:2",0.065054059789392,1.09175252507946,NA,0.07364633570441
"1500:142:455:1",0.032094446654992,2.71527656195404,NA,NA
"1500:142:455:2",0.078332732515285,1.22579383054652,NA,NA
"1500:142:456:1",0.125843436905437,3.27214395983876,NA,NA
"1500:142:456:2",0.032094446654992,2.3380720440701,NA,NA
"1500:142:457:1",0.033440998960583,3.01425771545143,NA,0.441878014226461
"1500:142:457:2",0.111768978568653,2.22923981113668,NA,0.07364633570441
"1500:142:458:1",NA,2.21917518061481,NA,NA
"1500:142:458:2",0.026745372212493,2.58530278053621,NA,NA
"1500:142:459:1",0.03353193188687,2.00443208263179,NA,NA
"1500:142:459:2",NA,0.964084962110572,NA,NA
"1500:143:350:1",NA,1.47223350172813,NA,NA
"1500:143:350:2",0.020664364365113,0.630171368603231,NA,NA
"1500:143:351:1",0.026284245105382,1.10399325973144,NA,NA
"1500:143:351:2",0.066814621861312,0.81986837279273,NA,NA
"1500:143:352:1",0.107442615957086,0.476258246669147,NA,NA
"1500:143:352:2",0.053490744424987,0.653403266752796,NA,NA
"1500:143:353:1",0.052106951035214,0.305231268165731,NA,NA
"1500:143:353:2",0.139771115541995,0.218350665267897,NA,NA
"1500:143:354:1",0.172143416405565,0.32451806506261,NA,NA
"1500:143:354:2",0.211075629478719,0.20687386835847,NA,NA
"1500:143:455:1",0.336098552031099,0.51484827471868,NA,NA
"1500:143:455:2",0.35830066222036,0.216982695263166,NA,NA
"1500:143:456:1",0.181984566735891,0.657302317132675,NA,NA
"1500:143:456:2",0.163910804907927,0.592921214154465,NA,NA
"1500:143:457:1",0.178370079948477,0.236317371796153,NA,NA
"1500:143:457:2",0.061460809084634,0.091964484622047,NA,NA
"1500:143:458:1",0.096352020021343,0.259421320992775,NA,NA
"1500:143:458:2",0.054315749557972,0.14570855059082,NA,NA
"1500:143:459:1",0.207452859613679,0.988640814749629,NA,NA
"1500:143:459:2",0.239487480232595,0.973150788017052,NA,NA
"1500:144:350:1",0.211582039832532,0.620022551158949,NA,NA
"1500:144:350:2",0.00691371523907,0.366003390781146,NA,NA
"1500:144:351:1",0.029728349162867,0.869491740172909,NA,NA
"1500:144:351:2",0.000549186973449,0.203461693504234,NA,NA
"1500:144:352:1",0.000549186973449,0.667458995221473,NA,NA
"1500:144:352:2",0.052568490210763,0.799234550189259,NA,NA
"1500:144:353:1",0.050704873250817,0.597459897682336,NA,NA
"1500:144:353:2",NA,1.88230948440265,NA,NA
"1500:144:354:1",NA,2.70605418481695,NA,NA
"1500:144:354:2",0.081526478554513,1.13304152912831,NA,NA
"1500:144:455:1",0.117891318494662,0.367726520739893,NA,NA
"1500:144:455:2",0.377388578242452,0.373366909811805,NA,NA
"1500:144:456:1",0.253915582802072,0.419849334616741,NA,NA
"1500:144:456:2",0.642519631374082,0.340762285124454,NA,NA
"1500:144:457:1",0.079926624136796,0.087987557889626,NA,NA
"1500:144:457:2",0.229962477186138,0.078332219379804,NA,NA
"1500:144:458:1",0.259520997735418,0.103068709710268,NA,NA
"1500:144:458:2",0.206255065916754,0.012368245165232,NA,NA
"1500:144:459:1",0.190451211088812,0.204469930854361,NA,NA
"1500:144:459:2",0.284603130510298,NA,NA,NA
"1500:245:350:1",0.546295393287621,NA,NA,NA
"1500:245:350:2",0.478691865320307,0.0171972479287,NA,NA
"1500:245:351:1",0.545822368424664,0.034691698936044,NA,NA
"1500:245:351:2",0.857284615704388,0.111141281548297,NA,NA
"1500:245:352:1",1.00363849012523,0.170727932901123,NA,NA
"1500:245:352:2",1.14947896005638,0.035810785998497,NA,NA
"1500:245:353:1",0.719509439062966,0.104798139532458,NA,NA
"1500:245:353:2",0.24861632227712,0.066672115314984,NA,NA
"1500:245:354:1",0.070843929479642,0.015650530481821,NA,NA
"1500:245:354:2",0.270052193892654,0.081773007176878,NA,NA
"1500:245:455:1",0.477651779820783,0.070980643253893,NA,NA
"1500:245:455:2",0.481199233207367,0.151503720030875,NA,NA
"1500:245:456:1",0.84452098110397,0.327983017678505,NA,NA
"1500:245:456:2",0.638626861894902,0.146848480481389,NA,NA
"1500:245:457:1",0.7953259301327,NA,NA,NA
"1500:245:457:2",0.626722948853949,NA,NA,NA
"1500:245:458:1",0.677309586158842,0.187606341040367,NA,NA
"1500:245:458:2",0.892606110969143,NA,NA,NA
"1500:245:459:1",0.778240317338184,0.080270385824884,NA,NA
"1500:245:459:2",0.720300417768462,0.034130031160912,NA,NA
"1500:246:350:1",0.894985859768847,0.106195570875828,NA,NA
"1500:246:350:2",0.509086667332692,0.093769030738392,NA,NA
"1500:246:351:1",0.995241032047531,NA,NA,NA
"1500:246:351:2",1.07765634823781,NA,NA,NA
"1500:246:352:1",0.944039376933839,0.108330377108563,NA,NA
"1500:246:352:2",1.57086939893842,0.097036151138206,NA,NA
"1500:246:353:1",0.141019591289441,NA,NA,NA
"1500:246:353:2",0.097063109544054,NA,NA,NA
"1500:246:354:1",1.37349581992327,NA,NA,NA
"1500:246:354:2",2.09211528547582,0.126197421188295,NA,NA
"1500:246:455:1",1.59569304810902,NA,NA,NA
"1500:246:455:2",0.887764903716435,NA,NA,NA
"1500:246:456:1",1.00892072109137,0.027259193203345,NA,NA
"1500:246:456:2",0.792873475190946,NA,NA,NA
"1500:246:457:1",0.646279378565878,NA,NA,NA
"1500:246:457:2",0.49879518090554,NA,NA,NA
"1500:246:458:1",0.517391817030489,NA,NA,NA
"1500:246:458:2",0.850253667772897,NA,NA,NA
"1500:246:459:1",1.05541188186895,NA,NA,NA
"1500:246:459:2",1.72606735824804,NA,NA,NA
"1500:247:350:1",0.698694322236857,NA,NA,NA
"1500:247:350:2",0.057699278491339,NA,NA,NA
"1500:247:351:1",0.047655224742872,0.055489895298926,NA,NA
"1500:247:351:2",0.008030714318723,NA,NA,NA
"1500:247:352:1",NA,NA,NA,NA
"1500:247:352:2",NA,NA,NA,NA
"1500:247:353:1",0.0034716610792,NA,NA,NA
"1500:247:353:2",0.087927590517471,NA,NA,0.889537022735713
"1500:247:354:1",0.294132949633869,NA,NA,0.601177209159533
"1500:247:354:2",0.408103614952166,NA,NA,0.603103540198934
"1500:247:455:1",0.307642919603378,NA,NA,0.293880891311924
"1500:247:455:2",0.512266437802457,NA,NA,0.601177209159533
"1500:247:456:1",0.339308282023777,NA,NA,NA
"1500:247:456:2",0.222776380798763,NA,NA,NA
"1500:247:457:1",0.255455169415171,0.067871934420936,NA,NA
"1500:247:457:2",0.672241956576406,NA,NA,NA
"1500:247:458:1",1.32193999985965,0.063493099942166,NA,NA
"1500:247:458:2",2.69726911613185,0.041237197743548,NA,NA
"1500:247:459:1",3.27575672566189,0.108214326857953,NA,NA
"1500:247:459:2",3.36919466823713,0.137800017205817,NA,NA
"7500:140:245:3",NA,1.53417956018818,NA,NA
"7500:140:144:4",NA,0.868929106968997,0.020992310469608,NA
"7500:140:144:3",NA,NA,0.020992310469608,NA
"7500:140:143:4",NA,NA,0.293247550713396,NA
"7500:140:143:3",NA,NA,1.45095796256566,NA
"7500:140:142:4",NA,NA,1.6873836401931,NA
"7500:140:142:3",NA,NA,1.59009004049059,NA
"7500:140:141:4",NA,NA,1.25855328046255,NA
"7500:140:141:3",NA,0.019371030245725,0.321578871604979,NA
"7500:140:140:4",NA,0.098233519524282,0.020992310469608,NA
"7500:140:140:3",NA,0.040114428151491,NA,NA
"1500:140:140:3",NA,0.02997348128304,NA,NA
"1500:140:140:4",NA,0.025734929837423,NA,0.290293028861435
"1500:140:141:3",NA,NA,NA,NA
"1500:140:141:4",NA,NA,NA,0.580586057722871
"1500:140:142:3",NA,0.163389443052063,NA,NA
"1500:140:142:4",NA,0.695311945399846,NA,NA
"1500:140:143:3",NA,0.037064691953809,NA,NA
"1500:140:143:4",NA,0.087721762564982,NA,NA
"1500:140:144:3",NA,NA,NA,NA
"1500:140:144:4",NA,0.096236195445627,NA,NA
"1500:140:245:3",NA,NA,NA,NA
"1500:140:245:4",NA,0.405563411671315,0.010496155234804,NA
"1500:140:246:3",NA,0.650609203198773,NA,NA
"1500:140:246:4",NA,0.377176589430181,NA,NA
"1500:140:247:3",NA,0.194058925606191,NA,NA
"1500:140:247:4",NA,0.268552940054343,NA,NA
"1500:140:248:3",NA,0.164277577695974,NA,NA
"1500:140:248:4",NA,0.011143424342032,NA,NA
"1500:140:249:3",NA,NA,NA,NA
"1500:140:249:4",0.0211501799631,NA,NA,NA
"1500:141:140:3",NA,NA,NA,NA
"1500:141:140:4",NA,NA,NA,NA
"1500:141:141:3",NA,NA,NA,NA
"1500:141:141:4",NA,0.18381913671337,NA,NA
"1500:141:142:3",NA,NA,NA,NA
"1500:141:142:4",NA,NA,NA,NA
"1500:141:143:3",NA,0.188532447911149,NA,NA
"1500:141:143:4",NA,NA,NA,NA
"1500:141:144:3",NA,0.094266223955574,NA,NA
"1500:141:144:4",NA,0.14053271849159,NA,NA
"1500:141:245:3",NA,1.1369332753584,NA,NA
"1500:141:245:4",0.02993301193809,1.28596942907053,NA,NA
"1500:141:246:3",NA,0.970601255006926,NA,NA
"1500:141:246:4",NA,0.65974447677729,NA,NA
"1500:141:247:3",NA,0.671193327893689,NA,NA
"1500:141:247:4",NA,0.305720182977256,NA,NA
"1500:141:248:3",NA,0.923149374647452,NA,0.073556289594413
"1500:141:248:4",NA,1.43433598674305,NA,0.223120745103052
"1500:141:249:3",NA,1.30699807008272,NA,NA
"1500:141:249:4",0.033400111225409,0.904476234132224,NA,NA
"1500:142:140:3",NA,1.06047326886188,NA,0.147112579188826
"1500:142:140:4",NA,1.28347479949749,NA,0.809119185538541
"1500:142:141:3",NA,1.96386693703101,NA,0.147112579188826
"1500:142:141:4",0.063557734698498,2.39755076472136,NA,1.25290879942483
"1500:142:142:3",0.064110410652398,2.39601161514938,NA,1.25045692310502
"1500:142:142:4",0.123716573358564,2.39545486715433,NA,0.149564455508639
"1500:142:143:3",0.37303945815663,1.03245936517982,NA,NA
"1500:142:143:4",0.357132845437986,0.272557176990657,NA,NA
"1500:142:144:3",0.512780817515888,1.30030246757425,NA,NA
"1500:142:144:4",0.281643666107431,1.5438217345599,NA,NA
"1500:142:245:3",0.254542371495303,1.31895798552016,NA,NA
"1500:142:245:4",0.189675927704933,2.69822593165882,NA,NA
"1500:142:246:3",NA,0.88977909820541,NA,NA
"1500:142:246:4",NA,2.43646632577006,NA,NA
"1500:142:247:3",NA,1.87274327630473,NA,NA
"1500:142:247:4",NA,1.33796889129343,NA,NA
"1500:142:248:3",0.027682458756365,1.37900742895065,NA,NA
"1500:142:248:4",NA,2.16553226377289,NA,NA
"1500:142:249:3",NA,1.73582120167513,NA,NA
"1500:142:249:4",0.042554411751399,2.48218134706716,NA,NA
"1500:143:140:3",0.071594066118088,1.70525789544079,NA,NA
"1500:143:140:4",0.147840817668245,1.02346045847408,NA,NA
"1500:143:141:3",0.317051772220623,1.5208555946698,NA,NA
"1500:143:141:4",0.438653641029902,1.37868695684486,NA,NA
"1500:143:142:3",0.52067766674277,0.39076735473127,NA,NA
"1500:143:142:4",0.247016003022548,0.199438366443518,NA,NA
"1500:143:143:3",0.297115696980742,0.426211553482289,NA,NA
"1500:143:143:4",0.364898303978647,0.414537259733423,NA,NA
"1500:143:144:3",0.163782955195777,0.132012107079771,NA,NA
"1500:143:144:4",0.025322018435254,0.273265432933122,NA,NA
"1500:143:245:3",0.078848481811327,0.396073894936052,NA,NA
"1500:143:245:4",0.207808627353019,0.689847758361496,NA,NA
"1500:143:246:3",0.054738326265141,NA,NA,NA
"1500:143:246:4",0.174218637988393,0.215581992180801,NA,NA
"1500:143:247:3",0.114878541479986,0.20718928153711,NA,NA
"1500:143:247:4",0.141705252066657,0.370473669560748,NA,NA
"1500:143:248:3",0.248588247497359,0.434304737476237,NA,NA
"1500:143:248:4",0.193745584123598,0.449498355524549,NA,NA
"1500:143:249:3",0.256271044360185,0.487073045853306,NA,NA
"1500:143:249:4",0.236616815011091,0.817907628682177,NA,NA
"1500:144:140:3",0.154464644355155,0.646589018148068,NA,NA
"1500:144:140:4",0.11237124976651,0.947990703681255,NA,NA
"1500:144:141:3",0.010127259803199,1.387560999076,NA,NA
"1500:144:141:4",NA,0.326389466205507,NA,NA
"1500:144:142:3",0.049220846682513,0.719102402772575,NA,NA
"1500:144:142:4",NA,1.19790325081111,NA,NA
"1500:144:143:3",NA,1.1101693024449,NA,NA
"1500:144:143:4",0.006529290210938,2.5463541928577,NA,NA
"1500:144:144:3",0.016242812800467,2.8761414603007,NA,NA
"1500:144:144:4",0.034796973647975,0.581879300290238,NA,NA
"1500:144:245:3",0.037940290161997,0.698894521452546,NA,NA
"1500:144:245:4",0.057652424054578,0.52004268424529,NA,NA
"1500:144:246:3",0.25129024290586,0.802545320431554,NA,NA
"1500:144:246:4",0.16725645250985,0.227315035764307,NA,NA
"1500:144:247:3",0.186209387860166,0.24045612645364,NA,NA
"1500:144:247:4",0.210581843125918,0.055516904703072,NA,NA
"1500:144:248:3",0.233984635762513,0.018530933190157,NA,NA
"1500:144:248:4",0.134103753682763,0.10733491078189,NA,NA
"1500:144:249:3",0.190139173888214,NA,NA,NA
"1500:144:249:4",0.1625823832719,0.082553917800592,NA,NA
"1500:245:140:3",0.210861363410514,NA,NA,NA
"1500:245:140:4",0.094348047831492,NA,NA,NA
"1500:245:141:3",0.167928544210225,0.029268351328752,NA,NA
"1500:245:141:4",0.284239792859968,NA,NA,NA
"1500:245:142:3",0.367980688053391,0.130305739453053,NA,NA
"1500:245:142:4",0.688442214059597,0.153778805189414,NA,NA
"1500:245:143:3",0.877042396215033,NA,NA,NA
"1500:245:143:4",0.678512685686082,0.017864451253662,NA,NA
"1500:245:144:3",0.433375644718308,0.015631394846954,NA,NA
"1500:245:144:4",0.736985141691396,NA,NA,NA
"1500:245:245:3",0.503749684328097,0.324871304875361,NA,NA
"1500:245:245:4",0.648001310270089,0.115150664882097,NA,NA
"1500:245:246:3",1.30014271940893,0.015631394846954,NA,NA
"1500:245:246:4",1.06234862314222,0.119506725530812,NA,NA
"1500:245:247:3",1.17875584293292,0.124821179858191,NA,NA
"1500:245:247:4",0.862461111930951,0.041672240595789,NA,NA
"1500:245:248:3",0.895652440258336,0.038946807994634,NA,NA
"1500:245:248:4",0.804384285684361,0.166355908689715,NA,NA
"1500:245:249:3",0.753044393493817,0.337564697374126,NA,NA
"1500:245:249:4",0.734388137927987,0.53996951002541,NA,NA
"1500:246:140:3",0.969214581249664,1.20374447143448,NA,NA
"1500:246:140:4",1.17520944811242,1.18389251769217,NA,NA
"1500:246:141:3",0.889793034684098,0.325851465740284,NA,NA
"1500:246:141:4",0.601511991966385,0.073381195112866,NA,NA
"1500:246:142:3",0.76554132064009,NA,NA,NA
"1500:246:142:4",1.3405360023442,0.129507505204691,NA,NA
"1500:246:143:3",1.04042834061292,NA,NA,NA
"1500:246:143:4",0.482317770219709,NA,NA,NA
"1500:246:144:3",1.8391905777597,NA,NA,NA
"1500:246:144:4",1.82100769074426,0.173826249366121,NA,NA
"1500:246:245:3",1.47243465609799,NA,NA,NA
"1500:246:245:4",1.18981267728471,NA,NA,NA
"1500:246:246:3",0.637603185332469,0.112792864545935,NA,NA
"1500:246:246:4",0.803424570233127,NA,NA,NA
"1500:246:247:3",0.625635459917103,NA,NA,NA
"1500:246:247:4",0.65499610744195,NA,NA,NA
"1500:246:248:3",0.864154846607166,NA,NA,NA
"1500:246:248:4",1.24150824732458,NA,NA,NA
"1500:246:249:3",1.19674544372073,NA,NA,NA
"1500:246:249:4",0.706228029842082,NA,NA,NA
"1500:247:140:3",0.514203594637393,NA,NA,NA
"1500:247:140:4",0.14412451677296,NA,NA,NA
"1500:247:141:3",0.031259870725733,NA,NA,NA
"1500:247:141:4",0.05454609712634,NA,NA,NA
"1500:247:142:3",NA,NA,NA,0.301183067928469
"1500:247:142:4",0.023524990828537,NA,NA,NA
"1500:247:143:3",0.02191888489336,NA,NA,0.301183067928469
"1500:247:143:4",0.044584070691525,NA,NA,0.293521568192694
"1500:247:144:3",0.064775144282335,NA,NA,1.19535834664008
"1500:247:144:4",0.10752590620983,NA,NA,0.878550560572766
"1500:247:245:3",0.15370657623097,NA,NA,0.90117161752206
"1500:247:245:4",0.257150319300587,NA,NA,1.19570809470065
"1500:247:246:3",0.300594454699323,NA,NA,NA
"1500:247:246:4",0.347913010762678,NA,NA,NA
"1500:247:247:3",0.473045738537208,NA,NA,NA
"1500:247:247:4",0.791123114960233,NA,NA,NA
"1500:247:248:3",1.18427788174346,0.080421412040895,NA,NA
"1500:247:248:4",1.39687876907625,0.1046592911477,NA,NA
"1500:247:249:3",2.19310164918153,0.030348152011579,NA,NA
"1500:247:249:4",2.14210007495798,0.021677251436842,NA,NA
"7500:140:144:2",NA,0.570740197326898,NA,NA
"7500:140:144:1",NA,0.142685049331724,NA,NA
"7500:140:143:2",NA,NA,0.01732664033358,NA
"7500:140:143:1",NA,NA,0.277831302618777,NA
"7500:140:142:2",NA,NA,2.23556999037127,NA
"7500:140:142:1",NA,NA,2.10552392183773,NA
"7500:140:141:2",NA,0.079269471850958,1.4749457865721,NA
"7500:140:141:1",NA,NA,1.2718902567794,NA
"7500:140:140:2",NA,0.045572502474005,0.895378777056992,NA
"7500:140:140:1",NA,0.131125566075057,NA,NA
"1500:140:140:1",NA,0.053444888448354,NA,NA
"1500:140:140:2",NA,0.058782099278421,NA,NA
"1500:140:141:1",NA,0.186089350512333,NA,NA
"1500:140:141:2",NA,0.018267184755989,NA,NA
"1500:140:142:1",NA,0.032909847021318,NA,0.574878549165999
"1500:140:142:2",NA,0.052445012888338,NA,NA
"1500:140:143:1",NA,0.136315637290469,NA,NA
"1500:140:143:2",NA,0.059030825769064,NA,0.289938746535895
"1500:140:144:1",NA,0.004861633191754,NA,NA
"1500:140:144:2",NA,0.054700985759113,NA,NA
"1500:140:245:1",NA,0.032475000467552,NA,NA
"1500:140:245:2",NA,0.207018058775602,NA,NA
"1500:140:246:1",NA,0.903912476272875,NA,NA
"1500:140:246:2",NA,0.586376179848185,NA,NA
"1500:140:247:1",NA,0.472878343229765,NA,NA
"1500:140:247:2",NA,0.014366177503191,NA,NA
"1500:140:248:1",NA,NA,NA,NA
"1500:140:248:2",NA,0.08145656432558,NA,NA
"1500:140:249:1",NA,0.184347752879681,NA,NA
"1500:140:249:2",NA,NA,NA,NA
"1500:141:140:1",NA,0.14806992594985,NA,NA
"1500:141:140:2",0.020609139169417,NA,NA,NA
"1500:141:141:1",0.041218278338833,0.178698369119011,NA,NA
"1500:141:141:2",NA,NA,NA,NA
"1500:141:142:1",NA,0.104769848246161,NA,NA
"1500:141:142:2",NA,NA,NA,NA
"1500:141:143:1",NA,NA,NA,NA
"1500:141:143:2",NA,0.553425005790514,NA,NA
"1500:141:144:1",NA,0.5441707900158,NA,NA
"1500:141:144:2",0.020609139169417,1.17590927880833,NA,NA
"1500:141:245:1",NA,0.841081303996546,NA,NA
"1500:141:245:2",NA,1.16116454880547,NA,NA
"1500:141:246:1",NA,1.43546334436,NA,NA
"1500:141:246:2",0.020609139169417,1.31545390427841,NA,NA
"1500:141:247:1",NA,1.75910046902162,NA,NA
"1500:141:247:2",NA,3.3616956781218,NA,NA
"1500:141:248:1",NA,1.76879370816558,NA,NA
"1500:141:248:2",0.021124367648652,1.57475289122004,NA,NA
"1500:141:249:1",NA,1.73912518751576,NA,NA
"1500:141:249:2",NA,1.68226837375951,NA,NA
"1500:142:140:1",0.020609139169417,1.37224798685716,NA,NA
"1500:142:140:2",NA,1.91307706222123,NA,1.82449122208595
"1500:142:141:1",NA,1.84981971358488,NA,NA
"1500:142:141:2",0.027875049691454,1.63633576711667,NA,0.306726060524594
"1500:142:142:1",0.029328384327867,1.96485773434589,NA,NA
"1500:142:142:2",0.033359348727168,1.79049366772261,NA,NA
"1500:142:143:1",0.06403216838297,1.51181580537137,NA,0.073466519290807
"1500:142:143:2",0.081912616433267,2.78880140353228,NA,1.24893082794372
"1500:142:144:1",0.118420685746262,2.01564887705681,NA,0.146933038581614
"1500:142:144:2",0.137970781124218,1.93876505785394,NA,NA
"1500:142:245:1",0.036478095925068,1.54202405694614,NA,NA
"1500:142:245:2",0.092860145710293,2.55589439821082,NA,NA
"1500:142:246:1",0.060479210841423,3.40406975819063,NA,NA
"1500:142:246:2",0.094628800614505,3.26427910263825,NA,NA
"1500:142:247:1",0.06085230018006,3.09770141615465,NA,NA
"1500:142:247:2",0.072118989648578,3.75280229318802,NA,NA
"1500:142:248:1",0.011040029031547,2.90630594459915,NA,NA
"1500:142:248:2",NA,2.5286520896224,NA,NA
"1500:142:249:1",NA,2.4943660391058,NA,NA
"1500:142:249:2",0.022080058063093,3.46012980366611,NA,NA
"1500:143:140:1",0.292757912711547,1.86119713846252,NA,NA
"1500:143:140:2",0.529950599940245,1.35113869366588,NA,NA
"1500:143:141:1",0.532475986943249,2.01557243715151,NA,NA
"1500:143:141:2",0.339140924640635,0.976250841203819,NA,NA
"1500:143:142:1",0.710881954574617,1.33766799327443,NA,NA
"1500:143:142:2",0.081880215317303,1.09378275636441,NA,NA
"1500:143:143:1",0.112429678415568,0.673582137890272,NA,NA
"1500:143:143:2",0.01030402709611,0.697473617174309,NA,NA
"1500:143:144:1",0.06638415224511,0.949420592457987,NA,NA
"1500:143:144:2",0.037928612028743,0.884994486669893,NA,NA
"1500:143:245:1",0.065110824996847,0.244681225211247,NA,NA
"1500:143:245:2",0.16020802007473,0.836544915472424,NA,NA
"1500:143:246:1",0.15187599190627,0.407576556017529,NA,NA
"1500:143:246:2",0.11536709684038,0.178882100265729,NA,NA
"1500:143:247:1",0.023081908240098,0.229204498442654,NA,NA
"1500:143:247:2",0.050477887914284,0.092316515742441,NA,NA
"1500:143:248:1",0.149874735124613,0.507636628408183,NA,NA
"1500:143:248:2",0.110882100728481,0.531014291277309,NA,NA
"1500:143:249:1",0.320679689573098,0.420788790480703,NA,NA
"1500:143:249:2",0.437595675515801,0.771746147007655,NA,NA
"1500:144:140:1",0.343157874484436,0.812959203360029,NA,NA
"1500:144:140:2",0.175255907678694,0.623005903714151,NA,NA
"1500:144:141:1",0.1064318769147,0.3704514947729,NA,NA
"1500:144:141:2",0.028704075482021,1.57118476867969,NA,NA
"1500:144:142:1",0.04487059620984,1.54728440115537,NA,NA
"1500:144:142:2",0.005298573856216,2.760014181348,NA,NA
"1500:144:143:1",NA,3.70173653256942,NA,NA
"1500:144:143:2",NA,3.77775904569697,NA,NA
"1500:144:144:1",NA,3.13221171200038,NA,NA
"1500:144:144:2",0.038330360923662,1.19237304035212,NA,NA
"1500:144:245:1",0.049143036395968,0.818246645931243,NA,NA
"1500:144:245:2",0.051232585401251,1.4467096570517,NA,NA
"1500:144:246:1",0.047367173626102,1.15736261397189,NA,NA
"1500:144:246:2",0.116465842567484,0.552903127087646,NA,NA
"1500:144:247:1",0.324651502632635,0.516211307972791,NA,NA
"1500:144:247:2",0.134601818141139,0.06649448913021,NA,NA
"1500:144:248:1",0.017100226635955,0.01189820409627,NA,NA
"1500:144:248:2",0.02803822627476,0.035694612288811,NA,NA
"1500:144:249:1",0.21777216535278,0.19204774992595,NA,NA
"1500:144:249:2",0.349240609025289,NA,NA,NA
"1500:245:140:1",0.17165468435404,0.07787236590606,NA,NA
"1500:245:140:2",0.373036925969939,0.233935346906445,NA,NA
"1500:245:141:1",0.251799185860179,0.242630961887809,NA,NA
"1500:245:141:2",0.5365531496874,0.015422558253135,NA,NA
"1500:245:142:1",0.261701700239068,0.08225364401672,NA,NA
"1500:245:142:2",0.334410409040769,0.057577550811704,NA,NA
"1500:245:143:1",0.302007189818597,0.068622312782376,NA,NA
"1500:245:143:2",0.450603742513798,0.134136495781536,NA,NA
"1500:245:144:1",0.369503779568864,NA,NA,NA
"1500:245:144:2",0.902093035809247,0.237885263438417,NA,NA
"1500:245:245:1",0.604538440434159,0.341934470622573,NA,NA
"1500:245:245:2",0.858021988176728,0.260382305996949,NA,NA
"1500:245:246:1",0.923007037840436,0.223377654403527,NA,NA
"1500:245:246:2",0.848159430939883,0.412613566466328,NA,NA
"1500:245:247:1",1.13207716399977,0.509042200153997,NA,NA
"1500:245:247:2",1.93148293061594,1.21899450872392,NA,NA
"1500:245:248:1",1.43550990886403,0.565039464262146,NA,NA
"1500:245:248:2",1.22877467285559,1.86670222004458,NA,NA
"1500:245:249:1",1.58511599454385,1.38160115428072,NA,NA
"1500:245:249:2",0.844585285495836,0.633447532157889,NA,NA
"1500:246:140:1",0.306533557223509,0.320926288710278,NA,NA
"1500:246:140:2",1.4396844732154,1.27076263682632,NA,NA
"1500:246:141:1",1.00118273268714,0.825308223440645,NA,NA
"1500:246:141:2",0.998687656891271,0.109580175063184,NA,NA
"1500:246:142:1",1.16146320125606,0.143902124900728,NA,NA
"1500:246:142:2",1.18996174361712,NA,NA,NA
"1500:246:143:1",1.62479635443648,NA,NA,NA
"1500:246:143:2",2.78008469237466,0.07614760642802,NA,NA
"1500:246:144:1",2.02864217730396,0.07748352934781,NA,NA
"1500:246:144:2",1.94136438805103,0.450639039553796,NA,NA
"1500:246:245:1",1.27262968998601,0.069969172447662,NA,NA
"1500:246:245:2",1.14548676378148,0.173003694302142,NA,NA
"1500:246:246:1",0.729848215306745,NA,NA,NA
"1500:246:246:2",0.738505646454082,0.090705311018201,NA,0.300815495072388
"1500:246:247:1",0.497113080118002,0.080468006248983,NA,NA
"1500:246:247:2",0.710777335513082,NA,NA,NA
"1500:246:248:1",0.694037132218421,0.115164311496226,NA,NA
"1500:246:248:2",0.909671000857676,NA,NA,NA
"1500:246:249:1",0.95512305035549,NA,NA,NA
"1500:246:249:2",0.381185709000333,0.062136628688969,NA,NA
"1500:247:140:1",0.195483706313746,NA,NA,NA
"1500:247:140:2",0.396276170529292,0.038953081641929,NA,NA
"1500:247:141:1",0.165871019704937,NA,NA,NA
"1500:247:141:2",0.405683437675224,0.036100702190242,NA,NA
"1500:247:142:1",0.089293409190219,0.167868265184623,NA,NA
"1500:247:142:2",0.029700795327154,NA,NA,NA
"1500:247:143:1",0.055603046715424,NA,NA,NA
"1500:247:143:2",0.021582301844417,NA,NA,NA
"1500:247:144:1",0.046756584547487,NA,NA,0.288108805218422
"1500:247:144:2",0.037852318908534,NA,NA,0.893034809238593
"1500:247:245:1",0.115455600773671,NA,NA,2.05860480871203
"1500:247:245:2",0.298775006494093,NA,NA,1.49167595677899
"1500:247:246:1",0.267143171486646,NA,NA,NA
"1500:247:246:2",NA,NA,NA,NA
"1500:247:247:1",NA,NA,NA,NA
"1500:247:247:2",0.576846197988642,NA,NA,NA
"1500:247:248:1",1.24956414853743,NA,NA,NA
"1500:247:248:2",1.14910345989642,NA,NA,NA
"1500:247:249:1",1.38229752819749,NA,NA,NA
"1500:247:249:2",1.44563987590363,0.037452078467347,NA,NA
"7500:140:134:3",NA,0.237518721456945,0.006980383187983,NA
"7500:140:133:4",NA,0.142511232874167,0.017450957969959,NA
"7500:140:133:3",NA,NA,0.045372490721892,NA
"7500:140:132:4",NA,NA,0.460585601513357,NA
"7500:140:132:3",NA,NA,1.31119909482054,NA
"7500:140:131:4",NA,0.142511232874167,1.1937797355189,NA
"7500:140:131:3",NA,NA,1.37574683299395,NA
"7500:140:130:4",NA,0.005185326155875,0.580271384377196,NA
"7500:140:130:3",NA,0.039374556090175,0.196334911134015,NA
"1500:140:130:3",NA,0.191796491527249,NA,NA
"1500:140:130:4",NA,0.275440163910809,NA,NA
"1500:140:131:3",NA,0.333373941249459,NA,NA
"1500:140:131:4",NA,0.098496966465576,NA,NA
"1500:140:132:3",NA,0.022558285574198,NA,NA
"1500:140:132:4",NA,0.066980504622341,NA,NA
"1500:140:133:3",NA,0.01394644828007,NA,NA
"1500:140:133:4",NA,0.009836500148132,NA,NA
"1500:140:134:3",NA,0.009463436853938,NA,NA
"1500:140:134:4",NA,0.029841449665973,NA,NA
"1500:140:235:3",NA,0.16310249489729,NA,NA
"1500:140:235:4",NA,0.461894666023467,NA,NA
"1500:140:236:3",NA,0.520324509534085,NA,NA
"1500:140:236:4",NA,0.65023032956639,NA,NA
"1500:140:237:3",NA,0.317800813625974,NA,NA
"1500:140:237:4",NA,0.122687574409462,NA,NA
"1500:140:238:3",NA,0.066750615215212,NA,NA
"1500:140:238:4",NA,0.008410208497534,NA,NA
"1500:140:239:3",NA,NA,NA,NA
"1500:140:239:4",NA,0.105009568291943,NA,NA
"1500:141:130:3",NA,0.078995131704384,NA,NA
"1500:141:130:4",NA,0.093460148366283,NA,NA
"1500:141:131:3",NA,0.105009568291943,NA,NA
"1500:141:131:4",0.021098634309595,NA,NA,NA
"1500:141:132:3",NA,NA,NA,NA
"1500:141:132:4",0.04168266778237,0.097628802418486,NA,NA
"1500:141:133:3",NA,NA,NA,NA
"1500:141:133:4",0.020584033472775,NA,NA,NA
"1500:141:134:3",0.04168266778237,NA,NA,NA
"1500:141:134:4",0.061752100418327,0.097628802418486,NA,NA
"1500:141:235:3",0.087619941258871,0.140190222549425,NA,NA
"1500:141:235:4",0.082850734727921,0.286447944853991,NA,NA
"1500:141:236:3",0.06635569203649,1.09461816210305,NA,NA
"1500:141:236:4",0.024838639166906,1.1519005861401,NA,NA
"1500:141:237:3",0.145746559827484,0.177184864611079,NA,NA
"1500:141:237:4",NA,0.610372649000411,NA,NA
"1500:141:238:3",NA,0.675486835220853,NA,NA
"1500:141:238:4",0.033409311346045,0.508273013838975,NA,0.292806219147125
"1500:141:239:3",0.033874022795018,0.361189171579076,NA,0.287757836058382
"1500:141:239:4",0.033409311346045,0.151374312565229,NA,NA
"1500:142:130:3",0.033409311346045,0.307491116469838,NA,0.305720082752212
"1500:142:130:4",NA,NA,NA,0.606169129594903
"1500:142:131:3",0.022272874230697,NA,NA,NA
"1500:142:131:4",NA,0.096735391369037,NA,0.305720082752212
"1500:142:132:3",NA,0.931239174805448,NA,0.907861030764025
"1500:142:132:4",0.03515049770342,1.58319638958433,NA,NA
"1500:142:133:3",0.016539870388885,1.72076822986979,NA,NA
"1500:142:133:4",0.061250404134416,2.90866715356024,NA,NA
"1500:142:134:3",0.02761499311637,1.85602558661574,NA,NA
"1500:142:134:4",NA,2.39265507011729,NA,0.31691628842727
"1500:142:235:3",0.033318710945919,2.20046115373271,NA,NA
"1500:142:235:4",0.02875274823292,2.07814061673872,NA,NA
"1500:142:236:3",NA,1.93233380975675,NA,NA
"1500:142:236:4",0.058624651711716,2.03177509212803,NA,NA
"1500:142:237:3",0.026188128115735,1.71985456041155,NA,NA
"1500:142:237:4",0.036222316151659,2.33495771423226,NA,NA
"1500:142:238:3",0.058073322698753,2.22521988504728,NA,NA
"1500:142:238:4",NA,2.60920576074814,NA,NA
"1500:142:239:3",0.026647568959871,1.59676831047844,NA,0.299100720133367
"1500:142:239:4",0.329922768541095,2.34829022411601,NA,NA
"1500:143:130:3",0.739381213406552,2.82610323064092,NA,NA
"1500:143:130:4",0.666958532165787,2.63311684164452,NA,NA
"1500:143:131:3",0.583081581355741,2.12412231633223,NA,NA
"1500:143:131:4",0.868874733131546,2.18596596232409,NA,NA
"1500:143:132:3",0.994731580299646,1.54516923431767,NA,NA
"1500:143:132:4",0.422803432733524,2.13198156370724,NA,NA
"1500:143:133:3",0.339232698416043,2.24140797410586,NA,NA
"1500:143:133:4",0.2754238711646,0.461856259260262,NA,NA
"1500:143:134:3",0.351472245763814,0.654259461644367,NA,NA
"1500:143:134:4",0.151063335001585,0.406107682510005,NA,NA
"1500:143:235:3",0.168391833882198,0.199413459103704,NA,NA
"1500:143:235:4",0.19627073102629,0.746494760962135,NA,NA
"1500:143:236:3",0.544169007784873,0.285116860861372,NA,NA
"1500:143:236:4",0.442734350656167,NA,NA,NA
"1500:143:237:3",0.539403238096224,NA,NA,NA
"1500:143:237:4",0.497213794762389,0.371630187300552,NA,NA
"1500:143:238:3",0.04809577685346,0.907919318426347,NA,NA
"1500:143:238:4",0.298573427952979,0.282526032630718,NA,NA
"1500:143:239:3",0.381801614995976,0.785474371267969,NA,NA
"1500:143:239:4",0.358284996985924,1.14219267023189,NA,NA
"1500:144:130:3",0.287115330583201,0.438138364665989,NA,NA
"1500:144:130:4",0.121181973511582,1.16728821298954,NA,NA
"1500:144:131:3",0.077748471590344,0.631198787689107,NA,NA
"1500:144:131:4",0.048733076353511,0.455422461553645,NA,NA
"1500:144:132:3",0.023551416756038,1.41278148968062,NA,NA
"1500:144:132:4",0.004947919743958,3.13756337139743,NA,NA
"1500:144:133:3",0.080189266535144,5.25013999629769,NA,NA
"1500:144:133:4",0.041173234855166,5.26942522421198,NA,NA
"1500:144:134:3",0.083189094035279,2.16377227855954,NA,NA
"1500:144:134:4",0.153198333846463,3.64565704590476,NA,NA
"1500:144:235:3",0.167760009712808,2.26353414678554,NA,NA
"1500:144:235:4",0.177438106464549,1.62242125619516,NA,NA
"1500:144:236:3",0.20955897181788,1.60003878720008,NA,NA
"1500:144:236:4",0.200154138926331,1.03132466427308,NA,NA
"1500:144:237:3",0.174171906171048,0.345244249708289,NA,NA
"1500:144:237:4",0.145043471840253,0.139095084936984,NA,NA
"1500:144:238:3",0.176583332932909,0.393036041670719,NA,NA
"1500:144:238:4",0.122119184593125,0.030017370957776,NA,NA
"1500:144:239:3",0.230641434923765,0.081274830655775,NA,NA
"1500:144:239:4",0.157660048743992,0.298448465135708,NA,NA
"1500:245:130:3",0.115818992571065,0.684262401005916,NA,NA
"1500:245:130:4",0.442673455378689,1.70022065132133,NA,NA
"1500:245:131:3",0.479796417607593,2.43973787119983,NA,NA
"1500:245:131:4",0.321227684627575,1.05247605500867,NA,NA
"1500:245:132:3",0.427467649652112,1.32557885263862,NA,NA
"1500:245:132:4",0.526616734599356,0.313662847909417,NA,NA
"1500:245:133:3",0.664855088908603,0.021126595395502,NA,NA
"1500:245:133:4",0.757167502667899,0.308938498978474,NA,NA
"1500:245:134:3",0.80942677583635,0.426610903264286,NA,NA
"1500:245:134:4",0.392760486964795,1.11530762746592,NA,NA
"1500:245:235:3",0.607058132183597,0.595178344796038,NA,NA
"1500:245:235:4",0.766357551128025,0.344935964082643,NA,NA
"1500:245:236:3",0.853908970684595,0.842047712183027,NA,NA
"1500:245:236:4",1.16379040667657,1.1421392733461,NA,NA
"1500:245:237:3",1.19819733868373,1.31139663497948,NA,NA
"1500:245:237:4",1.24627261720658,1.40423865666846,NA,NA
"1500:245:238:3",0.728117464592885,0.999176516932828,NA,NA
"1500:245:238:4",0.355943063106496,0.258092702604028,NA,NA
"1500:245:239:3",0.06831413781148,0.047113437440695,NA,NA
"1500:245:239:4",NA,NA,NA,NA
"1500:246:130:3",0.122946369890715,0.069790000711657,NA,NA
"1500:246:130:4",2.36771061765914,1.08439198442756,NA,NA
"1500:246:131:3",1.34028716925725,1.00638849563984,NA,NA
"1500:246:131:4",1.30618230091014,0.038799301421749,NA,NA
"1500:246:132:3",1.80591578523387,0.081702809728107,NA,NA
"1500:246:132:4",1.66171198945611,0.147468220123176,NA,NA
"1500:246:133:3",2.25051070515053,0.061103598164282,NA,NA
"1500:246:133:4",1.91404627300271,NA,NA,NA
"1500:246:134:3",1.73095941634514,NA,NA,NA
"1500:246:134:4",1.37858427028983,0.18649444599207,NA,NA
"1500:246:235:3",1.52873269272488,NA,NA,NA
"1500:246:235:4",0.96830440015602,0.077389140253414,NA,NA
"1500:246:236:3",0.553607099084404,NA,NA,NA
"1500:246:236:4",0.777546318844005,NA,NA,NA
"1500:246:237:3",0.849191045255414,NA,NA,NA
"1500:246:237:4",0.837794352313496,0.044161858021402,NA,NA
"1500:246:238:3",0.6779311136675,0.117324500731685,NA,NA
"1500:246:238:4",0.79308324897563,0.061791294185033,NA,NA
"1500:246:239:3",0.585697972094143,0.041194196123355,NA,NA
"1500:246:239:4",0.510345512488829,0.065016217538735,NA,NA
"1500:247:130:3",0.316359871779264,0.136542364273707,NA,NA
"1500:247:130:4",0.390503721810738,0.076180554674797,NA,NA
"1500:247:131:3",0.577026838932544,0.031858352660235,NA,NA
"1500:247:131:4",0.416475728561777,0.299608040159976,NA,NA
"1500:247:132:3",0.562726035922621,0.187572292850669,NA,NA
"1500:247:132:4",0.242445103145818,0.307716074171138,NA,NA
"1500:247:133:3",0.100248398685181,NA,NA,NA
"1500:247:133:4",0.057085846208067,NA,NA,NA
"1500:247:134:3",0.013659700505925,NA,NA,1.38325696631573
"1500:247:134:4",0.145795799575368,0.081992015514051,NA,0.363483582389535
"1500:247:235:3",0.358291741871947,NA,NA,2.40507322874717
"1500:247:235:4",0.529631561380992,NA,NA,0.868321891263889
"1500:247:236:3",0.242728599945471,NA,NA,NA
"1500:247:236:4",0.007775891659864,NA,NA,NA
"1500:247:237:3",0.133799300252517,NA,NA,NA
"1500:247:237:4",1.30030897794892,NA,NA,NA
"1500:247:238:3",3.44908736765237,0.035206075288061,NA,NA
"1500:247:238:4",3.2099877974227,NA,NA,NA
"1500:247:239:3",2.93825524339879,NA,NA,NA
"1500:247:239:4",2.59048560273843,0.035206075288061,NA,NA
"7500:140:133:2",NA,0.117626498402245,0.010632140568888,NA
"7500:140:133:1",NA,NA,0.188967416395133,NA
"7500:140:132:2",NA,NA,0.041831372730053,NA
"7500:140:132:1",NA,0.047445982548805,0.48769861186006,NA
"7500:140:131:2",NA,NA,1.36950166931349,NA
"7500:140:131:1",NA,0.071168973823207,1.4891630714235,NA
"7500:140:130:2",NA,NA,1.23869838512735,NA
"7500:140:130:1",NA,NA,1.00055022418289,NA
"1500:140:130:1",NA,0.017303738742178,0.200681860734656,NA
"1500:140:130:2",NA,0.11970277058076,0.031373529547539,NA
"1500:140:131:1",0,0.213984540358837,0.044191649837217,NA
"1500:140:131:2",NA,0.469137028695262,NA,NA
"1500:140:132:1",NA,0.183480133250097,NA,NA
"1500:140:132:2",NA,0.010854163392821,NA,NA
"1500:140:133:1",NA,0.038029232265441,NA,NA
"1500:140:133:2",NA,0.035903389117589,NA,NA
"1500:140:134:1",NA,0.107794391872059,NA,NA
"1500:140:134:2",NA,0.325484369435002,NA,NA
"1500:140:235:1",NA,0.287054361882018,NA,NA
"1500:140:235:2",NA,0.32978862105709,NA,NA
"1500:140:236:1",NA,0.447661867605138,NA,NA
"1500:140:236:2",NA,0.447781853130506,NA,NA
"1500:140:237:1",NA,0.176862979741857,NA,NA
"1500:140:237:2",NA,0.054108142655027,NA,NA
"1500:140:238:1",NA,0.087629406880732,NA,NA
"1500:140:238:2",NA,0.155465306827535,NA,NA
"1500:140:239:1",NA,0.067614239220219,NA,NA
"1500:140:239:2",NA,0.052629920544835,NA,NA
"1500:141:130:1",NA,0.016537889944957,NA,NA
"1500:141:130:2",NA,NA,NA,NA
"1500:141:131:1",NA,NA,NA,NA
"1500:141:131:2",NA,0.097510091570778,NA,NA
"1500:141:132:1",NA,0.140019759532908,NA,NA
"1500:141:132:2",0.021072979618537,0.077898034481927,NA,NA
"1500:141:133:1",0.02055900450589,0.079128400145319,NA,NA
"1500:141:133:2",NA,NA,NA,NA
"1500:141:134:1",0.082749993136208,0.163267761601675,NA,NA
"1500:141:134:2",0.066199994508966,NA,NA,NA
"1500:141:235:1",0.21075035518988,0.065551176793502,NA,NA
"1500:141:235:2",0.04111800901178,NA,NA,NA
"1500:141:236:1",0.060415309008085,0.140019759532908,NA,NA
"1500:141:236:2",NA,NA,NA,NA
"1500:141:237:1",0.028766067790047,0.104881882869604,NA,NA
"1500:141:237:2",NA,0.170470368093066,NA,NA
"1500:141:238:1",NA,NA,NA,NA
"1500:141:238:2",NA,NA,NA,NA
"1500:141:239:1",NA,NA,NA,NA
"1500:141:239:2",NA,0.247302066730322,NA,NA
"1500:142:130:1",0.033368687600051,0.065503570750039,NA,NA
"1500:142:130:2",0.163138006608181,0.055785044048347,NA,NA
"1500:142:131:1",0.127732321996062,NA,NA,NA
"1500:142:131:2",0.197682937334274,0.203281008883281,NA,0.292450184107998
"1500:142:132:1",0.044690939083449,0.123684120920736,NA,0.539887636268197
"1500:142:132:2",0.104338445780159,0.355741765545742,NA,2.05486840190955
"1500:142:133:1",0.002845069585758,0.362040969697327,NA,1.21104000198665
"1500:142:133:2",0.060859612283184,1.84341136483308,NA,0.622510842708311
"1500:142:134:1",0.158302493603303,0.777944439681699,NA,0.316530936970328
"1500:142:134:2",0.032799155080324,1.93395137901915,NA,NA
"1500:142:235:1",0.019273052032552,4.17760858147348,NA,NA
"1500:142:235:2",NA,1.63749449090215,NA,NA
"1500:142:236:1",NA,1.57200683853447,NA,NA
"1500:142:236:2",NA,2.39728146549246,NA,NA
"1500:142:237:1",NA,1.56025930729707,NA,NA
"1500:142:237:2",0.004240071447161,0.857949601755468,NA,0.284246646015812
"1500:142:238:1",0.099023187789041,1.5576568391188,NA,NA
"1500:142:238:2",0.005965468486266,0.596114679282127,NA,NA
"1500:142:239:1",0.056304844866526,0.822495794384963,NA,0.146919851485301
"1500:142:239:2",0.493233987040335,1.70499910678764,NA,NA
"1500:143:130:1",0.202419490020793,1.34053591609521,NA,NA
"1500:143:130:2",0.173029178247798,1.38942694934378,NA,NA
"1500:143:131:1",0.198511687483573,2.00837985386921,NA,NA
"1500:143:131:2",0.080763265660217,0.722911774289419,NA,0.075821484985048
"1500:143:132:1",0.147009395255643,0.911798512625995,NA,NA
"1500:143:132:2",0.296975443258047,0.935417634408812,NA,0.606684295859795
"1500:143:133:1",0.087462945652485,0.424549502895285,NA,0.292450184107998
"1500:143:133:2",0.083975440998975,0.081420761798168,NA,NA
"1500:143:134:1",0.052771451993892,0.105788972400813,NA,NA
"1500:143:134:2",0.045197268068263,0.358511396174239,NA,NA
"1500:143:235:1",NA,NA,NA,NA
"1500:143:235:2",NA,0.250406590254649,NA,NA
"1500:143:236:1",0.303279304359977,0.119644300691969,NA,NA
"1500:143:236:2",1.06744172396394,NA,NA,NA
"1500:143:237:1",1.01791421378123,0.488085304997613,NA,NA
"1500:143:237:2",0.800948027142921,0.362368698428925,NA,NA
"1500:143:238:1",0.432629478587562,0.48099320209019,NA,NA
"1500:143:238:2",0.542259272060371,0.209957387643254,NA,NA
"1500:143:239:1",0.369305608812148,0.673613657661611,NA,NA
"1500:143:239:2",0.330185591331667,0.640595079184333,NA,NA
"1500:144:130:1",0.312204970878831,0.578523158715271,NA,NA
"1500:144:130:2",0.319702625867894,0.596608138065985,NA,NA
"1500:144:131:1",0.222183478779855,0.955933637841588,NA,NA
"1500:144:131:2",0.044575909096134,0.7388065184149,NA,NA
"1500:144:132:1",0.011774771176753,3.37082390822584,NA,NA
"1500:144:132:2",0.009758186439454,4.68246536352908,NA,NA
"1500:144:133:1",0.055065862950148,5.06864645451091,NA,NA
"1500:144:133:2",0.076969564925565,5.19990187132721,NA,NA
"1500:144:134:1",0.012092580178202,3.76441614094555,NA,NA
"1500:144:134:2",0.040502225127536,2.92244166130869,NA,NA
"1500:144:235:1",0.036196627245897,2.60735253360149,NA,NA
"1500:144:235:2",0.034875046535094,1.77008084028498,NA,NA
"1500:144:236:1",0.09914010450838,2.44995652424174,NA,NA
"1500:144:236:2",0.260375573780162,1.11348209173157,NA,NA
"1500:144:237:1",0.334828737678256,0.642582014885157,NA,NA
"1500:144:237:2",0.375585471951649,0.689728075498172,NA,NA
"1500:144:238:1",0.156817416674671,0.126171124016744,NA,NA
"1500:144:238:2",0.053013468903248,NA,NA,NA
"1500:144:239:1",0.183254503935311,0.110770487213017,NA,NA
"1500:144:239:2",0.161590734962214,0.585432794942637,NA,NA
"1500:245:130:1",0.529045854128752,0.592374013258065,NA,NA
"1500:245:130:2",0.421248615884694,2.33466036706991,NA,NA
"1500:245:131:1",0.517469922075622,3.2917550928554,NA,NA
"1500:245:131:2",0.407446093216198,4.6332575123101,NA,NA
"1500:245:132:1",0.722557523278092,4.38199593132435,NA,NA
"1500:245:132:2",0.627322002578289,2.83258059812776,NA,NA
"1500:245:133:1",0.634287438813992,1.13873985202401,NA,NA
"1500:245:133:2",1.01368669551585,0.777668823296499,NA,NA
"1500:245:134:1",0.673067146974328,0.848812762134793,NA,NA
"1500:245:134:2",0.769677957820021,0.707244535083434,NA,NA
"1500:245:235:1",0.812773624779887,1.4095769203963,NA,NA
"1500:245:235:2",1.00772732229553,0.748459357019843,NA,NA
"1500:245:236:1",1.17199435332917,0.447750092613294,NA,NA
"1500:245:236:2",0.718125274784495,0.714843647658529,NA,NA
"1500:245:237:1",1.06286739035798,0.226313596384964,NA,NA
"1500:245:237:2",0.993932328877002,0.373484937976192,NA,NA
"1500:245:238:1",0.288001259040643,NA,NA,NA
"1500:245:238:2",0.063740361488018,NA,NA,NA
"1500:245:239:1",NA,NA,NA,NA
"1500:245:239:2",NA,NA,NA,NA
"1500:246:130:1",0.177770960890727,NA,NA,NA
"1500:246:130:2",2.47263157549498,1.09543417882247,NA,NA
"1500:246:131:1",1.72686582045008,0.783572720442953,NA,NA
"1500:246:131:2",1.79023962096433,0.061811199427233,NA,NA
"1500:246:132:1",1.5720022105291,0.043411049282751,NA,NA
"1500:246:132:2",1.43714040079072,0.075398138227936,NA,NA
"1500:246:133:1",1.6445027253256,0.077682930295449,NA,NA
"1500:246:133:2",2.01782973920345,0.029702296877672,NA,NA
"1500:246:134:1",1.44372358475489,NA,NA,NA
"1500:246:134:2",1.04436993675003,NA,NA,NA
"1500:246:235:1",1.15116554270567,NA,NA,NA
"1500:246:235:2",1.33642717175854,NA,NA,NA
"1500:246:236:1",0.950525999376903,NA,NA,NA
"1500:246:236:2",0.445923591301137,NA,NA,NA
"1500:246:237:1",0.740537000877346,NA,NA,NA
"1500:246:237:2",0.829795528352612,0.11718184108009,NA,0.540414539186594
"1500:246:238:1",0.85812934775905,0.152628794611257,NA,0.287884380688185
"1500:246:238:2",0.925276177475176,0.077716645456317,NA,NA
"1500:246:239:1",0.65814750446794,0.07141261967382,NA,NA
"1500:246:239:2",0.643423727926658,0.032000971658484,NA,NA
"1500:247:130:1",0.600080041105778,0.225994132035592,NA,NA
"1500:247:130:2",0.455020293940437,0.349640482668712,NA,NA
"1500:247:131:1",0.877653307901532,0.283152363339605,NA,NA
"1500:247:131:2",0.772345188464701,0.513070684726493,NA,NA
"1500:247:132:1",1.26109389225127,0.26222929956425,NA,NA
"1500:247:132:2",0.682946022246693,0.123330693398381,NA,NA
"1500:247:133:1",0.406361774938713,0.682121995323406,NA,NA
"1500:247:133:2",0.405840411190459,0.206800414469589,NA,NA
"1500:247:134:1",0.294408706960395,0.062497428322857,NA,NA
"1500:247:134:2",0.207644377242033,NA,NA,NA
"1500:247:235:1",0.499823161111501,NA,NA,0.574815879108825
"1500:247:235:2",0.696434279488251,NA,NA,0.287407939554413
"1500:247:236:1",0.68657601704002,NA,NA,NA
"1500:247:236:2",0.516711499575944,NA,NA,NA
"1500:247:237:1",0.609389750487944,NA,NA,NA
"1500:247:237:2",1.1110196323934,0.032965562609452,NA,NA
"1500:247:238:1",1.25287027943488,NA,NA,NA
"1500:247:238:2",0.936413432240586,NA,NA,NA
"1500:247:239:1",0.51176028107011,NA,NA,NA
"1500:247:239:2",1.10556507496,NA,NA,NA
"7500:140:123:4",NA,NA,NA,NA
"7500:140:123:3",NA,0.150626080908346,0.066152619529135,NA
"7500:140:122:4",NA,0.087295489386903,0.06545627616567,NA
"7500:140:122:3",NA,0.234411873714122,0.010445150451969,NA
"7500:140:121:4",NA,0.330097560612753,0.06998250802819,NA
"7500:140:121:3",NA,0.340859325897485,0.400530070823267,NA
"7500:140:120:4",NA,0.294070703010297,0.931673578525183,NA
"7500:140:120:3",NA,0.105604059280334,0.560152524670081,NA
"1500:140:120:3",NA,NA,0.179615967744325,NA
"1500:140:120:4",NA,0.053999740775628,0.052312795180276,NA
"1500:140:121:3",NA,0.171068347335444,0.097052856282875,NA
"1500:140:121:4",NA,0.346440475943664,0.063434946124502,NA
"1500:140:122:3",NA,0.360403970781138,0.014681239246378,NA
"1500:140:122:4",NA,0.181217917536453,NA,NA
"1500:140:123:3",NA,0.031930763262583,NA,NA
"1500:140:123:4",NA,NA,NA,NA
"1500:140:124:3",NA,0.245165026096372,NA,NA
"1500:140:124:4",NA,0.216575374867783,NA,NA
"1500:140:225:3",NA,0.40421055536411,NA,NA
"1500:140:225:4",NA,0.321411512212039,NA,NA
"1500:140:226:3",NA,0.323652834278958,NA,NA
"1500:140:226:4",NA,0.026309426739609,NA,NA
"1500:140:227:3",NA,0.272913773877862,NA,NA
"1500:140:227:4",NA,0.388751292448443,NA,NA
"1500:140:228:3",NA,0.373118769050977,NA,NA
"1500:140:228:4",NA,0.325383149506497,NA,NA
"1500:140:229:3",NA,0.163515345165374,NA,NA
"1500:140:229:4",NA,0.101065782441303,NA,NA
"1500:141:120:3",NA,0.012328689178686,NA,NA
"1500:141:120:4",NA,0.029455183826715,NA,NA
"1500:141:121:3",NA,0.119721827800732,NA,NA
"1500:141:121:4",NA,0.069836391509522,NA,NA
"1500:141:122:3",NA,NA,NA,NA
"1500:141:122:4",NA,NA,NA,NA
"1500:141:123:3",NA,NA,NA,NA
"1500:141:123:4",NA,0.120037759532617,NA,NA
"1500:141:124:3",NA,NA,NA,NA
"1500:141:124:4",0.028599495219688,NA,NA,NA
"1500:141:225:3",0.116068728653886,0.08115978595098,NA,NA
"1500:141:225:4",0.102670259755759,NA,NA,NA
"1500:141:226:3",0.170531941262715,NA,NA,NA
"1500:141:226:4",0.041581455201082,NA,NA,NA
"1500:141:227:3",0.041581455201082,NA,NA,NA
"1500:141:227:4",NA,NA,NA,NA
"1500:141:228:3",NA,NA,NA,NA
"1500:141:228:4",NA,0.104754587264283,NA,NA
"1500:141:229:3",NA,0.205958348748537,NA,NA
"1500:141:229:4",NA,NA,NA,NA
"1500:142:120:3",NA,NA,NA,NA
"1500:142:120:4",0.14112404553854,NA,NA,NA
"1500:142:121:3",0.28923775270113,NA,NA,NA
"1500:142:121:4",0.154002208198051,NA,NA,NA
"1500:142:122:3",0.213120805899442,NA,NA,NA
"1500:142:122:4",0.354853756886726,NA,NA,NA
"1500:142:123:3",0.246869704147999,0.152275714367491,NA,0.300339423872963
"1500:142:123:4",0.363636457869879,0.662990513793671,NA,NA
"1500:142:124:3",0.319967578466713,0.540209760179157,NA,NA
"1500:142:124:4",0.334948664703296,0.159684157362677,NA,NA
"1500:142:225:3",0.246389233357926,1.13096067690503,NA,NA
"1500:142:225:4",0.212269844322174,0.567683943859824,NA,NA
"1500:142:226:3",0.160464342011604,1.18840112650452,NA,NA
"1500:142:226:4",0.020534051951152,0.948185128505112,NA,NA
"1500:142:227:3",0.045099204000276,1.71546117374563,NA,0.28888238538633
"1500:142:227:4",0.090290073049334,2.02900150716898,NA,NA
"1500:142:228:3",0.727917707827816,1.45061585383693,NA,0.300339423872963
"1500:142:228:4",0.25502744321701,1.30704166350305,NA,2.77347206967867
"1500:142:229:3",0.088525520860299,1.49304194113632,NA,1.23035226437756
"1500:142:229:4",0.128031978934849,1.13119157408569,NA,2.83556221799702
"1500:143:120:3",0.080665242927324,0.770739693804756,NA,5.33779115638815
"1500:143:120:4",0.100398543008566,0.409938168124535,NA,2.3510856530526
"1500:143:121:3",0.061598912780865,0.113706979661777,NA,1.27836777435454
"1500:143:121:4",0.194329903415825,NA,NA,0.285308179936276
"1500:143:122:3",0.264581996801621,0.141961894088646,NA,0.877049679289869
"1500:143:122:4",0.365997149888116,NA,NA,1.34923842753446
"1500:143:123:3",0.274925049541139,0.098527957791444,NA,0.055740283818901
"1500:143:123:4",0.204789587340995,0.626614625784992,NA,NA
"1500:143:124:3",0.058023975878404,0.396001552044235,NA,NA
"1500:143:124:4",0.086113834397864,0.108203286626438,NA,NA
"1500:143:225:3",NA,NA,NA,NA
"1500:143:225:4",0.058023975878404,0.154984795432287,NA,NA
"1500:143:226:3",NA,0.183286586313658,NA,NA
"1500:143:226:4",0.132590936956808,0.19301335179945,NA,NA
"1500:143:227:3",0.30273611342544,0.027604143104667,NA,NA
"1500:143:227:4",0.359863365543451,0.363534240995524,NA,NA
"1500:143:228:3",0.261314894502583,0.917224561318499,NA,NA
"1500:143:228:4",0.324398615834023,0.88426379179964,NA,NA
"1500:143:229:3",0.263888038557017,0.390159053124989,NA,NA
"1500:143:229:4",0.294873846474642,1.2743097009845,NA,NA
"1500:144:120:3",0.245700663735299,0.403489972554498,NA,NA
"1500:144:120:4",0.024764504197268,0.517218332605771,NA,NA
"1500:144:121:3",0.088858569445524,0.900579884436962,NA,NA
"1500:144:121:4",0.079306583521423,0.986536668429066,NA,NA
"1500:144:122:3",0.094500724585442,2.82105571844977,NA,NA
"1500:144:122:4",0.034322250592099,5.05066904902416,NA,NA
"1500:144:123:3",0.056981491780431,5.38573086266855,NA,NA
"1500:144:123:4",0.09087293550001,3.4596264734646,NA,NA
"1500:144:124:3",0.020430911307169,2.15191589008979,NA,NA
"1500:144:124:4",0.020159175346548,2.05025306657241,NA,NA
"1500:144:225:3",0.029112181745995,3.49658039113386,NA,NA
"1500:144:225:4",0.078573576490307,3.25284430205892,NA,NA
"1500:144:226:3",0.090463768114931,3.02025826207212,NA,NA
"1500:144:226:4",0.102528538104079,1.49494996974723,NA,NA
"1500:144:227:3",0.096212401258897,1.76036093177972,NA,NA
"1500:144:227:4",0.163784025390398,1.12283632661372,NA,NA
"1500:144:228:3",0.038663648307252,1.08688133183741,NA,NA
"1500:144:228:4",0.12321832324948,0.663078904243025,NA,NA
"1500:144:229:3",0.353205699689144,0.905822961961065,NA,NA
"1500:144:229:4",0.265992553621709,0.552672937453667,NA,NA
"1500:245:120:3",0.329499633447832,1.30811343461997,NA,NA
"1500:245:120:4",0.485447151295577,0.92662179671352,NA,NA
"1500:245:121:3",0.446483999085334,0.456294337587961,NA,NA
"1500:245:121:4",0.79242648051585,0.771847396297137,NA,NA
"1500:245:122:3",0.549546235887211,1.52464046980497,NA,NA
"1500:245:122:4",0.647398919905359,0.89508675146053,NA,NA
"1500:245:123:3",1.10495835661281,0.673727105049953,NA,NA
"1500:245:123:4",1.0759745582907,0.754177188914283,NA,NA
"1500:245:124:3",0.783998406977281,0.680286359066478,NA,NA
"1500:245:124:4",1.28756422583318,0.312474099732587,NA,NA
"1500:245:225:3",1.51053647732715,0.125208683235641,NA,NA
"1500:245:225:4",0.972427700445283,0.206904724150298,NA,0.304977742581268
"1500:245:226:3",0.93071102480849,0.07413418590063,NA,NA
"1500:245:226:4",0.710207479071621,0.064660007706447,NA,NA
"1500:245:227:3",0.856182414656685,0.380627581988952,NA,NA
"1500:245:227:4",0.948905204600742,0.052162994726108,NA,NA
"1500:245:228:3",0.700834583409382,NA,NA,NA
"1500:245:228:4",0.659598555683416,0.025497844438485,NA,NA
"1500:245:229:3",0.691578403195381,0.105978223009569,NA,NA
"1500:245:229:4",1.30148234704362,0.053111600005724,NA,NA
"1500:246:120:3",1.41440571111277,0.431866028359149,NA,NA
"1500:246:120:4",2.41277975652753,1.17182114663507,NA,NA
"1500:246:121:3",2.76865950450126,0.524513181882471,NA,NA
"1500:246:121:4",1.59986402114617,0.084434703195032,NA,NA
"1500:246:122:3",1.60783615224801,NA,NA,NA
"1500:246:122:4",1.68109147159448,NA,NA,NA
"1500:246:123:3",1.27040653827598,NA,NA,NA
"1500:246:123:4",1.38570239406533,NA,NA,NA
"1500:246:124:3",1.38741527685657,NA,NA,NA
"1500:246:124:4",0.99652456992032,NA,NA,NA
"1500:246:225:3",0.843231945046594,NA,NA,NA
"1500:246:225:4",0.790179191074073,NA,NA,NA
"1500:246:226:3",0.669174640125573,NA,NA,NA
"1500:246:226:4",0.846863125295508,NA,NA,NA
"1500:246:227:3",0.961938939814606,NA,NA,NA
"1500:246:227:4",0.962843286184334,NA,NA,NA
"1500:246:228:3",1.51872962612738,NA,NA,0.292579447372065
"1500:246:228:4",1.54786255108022,0.034245141361697,NA,0.292579447372065
"1500:246:229:3",1.06274997872912,NA,NA,NA
"1500:246:229:4",1.66185709798235,NA,NA,0.293778705819999
"1500:247:120:3",1.10976298570193,0.045401421687112,NA,NA
"1500:247:120:4",0.698349628963476,0.206161493641235,NA,NA
"1500:247:121:3",1.01985239812151,0.373201231200247,NA,NA
"1500:247:121:4",1.22051016680381,0.054768456126507,NA,NA
"1500:247:122:3",1.50394038606774,0.140829667543462,NA,NA
"1500:247:122:4",1.10471042291947,0.176258113191634,NA,NA
"1500:247:123:3",1.16222214002439,0.578473940593818,NA,NA
"1500:247:123:4",1.07001675216383,0.544132668848271,NA,NA
"1500:247:124:3",0.878468813299154,0.631292515732968,NA,NA
"1500:247:124:4",0.765609053682865,0.442387447950857,NA,NA
"1500:247:225:3",0.075881873661779,0.223938289565306,NA,NA
"1500:247:225:4",0.36598898931616,0.139153202788061,NA,NA
"1500:247:226:3",0.823216798939153,0.23391836193678,NA,NA
"1500:247:226:4",0.961949498443103,0.2070640923154,NA,NA
"1500:247:227:3",1.05116803267383,0.021968429848603,NA,NA
"1500:247:227:4",0.890562554061514,0.044689849014083,NA,NA
"1500:247:228:3",0.812458752688185,NA,NA,NA
"1500:247:228:4",0.866862843202147,NA,NA,NA
"1500:247:229:3",1.37453717521363,NA,NA,NA
"1500:247:229:4",2.16902143093953,NA,NA,NA
"7500:140:122:2",NA,NA,NA,NA
"7500:140:122:1",NA,NA,0.02086499285938,NA
"7500:140:121:2",NA,0.520640861022217,NA,NA
"7500:140:121:1",NA,0.696357151617215,NA,NA
"7500:140:120:2",NA,0.209070999639844,0.131304559230349,NA
"7500:140:120:1",NA,0.398284070977617,0.15636930065245,NA
"1500:140:120:1",NA,NA,0.278212324430341,NA
"1500:140:120:2",NA,0.137737457230497,0.337044980486535,NA
"1500:140:121:1",NA,0.158584478333787,0.354748347344585,NA
"1500:140:121:2",NA,0.124665857582838,0.370591642534881,NA
"1500:140:122:1",NA,0.361081446107907,0.49718085026813,NA
"1500:140:122:2",NA,0.36240798590003,0.026738101960539,NA
"1500:140:123:1",NA,0.169199053769559,NA,NA
"1500:140:123:2",NA,0.034737654274408,NA,NA
"1500:140:124:1",NA,0.284554360717613,NA,NA
"1500:140:124:2",NA,0.509620972035313,NA,NA
"1500:140:225:1",NA,0.324477835144571,NA,NA
"1500:140:225:2",NA,0.271316895410632,NA,NA
"1500:140:226:1",NA,0.324964840089772,NA,NA
"1500:140:226:2",NA,0.050872668716347,NA,NA
"1500:140:227:1",NA,0.038558446515658,NA,NA
"1500:140:227:2",NA,0.037623463556225,NA,NA
"1500:140:228:1",NA,0.030952786277971,NA,NA
"1500:140:228:2",NA,0.249612396230062,NA,NA
"1500:140:229:1",NA,0.378423549852123,NA,NA
"1500:140:229:2",NA,0.873699015371565,NA,NA
"1500:141:120:1",NA,0.423009450153878,NA,NA
"1500:141:120:2",NA,0.05271529606624,NA,NA
"1500:141:121:1",NA,0.280145265901495,NA,NA
"1500:141:121:2",0.020509175492736,0.104088427705337,NA,NA
"1500:141:122:1",NA,0.033572529928283,NA,NA
"1500:141:122:2",NA,0.105837385384342,NA,NA
"1500:141:123:1",0.099973343639982,NA,NA,NA
"1500:141:123:2",NA,0.104627679864804,NA,NA
"1500:141:124:1",0.045632915471339,0.19454751126349,NA,NA
"1500:141:124:2",0.020509175492736,NA,NA,NA
"1500:141:225:1",0.04204380976011,NA,NA,NA
"1500:141:225:2",0.079680707862884,NA,NA,NA
"1500:141:226:1",0.079071987043452,NA,NA,NA
"1500:141:226:2",0.062040255865528,NA,NA,NA
"1500:141:227:1",0.025268903726676,0.104627679864804,NA,NA
"1500:141:227:2",NA,NA,NA,NA
"1500:141:228:1",0.021021904880055,0.104627679864804,NA,NA
"1500:141:228:2",0.020509175492736,NA,NA,NA
"1500:141:229:1",NA,0.052313839932402,NA,NA
"1500:141:229:2",NA,0.076941968760774,NA,NA
"1500:142:120:1",NA,NA,NA,NA
"1500:142:120:2",0.116180909990779,NA,NA,NA
"1500:142:121:1",0.241345842336152,NA,NA,NA
"1500:142:121:2",0.396536868004551,NA,NA,NA
"1500:142:122:1",0.668948494729896,NA,NA,NA
"1500:142:122:2",0.397703773192152,NA,NA,NA
"1500:142:123:1",0.30458241079207,0.749468742218483,NA,NA
"1500:142:123:2",0.021021904880055,0.912302836044534,NA,0.299975570639991
"1500:142:124:1",NA,0.072262294914412,NA,NA
"1500:142:124:2",NA,0.28474805798183,NA,NA
"1500:142:225:1",0.134802368418388,0.667944792892621,NA,NA
"1500:142:225:2",0.169374898167938,1.09251997199966,NA,NA
"1500:142:226:1",0.410681801272392,0.802182608809072,NA,NA
"1500:142:226:2",0.779289045588102,0.876143255928966,NA,NA
"1500:142:227:1",1.02035922454779,0.949290100197491,NA,NA
"1500:142:227:2",0.559806532234488,1.96598069852031,NA,NA
"1500:142:228:1",0.296729908387868,3.99893666927363,NA,0.604594703371174
"1500:142:228:2",0.058658370150978,4.65411773104041,NA,1.54981498994656
"1500:142:229:1",0.076172927176067,3.75275891614934,NA,0.865597236153325
"1500:142:229:2",0.036621599603879,0.619136684739296,NA,2.67598270030598
"1500:143:120:1",0.162232089956923,0.453633115183079,NA,11.5107224711541
"1500:143:120:2",0.152094080854858,0.242341913547266,NA,3.47213725497071
"1500:143:121:1",0.328834474859186,0.127897932061569,NA,0.89485066869573
"1500:143:121:2",0.197876796528824,0.323884201758851,NA,0.652702539986404
"1500:143:122:1",0.00742449253712,0.381424657879192,NA,1.41349773579825
"1500:143:122:2",0.142152842462388,0.228136854577514,NA,1.62122696945559
"1500:143:123:1",0.068264875606198,NA,NA,2.65111819436681
"1500:143:123:2",0.026550659712812,0.576707794346722,NA,0.789645846352508
"1500:143:124:1",0.026550659712812,0.404458770279522,NA,0.305238299949464
"1500:143:124:2",NA,0.23120765507193,NA,NA
"1500:143:225:1",NA,0.310255717349893,NA,NA
"1500:143:225:2",NA,0.103005603661993,NA,NA
"1500:143:226:1",NA,0.026549564329069,NA,NA
"1500:143:226:2",0.009650617040866,0.381241349574342,NA,NA
"1500:143:227:1",0.039192290312302,0.418649008201069,NA,NA
"1500:143:227:2",0.104143342714936,0.498579243666561,NA,NA
"1500:143:228:1",0.07949087973552,0.365573480159572,NA,NA
"1500:143:228:2",0.192617386992929,0.373009195704188,NA,NA
"1500:143:229:1",0.189326583602997,0.415313950133726,NA,NA
"1500:143:229:2",0.201981006902345,1.07578900574458,NA,NA
"1500:144:120:1",0.192986815047382,1.06421895312405,NA,NA
"1500:144:120:2",0.204616053725843,0.803395463815407,NA,NA
"1500:144:121:1",0.045616015273395,0.500939934013267,NA,NA
"1500:144:121:2",0.07487703895176,1.02238401678955,NA,NA
"1500:144:122:1",0.019310146515829,3.02746502564968,NA,NA
"1500:144:122:2",0.060738635928638,2.84247906555333,NA,NA
"1500:144:123:1",0.088335288671446,3.61510133999022,NA,NA
"1500:144:123:2",0.102305218281047,2.40991121405194,NA,NA
"1500:144:124:1",0.134740319576644,0.939222249698593,NA,NA
"1500:144:124:2",0.028734973686143,1.3191903662757,NA,NA
"1500:144:225:1",NA,1.63195128116661,NA,NA
"1500:144:225:2",0.119508497811875,1.98936860247761,NA,NA
"1500:144:226:1",0.059366872836114,2.90540899126641,NA,NA
"1500:144:226:2",0.128537850596834,4.23544117994701,NA,NA
"1500:144:227:1",0.137655822830484,5.10564419372156,NA,NA
"1500:144:227:2",0.176776128040648,4.23591090638161,NA,NA
"1500:144:228:1",0.050980880466824,3.61335419060749,NA,NA
"1500:144:228:2",0.203858760841073,3.09032479958627,NA,NA
"1500:144:229:1",0.173331142092602,2.42864579016377,NA,NA
"1500:144:229:2",0.222597802697812,1.16392910285938,NA,NA
"1500:245:120:1",0.151541814411417,1.39615419632069,NA,NA
"1500:245:120:2",0.269475079572446,1.11158064785905,NA,NA
"1500:245:121:1",0.171895264677649,1.18407052312432,NA,NA
"1500:245:121:2",0.426153520011096,1.36653477684021,NA,NA
"1500:245:122:1",0.591232418619847,1.09140941858124,NA,NA
"1500:245:122:2",0.886223284257852,0.813546482771057,NA,NA
"1500:245:123:1",1.2895067194978,0.93484137321246,NA,NA
"1500:245:123:2",0.907758807050542,1.10641493818607,NA,NA
"1500:245:124:1",0.862508399982362,0.866729645119992,NA,NA
"1500:245:124:2",0.914135935006013,0.351900593888085,NA,NA
"1500:245:225:1",1.09504931911543,0.119702726235318,NA,NA
"1500:245:225:2",1.25194933923156,0.330397985462883,NA,NA
"1500:245:226:1",1.03866476136009,0.273782036536001,NA,NA
"1500:245:226:2",0.797812231785661,0.069527971703791,NA,NA
"1500:245:227:1",0.603663704320995,0.089917790972433,NA,NA
"1500:245:227:2",1.20316585260828,0.05061123491112,NA,NA
"1500:245:228:1",1.2328569104562,0.041026579197698,NA,NA
"1500:245:228:2",0.982469671542042,NA,NA,NA
"1500:245:229:1",1.23449446074249,0.234694548602217,NA,NA
"1500:245:229:2",1.01506709662708,0.128005787567176,NA,NA
"1500:246:120:1",1.21441881211542,0.159467762533075,NA,NA
"1500:246:120:2",1.1098199706356,0.283720766599725,NA,NA
"1500:246:121:1",1.22666484269958,0.179033914055332,NA,NA
"1500:246:121:2",1.75239290774726,0.101457003161401,NA,NA
"1500:246:122:1",1.13742020284108,0.036468070397954,NA,NA
"1500:246:122:2",0.968151953783158,NA,NA,NA
"1500:246:123:1",0.882713590214584,NA,NA,NA
"1500:246:123:2",0.674733305481005,NA,NA,NA
"1500:246:124:1",0.975382622504755,NA,NA,NA
"1500:246:124:2",1.00494501457712,NA,NA,NA
"1500:246:225:1",1.10372640926069,NA,NA,NA
"1500:246:225:2",0.846077170158424,NA,NA,NA
"1500:246:226:1",0.910666653520612,NA,NA,NA
"1500:246:226:2",0.885273755241145,NA,NA,NA
"1500:246:227:1",0.807165221090174,NA,NA,NA
"1500:246:227:2",0.783737023951096,NA,NA,0.29342280072265
"1500:246:228:1",0.85660323848881,NA,NA,NA
"1500:246:228:2",1.22181421903992,NA,NA,NA
"1500:246:229:1",1.69124162999499,0.04560487237696,NA,1.02782584499088
"1500:246:229:2",1.83204131344128,NA,NA,NA
"1500:247:120:1",1.48553261374965,NA,NA,NA
"1500:247:120:2",1.34054709906296,NA,NA,NA
"1500:247:121:1",1.00044727222459,NA,NA,NA
"1500:247:121:2",0.514577603255177,0.031923410663872,NA,NA
"1500:247:122:1",0.724907076954342,0.21427062316988,NA,NA
"1500:247:122:2",0.716459922477351,0.220485981924706,NA,NA
"1500:247:123:1",1.12771905834349,0.244100155206386,NA,NA
"1500:247:123:2",1.42482412750253,0.053132716399013,NA,NA
"1500:247:124:1",1.37281720593909,0.114230013091388,NA,NA
"1500:247:124:2",1.42316828892526,0.200375632165595,NA,NA
"1500:247:225:1",0.497031326841865,0.176929042553361,NA,NA
"1500:247:225:2",0.264350298368153,0.208273761991377,NA,NA
"1500:247:226:1",0.283420574569755,0.313532516500342,NA,0.579411628303683
"1500:247:226:2",0.289152958710676,0.390487891418939,NA,NA
"1500:247:227:1",0.729236668332362,0.33805972866922,NA,NA
"1500:247:227:2",1.03724105088473,0.042860591178965,NA,NA
"1500:247:228:1",0.316722483687392,0.047622879087738,NA,NA
"1500:247:228:2",0.021928105671087,NA,NA,NA
"1500:247:229:1",0.120227128673551,0.137835387471633,NA,NA
"1500:247:229:2",0.101566960929207,0.045346419070908,NA,NA
"7500:140:112:3",NA,NA,NA,NA
"7500:140:111:4",NA,NA,NA,NA
"7500:140:111:3",NA,0.236368762357335,0.017366468259879,NA
"7500:140:110:4",NA,3.50156062084307,0.016498144846885,NA
"7500:140:110:3",NA,3.41902162110722,NA,NA
"1500:140:110:3",NA,0.733990665109069,0.017453300601178,NA
"1500:140:110:4",NA,NA,0.131290500044682,NA
"1500:140:111:3",NA,NA,0.783803706384479,NA
"1500:140:111:4",NA,NA,0.479108826880893,NA
"1500:140:112:3",NA,0.071617891433373,0.470288818953753,NA
"1500:140:112:4",NA,0.686258372496348,0.539850647337013,NA
"1500:140:113:3",NA,0.082053224707908,0.006657146166287,NA
"1500:140:113:4",NA,0.079838114138153,NA,NA
"1500:140:114:3",NA,0.180913777766632,NA,NA
"1500:140:114:4",NA,0.079239122557727,NA,NA
"1500:140:215:3",NA,0.117060279521567,NA,NA
"1500:140:215:4",NA,0.041691693170591,NA,NA
"1500:140:216:3",NA,0.222317322279305,NA,NA
"1500:140:216:4",NA,0.215337980561431,NA,NA
"1500:140:217:3",NA,0.048353806886096,NA,NA
"1500:140:217:4",NA,0.154597771461122,NA,NA
"1500:140:218:3",NA,0.35842087388396,NA,NA
"1500:140:218:4",NA,0.218609499592037,NA,NA
"1500:140:219:3",NA,0.400822008884541,NA,NA
"1500:140:219:4",NA,0.169532633631468,NA,NA
"1500:141:110:3",NA,0.746509701455868,NA,NA
"1500:141:110:4",NA,1.40610910614902,NA,NA
"1500:141:111:3",NA,0.378486190957822,NA,NA
"1500:141:111:4",0.046820041626454,0.256564847795147,NA,NA
"1500:141:112:3",0.045441171468141,0.148824255170482,NA,NA
"1500:141:112:4",NA,0.121693374031338,NA,NA
"1500:141:113:3",0.11132177470322,0.108573460317493,NA,NA
"1500:141:113:4",0.060409957741201,0.087058892662166,NA,NA
"1500:141:114:3",0.536044989576854,NA,NA,NA
"1500:141:114:4",0.910442592287895,0.097156127552957,NA,NA
"1500:141:215:3",0.393972197141194,NA,NA,NA
"1500:141:215:4",0.268945881605412,0.355831455033909,NA,NA
"1500:141:216:3",0.0565518489582,NA,NA,NA
"1500:141:216:4",0.024581249779911,NA,NA,NA
"1500:141:217:3",NA,NA,NA,NA
"1500:141:217:4",NA,0.186669329965972,NA,NA
"1500:141:218:3",NA,0.045066926735485,NA,NA
"1500:141:218:4",0.02651855338493,NA,NA,NA
"1500:141:219:3",0.025238347359451,0.011642289406667,NA,NA
"1500:141:219:4",NA,0.144767045122318,NA,NA
"1500:142:110:3",0.033335472374952,0.266533209900787,NA,NA
"1500:142:110:4",NA,NA,NA,NA
"1500:142:111:3",NA,0.118530958053253,NA,NA
"1500:142:111:4",0.10703812034,0.169284024779099,NA,NA
"1500:142:112:3",0.102494649947588,0.205087083471246,NA,NA
"1500:142:112:4",0.112488871498722,0.168826844959737,NA,NA
"1500:142:113:3",0.101952113491649,0.263903015542325,NA,NA
"1500:142:113:4",0.037263139670204,0.523243504197505,NA,NA
"1500:142:114:3",0.150088915939537,1.11335407721649,NA,0.315381921925733
"1500:142:114:4",0.213798429001412,1.11578654303822,NA,NA
"1500:142:215:3",0.345398872463774,2.30488826256851,NA,NA
"1500:142:215:4",0.275536913998181,2.88174911691524,NA,NA
"1500:142:216:3",0.19797114145712,4.22984653004954,NA,NA
"1500:142:216:4",0.158250699348325,7.39218402248306,NA,NA
"1500:142:217:3",0.178391549761244,10.7351856793745,NA,0.582777165570778
"1500:142:217:4",0.059623236686616,7.99985965190574,NA,3.14830817021279
"1500:142:218:3",0.022980407807724,0.868096919405543,NA,11.1461835813915
"1500:142:218:4",0.388633501870669,0.099243600428586,NA,1.87093747680143
"1500:142:219:3",0.401569495498408,NA,NA,1.33644746265312
"1500:142:219:4",0.189692968567745,NA,NA,0.991725319325239
"1500:143:110:3",0.163763423102027,0.068272752708631,NA,0.898862633319619
"1500:143:110:4",0.23825167553349,0.097532503869473,NA,0.12852637919949
"1500:143:111:3",0.435798758213526,NA,NA,0.450861357544741
"1500:143:111:4",0.522581038423069,0.061316770446534,NA,6.18860423848042
"1500:143:112:3",0.210074060578192,0.582598300931357,NA,7.10262873858781
"1500:143:112:4",0.10202022779237,0.047520497096064,NA,1.2312749609379
"1500:143:113:3",NA,NA,NA,2.27630975388506
"1500:143:113:4",0.057792157721642,0.758743629640972,NA,0.291388582785388
"1500:143:114:3",0.048063469471959,0.562946381721349,NA,NA
"1500:143:114:4",NA,NA,NA,NA
"1500:143:215:3",0.078641227279449,0.20546008271567,NA,NA
"1500:143:215:4",NA,0.16038550271175,NA,NA
"1500:143:216:3",0.033157396694123,0.508860589652647,NA,NA
"1500:143:216:4",0.001395831289192,0.061316770446534,NA,NA
"1500:143:217:3",0.052122673894519,0.47322865604957,NA,NA
"1500:143:217:4",0.060489744926842,0.693579607372462,NA,NA
"1500:143:218:3",0.195483309846233,1.03405590784614,NA,NA
"1500:143:218:4",0.078310551023791,0.751436280340539,NA,NA
"1500:143:219:3",0.312453558993363,0.329648111273545,NA,NA
"1500:143:219:4",0.086272358550338,0.645775623571791,NA,NA
"1500:144:110:3",0.281745286124733,1.26544286152222,NA,NA
"1500:144:110:4",0.160713943246694,1.16166623652028,NA,NA
"1500:144:111:3",0.095103152937307,1.16827010052125,NA,NA
"1500:144:111:4",0.113769877509462,0.664134565906137,NA,NA
"1500:144:112:3",0.063826854992033,1.96059091568011,NA,NA
"1500:144:112:4",0.127226328468241,1.64183090163207,NA,NA
"1500:144:113:3",0.056277295437476,1.98385100167381,NA,NA
"1500:144:113:4",0.040073727245009,1.17519415817031,NA,NA
"1500:144:114:3",0.058377648524886,1.47422542527791,NA,NA
"1500:144:114:4",0.128720314271736,1.33870652029389,NA,NA
"1500:144:215:3",0.034532951931468,0.927290526101759,NA,NA
"1500:144:215:4",0.052342586229194,0.772530263025013,NA,NA
"1500:144:216:3",0.054491055329335,1.36238159347663,NA,NA
"1500:144:216:4",0.182032370126592,1.11254649105409,NA,NA
"1500:144:217:3",0.110945581766364,1.45556670153261,NA,NA
"1500:144:217:4",0.073793077758825,2.32467015938952,NA,NA
"1500:144:218:3",0.124887129288834,3.92659981078205,NA,NA
"1500:144:218:4",0.295622990569553,3.64826316471806,NA,NA
"1500:144:219:3",0.168762591869254,2.66976050929369,NA,NA
"1500:144:219:4",0.215070381171203,2.47808358913678,NA,NA
"1500:245:110:3",0.250034098665596,2.95427138010061,NA,NA
"1500:245:110:4",0.258638811735273,2.27125595054056,NA,NA
"1500:245:111:3",0.18264077158733,1.84771851684356,NA,NA
"1500:245:111:4",0.19168671751573,2.12839369525431,NA,NA
"1500:245:112:3",0.453370483320134,1.61533858622763,NA,NA
"1500:245:112:4",0.348032680934711,0.99567998266363,NA,NA
"1500:245:113:3",0.69473777100627,0.51786840661532,NA,NA
"1500:245:113:4",0.992746182082674,1.16411767413698,NA,NA
"1500:245:114:3",1.02472107935395,1.65397286215463,NA,NA
"1500:245:114:4",1.08595769881017,0.689874488928338,NA,NA
"1500:245:215:3",0.792097069344421,0.182965612829465,NA,NA
"1500:245:215:4",0.552779320360933,0.099653609640359,NA,NA
"1500:245:216:3",0.765482363101432,0.029440751210666,NA,NA
"1500:245:216:4",0.274136265833595,0.151875590608285,NA,NA
"1500:245:217:3",0.182789612564147,0.031428273224994,NA,NA
"1500:245:217:4",0.487290492166278,0.043253466111877,NA,NA
"1500:245:218:3",0.275220749240142,0.036423971462633,NA,NA
"1500:245:218:4",0.198639989775952,0.038700469679048,NA,NA
"1500:245:219:3",0.261129406780796,0.036423971462633,NA,NA
"1500:245:219:4",0.33243903307419,NA,NA,NA
"1500:246:110:3",0.316511750848055,0.086506932223754,NA,NA
"1500:246:110:4",0.567189281676383,0.025570741984251,NA,NA
"1500:246:111:3",0.24550579861344,0.132496480877954,NA,NA
"1500:246:111:4",0.743216646696914,0.185509109014475,NA,0.590425666282063
"1500:246:112:3",0.331515884717115,NA,NA,0.293067979834967
"1500:246:112:4",0.19597079776313,NA,NA,NA
"1500:246:113:3",0.303391976371305,NA,NA,NA
"1500:246:113:4",0.175289048988236,NA,NA,NA
"1500:246:114:3",0.247559080835347,NA,NA,NA
"1500:246:114:4",0.127069779579366,NA,NA,NA
"1500:246:215:3",0.180069400413788,NA,NA,NA
"1500:246:215:4",0.149351955676442,NA,NA,NA
"1500:246:216:3",0.192329500590071,NA,NA,NA
"1500:246:216:4",0.293799473885184,NA,NA,NA
"1500:246:217:3",0.39324782466502,NA,NA,NA
"1500:246:217:4",0.555260834319912,NA,NA,NA
"1500:246:218:3",0.706032069351898,NA,NA,NA
"1500:246:218:4",0.665916544916219,NA,NA,NA
"1500:246:219:3",0.62577107621597,NA,NA,1.45432584414604
"1500:246:219:4",0.83512853103868,NA,NA,0.286839353343683
"1500:247:110:3",1.06762395000223,NA,NA,1.32851911022338
"1500:247:110:4",1.76249489474224,NA,NA,0.689420901896222
"1500:247:111:3",1.58352808950828,NA,NA,NA
"1500:247:111:4",0.83836183778234,0.041634991056928,NA,NA
"1500:247:112:3",0.8684756137651,0.123829630635361,NA,NA
"1500:247:112:4",0.848848416568611,0.631868809100284,NA,NA
"1500:247:113:3",1.50735192025602,0.393732038231949,NA,NA
"1500:247:113:4",1.50391363072504,0.10952787343954,NA,NA
"1500:247:114:3",1.4900925784049,0.07967743757451,NA,NA
"1500:247:114:4",1.72647791588261,0.072879559653745,NA,NA
"1500:247:215:3",0.536031536767735,0.187068941239553,NA,NA
"1500:247:215:4",0.185428923349567,0.086933554544197,NA,NA
"1500:247:216:3",0.187758589505693,0.258767077110637,NA,NA
"1500:247:216:4",0.072582381568879,0.348564501531343,NA,NA
"1500:247:217:3",0.157596999894927,0.038052232979292,NA,NA
"1500:247:217:4",0.152669548146053,0.239408545077313,NA,NA
"1500:247:218:3",0.061930336844713,NA,NA,NA
"1500:247:218:4",0.363937260288394,NA,NA,NA
"1500:247:219:3",0.429323513604672,NA,NA,NA
"1500:247:219:4",0.25347314015521,0.065745847758833,NA,NA
"7500:140:110:2",NA,0.141650075239719,NA,NA
"7500:140:110:1",NA,6.90905760115685,NA,NA
"1500:140:110:1",NA,1.9188612007291,NA,NA
"1500:140:110:2",NA,0.016314695769473,0.101688031580958,NA
"1500:140:111:1",NA,NA,0.527011179081777,NA
"1500:140:111:2",NA,NA,1.01411924068471,NA
"1500:140:112:1",NA,0.014970614716142,0.360279063440561,NA
"1500:140:112:2",NA,0.980588549856456,0.154057006480434,NA
"1500:140:113:1",NA,0.009457262903063,0.090196633555818,NA
"1500:140:113:2",NA,0.086936609239619,NA,NA
"1500:140:114:1",NA,0.118984273729652,0.005116924403647,NA
"1500:140:114:2",NA,0.061929315007231,0.010407303871825,NA
"1500:140:215:1",NA,0.148592061469435,NA,NA
"1500:140:215:2",NA,0.074293899019493,NA,NA
"1500:140:216:1",NA,0.120994958536743,NA,NA
"1500:140:216:2",NA,0.078974618502356,NA,NA
"1500:140:217:1",NA,NA,NA,NA
"1500:140:217:2",0.035619836054635,0.013123609415504,NA,NA
"1500:140:218:1",0.016439924332909,0.02660149848597,NA,NA
"1500:140:218:2",NA,0.078793617878252,NA,NA
"1500:140:219:1",NA,0.164239189152894,NA,NA
"1500:140:219:2",NA,0.312959388280097,NA,NA
"1500:141:110:1",0.025207883977127,0.284312075911003,NA,NA
"1500:141:110:2",0.025207883977127,0.724914166567072,NA,NA
"1500:141:111:1",0.078911636797961,0.590620437157609,NA,NA
"1500:141:111:2",0.051082498218865,0.443420030413248,NA,NA
"1500:141:112:1",NA,0.366067024656059,NA,NA
"1500:141:112:2",NA,0.265307922500939,NA,NA
"1500:141:113:1",NA,0.350336358198797,NA,NA
"1500:141:113:2",NA,0.067669619606653,NA,NA
"1500:141:114:1",NA,0.269129351595753,NA,NA
"1500:141:114:2",0.029679624974077,0.331695401848421,NA,NA
"1500:141:215:1",0.370102504508489,0.330807179380363,NA,NA
"1500:141:215:2",0.581559017601086,0.321866697493584,NA,NA
"1500:141:216:1",1.2486525874095,0.310997382108491,NA,NA
"1500:141:216:2",1.28246242143942,0.176893124551972,NA,NA
"1500:141:217:1",0.333406092957022,0.160134967386349,NA,NA
"1500:141:217:2",0.016367719688342,0.267642528183772,NA,NA
"1500:141:218:1",0.008676626731257,0.917876303987048,NA,NA
"1500:141:218:2",0.299412634655394,4.32973686758736,NA,NA
"1500:141:219:1",0.255706883034563,6.72328110479204,NA,NA
"1500:141:219:2",0.266757382333466,6.98560453753466,NA,NA
"1500:142:110:1",0.406106299661773,6.76289227251123,NA,NA
"1500:142:110:2",0.322422122679101,6.18860912594476,NA,NA
"1500:142:111:1",0.350686428437942,4.63203024060751,NA,NA
"1500:142:111:2",0.13652443829351,5.42179878915993,NA,NA
"1500:142:112:1",0.30867931336149,5.12286669246445,NA,NA
"1500:142:112:2",0.368711970953082,6.90385092644692,NA,NA
"1500:142:113:1",0.138521584656915,10.1412713880065,NA,NA
"1500:142:113:2",0.188602465263646,9.36522371346955,NA,NA
"1500:142:114:1",0.089962919266194,10.9505431118501,NA,NA
"1500:142:114:2",0.046244898262386,10.6684302648605,NA,NA
"1500:142:215:1",0.281989496410024,12.2532516787946,NA,NA
"1500:142:215:2",0.022376563675348,13.3862085207908,NA,NA
"1500:142:216:1",0.087667101867769,12.9908548091957,NA,NA
"1500:142:216:2",0.015891926855145,11.5343669319746,NA,NA
"1500:142:217:1",0.014613266073697,9.14743003273241,NA,NA
"1500:142:217:2",0.020838773937754,2.48437854111405,NA,3.63082652816679
"1500:142:218:1",0.021006569980939,0.470327602268375,NA,8.87786264833462
"1500:142:218:2",0,NA,NA,9.12308846425433
"1500:142:219:1",0.100250712967676,NA,NA,7.06938102919688
"1500:142:219:2",0.30246025570252,0.025517816421287,NA,2.41930642968767
"1500:143:110:1",0.541358703025245,NA,NA,1.88487116960518
"1500:143:110:2",0.501255878006565,0.027219004182706,NA,0.749007851879126
"1500:143:111:1",1.08577864150887,0.020414253137029,NA,1.07872123455529
"1500:143:111:2",0.405622315385773,0.094298342999418,NA,4.47782199025282
"1500:143:112:1",0.154709716063283,0.171252901316191,NA,3.16371394482788
"1500:143:112:2",0.177856221348308,0.072810836188738,NA,1.49293615635596
"1500:143:113:1",0.170032677850318,0.36530225373354,NA,0.578872528123675
"1500:143:113:2",0.030376339737663,0.799591289955891,NA,0.863074852060458
"1500:143:114:1",NA,0.603591828533934,NA,NA
"1500:143:114:2",0.026029880193772,0.173125256796846,NA,NA
"1500:143:215:1",0.026029880193772,0.21324104416098,NA,NA
"1500:143:215:2",0.024732076115321,NA,NA,NA
"1500:143:216:1",0.116776973843496,0.293676722685097,NA,NA
"1500:143:216:2",0.050307224585584,0.351670346249307,NA,NA
"1500:143:217:1",0.047893987653901,0.365239092492467,NA,NA
"1500:143:217:2",0.040565415670225,0.253420364418384,NA,NA
"1500:143:218:1",0.190917958013902,0.337591858941205,NA,NA
"1500:143:218:2",0.137692381782488,0.249223406158088,NA,NA
"1500:143:219:1",0.146249527116339,0.309554102882852,NA,NA
"1500:143:219:2",0.358438671272213,0.65685818328401,NA,NA
"1500:144:110:1",0.226056739162928,0.116085805886016,NA,NA
"1500:144:110:2",0.282395719313768,0.66635066278988,NA,NA
"1500:144:111:1",0.133270693116044,0.463192545840017,NA,NA
"1500:144:111:2",0.170150216953925,0.540174505997218,NA,NA
"1500:144:112:1",0.068294135612648,0.339125016788767,NA,NA
"1500:144:112:2",0.143847269582936,0.634036975104263,NA,NA
"1500:144:113:1",0.165428941595774,0.786550305100978,NA,NA
"1500:144:113:2",0.042944387390988,0.420034090872595,NA,NA
"1500:144:114:1",0.05017320792985,0.424324426756364,NA,NA
"1500:144:114:2",0.107266416605186,0.646847866525482,NA,NA
"1500:144:215:1",0.042674238497084,0.557452134371556,NA,NA
"1500:144:215:2",0.18718049348871,0.415231912288001,NA,NA
"1500:144:216:1",0.112775420667244,0.242876958737034,NA,NA
"1500:144:216:2",0.141514090637567,0.47443062171035,NA,NA
"1500:144:217:1",0.179320175036896,0.457642804079032,NA,NA
"1500:144:217:2",0.275115503390127,0.789406736497969,NA,NA
"1500:144:218:1",0.157926895925246,0.841166667541337,NA,NA
"1500:144:218:2",0.18997662274666,2.5300396066516,NA,NA
"1500:144:219:1",0.249982751882398,3.0491401527494,NA,NA
"1500:144:219:2",0.265623046563493,3.83308173860522,NA,NA
"1500:245:110:1",0.205332886434149,4.56186822648734,NA,NA
"1500:245:110:2",0.177663999880281,6.22120460126625,NA,NA
"1500:245:111:1",0.446751360044662,3.97738188967289,NA,NA
"1500:245:111:2",0.566311583403498,5.6237924178386,NA,NA
"1500:245:112:1",0.755933775019994,5.85102641219409,NA,NA
"1500:245:112:2",0.664197437044811,5.3295487724803,NA,NA
"1500:245:113:1",0.810480525997469,3.1459798510128,NA,NA
"1500:245:113:2",0.827320258715011,2.64700174511964,NA,NA
"1500:245:114:1",0.747639955746855,0.865350765417741,NA,NA
"1500:245:114:2",0.491173642881957,0.39879348767392,NA,NA
"1500:245:215:1",0.698497580978769,0.539263239321375,NA,NA
"1500:245:215:2",0.584666110833205,NA,NA,NA
"1500:245:216:1",0.449955431808453,0.01574919973137,NA,NA
"1500:245:216:2",0.250334663290339,0.084285660097004,NA,NA
"1500:245:217:1",0.285640209444094,0.028467694540339,NA,NA
"1500:245:217:2",0.230598375119728,0.161950868157106,NA,NA
"1500:245:218:1",0.016165925594027,0.038653757143271,NA,NA
"1500:245:218:2",0.11329895101164,0.068212512605773,NA,NA
"1500:245:219:1",0.130917600466858,0.033905034051367,NA,0.146209836246894
"1500:245:219:2",0.057629402095451,NA,NA,0.146209836246894
"1500:246:110:1",0.004709011586944,0.092223592219448,NA,0.882132678689593
"1500:246:110:2",0.209967393905504,0.06256931235982,NA,1.77888634100388
"1500:246:111:1",0.186838342048475,0.140015681859337,NA,3.34579064997588
"1500:246:111:2",0.144080553165164,0.039198179286368,NA,1.75123863491533
"1500:246:112:1",0.11960879751791,NA,NA,1.31184685777364
"1500:246:112:2",0.174686141305356,NA,NA,2.03953757685559
"1500:246:113:1",0.197197117401564,0.090471233231695,NA,0.877553583676594
"1500:246:113:2",0.532874936235107,NA,NA,0.438750938925365
"1500:246:114:1",0.142914933854479,NA,NA,0.348081724997941
"1500:246:114:2",0.130992920277862,NA,NA,NA
"1500:246:215:1",0.186699708755683,NA,NA,NA
"1500:246:215:2",0.158813250445466,NA,NA,NA
"1500:246:216:1",0.080579082629749,NA,NA,0.292714238689018
"1500:246:216:2",0.649966004428178,NA,NA,NA
"1500:246:217:1",0.348778543213911,NA,NA,NA
"1500:246:217:2",0.870870792861764,NA,NA,NA
"1500:246:218:1",0.833646864086213,NA,NA,0.537802893762236
"1500:246:218:2",1.00607940643765,0.078657685297728,NA,0.869531781503428
"1500:246:219:1",1.50105878982566,NA,NA,1.10576295913731
"1500:246:219:2",2.16454523410799,0.043698714054293,NA,0.759997055834496
"1500:247:110:1",1.82669866460204,NA,NA,0.852638493129213
"1500:247:110:2",2.43399391225589,0.030880121092532,NA,1.00641336490949
"1500:247:111:1",2.24595523103075,NA,NA,1.89431665129802
"1500:247:111:2",1.08798901711891,0.106635198074758,NA,0.69893878175497
"1500:247:112:1",1.0320250539803,0.545311889891338,NA,1.44889679048761
"1500:247:112:2",1.07097113407357,0.8454453334647,NA,0.58038168015926
"1500:247:113:1",2.42745553860019,1.22538530619266,NA,NA
"1500:247:113:2",2.84814714530594,0.433650828157914,NA,NA
"1500:247:114:1",1.9088330402149,NA,NA,NA
"1500:247:114:2",1.74673987732022,0.029558755462502,NA,NA
"1500:247:215:1",0.45913398190356,0.214508094377965,NA,NA
"1500:247:215:2",0.150887640744163,0.149992341332417,NA,NA
"1500:247:216:1",0.11692575976839,0.12451046236043,NA,NA
"1500:247:216:2",0.097322992779382,0.09977274700763,NA,NA
"1500:247:217:1",0.025417612414493,0.066511030045453,NA,NA
"1500:247:217:2",0.048510701363518,0.289668917820643,NA,NA
"1500:247:218:1",0.091583039149089,0.365599701050508,NA,NA
"1500:247:218:2",0.061825171921715,0.282120427427035,NA,NA
"1500:247:219:1",0.079755031344865,0.392956069411141,NA,NA
"1500:247:219:2",0.144582178856859,0.309990574282497,NA,NA
"7500:140:101:4",NA,NA,NA,NA
"7500:140:101:3",NA,NA,NA,NA
"7500:140:100:4",NA,NA,NA,NA
"7500:140:100:3",NA,0.11023604295868,NA,NA
"1500:140:100:3",NA,NA,NA,NA
"1500:140:100:4",NA,NA,0.024485446490184,NA
"1500:140:101:3",NA,NA,0.084890580991913,NA
"1500:140:101:4",NA,NA,0.276822492243306,NA
"1500:140:102:3",NA,0.081737768848477,0.73209439331556,NA
"1500:140:102:4",NA,1.39595453998459,0.335404855449993,NA
"1500:140:103:3",NA,0.118299451897528,0.196027943657855,NA
"1500:140:103:4",NA,0.090269999936696,NA,NA
"1500:140:104:3",NA,0.280673000128479,NA,NA
"1500:140:104:4",NA,0.271065680109773,NA,NA
"1500:140:205:3",NA,0.057876164473742,NA,NA
"1500:140:205:4",NA,0.084398026243985,NA,NA
"1500:140:206:3",NA,0.009808545753118,NA,NA
"1500:140:206:4",NA,0.132488123600806,NA,NA
"1500:140:207:3",NA,0.06990720984273,NA,NA
"1500:140:207:4",NA,NA,NA,NA
"1500:140:208:3",NA,0.014751566936728,NA,NA
"1500:140:208:4",0.061210548388572,0.020630814628902,NA,NA
"1500:140:209:3",NA,0.117762385790943,NA,NA
"1500:140:209:4",NA,0.076820350704483,NA,NA
"1500:141:100:3",NA,0.031731483072166,NA,NA
"1500:141:100:4",NA,0.112185374283199,NA,NA
"1500:141:101:3",0.003065088563124,0.021871989141694,NA,NA
"1500:141:101:4",0.182810639300593,0.026312346695392,NA,NA
"1500:141:102:3",0.025177513197088,0.041189156830688,NA,NA
"1500:141:102:4",0.025177513197088,0.075724583057927,NA,NA
"1500:141:103:3",NA,0.173235129376011,NA,NA
"1500:141:103:4",NA,0.328643657808109,NA,NA
"1500:141:104:3",NA,0.123376566175689,NA,NA
"1500:141:104:4",NA,0.1092101609276,NA,NA
"1500:141:205:3",0.114874431257565,0.065046017572679,NA,NA
"1500:141:205:4",0.254319409669706,0.198325291200701,NA,NA
"1500:141:206:3",0.07985597521799,0.058224957559823,NA,NA
"1500:141:206:4",0.420747507819899,0.211390794843519,NA,NA
"1500:141:207:3",1.14521327874856,0.099152900283669,NA,NA
"1500:141:207:4",1.35711914115915,0.064167295460396,NA,NA
"1500:141:208:3",0.559234865717242,0.121340418352602,NA,NA
"1500:141:208:4",0.844430493993092,2.03811524170086,NA,NA
"1500:141:209:3",0.412336558045119,2.85860420975956,NA,NA
"1500:141:209:4",0.931986401013198,3.0862593512144,NA,NA
"1500:142:100:3",0.39648039747786,2.95803407660491,NA,NA
"1500:142:100:4",0.144339550423374,3.64660610888328,NA,NA
"1500:142:101:3",0.266782210625543,4.94710916528231,NA,NA
"1500:142:101:4",0.171768879156759,8.50193692674112,NA,NA
"1500:142:102:3",0.494699524721738,7.95706006681516,NA,NA
"1500:142:102:4",0.280981728654742,8.73295121078877,NA,NA
"1500:142:103:3",0.354560677679744,9.23524335992179,NA,NA
"1500:142:103:4",0.248139267729805,9.01368262591217,NA,NA
"1500:142:104:3",0.05781488309773,7.1862417720821,NA,NA
"1500:142:104:4",0.069329384165894,9.06266409926216,NA,NA
"1500:142:205:3",0.075714985339068,9.1575992061483,NA,0.304134338725629
"1500:142:205:4",0.014139545454886,9.40641616732164,NA,NA
"1500:142:206:3",NA,9.0663834634437,NA,NA
"1500:142:206:4",0.028395506264176,9.95056440697867,NA,0.314621729716169
"1500:142:207:3",0.010743091968733,10.678264669935,NA,1.16164424804647
"1500:142:207:4",0.012704575750041,11.1211028311065,NA,0.408145082688453
"1500:142:208:3",0.017021177356697,7.60722186511948,NA,3.11015045966701
"1500:142:208:4",NA,1.47736548930575,NA,9.01333877105266
"1500:142:209:3",0.147433601397868,0.267110696942215,NA,9.59030242417667
"1500:142:209:4",0.158565606316095,NA,NA,3.43398770062415
"1500:143:100:3",0.086168542048062,NA,NA,1.32616691672636
"1500:143:100:4",0.51238566764961,NA,NA,0.331011242656532
"1500:143:101:3",0.745379600085869,NA,NA,1.64535836656621
"1500:143:101:4",0.481047952643438,0.281109500195117,NA,3.12259673888353
"1500:143:102:3",0.290716272277601,0.035681901122962,NA,1.70508955627505
"1500:143:102:4",0.152175813999625,0.358688478019338,NA,0.455424903139512
"1500:143:103:3",0.020690437058244,0.666530191368771,NA,0.477221629722194
"1500:143:103:4",0.027564562137581,0.79527843585249,NA,0.290686223787648
"1500:143:104:3",0.033077474565098,0.794659584867909,NA,NA
"1500:143:104:4",NA,0.692148824837459,NA,NA
"1500:143:205:3",0.04739611399334,0.345833346559909,NA,NA
"1500:143:205:4",0.058144111924289,0.36184142883128,NA,NA
"1500:143:206:3",0.105195430444449,0.335481852362412,NA,NA
"1500:143:206:4",0.096132194733022,0.168887808721399,NA,NA
"1500:143:207:3",0.08163275620811,1.23972774847138,NA,NA
"1500:143:207:4",0.147088278375408,0.222182176521123,NA,NA
"1500:143:208:3",0.293481070458553,0.369652100758814,NA,NA
"1500:143:208:4",0.270401370724416,0.079876883853463,NA,NA
"1500:143:209:3",0.246545435345628,0.054658091219114,NA,NA
"1500:143:209:4",0.215225706045257,0.210660628442883,NA,NA
"1500:144:100:3",0.15528496092144,0.175122215080946,NA,NA
"1500:144:100:4",0.1508457901142,0.231580719569921,NA,NA
"1500:144:101:3",0.33167710556199,0.629255988802263,NA,NA
"1500:144:101:4",0.10331624276429,0.180267407801413,NA,NA
"1500:144:102:3",0.046286518618477,0.761092783598888,NA,NA
"1500:144:102:4",0.09665075078565,0.346874236964655,NA,NA
"1500:144:103:3",0.069286797601249,0.500735084381033,NA,NA
"1500:144:103:4",0.302302797530701,0.472893536848366,NA,NA
"1500:144:104:3",0.1318424607233,0.423813325981679,NA,NA
"1500:144:104:4",0.103541290004857,0.285288786651921,NA,NA
"1500:144:205:3",0.157229103830846,0.642235676134297,NA,NA
"1500:144:205:4",0.251031927202737,0.317079649321122,NA,NA
"1500:144:206:3",0.205275270806489,0.175717555229433,NA,NA
"1500:144:206:4",0.384368537162778,0.504053653781729,NA,NA
"1500:144:207:3",0.270495546748978,0.223678466065253,NA,NA
"1500:144:207:4",0.28929791974,0.330323088481686,NA,NA
"1500:144:208:3",0.135934550398056,0.924211926682663,NA,NA
"1500:144:208:4",0.314752666518253,0.940787985780235,NA,NA
"1500:144:209:3",0.154491802380282,1.11571094631122,NA,NA
"1500:144:209:4",0.373414573493382,3.3021412053055,NA,NA
"1500:245:100:3",0.240830238278645,3.06634323030582,NA,NA
"1500:245:100:4",0.384825130709718,6.17697550582111,NA,NA
"1500:245:101:3",0.477163013859826,6.41492911762899,NA,NA
"1500:245:101:4",0.744818420469937,8.08699516072461,NA,NA
"1500:245:102:3",0.769850567427488,6.85070479930879,NA,NA
"1500:245:102:4",0.975856665277096,7.7281080278831,NA,NA
"1500:245:103:3",0.703771172576384,8.84657605585856,NA,NA
"1500:245:103:4",0.763201757701719,5.30829830456281,NA,NA
"1500:245:104:3",0.486827316044493,0.893751375644573,NA,NA
"1500:245:104:4",0.571449160013797,1.24138898448696,NA,NA
"1500:245:205:3",0.447677835092366,0.177666747914079,NA,NA
"1500:245:205:4",0.353466868721921,0.107902196804436,NA,NA
"1500:245:206:3",0.358725735713874,0.081756467751549,NA,NA
"1500:245:206:4",0.408321846824151,0.076992752771122,NA,NA
"1500:245:207:3",0.38420573019124,0.188856212613801,NA,NA
"1500:245:207:4",0.13243740454514,NA,NA,NA
"1500:245:208:3",NA,0.045439932358848,NA,NA
"1500:245:208:4",0.02599851906221,NA,NA,NA
"1500:245:209:3",0.007306263745627,0.019920108725895,NA,NA
"1500:245:209:4",NA,0.061752337050276,NA,NA
"1500:246:100:3",NA,NA,NA,NA
"1500:246:100:4",NA,0.339641236947156,NA,0.57464171213748
"1500:246:101:3",0.213706063284834,0.108035482849799,NA,6.6761537797901
"1500:246:101:4",0.156018216263382,0.042514275525321,NA,8.35023493081464
"1500:246:102:3",0.033174317124116,0.085844120719493,NA,9.64861260762023
"1500:246:102:4",0.130837414210846,0.038649341386656,NA,6.41967167887617
"1500:246:103:3",0.211831742821136,NA,NA,4.26336093806497
"1500:246:103:4",0.104241365778297,NA,NA,1.45479758708389
"1500:246:104:3",NA,NA,NA,NA
"1500:246:104:4",0.017672889022763,NA,NA,NA
"1500:246:205:3",NA,NA,NA,0.292067361543753
"1500:246:205:4",0.014955385963536,NA,NA,0.584428934385629
"1500:246:206:3",0.007878935044204,NA,NA,0.447836621033756
"1500:246:206:4",0.258197686979577,NA,NA,0.292067361543753
"1500:246:207:3",0.377645990381852,NA,NA,NA
"1500:246:207:4",0.302811852544901,0.040590840716355,NA,NA
"1500:246:208:3",0.712547219510123,NA,NA,NA
"1500:246:208:4",0.639532362110469,0.061104491400964,NA,0.146033680771877
"1500:246:209:3",0.426499733711044,NA,NA,0.146033680771877
"1500:246:209:4",NA,NA,NA,NA
"1500:247:100:3",NA,NA,NA,NA
"1500:247:100:4",0.280965293828246,NA,NA,0.292361572841875
"1500:247:101:3",0.999033943033065,NA,NA,3.78909631337748
"1500:247:101:4",0.896633562614492,0.203826289944931,NA,2.48505579152736
"1500:247:102:3",1.41980455062831,0.48429299034367,NA,1.02368484179215
"1500:247:102:4",1.76580294724726,0.590366925891153,NA,NA
"1500:247:103:3",2.08843937214057,0.619390652280989,NA,0.430290833240615
"1500:247:103:4",2.34339061299878,0.316239988992832,NA,0.437201780162015
"1500:247:104:3",1.35234591968836,NA,NA,0.220886144364933
"1500:247:104:4",1.61112727990152,0.08368529508448,NA,NA
"1500:247:205:3",0.30333696339795,0.045078108480685,NA,NA
"1500:247:205:4",0.087847729088735,0.097653471997834,NA,NA
"1500:247:206:3",0.076564971281996,0.124665013713574,NA,NA
"1500:247:206:4",0.041152466483146,0.10383264406514,NA,NA
"1500:247:207:3",0.03586408005386,0.195547111913243,NA,NA
"1500:247:207:4",0.07474590988224,0.337421011679573,NA,NA
"1500:247:208:3",0.127509842560465,0.348577789618841,NA,NA
"1500:247:208:4",0.085751603274288,0.642868497901688,NA,NA
"1500:247:209:3",0.089162929050389,0.350379079601959,NA,NA
"1500:247:209:4",0.084815452077425,0.27340534386332,NA,NA
"7500:140:101:2",NA,NA,NA,NA
"7500:140:101:1",NA,NA,NA,NA
"7500:140:100:2",NA,NA,NA,NA
"7500:140:100:1",NA,NA,NA,NA
"1500:140:100:1",NA,NA,NA,NA
"1500:140:100:2",NA,NA,0.031665905936948,NA
"1500:140:101:1",NA,NA,NA,NA
"1500:140:101:2",NA,0.434011817306894,0.149216208850426,NA
"1500:140:102:1",NA,0.473440497844463,0.107283397163429,NA
"1500:140:102:2",NA,1.97398678636878,0.063850925085977,NA
"1500:140:103:1",NA,0.359222540197801,0.01384301898883,NA
"1500:140:103:2",NA,0.199742493664001,NA,NA
"1500:140:104:1",NA,0.058187539144376,NA,NA
"1500:140:104:2",NA,0.147992499818773,NA,NA
"1500:140:205:1",NA,NA,NA,NA
"1500:140:205:2",NA,0.03524418257917,NA,NA
"1500:140:206:1",0.02960821677431,0.046591402160921,NA,0.303768585793135
"1500:140:206:2",0.02960821677431,0.113881565633312,NA,0.602299782176045
"1500:140:207:1",0.02960821677431,0.038096978483038,NA,NA
"1500:140:207:2",NA,0.083416941472488,NA,NA
"1500:140:208:1",NA,0.119901632665389,NA,NA
"1500:140:208:2",NA,0.13469609598543,NA,NA
"1500:140:209:1",0.051839830005764,0.032065104746965,NA,NA
"1500:140:209:2",NA,0.027340457162944,NA,NA
"1500:141:100:1",NA,NA,NA,NA
"1500:141:100:2",0.029520666749964,NA,NA,NA
"1500:141:101:1",0.096470623317474,NA,NA,NA
"1500:141:101:2",0.025147234638858,NA,NA,NA
"1500:141:102:1",0.186923728008001,NA,NA,NA
"1500:141:102:2",0.087377529053134,NA,NA,NA
"1500:141:103:1",0.060134691527704,0.109004430345899,NA,NA
"1500:141:103:2",NA,0.057469798371445,NA,NA
"1500:141:104:1",0.020920684976785,NA,NA,NA
"1500:141:104:2",0.02960821677431,NA,NA,NA
"1500:141:205:1",0.030101687053882,0.011447779969429,NA,NA
"1500:141:205:2",0.217357865035324,0.069309613104927,NA,NA
"1500:141:206:1",0.626901074328929,0.036347790009412,NA,NA
"1500:141:206:2",0.782156539026374,0.04964172877572,NA,NA
"1500:141:207:1",0.77100557435654,0.097855014291539,NA,NA
"1500:141:207:2",0.708271196140379,0.216561005224388,NA,NA
"1500:141:208:1",0.644494915434098,0.043754192395971,NA,NA
"1500:141:208:2",0.961618867822437,0.085719425736462,NA,NA
"1500:141:209:1",1.88659826295412,0.010998662904771,NA,NA
"1500:141:209:2",2.58262269654391,0.207672640721911,NA,NA
"1500:142:100:1",1.89719223265774,0.108500587282808,NA,NA
"1500:142:100:2",1.29187166381124,0.266859358491075,NA,NA
"1500:142:101:1",0.864424435211966,0.048456458159839,NA,NA
"1500:142:101:2",1.20727991621208,0.468069298043572,NA,NA
"1500:142:102:1",0.960921217977975,0.679091877061887,NA,NA
"1500:142:102:2",1.38530707921039,2.22217146044072,NA,NA
"1500:142:103:1",0.84892563212461,4.08247630370244,NA,NA
"1500:142:103:2",0.390266804527672,6.14255958176514,NA,NA
"1500:142:104:1",0.463380745915131,9.29677761251222,NA,NA
"1500:142:104:2",0.483583639857971,6.91826103399603,NA,0.361549685897457
"1500:142:205:1",0.214443462815831,6.52773970469656,NA,0.07410041653679
"1500:142:205:2",0.429191115452875,6.82169931335039,NA,0.362511196492657
"1500:142:206:1",0.262214487405575,10.2412696218104,NA,0.63399758146449
"1500:142:206:2",0.058467142191058,13.4035396336131,NA,1.87037230750584
"1500:142:207:1",NA,8.34129076882141,NA,4.97200759912269
"1500:142:207:2",NA,9.68788610588658,NA,10.569780617545
"1500:142:208:1",0.027688885931294,11.2853849516574,NA,3.64399881943239
"1500:142:208:2",0.025884525370055,11.8377389203571,NA,2.44977200941253
"1500:142:209:1",0.068363467132445,2.20640041525371,NA,7.30614471112893
"1500:142:209:2",0.155923222523541,0.030547705674924,NA,2.10514906163849
"1500:143:100:1",0.383245552425801,NA,NA,0.980022841291375
"1500:143:100:2",0.892788555112633,0.144244422973353,NA,0.681526864817541
"1500:143:101:1",0.844941844776497,NA,NA,1.47266074572667
"1500:143:101:2",0.277603184105235,0.392179262488893,NA,6.66230402793307
"1500:143:102:1",0.732902602875857,NA,NA,5.09426707970927
"1500:143:102:2",0.331911417806837,0.153538764901597,NA,0.012852191622514
"1500:143:103:1",0.135428106963698,0.906971160071634,NA,NA
"1500:143:103:2",0.020920684976785,0.79742212338315,NA,NA
"1500:143:104:1",0.110692661032761,0.948433160869182,NA,NA
"1500:143:104:2",0.028094776175116,0.301871515199363,NA,NA
"1500:143:205:1",0.075892078563274,0.264682871850462,NA,NA
"1500:143:205:2",0.057100511607888,0.630707310852724,NA,NA
"1500:143:206:1",0.145819510514047,0.92312390497088,NA,NA
"1500:143:206:2",0.225987070177655,0.30224026548334,NA,NA
"1500:143:207:1",0.262348038848046,0.430386517315653,NA,NA
"1500:143:207:2",0.260563990395053,0.545504688488878,NA,NA
"1500:143:208:1",0.307489308159079,0.25808309264185,NA,NA
"1500:143:208:2",0.192020870454701,0.644546456943185,NA,NA
"1500:143:209:1",0.344756290555231,0.305299018154966,NA,NA
"1500:143:209:2",0.234559976631938,0.348291048367601,NA,NA
"1500:144:100:1",0.134504216125422,0.48898381149413,NA,NA
"1500:144:100:2",0.193773752946805,0.385605090473868,NA,NA
"1500:144:101:1",0.146198318294752,0.40186424467351,NA,NA
"1500:144:101:2",0.009663147732527,0.386195875806087,NA,NA
"1500:144:102:1",0.070126382401582,0.296468164156269,NA,NA
"1500:144:102:2",0.263467325688883,0.16338046431262,NA,NA
"1500:144:103:1",0.185539081981218,0.235535011879974,NA,NA
"1500:144:103:2",0.159778593860549,0.264549473379675,NA,NA
"1500:144:104:1",0.216216025262955,0.053311403385274,NA,NA
"1500:144:104:2",0.291635350623267,0.171608875678759,NA,NA
"1500:144:205:1",0.246127926200709,0.1669505693148,NA,NA
"1500:144:205:2",0.144199433786572,0.049169201188806,NA,NA
"1500:144:206:1",0.164947776426992,0.008146054846646,NA,NA
"1500:144:206:2",0.259595351895371,0.184097350672763,NA,NA
"1500:144:207:1",0.315135945620791,0.367216655007212,NA,NA
"1500:144:207:2",0.343046753002053,0.715495314703952,NA,NA
"1500:144:208:1",0.47307774724022,1.66180165535662,NA,NA
"1500:144:208:2",0.472499702460517,2.11287746311337,NA,NA
"1500:144:209:1",0.4693389604074,3.61851937078114,NA,NA
"1500:144:209:2",0.990607236683671,7.43073454558876,NA,NA
"1500:245:100:1",0.701674289592663,8.41702315471663,NA,NA
"1500:245:100:2",0.842697627946308,8.85673112351716,NA,NA
"1500:245:101:1",0.689124924143646,6.26934734138936,NA,NA
"1500:245:101:2",0.62700572369015,7.68589049429406,NA,NA
"1500:245:102:1",0.572017647467422,7.97637412962503,NA,NA
"1500:245:102:2",0.491881327347067,6.93277540713398,NA,NA
"1500:245:103:1",0.382321947115705,4.12691138761465,NA,0.299953095658739
"1500:245:103:2",0.387884952876313,1.68447519843724,NA,NA
"1500:245:104:1",0.389249233283149,0.058539862012826,NA,NA
"1500:245:104:2",0.275477631740705,0.026794927438944,NA,NA
"1500:245:205:1",0.300099799871532,0.163028841760393,NA,NA
"1500:245:205:2",0.220175383924027,NA,NA,NA
"1500:245:206:1",0.331325055878167,NA,NA,NA
"1500:245:206:2",0.367670027206438,0.070411147648274,NA,NA
"1500:245:207:1",0.189255704832651,NA,NA,NA
"1500:245:207:2",0.052338053175482,NA,NA,NA
"1500:245:208:1",0.03918489496073,NA,NA,NA
"1500:245:208:2",NA,NA,NA,NA
"1500:245:209:1",NA,NA,NA,NA
"1500:245:209:2",NA,NA,NA,NA
"1500:246:100:1",NA,NA,NA,NA
"1500:246:100:2",NA,NA,NA,NA
"1500:246:101:1",NA,NA,NA,0.578691443481258
"1500:246:101:2",0.057066382083865,NA,NA,3.07973270940285
"1500:246:102:1",0.253519357303518,NA,NA,4.08508787722187
"1500:246:102:2",0.143727250703599,NA,NA,4.08302599897029
"1500:246:103:1",0.112482886780008,NA,NA,5.83694870085937
"1500:246:103:2",0.159097711714988,NA,NA,1.16047920059166
"1500:246:104:1",NA,NA,NA,NA
"1500:246:104:2",NA,NA,NA,NA
"1500:246:205:1",NA,NA,NA,NA
"1500:246:205:2",NA,NA,NA,NA
"1500:246:206:1",NA,NA,NA,NA
"1500:246:206:2",0.180741773453312,NA,NA,NA
"1500:246:207:1",0.288573250318974,NA,NA,NA
"1500:246:207:2",0.234058096631816,NA,NA,NA
"1500:246:208:1",0.13460859314193,NA,NA,NA
"1500:246:208:2",NA,NA,NA,NA
"1500:246:209:1",0.004906467720678,NA,NA,NA
"1500:246:209:2",NA,NA,NA,NA
"1500:247:100:1",0.022195167963862,NA,NA,NA
"1500:247:100:2",0.226794173977148,NA,NA,NA
"1500:247:101:1",0.443170773875931,NA,NA,2.77069054267236
"1500:247:101:2",0.605075865230409,0.137658308951861,NA,3.40583157133145
"1500:247:102:1",1.11467051076221,0.269117288652513,NA,5.91149250274092
"1500:247:102:2",1.16864235565484,0.157168793512932,NA,3.95546455910117
"1500:247:103:1",1.47092877666923,0.123204406025442,NA,2.55395057983301
"1500:247:103:2",1.21404834689804,0.273162972149837,NA,2.35262476079416
"1500:247:104:1",1.89757921158509,NA,NA,0.292009977875442
"1500:247:104:2",1.49225312056443,0.04265421859199,NA,NA
"1500:247:205:1",0.122865318908623,0.080569079562647,NA,NA
"1500:247:205:2",0.009870037769584,0.085954333690518,NA,NA
"1500:247:206:1",0.024688732705003,0.039846116059769,NA,NA
"1500:247:206:2",0.021652094179439,0.114256593414307,NA,NA
"1500:247:207:1",0.02041855500894,0.201522808036688,NA,NA
"1500:247:207:2",0.07068319657115,0.284777036660541,NA,NA
"1500:247:208:1",0.05646239398675,0.600714901094661,NA,NA
"1500:247:208:2",0.135798178869694,0.260128486871632,NA,NA
"1500:247:209:1",0.090392732785343,0.455810242452375,NA,NA
"1500:247:209:2",0.069692695397023,0.195403735452914,NA,NA
"7500:130:391:4",NA,NA,NA,NA
"7500:130:391:3",NA,NA,NA,NA
"7500:130:390:4",NA,NA,NA,NA
"7500:130:390:3",NA,NA,NA,NA
"1500:130:390:3",NA,NA,NA,NA
"1500:130:390:4",NA,NA,NA,NA
"1500:130:391:3",NA,NA,NA,NA
"1500:130:391:4",NA,0.012574580559472,0.016274827169336,NA
"1500:130:392:3",NA,1.4341312827874,0.153465859206069,NA
"1500:130:392:4",NA,0.703592613967837,NA,NA
"1500:130:393:3",NA,0.126093443094041,0.003456600460744,NA
"1500:130:393:4",NA,0.128040351274407,NA,NA
"1500:130:394:3",NA,0.013403545334964,NA,NA
"1500:130:394:4",NA,0.049888641347869,NA,NA
"1500:130:495:3",NA,0.015985537990317,NA,NA
"1500:130:495:4",NA,0.008756812787167,NA,NA
"1500:130:496:3",NA,NA,NA,NA
"1500:130:496:4",NA,NA,NA,NA
"1500:130:497:3",NA,NA,NA,NA
"1500:130:497:4",0.025117047924085,0.003918632508062,NA,NA
"1500:130:498:3",NA,NA,NA,NA
"1500:130:498:4",0.045953358529888,NA,NA,NA
"1500:130:499:3",0.066247205222174,0.015110891109856,NA,NA
"1500:130:499:4",0.214131933932503,0.011970617113669,NA,NA
"1500:131:390:3",0.250428448282107,NA,NA,NA
"1500:131:390:4",0.273388910010949,NA,NA,NA
"1500:131:391:3",0.182553616433744,NA,NA,NA
"1500:131:391:4",0.265501182404244,NA,NA,NA
"1500:131:392:3",0.200159292252211,NA,NA,NA
"1500:131:392:4",0.07467164875595,NA,NA,NA
"1500:131:393:3",0.08426239812636,NA,NA,NA
"1500:131:393:4",0.108063449863901,0.00460009785655,NA,NA
"1500:131:394:3",0.024279812993282,0.010484225430071,NA,NA
"1500:131:394:4",0.129953958857996,NA,NA,NA
"1500:131:495:3",NA,0.063537964742841,NA,NA
"1500:131:495:4",0.025772275261235,0.014950109351257,NA,NA
"1500:131:496:3",NA,0.021802242803916,NA,NA
"1500:131:496:4",0.041790081810738,NA,NA,NA
"1500:131:497:3",NA,NA,NA,NA
"1500:131:497:4",0.025936082095522,NA,NA,NA
"1500:131:498:3",NA,NA,NA,NA
"1500:131:498:4",0.039935770038262,0.035796611194626,NA,NA
"1500:131:499:3",0.167345758576874,0.069967424401192,NA,NA
"1500:131:499:4",0.190749209627623,0.136523315507669,NA,NA
"1500:132:390:3",0.385767261602899,0.153448510187015,NA,NA
"1500:132:390:4",0.729207486158185,0.127409820605796,NA,NA
"1500:132:391:3",0.774054113348074,0.153805145258718,NA,NA
"1500:132:391:4",0.915566768041553,0.058143000081087,NA,NA
"1500:132:392:3",0.798905092388303,0.057895525303897,NA,NA
"1500:132:392:4",0.744292687256901,0.591514515476849,NA,NA
"1500:132:393:3",1.09963820367597,0.890837720917091,NA,NA
"1500:132:393:4",1.00132688861432,1.38935177639258,NA,NA
"1500:132:394:3",1.28752065277796,2.46517912086254,NA,0.303403942293037
"1500:132:394:4",1.12857729867219,4.25950601980182,NA,0.446387844064422
"1500:132:495:3",0.106670297656591,4.64837852477935,NA,6.71419710869608
"1500:132:495:4",0.056308599286331,3.55978167511076,NA,15.0861494661656
"1500:132:496:3",0.142447189720869,1.79708830708454,NA,17.6829380680145
"1500:132:496:4",0.10843060637857,0.743420617916576,NA,10.1597389568932
"1500:132:497:3",0.153251091306596,0.142911149520212,NA,8.34871618092398
"1500:132:497:4",0.46273572274773,0.092298799350472,NA,6.09123707165121
"1500:132:498:3",0.51486676682363,0.341988293460086,NA,3.21685023017594
"1500:132:498:4",0.297749547959273,7.32655710344898,NA,3.0124332024201
"1500:132:499:3",0.082777167536744,16.9978659762092,NA,1.56086189372587
"1500:132:499:4",0.141577946826277,7.92400850750587,NA,1.8260732631824
"1500:133:390:3",0.337133668280997,2.73145519367874,NA,0.667016057038922
"1500:133:390:4",0.760153845388992,NA,NA,0.98835860557273
"1500:133:391:3",0.629252120711628,0.133677582393097,NA,1.40613603086785
"1500:133:391:4",0.382724280986131,0.318407147331733,NA,0.568652099069621
"1500:133:392:3",0.801718004820298,0.852286835863242,NA,1.19946092309896
"1500:133:392:4",0.184737707557578,0.182379955052649,NA,NA
"1500:133:393:3",0.056186803294098,0.427027204125762,NA,0.291365944663825
"1500:133:393:4",0.212903382675346,1.12217054326928,NA,0.150539071409642
"1500:133:394:3",0.175591825976525,0.95791086232056,NA,NA
"1500:133:394:4",0.091777329099417,0.58613481853419,NA,NA
"1500:133:495:3",0.08619740540424,0.581039622825024,NA,NA
"1500:133:495:4",0.106179630210434,0.790621145937271,NA,NA
"1500:133:496:3",0.026336383686412,0.230219122025986,NA,NA
"1500:133:496:4",0.128753266184554,0.386123204497509,NA,NA
"1500:133:497:3",0.187744829380655,0.493708954984692,NA,NA
"1500:133:497:4",0.208224433943675,0.460551061978133,NA,NA
"1500:133:498:3",0.172833470375645,0.824764125521552,NA,NA
"1500:133:498:4",0.123862145835568,0.377612191548033,NA,NA
"1500:133:499:3",0.142057685547559,0.34343650365479,NA,NA
"1500:133:499:4",0.087120709770325,0.569671505932767,NA,NA
"1500:134:390:3",0.082323125629096,0.407096059248841,NA,NA
"1500:134:390:4",0.181907995991919,0.21473051961689,NA,NA
"1500:134:391:3",0.079058047551808,0.096286556347095,NA,NA
"1500:134:391:4",0.331541701452306,0.034895926909938,NA,NA
"1500:134:392:3",0.276249955110124,0.032332969446789,NA,NA
"1500:134:392:4",0.267759876156558,0.073665535567153,NA,NA
"1500:134:393:3",0.300946559342124,0.151986349078493,NA,NA
"1500:134:393:4",0.17483424264909,0.02644289807487,NA,NA
"1500:134:394:3",0.086465763367461,0.37456558227651,NA,NA
"1500:134:394:4",0.053612781870139,0.450834686436757,NA,NA
"1500:134:495:3",0.176726256750154,0.111466985730991,NA,NA
"1500:134:495:4",0.099883996032564,0.086491526447038,NA,NA
"1500:134:496:3",0.189629932513465,0.116026634660847,NA,NA
"1500:134:496:4",0.327734547002426,0.368578029439591,NA,NA
"1500:134:497:3",0.496207527427004,1.58924904133642,NA,NA
"1500:134:497:4",0.724315312318562,3.79027904364067,NA,NA
"1500:134:498:3",0.59395936096834,5.82882078153496,NA,NA
"1500:134:498:4",0.820601576956005,8.15282556394481,NA,NA
"1500:134:499:3",1.23546050330099,7.97488579811071,NA,NA
"1500:134:499:4",1.25811813326726,10.2309744761299,NA,NA
"1500:235:390:3",0.929291009609449,9.02034254014643,NA,NA
"1500:235:390:4",0.771600606819723,10.5042001383183,NA,NA
"1500:235:391:3",0.581830637898904,11.4551393164653,NA,NA
"1500:235:391:4",0.486244301628961,8.15324096918188,NA,NA
"1500:235:392:3",0.513651107750255,3.53420839389245,NA,NA
"1500:235:392:4",0.730965673538541,0.172483897662103,NA,NA
"1500:235:393:3",0.507305907558463,0.203128709460499,NA,NA
"1500:235:393:4",0.60445814172973,0.212174296877114,NA,NA
"1500:235:394:3",0.368803400960911,0.08241624324104,NA,NA
"1500:235:394:4",0.340000219977053,0.098692271534202,NA,NA
"1500:235:495:3",0.204450526508014,NA,NA,NA
"1500:235:495:4",0.151137551398449,NA,NA,NA
"1500:235:496:3",0.350569799242645,0.028365111831945,NA,NA
"1500:235:496:4",0.194404187573537,0.212403958784833,NA,NA
"1500:235:497:3",0.085243558306829,0.102688627192216,NA,NA
"1500:235:497:4",0.081359620344952,NA,NA,NA
"1500:235:498:3",0.128059351901212,NA,NA,0.290468842140956
"1500:235:498:4",0.031744161879171,NA,NA,0.290468842140956
"1500:235:499:3",NA,0.096404807005501,NA,0.580937684281914
"1500:235:499:4",NA,0.083997058787798,NA,0.535864932915212
"1500:236:390:3",0.003910035639765,NA,NA,NA
"1500:236:390:4",0.002867359469161,NA,NA,NA
"1500:236:391:3",0.038175258880743,NA,NA,0.583486501654046
"1500:236:391:4",0.044621856995083,NA,NA,0.291365944663825
"1500:236:392:3",0.009905423620737,NA,NA,0.58273188932765
"1500:236:392:4",0.110177685196022,NA,NA,0.878953933069204
"1500:236:393:3",0.11969399958222,NA,NA,0.441905016073467
"1500:236:393:4",0.15937024789103,NA,NA,NA
"1500:236:394:3",0.021866151975583,NA,NA,NA
"1500:236:394:4",NA,NA,NA,NA
"1500:236:495:3",NA,NA,NA,NA
"1500:236:495:4",NA,NA,NA,NA
"1500:236:496:3",0.066959178256409,NA,NA,NA
"1500:236:496:4",0.52950155869505,NA,NA,NA
"1500:236:497:3",0.351577134698192,NA,NA,NA
"1500:236:497:4",NA,NA,NA,NA
"1500:236:498:3",NA,NA,NA,NA
"1500:236:498:4",NA,NA,NA,NA
"1500:236:499:3",0.00802860651365,NA,NA,0.43734242172819
"1500:236:499:4",0.144417985810663,NA,NA,NA
"1500:237:390:3",0.138473350974316,NA,NA,0.291659449396277
"1500:237:390:4",0.148632462497443,NA,NA,0.578290287596067
"1500:237:391:3",0.281343803798107,NA,NA,1.88869339331169
"1500:237:391:4",0.107113441971324,NA,NA,0.291365944663825
"1500:237:392:3",0.080254311218126,NA,NA,0.727517759136693
"1500:237:392:4",0.069573930502959,NA,NA,1.31362162871444
"1500:237:393:3",0.048570843965715,NA,NA,0.230371840318689
"1500:237:393:4",0.017986163942917,0.151566073347286,NA,0.581834786804781
"1500:237:394:3",0.035639326188393,0.199220762608583,NA,NA
"1500:237:394:4",0.127024868559139,0.12945434717263,NA,NA
"1500:237:495:3",0.048775608547867,0.381546869107395,NA,0.578290287596067
"1500:237:495:4",0.052831790377022,0.031551733914402,NA,NA
"1500:237:496:3",0.05779019426588,0.065429862956133,NA,NA
"1500:237:496:4",0.053697994464891,0.081560052388183,NA,NA
"1500:237:497:3",0.031426259782002,0.139093429397485,NA,NA
"1500:237:497:4",0.050290129924666,0.221230628727973,NA,NA
"1500:237:498:3",0.065648263534617,0.290822960700326,NA,NA
"1500:237:498:4",0.153198673253153,0.397864092097324,NA,NA
"1500:237:499:3",0.140605836946396,0.475124380129187,NA,NA
"1500:237:499:4",0.146145312142645,0.037076922341809,NA,NA
"7500:130:391:1",NA,NA,NA,NA
"7500:130:390:2",NA,NA,NA,NA
"7500:130:390:1",NA,NA,NA,NA
"1500:130:390:1",NA,NA,NA,NA
"1500:130:390:2",NA,NA,NA,NA
"1500:130:391:1",NA,NA,NA,NA
"1500:130:391:2",NA,NA,NA,NA
"1500:130:392:1",NA,0.907903172899818,0.119371377194179,NA
"1500:130:392:2",NA,0.487482507321307,0.214239862432082,NA
"1500:130:393:1",NA,0.141171540119801,0.048219340708849,NA
"1500:130:393:2",NA,0.069726023736458,0.020714752571821,NA
"1500:130:394:1",NA,0.161690000416967,NA,NA
"1500:130:394:2",0.040722994601275,0.01698600360522,NA,NA
"1500:130:495:1",NA,0.025402491878077,NA,NA
"1500:130:495:2",NA,0.113761786072363,NA,NA
"1500:130:496:1",NA,NA,NA,NA
"1500:130:496:2",NA,NA,NA,NA
"1500:130:497:1",NA,NA,NA,NA
"1500:130:497:2",NA,NA,NA,NA
"1500:130:498:1",NA,NA,NA,NA
"1500:130:498:2",NA,NA,NA,NA
"1500:130:499:1",0.074170120956676,NA,NA,NA
"1500:130:499:2",NA,NA,NA,NA
"1500:131:390:1",0.023196341750176,NA,NA,NA
"1500:131:390:2",0.049755789475103,NA,NA,NA
"1500:131:391:1",0.159276698964218,NA,NA,NA
"1500:131:391:2",0.06926180412866,NA,NA,NA
"1500:131:392:1",0.159694089930766,NA,NA,NA
"1500:131:392:2",0.252716719217985,NA,NA,NA
"1500:131:393:1",0.129609884895605,NA,NA,NA
"1500:131:393:2",0.056188441153948,NA,NA,NA
"1500:131:394:1",NA,NA,NA,NA
"1500:131:394:2",0.139454252302492,NA,NA,0.303040403680454
"1500:131:495:1",0.033048119732625,NA,NA,NA
"1500:131:495:2",0.108575586248402,NA,NA,NA
"1500:131:496:1",NA,NA,NA,NA
"1500:131:496:2",0.01628919784051,NA,NA,NA
"1500:131:497:1",NA,NA,NA,NA
"1500:131:497:2",0.020361497300637,NA,NA,0.297815569134239
"1500:131:498:1",0.016696427786523,NA,NA,NA
"1500:131:498:2",NA,NA,NA,NA
"1500:131:499:1",0.099805161638437,NA,NA,NA
"1500:131:499:2",0.0283591638952,NA,NA,NA
"1500:132:390:1",NA,NA,NA,NA
"1500:132:390:2",NA,NA,NA,NA
"1500:132:391:1",NA,NA,NA,NA
"1500:132:391:2",NA,NA,NA,NA
"1500:132:392:1",0.086027326095193,0.033764923527747,NA,NA
"1500:132:392:2",0.617087059245497,NA,NA,NA
"1500:132:393:1",1.06519546922939,NA,NA,NA
"1500:132:393:2",1.40054453450078,0.010205737508649,NA,NA
"1500:132:394:1",1.42467981889622,0.031840959683017,NA,0.600855972814693
"1500:132:394:2",1.05892603633158,0.021467780872908,NA,1.2069367801756
"1500:132:495:1",1.75396049242749,0.143351488810705,NA,1.17897029781739
"1500:132:495:2",1.19451608069594,0.097928076852002,NA,1.20944257020953
"1500:132:496:1",1.13071817726941,0.23289728080428,NA,2.70244735089448
"1500:132:496:2",0.46218731609071,0.133191799018271,NA,3.36123093951676
"1500:132:497:1",1.00376589968815,NA,NA,NA
"1500:132:497:2",1.14700793017833,0.000858758863318,NA,0.190180376547892
"1500:132:498:1",0.910016145252342,0.01243938693312,NA,0.03457663786066
"1500:132:498:2",0.794389533551845,NA,NA,1.05249525458686
"1500:132:499:1",0.440227695765783,1.57530319600727,NA,5.08167373980506
"1500:132:499:2",0.306796904938453,10.3923874579225,NA,2.50674316080543
"1500:133:390:1",0.113386494536173,14.5849974027021,NA,0.633282318852478
"1500:133:390:2",0.165548384892989,9.42589944901595,NA,0.909870397734422
"1500:133:391:1",0.546739356698484,0.53888899174638,NA,NA
"1500:133:391:2",0.460373984203559,0.180307327667973,NA,0.882364933422136
"1500:133:392:1",0.42821376511312,0.364305162845398,NA,0.302414910466545
"1500:133:392:2",0.632489735104576,0.43521905844659,NA,0.28645480805436
"1500:133:393:1",0.674200342512861,0.916859329792562,NA,NA
"1500:133:393:2",0.195179291289164,NA,NA,NA
"1500:133:394:1",0.0971206270472,0.236608281352763,NA,NA
"1500:133:394:2",0.137881239739204,NA,NA,NA
"1500:133:495:1",0.173017328888983,0.684598150653165,NA,NA
"1500:133:495:2",0.235640335522777,0.576089487162696,NA,NA
"1500:133:496:1",0.136868326572872,0.297859804516921,NA,NA
"1500:133:496:2",0.159561236616054,0.258442068857166,NA,NA
"1500:133:497:1",0.480227946189412,0.057773239232564,NA,NA
"1500:133:497:2",0.402244907583845,0.107816652111728,NA,NA
"1500:133:498:1",0.244104389353834,0.789596249481997,NA,NA
"1500:133:498:2",0.113644605256225,0.349901291957587,NA,NA
"1500:133:499:1",0.046499256502629,0.427583984628695,NA,NA
"1500:133:499:2",NA,0.27683762827873,NA,NA
"1500:134:390:1",0.096954836709726,0.045533809974891,NA,NA
"1500:134:390:2",0.157412942881091,0.066249314971719,NA,NA
"1500:134:391:1",0.204790554890634,0.042768903135146,NA,NA
"1500:134:391:2",0.431676949130355,0.111942915543722,NA,NA
"1500:134:392:1",0.706352380758875,0.069481809647827,NA,NA
"1500:134:392:2",0.506584254446535,0.379663652900862,NA,NA
"1500:134:393:1",0.289236426592344,0.706769129267834,NA,NA
"1500:134:393:2",0.083168696634299,0.398009645492717,NA,NA
"1500:134:394:1",0.117321965131897,0.62462047431587,NA,NA
"1500:134:394:2",0.139455428763781,0.069222184593461,NA,NA
"1500:134:495:1",0.11165306847543,0.127789644059893,NA,NA
"1500:134:495:2",0.244571763630222,0.224595586700848,NA,NA
"1500:134:496:1",0.325432702119274,0.803851272972487,NA,NA
"1500:134:496:2",0.363284499769591,3.89973120186175,NA,NA
"1500:134:497:1",0.570163323387861,6.797602369145,NA,NA
"1500:134:497:2",0.640921402315811,9.70356864237113,NA,NA
"1500:134:498:1",0.727388394617972,10.4403263140123,NA,NA
"1500:134:498:2",0.905582014953228,12.3577522938214,NA,NA
"1500:134:499:1",1.4365416795921,13.7661547877437,NA,NA
"1500:134:499:2",0.916886172126605,13.2757969374273,NA,NA
"1500:235:390:1",0.61825763859478,10.0434725837692,NA,NA
"1500:235:390:2",0.42393700402526,7.84918897285289,NA,NA
"1500:235:391:1",0.541873461331096,6.71560871360935,NA,NA
"1500:235:391:2",0.712465501867743,3.39124083344037,NA,NA
"1500:235:392:1",0.457271579473846,0.761310091642395,NA,NA
"1500:235:392:2",0.25068146290865,0.106949359576616,NA,NA
"1500:235:393:1",0.204638905240957,0.309929825737856,NA,0.145508414990177
"1500:235:393:2",0.395689931288514,0.111684919187047,NA,NA
"1500:235:394:1",0.086746241022097,0.021036697480742,NA,NA
"1500:235:394:2",0.300583011868196,0.112391267172391,NA,NA
"1500:235:495:1",0.103532872053602,0.112540759490546,NA,NA
"1500:235:495:2",0.073685758736815,0.06679584859603,NA,NA
"1500:235:496:1",0.026359479261564,0.035162367919124,NA,NA
"1500:235:496:2",0.072081640791083,0.069018503295068,NA,0.145508414990177
"1500:235:497:1",0.02622218805361,0.042118644604597,NA,0.303290132578141
"1500:235:497:2",0.097814609913479,0.078021505161375,NA,0.150358695489849
"1500:235:498:1",0.024987213640193,0.200093937662394,NA,0.515214528339186
"1500:235:498:2",0.078169490223947,0.145650469265708,NA,1.29098537605497
"1500:235:499:1",0.007550344560896,0.035999062818405,NA,0.744140372087245
"1500:235:499:2",0.140458563275863,NA,NA,1.55159805148378
"1500:236:390:1",0.01509745751427,NA,NA,3.34334138831304
"1500:236:390:2",0.122334393569843,NA,NA,2.07008451939599
"1500:236:391:1",0.019110182440336,NA,NA,1.15652718282175
"1500:236:391:2",0.05213348343275,0.025395398263095,NA,0.446225805969876
"1500:236:392:1",0.054444937752775,NA,NA,NA
"1500:236:392:2",0.219183514030239,NA,NA,NA
"1500:236:393:1",0.040040436630312,NA,NA,NA
"1500:236:393:2",0.274159964918184,NA,NA,NA
"1500:236:394:1",0.05418957020449,NA,NA,NA
"1500:236:394:2",0.004675640578724,NA,NA,NA
"1500:236:495:1",0.059253349629943,NA,NA,NA
"1500:236:495:2",0.004675640578724,NA,NA,NA
"1500:236:496:1",0.243807994697683,NA,NA,NA
"1500:236:496:2",0.385052207964621,NA,NA,NA
"1500:236:497:1",0.042724345383688,NA,NA,NA
"1500:236:497:2",0.023628411195528,NA,NA,NA
"1500:236:498:1",0.063717031312962,NA,NA,NA
"1500:236:498:2",0.046718998757616,NA,NA,0.291309983035428
"1500:236:499:1",0.057430585330679,NA,NA,0.286287397121024
"1500:236:499:2",0.0610219541612,NA,NA,NA
"1500:237:390:1",0.130779424878091,NA,NA,0.145508414990177
"1500:237:390:2",0.091433203571478,NA,NA,0.295867110480027
"1500:237:391:1",0.082116141577234,NA,NA,0.145508414990177
"1500:237:391:2",0.098778145744404,NA,NA,0.285118719566346
"1500:237:392:1",0.10430717672405,0.103409535133345,NA,NA
"1500:237:392:2",0.090170672014688,0.070178560005924,NA,NA
"1500:237:393:1",0.209036858262333,0.104391856965914,NA,NA
"1500:237:393:2",0.129078981388667,0.169607980168485,NA,0.291016829980354
"1500:237:394:1",0.14516054076708,0.191699015297751,NA,NA
"1500:237:394:2",0.122534347448873,0.163165071366312,NA,NA
"1500:237:495:1",0.060311819804168,0.18829959255942,NA,0.577597380156452
"1500:237:495:2",0.081753838098745,0.034854114609287,NA,NA
"1500:237:496:1",0.135158962631768,0.191190290896602,NA,NA
"1500:237:496:2",0.135118943530634,NA,NA,NA
"1500:237:497:1",0.21629522054685,0.028318968120046,NA,NA
"1500:237:497:2",0.323353405008642,NA,NA,NA
"1500:237:498:1",0.302753548508175,0.043970368561788,NA,NA
"1500:237:498:2",0.27991809089793,NA,NA,NA
"1500:237:499:1",0.447432051765687,NA,NA,NA
"1500:237:499:2",0.665843144116814,NA,NA,NA
"7500:130:380:4",NA,NA,NA,NA
"7500:130:380:3",NA,NA,NA,NA
"1500:130:380:3",NA,NA,NA,NA
"1500:130:380:4",0.106764389354705,NA,NA,NA
"1500:130:381:3",NA,NA,NA,NA
"1500:130:381:4",NA,NA,NA,NA
"1500:130:382:3",NA,NA,0.032931547674228,NA
"1500:130:382:4",NA,0.019950294702617,0.275349118511741,NA
"1500:130:383:3",NA,0.008876627119141,0.21354437868943,NA
"1500:130:383:4",NA,NA,1.21981726173319,NA
"1500:130:384:3",NA,NA,0.009655322878308,NA
"1500:130:384:4",NA,NA,NA,NA
"1500:130:485:3",NA,0.003537247740571,0.020689977596374,NA
"1500:130:485:4",NA,0.005950000057443,NA,NA
"1500:130:486:3",NA,NA,NA,NA
"1500:130:486:4",NA,NA,NA,NA
"1500:130:487:3",NA,NA,NA,NA
"1500:130:487:4",NA,NA,NA,NA
"1500:130:488:3",NA,NA,NA,NA
"1500:130:488:4",NA,NA,NA,NA
"1500:130:489:3",0.13742473368688,NA,NA,NA
"1500:130:489:4",0.406092903591171,NA,NA,NA
"1500:131:380:3",0.399220462820057,NA,NA,NA
"1500:131:380:4",0.173360931831906,NA,NA,0.302677965435799
"1500:131:381:3",0.188584003277319,NA,NA,NA
"1500:131:381:4",0.241290914337709,NA,NA,NA
"1500:131:382:3",0.295588719756345,NA,NA,0.302677965435799
"1500:131:382:4",0.05404263439138,NA,NA,NA
"1500:131:383:3",NA,NA,NA,NA
"1500:131:383:4",NA,NA,NA,NA
"1500:131:384:3",0.025874022930349,NA,NA,NA
"1500:131:384:4",NA,NA,NA,NA
"1500:131:485:3",NA,NA,NA,NA
"1500:131:485:4",NA,NA,NA,NA
"1500:131:486:3",0.026327953157198,NA,NA,NA
"1500:131:486:4",NA,NA,NA,NA
"1500:131:487:3",NA,NA,NA,NA
"1500:131:487:4",NA,NA,NA,NA
"1500:131:488:3",NA,NA,NA,NA
"1500:131:488:4",NA,NA,NA,NA
"1500:131:489:3",0.020845573441254,NA,NA,NA
"1500:131:489:4",NA,NA,NA,NA
"1500:132:380:3",0.020855057340661,NA,NA,NA
"1500:132:380:4",NA,NA,NA,NA
"1500:132:381:3",0.033008593971837,NA,NA,NA
"1500:132:381:4",0.082365436523977,NA,NA,NA
"1500:132:382:3",0.894381384480309,NA,NA,NA
"1500:132:382:4",1.13005113960132,NA,NA,NA
"1500:132:383:3",0.756139713153761,NA,NA,NA
"1500:132:383:4",0.464629241447572,NA,NA,NA
"1500:132:384:3",0.807954141301281,0.005007717054221,NA,NA
"1500:132:384:4",0.583156914473837,0.161543646290774,NA,0.067115740569758
"1500:132:485:3",1.04814409201799,1.07291397124415,NA,NA
"1500:132:485:4",0.905041822080236,2.50365570983499,NA,NA
"1500:132:486:3",0.533790831692731,0.20978389497685,NA,0.297459379824837
"1500:132:486:4",0.211388333749061,0.002369582202313,NA,2.10955204407062
"1500:132:487:3",0.376681997310872,NA,NA,0.313115136657724
"1500:132:487:4",0.669719852811458,0.05035925236818,NA,0.080437527263216
"1500:132:488:3",1.17407377493567,0.202712617815862,NA,0.040435966675523
"1500:132:488:4",1.42351247214038,NA,NA,0.903528607970107
"1500:132:489:3",0.979674686249731,0.054595173941282,NA,2.87395972993416
"1500:132:489:4",0.947525850909116,0.068185294843593,NA,6.06486878397862
"1500:133:380:3",0.387988632122031,5.67669567648182,NA,3.21507572981926
"1500:133:380:4",0.133895624231435,15.3683116829326,NA,NA
"1500:133:381:3",0.133856408521382,9.73198201187635,NA,NA
"1500:133:381:4",0.215667570446574,5.4982944266065,NA,NA
"1500:133:382:3",0.319730620177784,1.46472682435509,NA,NA
"1500:133:382:4",0.525887246408217,0.887227367335221,NA,NA
"1500:133:383:3",0.614885850585776,0.541566817779753,NA,NA
"1500:133:383:4",0.480304339110519,0.459468712097855,NA,NA
"1500:133:384:3",0.281786046386697,0.738878174469036,NA,NA
"1500:133:384:4",1.04722513773387,0.518991639793302,NA,NA
"1500:133:485:3",1.46645070676852,0.066258386509437,NA,NA
"1500:133:485:4",2.2796925782853,NA,NA,NA
"1500:133:486:3",1.03363962615301,NA,NA,NA
"1500:133:486:4",0.494665155039634,0.245787094243398,NA,NA
"1500:133:487:3",0.32246468073263,NA,NA,NA
"1500:133:487:4",0.399760264569868,0.092607478797384,NA,NA
"1500:133:488:3",0.286882913986527,0.752615858296637,NA,NA
"1500:133:488:4",0.115986556092855,0.391440801949444,NA,NA
"1500:133:489:3",0.072076133395299,0.160086260875064,NA,NA
"1500:133:489:4",0.112485034658605,0.222962690173156,NA,NA
"1500:134:380:3",0.359901556604299,0.150904989957212,NA,NA
"1500:134:380:4",0.334240600284736,0.039093356133244,NA,NA
"1500:134:381:3",0.503177540670498,0.263991107405533,NA,NA
"1500:134:381:4",0.35671002360693,0.066104953342511,NA,NA
"1500:134:382:3",0.314062847455417,0.239089902780009,NA,NA
"1500:134:382:4",0.127511127318197,0.397281864997013,NA,NA
"1500:134:383:3",0.180328008630962,0.58754663700799,NA,NA
"1500:134:383:4",0.085955374864294,1.09048039164368,NA,NA
"1500:134:384:3",0.112808793680245,1.36193281361867,NA,NA
"1500:134:384:4",0.201576183147666,0.959881862304537,NA,NA
"1500:134:485:3",0.087762286645146,0.789268340996336,NA,NA
"1500:134:485:4",0.355874304583095,3.94906457666004,NA,NA
"1500:134:486:3",0.246513836369475,5.16983189422996,NA,NA
"1500:134:486:4",0.380357276237512,9.73551383560226,NA,NA
"1500:134:487:3",0.766781670581179,12.163881867516,NA,NA
"1500:134:487:4",0.396694716374433,12.8322009517181,NA,NA
"1500:134:488:3",0.245023069077969,13.1106264978497,NA,NA
"1500:134:488:4",0.630862385879723,11.7405360319695,NA,NA
"1500:134:489:3",0.895912351189782,9.77587295242852,NA,NA
"1500:134:489:4",1.07949875421706,9.48529356229665,NA,NA
"1500:235:380:3",0.884097181504388,5.65609942267058,NA,NA
"1500:235:380:4",0.654675220784024,2.54088935385858,NA,NA
"1500:235:381:3",0.478852488919676,0.609277335230864,NA,NA
"1500:235:381:4",0.303173654827043,0.015008241040816,NA,NA
"1500:235:382:3",0.41905691202409,0.074124296202575,NA,0.290668772006098
"1500:235:382:4",0.237111477456177,0.040682448835568,NA,0.58528706758574
"1500:235:383:3",0.301333597762758,0.235056174286218,NA,1.16751956755782
"1500:235:383:4",0.289982083312563,0.057378142197472,NA,1.62354955624037
"1500:235:384:3",0.09691984791501,0.052614242190957,NA,0.580442588052305
"1500:235:384:4",0.131895847689887,0.095164264218458,NA,NA
"1500:235:485:3",0.029861874279564,0.298487403425881,NA,NA
"1500:235:485:4",0.008018735815588,0.121116499272372,NA,NA
"1500:235:486:3",0.025874022930349,0.316774151623624,NA,NA
"1500:235:486:4",0.004022034293823,0.148037151060827,NA,NA
"1500:235:487:3",0.007038560014189,0.083119838360976,NA,0.302927395656141
"1500:235:487:4",0.004715488482413,0.146537672500885,NA,0.95923161322035
"1500:235:488:3",0.042601636966645,0.113249788041109,NA,3.3130827749071
"1500:235:488:4",0.015866231834941,0.050639229366404,NA,3.31269033335797
"1500:235:489:3",0.027306436916964,0.035956007710971,NA,7.69144882235475
"1500:235:489:4",0.1374591342525,0.029963339759143,NA,4.11077843349726
"1500:236:380:3",0.004680815772983,NA,NA,6.09995388606742
"1500:236:380:4",0.013158293228497,NA,NA,6.37386651314119
"1500:236:381:3",0.034254927916804,0.020292020164574,NA,5.92190414524325
"1500:236:381:4",0.004160725131541,NA,NA,1.02129022559489
"1500:236:382:3",0.012723078866377,NA,NA,NA
"1500:236:382:4",0.033932568199102,NA,NA,NA
"1500:236:383:3",0.207238779857414,NA,NA,NA
"1500:236:383:4",0.430133145854026,NA,NA,NA
"1500:236:384:3",0.098064927303868,NA,NA,NA
"1500:236:384:4",0.027189973257403,NA,NA,NA
"1500:236:485:3",0.022503484522482,NA,NA,NA
"1500:236:485:4",0.043594669708373,NA,NA,NA
"1500:236:486:3",0.359797447540584,NA,NA,NA
"1500:236:486:4",0.078055928675694,NA,NA,NA
"1500:236:487:3",0.069145355357122,NA,NA,NA
"1500:236:487:4",0.024676167457296,NA,NA,NA
"1500:236:488:3",0.126324635722017,NA,NA,NA
"1500:236:488:4",0.083947593537749,NA,NA,NA
"1500:236:489:3",0.199963651954483,NA,NA,NA
"1500:236:489:4",0.214996951554059,NA,NA,NA
"1500:237:380:3",0.078435057831804,NA,NA,NA
"1500:237:380:4",0.14616716576631,NA,NA,0.295513251539532
"1500:237:381:3",0.063023881107142,NA,NA,NA
"1500:237:381:4",0.141263685629131,NA,NA,NA
"1500:237:382:3",0.090396724694543,NA,NA,NA
"1500:237:382:4",0.077620090214997,0.113028289500286,NA,NA
"1500:237:383:3",0.155519585274511,0.155966308097528,NA,NA
"1500:237:383:4",0.309635947001473,0.279101507808883,NA,NA
"1500:237:384:3",0.354308435063097,0.149386929803263,NA,NA
"1500:237:384:4",0.60061480163103,0.119611273446001,NA,NA
"1500:237:485:3",0.586275826718572,0.285810554482181,NA,NA
"1500:237:485:4",0.432729868804775,0.078761383754366,NA,NA
"1500:237:486:3",0.631953315997244,0.124307482553126,NA,NA
"1500:237:486:4",0.485164424217187,0.072324353485455,NA,NA
"1500:237:487:3",0.487555572497362,NA,NA,NA
"1500:237:487:4",0.502809623564481,NA,NA,NA
"1500:237:488:3",0.191134284131895,NA,NA,NA
"1500:237:488:4",0.088963847349056,NA,NA,NA
"1500:237:489:3",0.208148969678687,NA,NA,NA
"1500:237:489:4",0.292240702573839,NA,NA,NA
"7500:130:380:1",NA,NA,NA,NA
"1500:130:380:1",NA,NA,NA,NA
"1500:130:380:2",NA,NA,NA,NA
"1500:130:381:1",NA,NA,NA,NA
"1500:130:381:2",NA,NA,NA,NA
"1500:130:382:1",NA,NA,NA,NA
"1500:130:382:2",NA,NA,NA,NA
"1500:130:383:1",NA,NA,NA,NA
"1500:130:383:2",NA,NA,0.206829769584123,NA
"1500:130:384:1",NA,NA,0.010246533442403,NA
"1500:130:384:2",NA,NA,NA,NA
"1500:130:485:1",NA,0.113608512235597,0.020665277530897,NA
"1500:130:485:2",NA,NA,NA,NA
"1500:130:486:1",NA,NA,NA,NA
"1500:130:486:2",NA,NA,NA,NA
"1500:130:487:1",NA,NA,NA,NA
"1500:130:487:2",NA,NA,NA,NA
"1500:130:488:1",NA,NA,NA,NA
"1500:130:488:2",NA,NA,NA,NA
"1500:130:489:1",NA,NA,NA,NA
"1500:130:489:2",NA,NA,NA,NA
"1500:131:380:1",NA,NA,NA,NA
"1500:131:380:2",0.127674150016765,NA,NA,NA
"1500:131:381:1",0.147012436728323,NA,NA,NA
"1500:131:381:2",0.071541130280934,NA,NA,NA
"1500:131:382:1",0.061624540022297,NA,NA,NA
"1500:131:382:2",0.026296522375612,NA,NA,NA
"1500:131:383:1",NA,NA,NA,NA
"1500:131:383:2",NA,NA,NA,NA
"1500:131:384:1",NA,NA,NA,NA
"1500:131:384:2",NA,NA,NA,NA
"1500:131:485:1",NA,NA,NA,NA
"1500:131:485:2",NA,NA,NA,NA
"1500:131:486:1",NA,NA,NA,NA
"1500:131:486:2",NA,NA,NA,NA
"1500:131:487:1",NA,NA,NA,NA
"1500:131:487:2",NA,NA,NA,NA
"1500:131:488:1",0.046268393078693,NA,NA,NA
"1500:131:488:2",NA,NA,NA,NA
"1500:131:489:1",0.005494864620284,NA,NA,NA
"1500:131:489:2",0.051578738177262,NA,NA,NA
"1500:132:380:1",0.169718757765475,NA,NA,NA
"1500:132:380:2",0.020820687622673,NA,NA,NA
"1500:132:381:1",NA,NA,NA,NA
"1500:132:381:2",0.265666400095008,NA,NA,NA
"1500:132:382:1",0.864068413975094,NA,NA,NA
"1500:132:382:2",0.406671081868607,NA,NA,NA
"1500:132:383:1",0.210563794158998,NA,NA,NA
"1500:132:383:2",0.464832245964981,NA,NA,NA
"1500:132:384:1",0.376291272679283,NA,NA,NA
"1500:132:384:2",0.512789333183463,0.079517330476015,NA,0.312290518098402
"1500:132:485:1",0.637799274686592,0.364296135451217,NA,NA
"1500:132:485:2",1.09661540056289,2.24836456802775,NA,0.599420890559142
"1500:132:486:1",0.935411603940041,5.56116349485864,NA,0.902557749836872
"1500:132:486:2",1.11572346250243,4.28099317846385,NA,3.85380434647526
"1500:132:487:1",0.712558571207338,3.06770062332382,NA,2.00622079613593
"1500:132:487:2",0.96927231514057,3.5958687174445,NA,2.03867368931267
"1500:132:488:1",1.68178495938096,4.24506881761739,NA,2.308573148626
"1500:132:488:2",1.83408092152049,2.31774636910163,NA,0.96062493163759
"1500:132:489:1",2.32276573213554,0.163248859122298,NA,0.046534432880936
"1500:132:489:2",0.79648146233963,0.042988745418094,NA,0.302565755510692
"1500:133:380:1",0.465279780002751,0.103690737444325,NA,0.561687120817195
"1500:133:380:2",0.189983041515499,6.5371538233439,NA,0.285770640415765
"1500:133:381:1",0.131553379175435,11.6197031732352,NA,NA
"1500:133:381:2",0.2320838458406,7.0284179539082,NA,NA
"1500:133:382:1",0.223197799773878,4.9152806844146,NA,NA
"1500:133:382:2",0.126627218632681,1.33947309728837,NA,NA
"1500:133:383:1",0.207000643579749,0.212621041416801,NA,NA
"1500:133:383:2",0.24297877880762,0.067488819985792,NA,NA
"1500:133:384:1",0.743328893937405,0.343363486216892,NA,NA
"1500:133:384:2",0.619332677070699,0.270234839995464,NA,NA
"1500:133:485:1",0.806621258667918,NA,NA,0.290614219314281
"1500:133:485:2",0.6202214583964,0.203739833919372,NA,NA
"1500:133:486:1",0.538961928707557,0.214854005620531,NA,NA
"1500:133:486:2",0.28630750360898,0.314729905273414,NA,NA
"1500:133:487:1",0.386654055566856,0.048497132596167,NA,NA
"1500:133:487:2",0.234703904543568,0.217838997477245,NA,NA
"1500:133:488:1",0.067524107156645,0.385098417788353,NA,NA
"1500:133:488:2",0.099738411221955,0.254018923203847,NA,NA
"1500:133:489:1",0.089731025015433,0.190332554742794,NA,NA
"1500:133:489:2",0.22478684311065,0.225396542028236,NA,NA
"1500:134:380:1",0.573541979144872,0.248936148755697,NA,NA
"1500:134:380:2",0.423549680744312,0.609883776666752,NA,NA
"1500:134:381:1",0.368133496282764,0.43420963164604,NA,NA
"1500:134:381:2",0.181277966450944,0.245298206902467,NA,NA
"1500:134:382:1",0.155088530615657,0.93922492467248,NA,NA
"1500:134:382:2",0.164556385504445,1.18038513335888,NA,NA
"1500:134:383:1",0.209355517336263,1.91046855028446,NA,NA
"1500:134:383:2",0.315169620134674,2.05767651887078,NA,NA
"1500:134:384:1",0.338181777447417,1.30489178785707,NA,NA
"1500:134:384:2",0.507147908779744,2.69825642505747,NA,NA
"1500:134:485:1",0.310631323952195,4.59413948295032,NA,NA
"1500:134:485:2",0.673823230246409,8.09700055754612,NA,NA
"1500:134:486:1",0.619384436488883,11.4820944693231,NA,NA
"1500:134:486:2",0.611076962784266,13.5670141419217,NA,NA
"1500:134:487:1",0.620810942612297,14.14278229311,NA,NA
"1500:134:487:2",0.463551480547619,12.5351892282824,NA,0.369716996136181
"1500:134:488:1",0.850779976926018,10.0617440430582,NA,0.289427878879465
"1500:134:488:2",0.770810961051969,8.56303650456882,NA,NA
"1500:134:489:1",0.927499092509889,4.14163338817864,NA,0.284437743036716
"1500:134:489:2",0.765042049353333,0.909600363846099,NA,NA
"1500:235:380:1",0.365845238528568,0.217486688752674,NA,0.284437743036716
"1500:235:380:2",0.238188030942863,0.05514354195,NA,1.81649728614443
"1500:235:381:1",0.135327404931238,0.173904906352315,NA,1.84798659717251
"1500:235:381:2",0.244139447837763,0.071684489206558,NA,1.58478798781223
"1500:235:382:1",0.135673804319698,0.005056814899356,NA,2.01256767985822
"1500:235:382:2",0.149693572443772,0.03225452377528,NA,1.88536943386406
"1500:235:383:1",0.120715505253148,0.079244759116334,NA,1.15692378319897
"1500:235:383:2",0.058352135716571,0.099685313451894,NA,1.02007099104884
"1500:235:384:1",0.107538269446286,0.050428115166371,NA,NA
"1500:235:384:2",0.085434941265097,NA,NA,NA
"1500:235:485:1",NA,0.028765333299127,NA,NA
"1500:235:485:2",0.003067395158442,0.035929898138888,NA,NA
"1500:235:486:1",0.034317628317322,NA,NA,NA
"1500:235:486:2",0.012092985941488,0.11107360983796,NA,0.290614219314281
"1500:235:487:1",0.116936605358871,0.067368559010415,NA,NA
"1500:235:487:2",0.007792046218926,NA,NA,0.145160883212458
"1500:235:488:1",0.010541415409,NA,NA,0.145160883212458
"1500:235:488:2",0.051087029416144,NA,NA,3.76104961800595
"1500:235:489:1",0.032880609839364,NA,NA,3.16690685899339
"1500:235:489:2",0.008830985714783,NA,NA,2.43728340220065
"1500:236:380:1",0.046116699936021,NA,NA,3.34959584716504
"1500:236:380:2",0.029540512998863,NA,NA,2.77377550576675
"1500:236:381:1",0.00487178321974,NA,NA,2.6917477165265
"1500:236:381:2",0.019001838338321,NA,NA,0.591993634390157
"1500:236:382:1",0.024542121087657,NA,NA,NA
"1500:236:382:2",0.08770979840576,NA,NA,NA
"1500:236:383:1",0.096594958532612,NA,NA,NA
"1500:236:383:2",0.469410075078706,NA,NA,NA
"1500:236:384:1",0.126892965274754,NA,NA,NA
"1500:236:384:2",0.059137657645386,NA,NA,NA
"1500:236:485:1",0.048279442226338,NA,NA,NA
"1500:236:485:2",0.120652190762999,NA,NA,NA
"1500:236:486:1",0.32117257384788,NA,NA,NA
"1500:236:486:2",0.251483917607816,NA,NA,NA
"1500:236:487:1",0.141860248997578,NA,NA,NA
"1500:236:487:2",0.070080558410371,NA,NA,NA
"1500:236:488:1",0.15640390125201,NA,NA,NA
"1500:236:488:2",0.18349049481965,NA,NA,NA
"1500:236:489:1",0.154180806922977,NA,NA,NA
"1500:236:489:2",0.19698482319955,0.040091986459375,NA,NA
"1500:237:380:1",0.106765876121194,0.112470755308692,NA,NA
"1500:237:380:2",0.578755927622238,0.160585706907309,NA,NA
"1500:237:381:1",0.716577608520472,0.218249025985563,NA,NA
"1500:237:381:2",0.74031987978717,0.229793012951821,NA,NA
"1500:237:382:1",0.742635854183731,0.399964578008581,NA,NA
"1500:237:382:2",1.12133441903774,0.272191755680976,NA,NA
"1500:237:383:1",1.40171450374459,0.212501994271373,NA,NA
"1500:237:383:2",1.41523014723695,0.152122552604163,NA,NA
"1500:237:384:1",1.05209136093464,0.03837644354462,NA,NA
"1500:237:384:2",0.91426760171681,0.116667071524718,NA,NA
"1500:237:485:1",1.23996463268319,0.12974624074865,NA,NA
"1500:237:485:2",1.14310313483275,0.028251331197916,NA,NA
"1500:237:486:1",1.839726571767,NA,NA,NA
"1500:237:486:2",2.3926629664601,NA,NA,NA
"1500:237:487:1",2.20974372048259,NA,NA,NA
"1500:237:487:2",1.96475738811704,NA,NA,NA
"1500:237:488:1",0.899634468962159,NA,NA,NA
"1500:237:488:2",0.671539158743446,NA,NA,NA
"1500:237:489:1",0.322018654034588,NA,NA,NA
"1500:237:489:2",0.267849576651186,NA,NA,NA
"1500:130:370:3",NA,NA,NA,NA
"1500:130:370:4",NA,NA,NA,NA
"1500:130:371:3",NA,NA,NA,NA
"1500:130:371:4",NA,NA,NA,NA
"1500:130:372:3",NA,NA,NA,NA
"1500:130:372:4",NA,NA,NA,NA
"1500:130:373:3",NA,NA,NA,NA
"1500:130:373:4",NA,NA,0.215241866487515,NA
"1500:130:374:3",NA,NA,0.284640325557995,NA
"1500:130:374:4",NA,NA,NA,NA
"1500:130:475:3",NA,NA,0.020640652069872,NA
"1500:130:475:4",NA,NA,NA,NA
"1500:130:476:3",NA,NA,NA,NA
"1500:130:476:4",NA,NA,NA,NA
"1500:130:477:3",NA,0.141693548898642,NA,NA
"1500:130:477:4",NA,NA,0.007396233658371,NA
"1500:130:478:3",NA,NA,NA,NA
"1500:130:478:4",NA,NA,NA,NA
"1500:130:479:3",NA,NA,NA,NA
"1500:130:479:4",NA,0.089272685411671,NA,NA
"1500:131:370:3",NA,NA,NA,NA
"1500:131:370:4",NA,NA,NA,NA
"1500:131:371:3",NA,NA,NA,NA
"1500:131:371:4",NA,NA,NA,NA
"1500:131:372:3",NA,NA,NA,NA
"1500:131:372:4",NA,NA,NA,NA
"1500:131:373:3",0.025812338484447,NA,NA,NA
"1500:131:373:4",0.03803923566129,NA,NA,NA
"1500:131:374:3",NA,NA,NA,NA
"1500:131:374:4",NA,NA,NA,NA
"1500:131:475:3",NA,NA,NA,NA
"1500:131:475:4",NA,NA,NA,NA
"1500:131:476:3",NA,NA,NA,NA
"1500:131:476:4",NA,NA,NA,NA
"1500:131:477:3",NA,NA,NA,NA
"1500:131:477:4",0.062583599623694,NA,NA,NA
"1500:131:478:3",0.049720241403551,NA,NA,NA
"1500:131:478:4",NA,NA,NA,NA
"1500:131:479:3",NA,NA,NA,NA
"1500:131:479:4",NA,NA,NA,NA
"1500:132:370:3",0.053218560952948,NA,NA,NA
"1500:132:370:4",0.397858450539659,NA,NA,NA
"1500:132:371:3",0.300406988248864,NA,NA,NA
"1500:132:371:4",0.619168351100083,NA,NA,NA
"1500:132:372:3",1.2125683763754,NA,NA,NA
"1500:132:372:4",1.24553695421658,NA,NA,NA
"1500:132:373:3",0.928218642989001,0.059515123607781,NA,NA
"1500:132:373:4",0.64065299053512,NA,NA,NA
"1500:132:374:3",0.22287551661809,NA,NA,0.134164268696217
"1500:132:374:4",0.78836478278921,NA,NA,0.039183911584225
"1500:132:475:3",1.03285545150622,0.115199602593123,NA,NA
"1500:132:475:4",1.31143037179248,0.000732819244677,NA,NA
"1500:132:476:3",1.24526333904752,0.001628164986002,NA,NA
"1500:132:476:4",0.966866314151796,0.066730339373044,NA,1.72106199877198
"1500:132:477:3",0.797829499010009,0.270818228018314,NA,10.6678026942995
"1500:132:477:4",0.641555844888968,0.534546140649553,NA,12.7341614905826
"1500:132:478:3",0.443811450691297,0.379649513905934,NA,22.8610009370512
"1500:132:478:4",0.735530356440649,0.346134200323411,NA,10.9832263296458
"1500:132:479:3",1.52177214866212,1.43473554930333,NA,1.21394652053895
"1500:132:479:4",1.28830084179198,0.174968569667133,NA,NA
"1500:133:370:3",0.569508980732529,NA,NA,0.302369563487727
"1500:133:370:4",0.567267009772414,2.60188153484731,NA,NA
"1500:133:371:3",0.145852255586987,4.61292411355399,NA,0.297156295151732
"1500:133:371:4",0.172399244782191,3.2409213374779,NA,NA
"1500:133:372:3",0.081664249719943,3.43989464336601,NA,NA
"1500:133:372:4",0.330604680805502,1.48294414250847,NA,NA
"1500:133:373:3",0.32827087973127,0.475712043664372,NA,NA
"1500:133:373:4",0.429765914058255,0.499728043810219,NA,NA
"1500:133:374:3",0.022618385158569,0.215133302480971,NA,NA
"1500:133:374:4",0.09805121992147,NA,NA,NA
"1500:133:475:3",0.004015904648423,0.061139540742454,NA,NA
"1500:133:475:4",0.101241598175458,NA,NA,NA
"1500:133:476:3",0.043017022253013,NA,NA,NA
"1500:133:476:4",0.083994021156644,0.272052074096999,NA,NA
"1500:133:477:3",0.101365094590409,0.390459946978148,NA,NA
"1500:133:477:4",0.060922458368017,0.050879023696355,NA,NA
"1500:133:478:3",0.02317189634709,0.086407831671068,NA,NA
"1500:133:478:4",0.196621872374939,0.322257687206907,NA,NA
"1500:133:479:3",0.277490097341734,0.216980202283051,NA,NA
"1500:133:479:4",0.443679821589802,0.334872712077747,NA,NA
"1500:134:370:3",0.45990738120741,0.823869387480184,NA,NA
"1500:134:370:4",0.436356525020386,1.1953746114475,NA,NA
"1500:134:371:3",0.171627237923177,1.05498627520449,NA,NA
"1500:134:371:4",0.220196418846381,1.57483487494426,NA,NA
"1500:134:372:3",0.305848917749876,1.74310200155507,NA,NA
"1500:134:372:4",0.32629761700438,2.56312092013261,NA,NA
"1500:134:373:3",0.333461679146531,2.27180981030483,NA,NA
"1500:134:373:4",0.42049427606537,4.149655153306,NA,NA
"1500:134:374:3",0.711612062836958,7.07343871483337,NA,NA
"1500:134:374:4",0.618054552457775,9.55101780136105,NA,NA
"1500:134:475:3",0.454696422432294,11.7584833774426,NA,NA
"1500:134:475:4",0.490716384202081,11.1300444296654,NA,NA
"1500:134:476:3",0.569417311990637,10.1968120556037,NA,NA
"1500:134:476:4",0.859911979390614,9.13137943544636,NA,NA
"1500:134:477:3",0.931764978860486,8.80402420901419,NA,0.586304004831254
"1500:134:477:4",0.695239701762638,4.50077740076427,NA,0.59128819425516
"1500:134:478:3",1.31426342341487,2.62000172713931,NA,0.447193112140912
"1500:134:478:4",1.14649788360857,0.877032660043009,NA,0.149820834621391
"1500:134:479:3",1.37861144308625,0.275043327780321,NA,NA
"1500:134:479:4",1.40870607809336,0.332809580890391,NA,NA
"1500:235:370:3",0.165377737989166,0.260623055701963,NA,0.914531899816204
"1500:235:370:4",0.079646210329439,0.290757108503508,NA,3.21478846669262
"1500:235:371:3",0.128971714409157,0.151604050086276,NA,2.14470980818213
"1500:235:371:4",0.01720731680212,0.111453304246076,NA,2.25001825198791
"1500:235:372:3",0.15613804462895,NA,NA,2.02256968621501
"1500:235:372:4",0.099807708806528,NA,NA,1.25567632684293
"1500:235:373:3",0.18130400607732,0.031465503913613,NA,1.10494253754076
"1500:235:373:4",0.047889471430701,NA,NA,1.3238806875781
"1500:235:374:3",0.008888465454607,NA,NA,0.285263294141529
"1500:235:374:4",0.015554814545562,NA,NA,0.283628621070782
"1500:235:475:3",0.007555195636416,NA,NA,NA
"1500:235:475:4",0.019711650364672,0.043411793742132,NA,0.296137717829982
"1500:235:476:3",0.017864317634284,NA,NA,NA
"1500:235:476:4",0.020439497679546,0.039070614367918,NA,NA
"1500:235:477:3",0.037211706615584,NA,NA,0.296137717829982
"1500:235:477:4",0.017582559545796,0.043411793742132,NA,NA
"1500:235:478:3",0.088487933529169,NA,NA,0.290267913336994
"1500:235:478:4",0.003676487932856,NA,NA,NA
"1500:235:479:3",0.008682102211492,NA,NA,NA
"1500:235:479:4",0.074101657412937,NA,NA,NA
"1500:236:370:3",0.005300809895746,NA,NA,0.582190296112854
"1500:236:370:4",0.120145970159695,NA,NA,1.02458119160435
"1500:236:371:3",0.085669052050843,NA,NA,0.722285845155648
"1500:236:371:4",0.014541656453033,NA,NA,0.575531207478523
"1500:236:372:3",0.07305077437804,NA,NA,NA
"1500:236:372:4",0.121748464001267,NA,NA,NA
"1500:236:373:3",0.188764265251082,NA,NA,NA
"1500:236:373:4",0.081091856144945,NA,NA,NA
"1500:236:374:3",0.095758696382874,NA,NA,NA
"1500:236:374:4",0.100463579276988,NA,NA,NA
"1500:236:475:3",0.139912190196966,NA,NA,NA
"1500:236:475:4",0.288386779132523,NA,NA,NA
"1500:236:476:3",0.533723568700297,NA,NA,NA
"1500:236:476:4",0.696046917523147,NA,NA,NA
"1500:236:477:3",1.11426749424843,NA,NA,NA
"1500:236:477:4",0.99596834360462,NA,NA,NA
"1500:236:478:3",0.843815026242123,NA,NA,NA
"1500:236:478:4",0.88058560253165,NA,NA,NA
"1500:236:479:3",1.84790267983025,0.088183235519185,NA,NA
"1500:236:479:4",1.90097916635151,0.13874905224002,NA,NA
"1500:237:370:3",1.10439176666652,0.072355475297793,NA,NA
"1500:237:370:4",1.43369944754781,0.139845099024655,NA,NA
"1500:237:371:3",2.69075696263647,0.133751825918102,NA,NA
"1500:237:371:4",2.57067930989136,0.044755295159614,NA,NA
"1500:237:372:3",2.17790729372294,0.181358408024545,NA,NA
"1500:237:372:4",1.92860132873196,0.043333507112121,NA,NA
"1500:237:373:3",2.51264288903519,0.119726382028476,NA,NA
"1500:237:373:4",3.71225700175501,0.030622044056578,NA,NA
"1500:237:374:3",3.1100563854163,0.028266502206072,NA,NA
"1500:237:374:4",2.89950255485092,NA,NA,NA
"1500:237:475:3",2.8986188813712,NA,NA,NA
"1500:237:475:4",2.96555435506131,NA,NA,NA
"1500:237:476:3",1.7717785595389,NA,NA,NA
"1500:237:478:3",1.41248372196685,NA,NA,NA
"7500:130:373:1",NA,NA,NA,NA
"7500:130:372:2",NA,NA,NA,NA
"1500:130:370:2",NA,NA,NA,NA
"1500:130:371:1",NA,NA,NA,NA
"1500:130:371:2",NA,NA,NA,NA
"1500:130:372:1",NA,NA,NA,NA
"1500:130:372:2",NA,NA,NA,NA
"1500:130:373:1",NA,NA,NA,NA
"1500:130:373:2",NA,NA,NA,NA
"1500:130:374:1",NA,NA,NA,NA
"1500:130:374:2",NA,NA,0.031783155568767,NA
"1500:130:475:1",NA,NA,0.012885063068419,NA
"1500:130:475:2",NA,NA,NA,NA
"1500:130:476:1",NA,NA,0.007559237000139,NA
"1500:130:476:2",NA,NA,0.017180084091225,NA
"1500:130:477:1",NA,NA,NA,NA
"1500:130:477:2",NA,NA,0.171954306283302,NA
"1500:130:478:1",NA,NA,0.185122223576639,NA
"1500:130:478:2",NA,NA,NA,NA
"1500:130:479:1",NA,NA,NA,NA
"1500:130:479:2",NA,NA,NA,NA
"1500:131:370:1",NA,NA,NA,NA
"1500:131:370:2",NA,NA,NA,NA
"1500:131:371:1",NA,NA,NA,NA
"1500:131:371:2",NA,NA,NA,NA
"1500:131:372:1",NA,NA,NA,NA
"1500:131:372:2",NA,NA,NA,NA
"1500:131:373:1",NA,NA,NA,NA
"1500:131:373:2",0.077616293122381,NA,NA,NA
"1500:131:374:1",0.19793059365008,NA,NA,NA
"1500:131:374:2",0.23477873280919,NA,0.02061610090947,NA
"1500:131:475:1",0.051563271654728,NA,0.017867287454874,NA
"1500:131:475:2",0.026233945227844,NA,NA,NA
"1500:131:476:1",NA,NA,NA,NA
"1500:131:476:2",NA,0.161591041461434,NA,NA
"1500:131:477:1",NA,0.091395661909958,NA,NA
"1500:131:477:2",NA,0.08916649942435,NA,NA
"1500:131:478:1",0.362291859276397,NA,NA,NA
"1500:131:478:2",0.152720301573384,NA,NA,NA
"1500:131:479:1",NA,0.646364165845736,NA,NA
"1500:131:479:2",0.040889836638387,NA,NA,NA
"1500:132:370:1",0.358496323745247,0.059444332949566,NA,NA
"1500:132:370:2",0.844567416866804,NA,NA,NA
"1500:132:371:1",1.17772229722343,NA,NA,NA
"1500:132:371:2",1.15544919187266,NA,NA,NA
"1500:132:372:1",0.943999499916532,0.166977409510149,NA,NA
"1500:132:372:2",0.912008867662904,NA,NA,NA
"1500:132:373:1",0.344269794121452,NA,NA,NA
"1500:132:373:2",0.525235824314982,NA,NA,NA
"1500:132:374:1",0.707929176395546,NA,NA,NA
"1500:132:374:2",0.60817623617459,NA,NA,NA
"1500:132:475:1",0.865351400421888,NA,NA,NA
"1500:132:475:2",1.3969270338374,NA,NA,NA
"1500:132:476:1",0.850785489865567,0.226189920924013,NA,NA
"1500:132:476:2",0.513815360235665,NA,NA,NA
"1500:132:477:1",0.503295636610213,NA,NA,NA
"1500:132:477:2",0.913845160009588,0.245623728585467,NA,0.32267420120845
"1500:132:478:1",1.50404651090298,0.138014189038381,NA,0.081376735365111
"1500:132:478:2",0.892211668504746,0.552056756153522,NA,0.335912349204459
"1500:132:479:1",1.54931082089383,0.01473724087708,NA,0.018720977683729
"1500:132:479:2",1.18998808979565,0.238073401817555,NA,NA
"1500:133:370:1",1.32356314235288,0.598912572360848,NA,0.317197063680183
"1500:133:370:2",0.575202446189317,1.80685087858459,NA,NA
"1500:133:371:1",0.236149682418345,2.37640102576373,NA,NA
"1500:133:371:2",0.099566722835259,3.54321490333297,NA,NA
"1500:133:372:1",0.068821163682243,3.32692332524798,NA,NA
"1500:133:372:2",0.217869536491685,1.25063660498801,NA,NA
"1500:133:373:1",0.14080001859211,0.934646750434759,NA,NA
"1500:133:373:2",0.197700247126943,1.47867766037407,NA,NA
"1500:133:374:1",NA,1.15245537917636,NA,NA
"1500:133:374:2",0.085357766958887,0.627120821385191,NA,NA
"1500:133:475:1",0.115518771266419,0.361506399987051,NA,NA
"1500:133:475:2",0.052467890455688,0.148567449706003,NA,NA
"1500:133:476:1",0.015378519616323,0.311505511158235,NA,NA
"1500:133:476:2",0.117096351544171,0.210766787008036,NA,NA
"1500:133:477:1",0.173598212212817,0.441557498370382,NA,NA
"1500:133:477:2",0.349410361378464,0.246030663335675,NA,NA
"1500:133:478:1",0.442872380985614,0.438570846791007,NA,NA
"1500:133:478:2",0.269551629890739,1.06392421652868,NA,NA
"1500:133:479:1",0.200158375189235,0.541002888749451,NA,NA
"1500:133:479:2",0.35582576920305,1.14383453846829,NA,NA
"1500:134:370:1",0.407563421755311,1.52224538983169,NA,NA
"1500:134:370:2",0.161777874212094,0.795953222578491,NA,NA
"1500:134:371:1",0.303206555156763,1.10448142595243,NA,NA
"1500:134:371:2",0.237657161259578,1.48139679223792,NA,NA
"1500:134:372:1",0.240575251432979,2.33441028808608,NA,NA
"1500:134:372:2",0.460370933671128,2.41403966918366,NA,NA
"1500:134:373:1",0.482795571013231,3.75185915173133,NA,NA
"1500:134:373:2",0.389746852893198,7.15435882285257,NA,NA
"1500:134:374:1",0.515191652648754,9.56364909571619,NA,NA
"1500:134:374:2",0.486420628872442,6.28750247488997,NA,NA
"1500:134:475:1",0.360072631180452,4.26693720683005,NA,NA
"1500:134:475:2",0.522195018881052,4.26485247626123,NA,NA
"1500:134:476:1",0.296185700619397,3.78460906408815,NA,NA
"1500:134:476:2",0.195484327458348,2.39509709061448,NA,NA
"1500:134:477:1",0.365622319792038,0.546549384976738,NA,0.57250000887775
"1500:134:477:2",0.326969702412011,0.184849122047074,NA,0.288739134912256
"1500:134:478:1",0.691755917914431,0.230126001771224,NA,0.301845747681458
"1500:134:478:2",0.929713229142482,0.381393697672033,NA,0.301845747681458
"1500:134:479:1",1.31784237086115,0.11742759082964,NA,NA
"1500:134:479:2",1.92330502659788,0.037643840570248,NA,0.748506943011341
"1500:235:370:1",0.623034766484354,0.135028259086254,NA,1.04985561150859
"1500:235:370:2",0.125031346602317,0.319242992096249,NA,0.887873899204054
"1500:235:371:1",0.110247871128424,0.05751050715014,NA,0.301845747681458
"1500:235:371:2",0.069723401558502,NA,NA,0.445790141364441
"1500:235:372:1",0.207442194195999,NA,NA,1.461529458888
"1500:235:372:2",0.027101065191027,0.11934445409498,NA,2.07101758923085
"1500:235:373:1",0.103200467014612,NA,NA,0.897734862290874
"1500:235:373:2",0.103377227487052,NA,NA,1.75776787458598
"1500:235:374:1",NA,NA,NA,NA
"1500:235:374:2",0.004664102213981,NA,NA,0.663741551621622
"1500:235:475:1",0.003886751844984,NA,NA,1.40099873975432
"1500:235:475:2",0.013933720172953,NA,NA,0.300974693716015
"1500:235:476:1",0.042464067314978,0.08212166968507,NA,NA
"1500:235:476:2",0.026179383448424,NA,NA,NA
"1500:235:477:1",0.056977732381591,NA,NA,NA
"1500:235:477:2",0.021444613368718,NA,NA,NA
"1500:235:478:1",0.048171076623034,NA,NA,NA
"1500:235:478:2",0.007980797121701,NA,NA,NA
"1500:235:479:1",0.033342896987226,0.021230542666964,NA,NA
"1500:235:479:2",0.031862411337502,NA,NA,NA
"1500:236:370:1",0.029718047908417,NA,NA,0.873719867478835
"1500:236:370:2",0.067590640253607,NA,NA,0.289922652243712
"1500:236:371:1",0.014506743492291,NA,NA,0.584088972181984
"1500:236:371:2",0.070910096098821,NA,NA,NA
"1500:236:372:1",0.012331150794748,NA,NA,NA
"1500:236:372:2",0.0244088015865,NA,NA,NA
"1500:236:373:1",0.103418961247874,NA,NA,NA
"1500:236:373:2",0.206106722011271,NA,NA,NA
"1500:236:374:1",0.226758039154661,NA,NA,NA
"1500:236:374:2",0.099704760029436,NA,NA,NA
"1500:236:475:1",0.193625479853935,NA,NA,NA
"1500:236:475:2",0.969643656094605,NA,NA,NA
"1500:236:476:1",1.22547891625425,NA,NA,NA
"1500:236:476:2",2.2308390356532,NA,NA,NA
"1500:236:477:1",2.60101363658022,NA,NA,NA
"1500:236:477:2",2.31747632404963,NA,NA,NA
"1500:236:478:1",2.23492365643651,NA,NA,NA
"1500:236:478:2",2.12886326251248,NA,NA,NA
"1500:236:479:1",2.82206590563836,NA,NA,NA
"1500:236:479:2",3.02847403776939,0.059798809239195,NA,NA
"1500:237:370:1",4.89167175192065,NA,NA,NA
"1500:237:370:2",6.15946889976353,0.032938360498967,NA,NA
"1500:237:371:1",3.96671641053075,NA,NA,NA
"1500:237:371:2",2.16138968200575,NA,NA,NA
"1500:237:475:1",1.72665280429935,NA,0.016125706878114,NA
"1500:237:475:2",1.12503288537429,NA,0.032695240551038,NA
"1500:237:477:1",0.62839941813775,NA,NA,NA
"7500:130:362:3",NA,NA,NA,NA
"7500:130:361:4",NA,NA,NA,NA
"1500:130:361:3",NA,NA,NA,NA
"1500:130:361:4",NA,NA,NA,NA
"1500:130:362:3",NA,NA,NA,NA
"1500:130:362:4",NA,NA,NA,NA
"1500:130:363:3",NA,NA,NA,NA
"1500:130:363:4",NA,0.047971425037254,NA,NA
"1500:130:364:3",NA,NA,NA,NA
"1500:130:364:4",NA,NA,NA,NA
"1500:130:465:3",NA,NA,NA,NA
"1500:130:465:4",NA,NA,NA,NA
"1500:130:466:3",NA,NA,0.017159686456291,NA
"1500:130:466:4",NA,NA,NA,NA
"1500:130:467:3",NA,0.161399187041229,NA,NA
"1500:130:467:4",NA,NA,0.403723569784472,NA
"1500:130:468:3",NA,NA,0.172664237916887,NA
"1500:130:468:4",NA,0.288725212373755,NA,NA
"1500:130:469:3",NA,0.533093669003365,NA,NA
"1500:130:469:4",NA,NA,NA,NA
"1500:131:360:3",NA,NA,NA,NA
"1500:131:360:4",NA,NA,NA,NA
"1500:131:361:3",0.041492959874391,NA,NA,NA
"1500:131:361:4",NA,0.059373755658095,NA,NA
"1500:131:362:3",NA,NA,NA,NA
"1500:131:362:4",NA,0.087424559647332,NA,NA
"1500:131:363:3",NA,NA,NA,NA
"1500:131:363:4",NA,0.169199729522759,NA,NA
"1500:131:364:3",NA,NA,NA,NA
"1500:131:364:4",NA,0.089060633487142,NA,NA
"1500:131:465:3",0.161583921558489,NA,NA,NA
"1500:131:465:4",0.062434943036486,NA,NA,NA
"1500:131:466:3",0.026202798090566,0.161399187041229,NA,NA
"1500:131:466:4",NA,NA,NA,NA
"1500:131:467:3",0.020600820567755,NA,NA,NA
"1500:131:467:4",NA,NA,NA,NA
"1500:131:468:3",0.024937835424125,NA,NA,NA
"1500:131:468:4",0.724190390666081,NA,NA,NA
"1500:131:469:3",0.110051751980377,NA,NA,NA
"1500:131:469:4",0.972555753625435,NA,NA,NA
"1500:132:360:3",1.17790258705011,NA,NA,NA
"1500:132:360:4",2.04990336105734,NA,NA,NA
"1500:132:361:3",2.35511707243346,NA,NA,NA
"1500:132:361:4",0.673762499175641,NA,NA,NA
"1500:132:362:3",0.094118177276058,NA,NA,NA
"1500:132:362:4",0.078156621890826,NA,NA,NA
"1500:132:363:3",0.110054664590957,NA,NA,NA
"1500:132:363:4",0.399827245407282,NA,NA,NA
"1500:132:364:3",0.529414755864167,NA,NA,NA
"1500:132:364:4",0.720501941361826,NA,NA,NA
"1500:132:465:3",0.489739803504455,NA,NA,NA
"1500:132:465:4",0.693284494095168,NA,NA,NA
"1500:132:466:3",0.271946776949212,NA,NA,NA
"1500:132:466:4",0.480958140828683,0.016082538153769,NA,NA
"1500:132:467:3",0.734800135275476,NA,NA,NA
"1500:132:467:4",0.591920898173464,NA,NA,NA
"1500:132:468:3",0.938108250480459,NA,NA,NA
"1500:132:468:4",0.932149063918817,0.183800436043071,NA,NA
"1500:132:469:3",1.19472442221337,0.038256261215364,NA,NA
"1500:132:469:4",0.467821465032367,0.137850327032303,NA,NA
"1500:133:360:3",1.2465696294328,0.179910018972901,NA,NA
"1500:133:360:4",0.912196473046469,0.860730767721981,NA,NA
"1500:133:361:3",0.723981940588043,0.150360025750077,NA,NA
"1500:133:361:4",0.189910105206039,0.865111664924366,NA,NA
"1500:133:362:3",0.203081670703731,1.34849507178203,NA,NA
"1500:133:362:4",0.070798247274462,3.09923170494687,NA,NA
"1500:133:363:3",0.212834509100422,1.50466412688623,NA,NA
"1500:133:363:4",0.112911615938473,2.33679599352949,NA,NA
"1500:133:364:3",0.205149112397818,1.13324914539208,NA,NA
"1500:133:364:4",0.245506754428372,1.13127083772864,NA,NA
"1500:133:465:3",0.133714969936144,1.6163974378046,NA,NA
"1500:133:465:4",0.145750376724046,2.03458906116143,NA,NA
"1500:133:466:3",0.025751025709694,0.753129380037934,NA,NA
"1500:133:466:4",0.019215958273387,1.55746698452573,NA,NA
"1500:133:467:3",0.169244622256849,1.33523974879381,NA,NA
"1500:133:467:4",0.527503496110567,1.18445414496422,NA,NA
"1500:133:468:3",0.471729326394458,0.890205494725687,NA,NA
"1500:133:468:4",0.289535120292639,1.01073584330058,NA,NA
"1500:133:469:3",0.418488638695083,0.8949519851504,NA,NA
"1500:133:469:4",0.269823057142851,1.35102618305007,NA,NA
"1500:134:360:3",0.294579443759007,0.859245878105786,NA,NA
"1500:134:360:4",0.432138562250857,1.46464218390995,NA,NA
"1500:134:361:3",0.271677604575126,1.93582241727812,NA,NA
"1500:134:361:4",0.582873155785775,1.96688942759885,NA,NA
"1500:134:362:3",0.443855101061855,1.9173158112771,NA,NA
"1500:134:362:4",0.505342043852397,0.797848167148152,NA,NA
"1500:134:363:3",0.250521523457667,0.654352079666482,NA,NA
"1500:134:363:4",0.214312161655931,0.171014530842574,NA,NA
"1500:134:364:3",0.254566434969826,0.266191493661302,NA,NA
"1500:134:364:4",0.312617470986982,0.46775916605328,NA,NA
"1500:134:465:3",0.115460300771248,0.293624910555632,NA,NA
"1500:134:465:4",0.266900588577306,0.213674048683379,NA,NA
"1500:134:466:3",0.339446868297816,0.252555023522231,NA,NA
"1500:134:466:4",0.363067036942959,0.165550203468237,NA,NA
"1500:134:467:3",0.514314506348259,0.416519983770518,NA,0.295434293566422
"1500:134:467:4",0.960802217629076,0.054188803920551,NA,0.300617351348289
"1500:134:468:3",1.13201900250372,0.244002581023638,NA,0.583572261365433
"1500:134:468:4",0.986079900678072,0.229598212690932,NA,0.287919031245515
"1500:134:469:3",0.88521339184224,0.299482842891389,NA,0.282954910017144
"1500:134:469:4",1.02150873307676,0.110003758949212,NA,NA
"1500:235:360:3",0.276518494536163,0.110327880909582,NA,0.867148946654707
"1500:235:360:4",0.180859345642873,0.04498784096733,NA,1.14671200375369
"1500:235:361:3",0.1262104597134,0.031491488677131,NA,0.570873941262659
"1500:235:361:4",0.054024742982157,NA,NA,0.287919031245515
"1500:235:362:3",0.186943776713368,NA,NA,0.602104722473789
"1500:235:362:4",0.05301819273495,NA,NA,NA
"1500:235:363:3",0.00826118789269,NA,NA,0.604592127528606
"1500:235:363:4",NA,NA,NA,1.16547603839136
"1500:235:364:3",0.012681648080883,NA,NA,0.596051644914711
"1500:235:364:4",NA,NA,NA,0.292217243286555
"1500:235:465:3",0.031430523359187,NA,NA,0.217017548092299
"1500:235:465:4",0.035396994355529,NA,NA,NA
"1500:235:466:3",0.062621375521627,NA,NA,NA
"1500:235:466:4",0.079164459339667,NA,NA,NA
"1500:235:467:3",0.082374308315049,NA,NA,NA
"1500:235:467:4",0.069417158206086,NA,NA,NA
"1500:235:468:3",0.072887485734377,NA,NA,NA
"1500:235:468:4",0.013995758089288,NA,NA,NA
"1500:235:469:3",0.035131713098971,NA,NA,NA
"1500:235:469:4",0.031682503942254,0.012117334850468,NA,NA
"1500:236:360:3",0.031930630879625,NA,NA,0.149464960972362
"1500:236:360:4",0.079191193839815,NA,NA,NA
"1500:236:361:3",0.122392205905376,NA,NA,NA
"1500:236:361:4",0.17444156087331,NA,NA,NA
"1500:236:362:3",0.30094255954518,NA,NA,NA
"1500:236:362:4",0.319468514366178,NA,NA,NA
"1500:236:363:3",0.178045546455382,NA,NA,NA
"1500:236:363:4",0.400415615693689,NA,NA,NA
"1500:236:364:3",0.77090683003399,NA,NA,0.284585700202897
"1500:236:364:4",1.5378392542723,NA,NA,NA
"1500:236:465:3",2.14691430903252,NA,NA,NA
"1500:236:465:4",2.9457109228043,NA,NA,NA
"1500:236:466:3",3.29958166443618,NA,NA,NA
"1500:236:466:4",2.86618626859164,NA,NA,NA
"1500:236:467:3",1.91762964722984,NA,NA,NA
"1500:236:467:4",1.49290182876498,NA,NA,NA
"1500:236:468:3",1.6373382449732,NA,NA,NA
"1500:236:468:4",1.31618850089989,NA,NA,NA
"7500:130:361:1",NA,NA,NA,NA
"7500:130:360:2",NA,NA,NA,NA
"7500:130:360:1",0.029272127900756,NA,NA,NA
"1500:130:360:1",0.079053002376469,NA,NA,NA
"1500:130:360:2",0.044072505250992,NA,NA,NA
"1500:130:361:2",NA,NA,NA,NA
"1500:130:362:1",NA,NA,NA,NA
"1500:130:362:2",NA,NA,NA,NA
"1500:130:363:1",NA,NA,NA,NA
"1500:130:363:2",NA,0.04836237308199,NA,NA
"1500:130:364:1",NA,NA,NA,NA
"1500:130:364:2",NA,NA,NA,NA
"1500:130:465:1",NA,0.020598788534922,NA,NA
"1500:130:465:2",NA,NA,0.021081400790725,NA
"1500:130:466:1",NA,0.107471940182201,0.017139350236362,NA
"1500:130:466:2",NA,NA,0.017139350236362,NA
"1500:130:467:1",NA,NA,0.047990180661814,NA
"1500:130:467:2",NA,0.007679005143457,0.134255863052858,NA
"1500:130:468:1",NA,0.40894543625974,0.290862935106414,NA
"1500:130:468:2",NA,0.187615508161519,NA,NA
"1500:130:469:1",NA,0.056422768595655,NA,NA
"1500:130:469:2",NA,0.058885667224831,NA,NA
"1500:131:360:1",NA,0.161207910273301,NA,NA
"1500:131:360:2",NA,NA,NA,NA
"1500:131:361:1",NA,0.074129238583726,NA,NA
"1500:131:361:2",NA,NA,NA,NA
"1500:131:362:1",NA,NA,NA,NA
"1500:131:362:2",NA,NA,0.020910007288362,NA
"1500:131:363:1",NA,NA,NA,NA
"1500:131:363:2",NA,NA,NA,NA
"1500:131:364:1",NA,NA,NA,NA
"1500:131:364:2",NA,NA,NA,NA
"1500:131:465:1",0.041513801991618,NA,NA,NA
"1500:131:465:2",0.083659335752674,NA,NA,NA
"1500:131:466:1",NA,NA,NA,NA
"1500:131:466:2",NA,NA,NA,NA
"1500:131:467:1",NA,NA,NA,NA
"1500:131:467:2",NA,NA,NA,NA
"1500:131:468:1",0.090908826304926,NA,NA,NA
"1500:131:468:2",0.677301401045708,NA,NA,NA
"1500:131:469:1",0.330305468020266,NA,NA,NA
"1500:131:469:2",1.12298512559057,NA,NA,NA
"1500:132:360:1",1.31874761760409,NA,NA,NA
"1500:132:360:2",1.86627908070856,NA,NA,NA
"1500:132:361:1",0.725956519247504,NA,NA,NA
"1500:132:361:2",0.015703046840308,NA,NA,NA
"1500:132:362:1",NA,NA,NA,NA
"1500:132:362:2",0.009277645132276,NA,NA,NA
"1500:132:363:1",0.168389229430634,NA,NA,NA
"1500:132:363:2",0.668146936035763,NA,NA,NA
"1500:132:364:1",0.712432147124171,NA,NA,NA
"1500:132:364:2",0.395371375290868,0.013447749335984,NA,NA
"1500:132:465:1",0.232269610744983,0.06701461752432,NA,NA
"1500:132:465:2",0.274134912824898,NA,NA,NA
"1500:132:466:1",0.24432644623857,NA,NA,NA
"1500:132:466:2",0.1366228669671,NA,NA,NA
"1500:132:467:1",0.396091023447352,0.020171624003976,NA,NA
"1500:132:467:2",0.414024797366709,NA,NA,NA
"1500:132:468:1",0.262029601585493,NA,NA,0.296099123243074
"1500:132:468:2",0.340101597633042,NA,NA,NA
"1500:132:469:1",0.58300313303241,0.029523922700887,NA,NA
"1500:132:469:2",0.84737142031587,0.085412651648638,NA,NA
"1500:133:360:1",0.938839086162711,0.511118231786768,NA,NA
"1500:133:360:2",0.921399917054902,0.18626432544076,NA,NA
"1500:133:361:1",0.680066704803426,0.467108522731034,NA,NA
"1500:133:361:2",0.207523487784661,0.348676721254288,NA,NA
"1500:133:362:1",0.259912265034358,0.738006783843521,NA,NA
"1500:133:362:2",0.464411857033942,1.27319033840904,NA,NA
"1500:133:363:1",0.30947848473849,1.88491253461771,NA,NA
"1500:133:363:2",0.219602836612742,1.6135528808706,NA,NA
"1500:133:364:1",0.146517462822639,1.46186967164509,NA,NA
"1500:133:364:2",0.204901333649397,0.927414693364297,NA,NA
"1500:133:465:1",0.119010348660816,1.44188931768505,NA,NA
"1500:133:465:2",0.185770341886268,1.06287322618263,NA,NA
"1500:133:466:1",0.276674093880913,1.12922677377827,NA,NA
"1500:133:466:2",0.034907692631213,1.30174445850388,NA,NA
"1500:133:467:1",0.277336607542649,0.869416451816426,NA,NA
"1500:133:467:2",0.371287841568136,1.27337503833687,NA,NA
"1500:133:468:1",0.45971030738997,1.74106976287282,NA,NA
"1500:133:468:2",0.70980187814195,1.14696677587567,NA,NA
"1500:133:469:1",0.50366010028162,1.10488342214099,NA,NA
"1500:133:469:2",0.355893822503605,1.74967914196116,NA,NA
"1500:134:360:1",0.343090393825695,1.59906400337671,NA,NA
"1500:134:360:2",0.512583709652402,1.98926695490974,NA,NA
"1500:134:361:1",0.55608644748763,0.952310774071039,NA,NA
"1500:134:361:2",0.781461530477333,0.513905740874626,NA,NA
"1500:134:362:1",0.702587818274596,0.070398957796364,NA,NA
"1500:134:362:2",0.829781369145283,0.097751571834684,NA,NA
"1500:134:363:1",0.873917747566805,0.117534835592991,NA,NA
"1500:134:363:2",0.710775555002373,0.129965580512,NA,NA
"1500:134:364:1",0.333496249947176,0.191793801716902,NA,NA
"1500:134:364:2",0.214993403707973,0.222905658967091,NA,NA
"1500:134:465:1",0.472002312798611,0.272333453049347,NA,NA
"1500:134:465:2",0.394144061480629,0.198558626054406,NA,NA
"1500:134:466:1",0.504920376768709,0.134226037792498,NA,NA
"1500:134:466:2",0.383298440336212,0.032247975270304,NA,NA
"1500:134:467:1",0.441120413117008,0.108986905107174,NA,NA
"1500:134:467:2",0.189401260631396,0.081147945558113,NA,0.895606339438944
"1500:134:468:1",0.148872945776271,0.031102938467228,NA,0.89042942418207
"1500:134:468:2",0.255666163350263,0.047630590204761,NA,0.282619575610263
"1500:134:469:1",0.248701457229792,0.026990153215364,NA,0.862733441336593
"1500:134:469:2",0.473227610062116,NA,NA,0.287577813778864
"1500:235:360:1",0.064436640482642,0.117680760423993,NA,NA
"1500:235:360:2",0.114488268245144,NA,NA,NA
"1500:235:361:1",0.021659374952149,NA,NA,NA
"1500:235:361:2",0.035477832056718,NA,NA,NA
"1500:235:362:1",0.107956241683934,NA,NA,NA
"1500:235:362:2",0.117458723204776,NA,NA,NA
"1500:235:363:1",0.03677472344697,NA,NA,NA
"1500:235:363:2",0.100536336138373,NA,NA,NA
"1500:235:364:1",0.082190420290278,NA,NA,NA
"1500:235:364:2",0.027814972353815,NA,NA,NA
"1500:235:465:1",0.019232580467268,NA,NA,NA
"1500:235:465:2",0.092264047009461,NA,NA,NA
"1500:235:466:1",0.009026096169909,NA,NA,NA
"1500:235:466:2",0.012379574015032,NA,NA,NA
"1500:235:467:1",0.032696094761478,NA,NA,NA
"1500:235:467:2",0.04557651785511,NA,NA,NA
"1500:235:468:1",0.103563702499362,NA,NA,NA
"1500:235:468:2",0.183069228468029,0.050142642252257,NA,NA
"1500:235:469:1",0.446365645645291,0.068682199276407,NA,NA
"1500:235:469:2",0.564070197563459,0.30550884537796,NA,NA
"1500:236:360:1",0.284357604808886,0.108286068607126,NA,NA
"1500:236:360:2",0.320174841381888,0.081175404790664,NA,NA
"1500:236:361:1",0.650713918724354,0.013320043777636,NA,NA
"1500:236:361:2",1.11138654517292,NA,NA,NA
"1500:236:362:1",2.11990320025136,0.06754281804441,NA,NA
"1500:236:362:2",2.34701693701981,0.233722788151687,NA,NA
"1500:236:363:1",2.25718724875946,0.152868891709056,NA,NA
"1500:236:363:2",2.32372253999894,NA,NA,NA
"1500:236:364:1",2.36906512843658,NA,NA,NA
"1500:236:364:2",2.32496417811219,NA,NA,NA
"1500:236:465:1",1.52595808125198,NA,NA,NA
"1500:236:465:2",2.0619749260665,NA,NA,NA
"1500:236:466:1",0.336035986470979,NA,NA,NA
"1500:236:466:2",1.79085134315489,NA,NA,NA
"1500:236:467:1",1.72823477645772,NA,NA,NA
"1500:236:467:2",2.26652634108855,NA,NA,NA
"1500:236:468:1",4.5212288644409,NA,NA,NA
"1500:236:468:2",6.59022889313467,NA,NA,NA
"1500:236:469:1",6.39579826995789,NA,0.843639634598712,NA
"1500:236:469:2",0.641073339852111,NA,NA,NA
"7500:130:350:3",NA,NA,NA,NA
"1500:130:350:3",NA,0.08498130465263,NA,NA
"1500:130:350:4",0.005835343102266,NA,NA,NA
"1500:130:351:3",NA,NA,NA,NA
"1500:130:351:4",NA,NA,NA,NA
"1500:130:352:3",NA,0.013418100734626,NA,NA
"1500:130:352:4",NA,0.107344805877006,NA,NA
"1500:130:353:3",NA,NA,0.00684763007297,NA
"1500:130:353:4",NA,0.125870630143579,NA,NA
"1500:130:354:3",NA,NA,NA,NA
"1500:130:354:4",NA,NA,NA,NA
"1500:130:455:3",NA,0.090330687514804,NA,NA
"1500:130:455:4",NA,NA,NA,NA
"1500:130:456:3",NA,0.016737309444487,NA,NA
"1500:130:456:4",NA,0.007630067225591,0.020542890218911,NA
"1500:130:457:3",NA,0.087174697461126,0.809445405365527,NA
"1500:130:457:4",0.131931174881525,0.024729892516802,0.335498386981144,NA
"1500:130:458:3",NA,NA,0.256017882819255,NA
"1500:130:458:4",NA,NA,NA,NA
"1500:130:459:3",NA,NA,NA,NA
"1500:130:459:4",NA,NA,0.016976416222573,NA
"1500:131:350:3",NA,NA,NA,NA
"1500:131:350:4",NA,NA,NA,NA
"1500:131:351:3",NA,NA,NA,NA
"1500:131:351:4",NA,NA,NA,NA
"1500:131:352:3",NA,NA,NA,NA
"1500:131:352:4",NA,NA,NA,NA
"1500:131:353:3",NA,NA,NA,NA
"1500:131:353:4",NA,NA,NA,NA
"1500:131:354:3",NA,NA,NA,NA
"1500:131:354:4",0.040385131542307,NA,NA,NA
"1500:131:455:3",NA,NA,NA,NA
"1500:131:455:4",0.223683991121477,NA,NA,NA
"1500:131:456:3",NA,NA,NA,NA
"1500:131:456:4",0.026140784777444,NA,NA,NA
"1500:131:457:3",0.234329600370499,NA,NA,NA
"1500:131:457:4",0.157067663658362,NA,NA,NA
"1500:131:458:3",0.349723027245909,NA,NA,NA
"1500:131:458:4",0.748369675556579,NA,NA,NA
"1500:131:459:3",0.504651399586675,NA,NA,NA
"1500:131:459:4",0.542244072429044,NA,NA,NA
"1500:132:350:3",0.796042893028723,NA,NA,NA
"1500:132:350:4",2.52766535416963,NA,NA,NA
"1500:132:351:3",NA,NA,NA,NA
"1500:132:351:4",NA,NA,NA,NA
"1500:132:352:3",0.067429669242772,NA,NA,NA
"1500:132:352:4",0.079143479429642,NA,NA,NA
"1500:132:353:3",0.280409592218826,NA,NA,NA
"1500:132:353:4",0.562294201763234,0.176566967956111,NA,NA
"1500:132:354:3",0.514156115794208,0.026824086058706,NA,NA
"1500:132:354:4",0.297609967454086,0.046843546443649,NA,NA
"1500:132:455:3",0.043088852698535,NA,NA,NA
"1500:132:455:4",0.041394759830864,0.020147761911247,NA,NA
"1500:132:456:3",0.080402282984529,0.020147761911247,NA,NA
"1500:132:456:4",0.055432966743589,NA,NA,NA
"1500:132:457:3",0.182596973364487,0.020147761911247,NA,NA
"1500:132:457:4",0.054982263557771,NA,NA,NA
"1500:132:458:3",0.248548071195755,0.066240210294375,NA,NA
"1500:132:458:4",0.316749907293184,0.441265017330902,NA,NA
"1500:132:459:3",0.491232336468655,0.250272948165864,NA,NA
"1500:132:459:4",0.350660367895585,0.261554632925942,NA,NA
"1500:133:350:3",0.584684689164802,0.492573675341181,NA,NA
"1500:133:350:4",0.551548705581846,0.21489366391545,NA,NA
"1500:133:351:3",0.613458085498028,0.211509765946783,NA,NA
"1500:133:351:4",0.689481510593096,0.212179017131685,NA,NA
"1500:133:352:3",0.629617410737711,0.353408441303377,NA,NA
"1500:133:352:4",0.267493735163007,0.391056183646951,NA,NA
"1500:133:353:3",0.770741994967784,0.378562269058727,NA,NA
"1500:133:353:4",0.486066497668972,0.565455414965743,NA,NA
"1500:133:354:3",0.395421197452772,0.392559792276229,NA,NA
"1500:133:354:4",0.289393996668506,0.968956176081256,NA,NA
"1500:133:455:3",0.337160579705948,0.327008625641281,NA,NA
"1500:133:455:4",0.327884663079793,0.14454498642777,NA,NA
"1500:133:456:3",0.61126684350175,0.356048177912259,NA,NA
"1500:133:456:4",0.617350764097412,0.732479785960269,NA,NA
"1500:133:457:3",0.623493885675434,0.69285000747693,NA,NA
"1500:133:457:4",0.388716588703083,0.871007324538673,NA,NA
"1500:133:458:3",0.508041426332965,0.620235220829053,NA,NA
"1500:133:458:4",0.702920965205089,0.448286731803175,NA,NA
"1500:133:459:3",0.761462657259026,1.00885440490145,NA,NA
"1500:133:459:4",0.734896435327305,0.614587329340679,NA,NA
"1500:134:350:3",0.982784316914158,1.38144814544984,NA,NA
"1500:134:350:4",0.78462035683587,0.146322317086212,NA,NA
"1500:134:351:3",0.621659976550127,0.204074441758808,NA,NA
"1500:134:351:4",0.796730267028748,0.186490731685394,NA,NA
"1500:134:352:3",0.900052434376323,0.146588278913966,NA,NA
"1500:134:352:4",0.682650100337782,0.063448525150128,NA,NA
"1500:134:353:3",0.514026282844001,0.072546588596373,NA,NA
"1500:134:353:4",0.381815083253612,NA,NA,NA
"1500:134:354:3",0.068726188855804,0.317425727664472,NA,NA
"1500:134:354:4",0.248763793288154,0.20848619053927,NA,NA
"1500:134:455:3",0.23791061872099,0.101912320594874,NA,NA
"1500:134:455:4",0.091551609352406,NA,NA,NA
"1500:134:456:3",0.254912212969038,NA,NA,NA
"1500:134:456:4",0.36953344366205,NA,NA,NA
"1500:134:457:3",0.079372289776473,NA,NA,NA
"1500:134:457:4",0.068193194332227,0.02959647597672,NA,NA
"1500:134:458:3",0.187725698053577,NA,NA,NA
"1500:134:458:4",0.36271432480458,0.007791916762385,NA,NA
"1500:134:459:3",0.601628069532711,0.032555221175914,NA,NA
"1500:134:459:4",0.160031874643878,NA,NA,NA
"1500:235:350:3",0.131605330258858,0.032236419057995,NA,NA
"1500:235:350:4",0.12441620482734,NA,NA,NA
"1500:235:351:3",0.232976278371756,0.14270477406809,NA,NA
"1500:235:351:4",0.144664825357332,NA,NA,NA
"1500:235:352:3",0.110324202889416,NA,NA,NA
"1500:235:352:4",0.028598683641893,NA,NA,NA
"1500:235:353:3",0.149170725434001,NA,NA,NA
"1500:235:353:4",0.015309564052372,NA,NA,NA
"1500:235:354:3",0.15061493338031,NA,NA,NA
"1500:235:354:4",0.200023132015853,NA,NA,NA
"1500:235:455:3",0.899276080469883,0.048884504940873,NA,NA
"1500:235:455:4",0.525770534764352,NA,NA,NA
"1500:235:456:3",0.339082197301292,0.106735726595167,NA,NA
"1500:235:456:4",0.616217533648277,0.107554480425395,NA,NA
"1500:235:457:3",0.684420223105901,0.038853590852634,NA,NA
"1500:235:457:4",0.932866426268061,0.040305018097129,NA,NA
"1500:235:458:3",1.94524786458122,0.05552639612273,NA,NA
"1500:235:458:4",1.98797907078824,0.096575735883702,NA,NA
"1500:235:459:3",1.30343399381394,0.038677274697985,NA,NA
"1500:235:459:4",1.78609655494546,0.475074911367516,NA,NA
"1500:236:350:3",3.09575980034721,0.794852408428053,NA,NA
"1500:236:350:4",3.56404524334864,0.391199256430844,NA,NA
"1500:236:351:3",5.27938632896244,0.05529747379757,NA,NA
"1500:236:351:4",5.80620904651205,0.411064621258336,NA,NA
"1500:236:352:3",6.73650102305141,0.260021010123686,NA,NA
"1500:236:352:4",8.21224938787111,0.161826102107395,NA,NA
"1500:236:353:3",7.97725005715503,0.101546270064629,NA,NA
"1500:236:353:4",7.39599937749218,0.045243387652557,NA,NA
"1500:236:354:3",5.36683781014566,NA,NA,NA
"1500:236:354:4",8.74305645786458,NA,NA,NA
"1500:236:455:3",8.40783072031268,NA,NA,NA
"1500:236:455:4",4.17014978973331,NA,NA,NA
"1500:236:456:3",3.55202841979548,NA,NA,NA
"1500:236:459:3",9.1015881404454,NA,NA,NA
"1500:236:459:4",2.24039393799996,NA,NA,NA
"1500:130:350:1",NA,NA,NA,NA
"1500:130:350:2",0.06672278265966,NA,NA,NA
"1500:130:351:1",0.913264688142059,NA,NA,NA
"1500:130:351:2",0.192376770610426,NA,NA,NA
"1500:130:352:1",0.008706251298963,NA,NA,NA
"1500:130:352:2",NA,NA,NA,NA
"1500:130:353:1",NA,NA,NA,NA
"1500:130:353:2",NA,NA,NA,NA
"1500:130:354:1",NA,NA,NA,NA
"1500:130:354:2",NA,NA,NA,NA
"1500:130:455:1",NA,NA,NA,NA
"1500:130:455:2",NA,NA,NA,NA
"1500:130:456:1",NA,NA,NA,NA
"1500:130:456:2",NA,0.391914820689619,0.010259316628107,NA
"1500:130:457:1",NA,0.134884606269073,0.037617494303058,NA
"1500:130:457:2",NA,NA,NA,NA
"1500:130:458:1",NA,NA,NA,NA
"1500:130:458:2",NA,NA,NA,NA
"1500:130:459:1",NA,NA,NA,NA
"1500:130:459:2",NA,NA,NA,NA
"1500:131:350:1",NA,NA,NA,NA
"1500:131:350:2",NA,NA,NA,NA
"1500:131:351:1",NA,NA,NA,NA
"1500:131:351:2",NA,NA,NA,NA
"1500:131:352:1",NA,NA,NA,NA
"1500:131:352:2",NA,NA,NA,NA
"1500:131:353:1",NA,NA,NA,NA
"1500:131:353:2",NA,NA,NA,NA
"1500:131:354:1",NA,NA,NA,NA
"1500:131:354:2",NA,NA,NA,NA
"1500:131:455:1",0.005221983568643,NA,NA,NA
"1500:131:455:2",0.025659746845919,NA,NA,NA
"1500:131:456:1",NA,NA,NA,NA
"1500:131:456:2",0.046187544322655,NA,NA,NA
"1500:131:457:1",0.026109917843216,NA,NA,NA
"1500:131:457:2",0.118108575281364,NA,NA,NA
"1500:131:458:1",NA,NA,NA,NA
"1500:131:458:2",NA,NA,NA,NA
"1500:131:459:1",0.026109917843216,NA,NA,NA
"1500:131:459:2",0.076889206338298,NA,NA,NA
"1500:132:350:1",NA,NA,NA,NA
"1500:132:350:2",1.21171221801709,NA,NA,NA
"1500:132:351:1",0.386384818197109,NA,NA,NA
"1500:132:351:2",0.107320765755564,NA,NA,NA
"1500:132:352:1",0.184449222076897,NA,NA,NA
"1500:132:352:2",0.450997795722169,NA,NA,NA
"1500:132:353:1",0.561849821645352,NA,NA,NA
"1500:132:353:2",0.500469747657035,NA,NA,NA
"1500:132:354:1",0.461336670392055,0.010159716639528,NA,NA
"1500:132:354:2",0.319711418681928,0.025097360499523,NA,NA
"1500:132:455:1",0.440026073290919,0.183148924326511,NA,NA
"1500:132:455:2",0.087804215819424,NA,NA,NA
"1500:132:456:1",0.18729152858676,NA,NA,NA
"1500:132:456:2",0.12424825704519,NA,NA,NA
"1500:132:457:1",0.090028276181884,NA,NA,NA
"1500:132:457:2",0.187502790698154,0.109371984731751,NA,NA
"1500:132:458:1",0.063294147196439,0.326895718451009,NA,NA
"1500:132:458:2",0.09795720901179,0.063080685162954,NA,NA
"1500:132:459:1",0.134347729765849,0.876189441742465,NA,NA
"1500:132:459:2",0.522225259464239,0.446025437172165,NA,NA
"1500:133:350:1",0.46842097597571,0.395677513347419,NA,NA
"1500:133:350:2",0.557353780078458,1.30671411656812,NA,NA
"1500:133:351:1",0.610693547450209,0.427615845426936,NA,NA
"1500:133:351:2",0.854065455757331,1.51105974006606,NA,NA
"1500:133:352:1",0.937107363318595,0.654715134435981,NA,NA
"1500:133:352:2",0.945445478432102,0.696814163715278,NA,NA
"1500:133:353:1",1.02677036387646,0.686717198443231,NA,NA
"1500:133:353:2",1.17081902396995,0.347571498132438,NA,NA
"1500:133:354:1",0.708937636821663,0.253330657646491,NA,NA
"1500:133:354:2",1.05669845425382,0.089945805290228,NA,NA
"1500:133:455:1",0.569092468581194,0.102632254723827,NA,NA
"1500:133:455:2",0.244091825712452,0.391671705045496,NA,NA
"1500:133:456:1",0.955490272147169,0.292975297412023,NA,0.004022192907698
"1500:133:456:2",1.04804699165592,0.13362317085612,NA,0.057165812585793
"1500:133:457:1",0.772313456397719,0.049706209640755,NA,NA
"1500:133:457:2",0.83643289049285,0.070433900300666,NA,NA
"1500:133:458:1",0.605945903094669,0.185979036746281,NA,NA
"1500:133:458:2",0.909801195548103,0.088042375375832,NA,NA
"1500:133:459:1",1.06179215355237,0.070031420870376,NA,NA
"1500:133:459:2",0.838016673687434,NA,NA,NA
"1500:134:350:1",0.861464472113779,0.121543565352932,NA,NA
"1500:134:350:2",0.805014078941233,0.111622893514071,NA,NA
"1500:134:351:1",0.654830319587891,0.219566997671232,NA,NA
"1500:134:351:2",0.548564261510374,0.210934605678652,NA,NA
"1500:134:352:1",0.381617891043843,0.07554557571534,NA,NA
"1500:134:352:2",0.286949898358188,0.027012557935223,NA,NA
"1500:134:353:1",0.038753101813428,0.033621280469954,NA,NA
"1500:134:353:2",0.139548403843018,0.024655605677966,NA,NA
"1500:134:354:1",0.236108009482913,0.138834355358567,NA,NA
"1500:134:354:2",0.002578917517441,0.093902364535003,NA,NA
"1500:134:455:1",0.088577464782879,0.057189298088278,NA,NA
"1500:134:455:2",0.142020115962071,NA,NA,NA
"1500:134:456:1",0.38526300356892,0.093069977988045,NA,NA
"1500:134:456:2",0.19088452584621,0.106417665347013,NA,NA
"1500:134:457:1",0.355520170648294,0.077402160052748,NA,NA
"1500:134:457:2",0.526427794111249,NA,NA,NA
"1500:134:458:1",0.090026086419712,NA,NA,NA
"1500:134:458:2",0.274673708846084,0.329580168610863,NA,NA
"1500:134:459:1",0.462632935365611,0.036829350405961,NA,0.599103524655642
"1500:134:459:2",0.44758516063309,NA,NA,NA
"1500:235:350:1",0.507300270889652,NA,NA,NA
"1500:235:350:2",0.182504247366112,NA,NA,NA
"1500:235:351:1",0.157776334648035,NA,NA,NA
"1500:235:351:2",0.065537556607141,NA,NA,NA
"1500:235:352:1",0.009977617188935,NA,NA,NA
"1500:235:352:2",0.074349119095817,NA,NA,NA
"1500:235:353:1",0.112710149798402,NA,NA,NA
"1500:235:353:2",0.651410495641465,NA,NA,NA
"1500:235:354:1",1.67306647162931,0.039930908506886,NA,NA
"1500:235:354:2",3.48027524511227,0.146539985675134,NA,NA
"1500:235:455:1",6.29383836939252,0.966459695248688,NA,NA
"1500:235:455:2",8.5692158153871,1.57439087071449,NA,NA
"1500:235:456:1",8.25220131562763,1.34096581421135,NA,NA
"1500:235:456:2",6.57693084829017,1.35904791961025,NA,NA
"1500:235:457:1",6.26771027021645,1.04665716382175,NA,NA
"1500:235:457:2",8.63130366016969,1.62396579745215,NA,NA
"1500:235:458:1",8.88500577644228,1.64141445829559,NA,NA
"1500:235:458:2",9.04269351465969,1.73501492872244,NA,NA
"1500:235:459:1",10.5935048053089,1.78295231049352,NA,NA
"1500:235:459:2",13.6522540254357,1.66909682411447,NA,NA
"1500:236:350:1",12.2800829877176,0.747978634118421,NA,NA
"1500:236:350:2",11.7037068769666,0.635763507025604,NA,NA
"1500:236:351:1",8.69537445019004,0.533465687852243,NA,NA
"1500:236:351:2",9.22139313927407,0.404304671167109,NA,NA
"1500:236:352:1",9.05102197489821,0.082346157426136,NA,NA
"1500:236:352:2",7.8073020231805,0.244178832200544,NA,NA
"1500:236:353:1",6.29198705341949,0.218024197673102,NA,NA
"1500:236:353:2",4.99920647686437,0.192717817586046,NA,NA
"1500:236:456:1",0.981381338939204,NA,NA,NA
"1500:236:456:2",2.87689420597882,NA,NA,NA
"1500:236:457:1",8.25075463615477,NA,NA,NA
"1500:236:457:2",7.43187861001207,NA,NA,NA
"1500:130:142:3",0.006927290264723,NA,NA,NA
"1500:130:142:4",NA,NA,NA,NA
"1500:130:143:3",NA,NA,NA,NA
"1500:130:143:4",NA,NA,NA,NA
"1500:130:144:3",NA,NA,NA,NA
"1500:130:144:4",NA,NA,NA,NA
"1500:130:245:3",NA,NA,NA,NA
"1500:130:245:4",NA,NA,NA,NA
"1500:130:246:3",NA,0.25876237015474,0.020494449100009,NA
"1500:130:246:4",NA,0.41111550666489,0.010247224550005,NA
"1500:130:247:3",NA,NA,NA,NA
"1500:130:247:4",NA,NA,NA,NA
"1500:130:248:3",NA,NA,NA,NA
"1500:130:248:4",NA,NA,NA,NA
"1500:130:249:3",NA,NA,0.003928102744168,NA
"1500:130:249:4",NA,NA,NA,NA
"1500:131:140:3",NA,NA,NA,NA
"1500:131:140:4",NA,NA,NA,NA
"1500:131:141:3",NA,NA,NA,NA
"1500:131:141:4",NA,NA,NA,NA
"1500:131:142:3",NA,NA,NA,NA
"1500:131:142:4",NA,NA,NA,NA
"1500:131:143:3",NA,NA,NA,NA
"1500:131:143:4",NA,NA,NA,NA
"1500:131:144:3",0.020144950734075,NA,NA,NA
"1500:131:144:4",0.012389144701456,NA,NA,NA
"1500:131:245:3",0.026079143555099,NA,NA,NA
"1500:131:245:4",NA,NA,NA,NA
"1500:131:246:3",NA,NA,NA,NA
"1500:131:246:4",NA,NA,NA,NA
"1500:131:247:3",NA,NA,NA,NA
"1500:131:247:4",0.156151453607104,NA,NA,NA
"1500:131:248:3",NA,NA,NA,NA
"1500:131:248:4",NA,NA,NA,NA
"1500:131:249:3",NA,NA,NA,NA
"1500:131:249:4",0.110179025278174,NA,NA,NA
"1500:132:140:3",0.341063714440862,NA,NA,NA
"1500:132:140:4",1.0972511566496,NA,NA,NA
"1500:132:141:3",0.678784937915088,NA,NA,NA
"1500:132:141:4",0.209668103839619,NA,NA,NA
"1500:132:142:3",0.316282352947073,NA,NA,NA
"1500:132:142:4",0.625424118418769,NA,NA,NA
"1500:132:143:3",0.952614653183974,NA,NA,NA
"1500:132:143:4",1.55617046039857,NA,NA,NA
"1500:132:144:3",0.815084149258408,NA,NA,NA
"1500:132:144:4",0.300171309039159,0.012824883470942,NA,NA
"1500:132:245:3",0.281566095492132,0.000455008241956,NA,NA
"1500:132:245:4",0.183687041706968,NA,NA,NA
"1500:132:246:3",0.496306539874609,NA,NA,NA
"1500:132:246:4",0.189619277478881,NA,NA,NA
"1500:132:247:3",0.158098063196696,NA,NA,NA
"1500:132:247:4",0.120293197248142,NA,NA,NA
"1500:132:248:3",0.097436408720689,0.02484553966092,NA,NA
"1500:132:248:4",0.303138338664545,0.263690484206927,NA,NA
"1500:132:249:3",0.276984203885571,NA,NA,NA
"1500:132:249:4",0.365304067403125,NA,NA,0.294648270678114
"1500:133:140:3",0.909954689258848,NA,NA,NA
"1500:133:140:4",0.736327735209101,NA,NA,NA
"1500:133:141:3",0.700312459547139,0.225500296827573,NA,NA
"1500:133:141:4",0.606646327672349,0.041854568976651,NA,NA
"1500:133:142:3",0.538719476023392,0.184763343229132,NA,NA
"1500:133:142:4",0.655792097300038,0.285004319959777,NA,NA
"1500:133:143:3",0.719911012067525,0.055936228771346,NA,NA
"1500:133:143:4",0.425287842023342,0.137199792761337,NA,NA
"1500:133:144:3",0.561128309978324,0.091466528507558,NA,NA
"1500:133:144:4",0.628215592050006,0.046777139011614,NA,NA
"1500:133:245:3",0.491551762260435,NA,NA,NA
"1500:133:245:4",0.498110824853379,0.088441111104792,NA,NA
"1500:133:246:3",1.04072671035903,NA,NA,0.196823523126836
"1500:133:246:4",1.2279869552421,NA,NA,0.142825169867834
"1500:133:247:3",0.89605043127219,NA,NA,NA
"1500:133:247:4",1.38660907432936,NA,NA,NA
"1500:133:248:3",1.3182012323144,NA,NA,0.299198697553922
"1500:133:248:4",1.40721425291198,0.078259711738115,NA,NA
"1500:133:249:3",1.05997181846016,0.116318918428597,NA,NA
"1500:133:249:4",0.746027829163435,0.113842910039616,NA,NA
"1500:134:140:3",0.639501867046087,0.038059206690482,NA,NA
"1500:134:140:4",0.752314842238635,0.225703278163767,NA,NA
"1500:134:141:3",0.6877132079624,0.07835719024511,NA,NA
"1500:134:141:4",0.503632817163095,0.049863103618571,NA,NA
"1500:134:142:3",0.10978548162572,0.039890482894857,NA,NA
"1500:134:142:4",0.083858146217717,0.060446975331942,NA,NA
"1500:134:143:3",0.171430506741617,0.01349035987806,NA,NA
"1500:134:143:4",0.095992470301313,0.084669338650935,NA,NA
"1500:134:144:3",0.097442153181966,NA,NA,NA
"1500:134:144:4",NA,NA,NA,NA
"1500:134:245:3",0.067199461037691,NA,NA,NA
"1500:134:245:4",0.097661896209785,NA,NA,NA
"1500:134:246:3",0.39761622537487,0.021816072429289,NA,NA
"1500:134:246:4",0.235539416569233,NA,NA,NA
"1500:134:247:3",0.037607395706776,0.02455265651619,NA,NA
"1500:134:247:4",0.276481684188647,NA,NA,NA
"1500:134:248:3",0.274078601900033,0.028315551232404,NA,0.294040099320234
"1500:134:248:4",0.262119212949028,NA,NA,0.593238796874155
"1500:134:249:3",0.408989251957343,NA,NA,0.593238796874155
"1500:134:249:4",0.183565969517261,0.021968185340498,NA,NA
"1500:235:140:3",0.217655351845417,0.013039491566932,NA,NA
"1500:235:140:4",0.785894860589272,NA,NA,NA
"1500:235:141:3",0.652299790068717,NA,NA,NA
"1500:235:141:4",0.547642133609103,NA,NA,NA
"1500:235:142:3",0.630692347450045,NA,NA,NA
"1500:235:142:4",0.934591685683899,0.116347684598941,NA,NA
"1500:235:143:3",2.62152236865733,0.50539540961507,NA,NA
"1500:235:143:4",4.90052076090793,0.994874305699473,NA,NA
"1500:235:144:3",8.28778183388878,2.7281912731699,NA,NA
"1500:235:144:4",14.0547170238895,5.19868071758701,NA,NA
"1500:235:245:3",14.0566998011252,4.21769392538482,NA,NA
"1500:235:245:4",9.71850077750277,0.354286329332903,NA,NA
"1500:235:246:3",9.37586380906167,0.720556360060855,NA,NA
"1500:235:247:3",9.81778426637841,1.18867395126125,NA,NA
"1500:235:247:4",8.92507819588532,0.948039426270885,NA,NA
"1500:235:248:3",7.77423910683622,1.10588961706223,NA,NA
"1500:235:248:4",8.2375086140454,0.848601375611393,NA,NA
"1500:235:249:3",7.76880879382476,0.466582235875973,NA,NA
"1500:235:249:4",7.1096219258886,0.142404621748396,NA,NA
"1500:236:140:4",17.5525418887592,0.175079578644238,NA,NA
"1500:236:144:3",1.58109111766616,NA,NA,NA
"1500:236:247:4",7.07707341427924,NA,NA,NA
"1500:236:248:3",6.24744119044477,NA,NA,NA
"1500:236:248:4",2.69534452734884,NA,NA,NA
"1500:130:142:1",1.25307293758231,NA,NA,NA
"1500:130:142:2",NA,NA,NA,NA
"1500:130:143:1",NA,NA,NA,NA
"1500:130:143:2",NA,NA,NA,NA
"1500:130:144:1",NA,NA,NA,NA
"1500:130:144:2",NA,NA,NA,NA
"1500:130:245:1",NA,NA,NA,NA
"1500:130:245:2",NA,NA,NA,NA
"1500:130:246:1",NA,0.1579961884253,NA,NA
"1500:130:246:2",NA,0.008420277295623,NA,NA
"1500:130:247:1",NA,NA,NA,NA
"1500:130:247:2",NA,NA,NA,NA
"1500:130:248:1",NA,NA,NA,NA
"1500:130:248:2",NA,NA,NA,NA
"1500:130:249:1",NA,NA,NA,NA
"1500:130:249:2",NA,NA,0.012282202473837,NA
"1500:131:140:1",NA,NA,0.001876447600169,NA
"1500:131:140:2",NA,NA,NA,NA
"1500:131:141:1",NA,NA,NA,NA
"1500:131:141:2",NA,NA,NA,NA
"1500:131:142:1",NA,NA,NA,NA
"1500:131:142:2",NA,NA,NA,NA
"1500:131:143:1",NA,NA,NA,NA
"1500:131:143:2",NA,NA,NA,NA
"1500:131:144:1",NA,NA,NA,NA
"1500:131:144:2",0.02083876923128,NA,NA,NA
"1500:131:245:1",0.149752501568275,NA,NA,NA
"1500:131:245:2",0.072954173022804,NA,NA,NA
"1500:131:246:1",NA,NA,NA,NA
"1500:131:246:2",0.025599350133253,NA,NA,NA
"1500:131:247:1",NA,NA,NA,NA
"1500:131:247:2",0.067276888595812,NA,NA,NA
"1500:131:248:1",NA,NA,NA,NA
"1500:131:248:2",0.024558403246275,NA,NA,NA
"1500:131:249:1",0.318466363586804,NA,NA,NA
"1500:131:249:2",0.35155789194958,NA,NA,NA
"1500:132:140:1",0.593127895060895,NA,NA,NA
"1500:132:140:2",0.883332040111334,NA,NA,NA
"1500:132:141:1",0.506177176768377,NA,NA,NA
"1500:132:141:2",0.289401507241287,NA,NA,NA
"1500:132:142:1",0.183288844347476,NA,NA,NA
"1500:132:142:2",0.535351120470361,NA,NA,NA
"1500:132:143:1",0.248213963009608,NA,NA,NA
"1500:132:143:2",0.346873981536414,NA,NA,NA
"1500:132:144:1",0.846129350224467,NA,NA,NA
"1500:132:144:2",0.587660069936868,NA,NA,NA
"1500:132:245:1",0.321451539620633,NA,NA,NA
"1500:132:245:2",0.513781089147437,NA,NA,NA
"1500:132:246:1",0.20666844306206,NA,NA,NA
"1500:132:246:2",0.300160373842478,NA,NA,NA
"1500:132:247:1",0.47585484043391,NA,NA,NA
"1500:132:247:2",0.520176840314117,NA,NA,NA
"1500:132:248:1",0.536466900474083,NA,NA,NA
"1500:132:248:2",0.949673767139577,0.02878180164666,NA,NA
"1500:132:249:1",0.869550765063659,NA,NA,NA
"1500:132:249:2",1.13723210474509,NA,NA,NA
"1500:133:140:1",1.10818043927207,NA,NA,NA
"1500:133:140:2",0.978468300635757,0.074755369408741,NA,NA
"1500:133:141:1",1.33125533463031,0.11677891705341,NA,NA
"1500:133:141:2",0.766619719805009,NA,NA,NA
"1500:133:142:1",0.795843365985914,NA,NA,NA
"1500:133:142:2",0.588829916223553,NA,NA,NA
"1500:133:143:1",0.825867203777254,NA,NA,NA
"1500:133:143:2",0.608839741102664,NA,NA,NA
"1500:133:144:1",0.748350785181605,NA,NA,NA
"1500:133:144:2",0.392913415385884,NA,NA,NA
"1500:133:245:1",0.390657126234692,NA,NA,NA
"1500:133:245:2",1.19367472359045,NA,NA,NA
"1500:133:246:1",0.856954209457094,NA,NA,NA
"1500:133:246:2",1.08883361535042,0.094800515756154,NA,0.043508056938057
"1500:133:247:1",1.37588682996593,NA,NA,0.010837518903234
"1500:133:247:2",1.46835597981033,NA,NA,NA
"1500:133:248:1",0.749938945727483,0.035778287223044,NA,NA
"1500:133:248:2",0.772542123146766,NA,NA,NA
"1500:133:249:1",0.598594164226878,NA,NA,NA
"1500:133:249:2",0.336796801562797,NA,NA,NA
"1500:134:140:1",0.216208084914437,0.061665618087008,NA,NA
"1500:134:140:2",0.795355932205378,0.160582814137922,NA,NA
"1500:134:141:1",0.612446926160006,0.122019400465144,NA,NA
"1500:134:141:2",0.274541357885387,0.086435895878857,NA,NA
"1500:134:142:1",0.219788945846818,NA,NA,NA
"1500:134:142:2",0.077042402830234,0.042486716077364,NA,NA
"1500:134:143:1",0.046481713837688,NA,NA,NA
"1500:134:143:2",0.096248175093725,NA,NA,NA
"1500:134:144:1",0.019162567300683,NA,NA,NA
"1500:134:144:2",0.207940602573214,NA,NA,NA
"1500:134:245:1",0.11271061827183,NA,NA,NA
"1500:134:245:2",0.266282984803334,NA,NA,NA
"1500:134:246:1",0.18777200530205,NA,NA,NA
"1500:134:246:2",0.115852132092566,0.131815265935205,NA,NA
"1500:134:247:1",0.393515528219745,NA,NA,NA
"1500:134:247:2",0.104291035230244,NA,NA,NA
"1500:134:248:1",0.362580722936554,NA,NA,NA
"1500:134:248:2",0.52726259196016,0.030556661148125,NA,NA
"1500:134:249:1",0.870844298766619,0.016029723880984,NA,NA
"1500:134:249:2",1.98060853214472,0.119317449230826,NA,NA
"1500:235:140:1",3.68689432002096,0.663213127946655,NA,NA
"1500:235:140:2",5.94429268188957,1.10522267044708,NA,NA
"1500:235:141:1",7.37302377103119,1.53025297778983,NA,NA
"1500:235:141:2",8.46694539228703,2.07076436747567,NA,NA
"1500:235:142:1",7.4939789235136,2.25302627278531,NA,NA
"1500:235:142:2",6.67549122353005,2.3831864782968,NA,NA
"1500:235:143:1",5.8614195580307,2.59218689171476,NA,NA
"1500:235:143:2",5.13773863001679,1.73288070354406,NA,NA
"1500:235:246:1",8.72727127753524,0.048890657837,NA,NA
"1500:235:247:1",6.07001186956195,NA,NA,NA
"1500:235:247:2",4.44045381872953,NA,NA,NA
"1500:235:248:1",2.66010279309883,NA,NA,NA
"1500:236:141:2",4.44533457050776,0.033143247762935,NA,NA
"1500:236:249:1",1.76378258629824,NA,NA,NA
"1500:130:132:4",0.116040038592197,NA,NA,NA
"1500:130:133:3",NA,NA,NA,NA
"1500:130:133:4",NA,NA,NA,NA
"1500:130:134:3",NA,NA,NA,NA
"1500:130:134:4",NA,NA,NA,NA
"1500:130:235:3",NA,NA,NA,NA
"1500:130:235:4",NA,NA,NA,NA
"1500:130:236:3",NA,NA,NA,NA
"1500:130:236:4",NA,NA,NA,NA
"1500:130:237:3",NA,NA,NA,NA
"1500:130:237:4",NA,NA,NA,NA
"1500:130:238:3",NA,NA,NA,NA
"1500:130:238:4",NA,NA,NA,NA
"1500:130:239:3",NA,NA,NA,NA
"1500:130:239:4",NA,NA,NA,NA
"1500:131:130:3",NA,NA,0.002555787254135,NA
"1500:131:130:4",NA,NA,NA,NA
"1500:131:131:3",NA,NA,NA,NA
"1500:131:131:4",NA,NA,NA,NA
"1500:131:132:3",NA,NA,NA,NA
"1500:131:132:4",NA,NA,NA,NA
"1500:131:133:3",NA,NA,NA,NA
"1500:131:133:4",NA,NA,NA,NA
"1500:131:134:3",NA,NA,NA,NA
"1500:131:134:4",NA,NA,NA,NA
"1500:131:235:3",0.020097620802618,NA,NA,NA
"1500:131:235:4",0.148805597491421,NA,NA,NA
"1500:131:236:3",0.25714705581382,NA,NA,NA
"1500:131:236:4",0.227943146929328,NA,NA,NA
"1500:131:237:3",0.187026858528751,NA,NA,NA
"1500:131:237:4",0.016078096642095,NA,NA,NA
"1500:131:238:3",0.190787321159006,NA,NA,NA
"1500:131:238:4",0.260327671521961,NA,NA,NA
"1500:131:239:3",0.10931233267689,NA,NA,NA
"1500:131:239:4",0.308962588814352,NA,NA,NA
"1500:132:130:3",0.346146284945603,NA,NA,NA
"1500:132:130:4",0.302668165735102,NA,NA,NA
"1500:132:131:3",0.408075591471091,NA,NA,NA
"1500:132:131:4",0.683876592271057,NA,NA,NA
"1500:132:132:3",1.00150303557599,NA,NA,NA
"1500:132:132:4",1.09838301897977,NA,NA,NA
"1500:132:133:3",1.49181647650482,NA,NA,NA
"1500:132:133:4",0.678205613644926,0.044771356635057,NA,NA
"1500:132:134:3",0.620144479495948,0.047258654225894,NA,NA
"1500:132:134:4",0.262087036259585,NA,NA,NA
"1500:132:235:3",0.252917223933049,NA,NA,NA
"1500:132:235:4",0.416562293780384,NA,NA,NA
"1500:132:236:3",0.410148160612312,NA,NA,NA
"1500:132:236:4",0.623806751847996,NA,NA,NA
"1500:132:237:3",1.27069790643083,NA,NA,NA
"1500:132:237:4",1.1040839144728,NA,NA,NA
"1500:132:238:3",1.08048709578724,NA,NA,NA
"1500:132:238:4",1.53814297157807,NA,NA,NA
"1500:132:239:3",1.22717226162937,NA,NA,NA
"1500:132:239:4",1.11187746540065,NA,NA,NA
"1500:133:130:3",1.45194744488308,0.030333704431591,NA,NA
"1500:133:130:4",0.650634079897143,0.026737370145875,NA,NA
"1500:133:131:3",1.46151326131622,0.140092678993489,NA,NA
"1500:133:131:4",0.832904075958822,NA,NA,NA
"1500:133:132:3",1.00293450781311,NA,NA,NA
"1500:133:132:4",1.36745875259313,NA,NA,NA
"1500:133:133:3",1.13203492111418,NA,NA,NA
"1500:133:133:4",0.617223033210325,NA,NA,NA
"1500:133:134:3",1.66337717442564,NA,NA,0.299113126658497
"1500:133:134:4",0.760671024015512,NA,NA,NA
"1500:133:235:3",0.875677502390237,NA,NA,NA
"1500:133:235:4",1.51195009600978,NA,NA,NA
"1500:133:236:3",0.877303594398529,NA,NA,NA
"1500:133:236:4",1.26224981148908,NA,NA,NA
"1500:133:237:3",1.36681772301705,NA,NA,NA
"1500:133:237:4",0.87112383991243,NA,NA,NA
"1500:133:238:3",0.600029899315409,NA,NA,NA
"1500:133:238:4",1.15190233870351,NA,NA,NA
"1500:133:239:3",0.587175769670901,NA,NA,NA
"1500:133:239:4",0.430363548969294,NA,NA,NA
"1500:134:130:3",0.568046341016542,0.071472541694408,NA,NA
"1500:134:130:4",0.579136797603006,0.123611554969109,NA,NA
"1500:134:131:3",0.379265604615087,0.149647030818498,NA,NA
"1500:134:131:4",0.067833170812391,0.08795518386857,NA,NA
"1500:134:132:3",0.13705830435044,0.16751376959627,NA,NA
"1500:134:132:4",0.051138574866442,NA,NA,NA
"1500:134:133:3",0.083729736355344,0.057718038033599,NA,NA
"1500:134:133:4",0.149715386433831,NA,NA,NA
"1500:134:134:3",0.076912155277369,NA,NA,NA
"1500:134:134:4",0.088839457262206,0.089452528116119,NA,NA
"1500:134:235:3",0.146199968551269,0.025784202089857,NA,NA
"1500:134:235:4",0.432814961318982,0.121248952485995,NA,NA
"1500:134:236:3",0.03980049174545,NA,NA,NA
"1500:134:236:4",0.32253620414408,NA,NA,NA
"1500:134:237:3",0.362629335319369,NA,NA,NA
"1500:134:237:4",0.368281974752763,NA,NA,0.890340740457396
"1500:134:238:3",0.435970265351399,NA,NA,NA
"1500:134:238:4",0.631428981812135,0.034023161034006,NA,NA
"1500:134:239:3",2.84589848143831,0.285897354954947,NA,NA
"1500:134:239:4",7.38908257147183,0.676885807260761,NA,NA
"1500:235:130:3",9.80095103493876,2.05017171158687,NA,NA
"1500:235:130:4",7.87173226344106,2.05910224507002,NA,NA
"1500:235:131:3",6.91751039880467,1.14403805531813,NA,NA
"1500:235:235:3",0.933782479824335,NA,NA,NA
"1500:235:236:3",3.22928112805627,NA,NA,NA
"1500:236:239:4",1.9311269736965,NA,NA,NA
"1500:130:133:1",0.028543053691013,NA,NA,NA
"1500:130:133:2",NA,NA,NA,NA
"1500:130:134:1",NA,NA,NA,NA
"1500:130:134:2",NA,NA,NA,NA
"1500:130:235:1",NA,NA,NA,NA
"1500:130:235:2",NA,NA,NA,NA
"1500:130:236:1",NA,NA,0.0097006070062,NA
"1500:130:236:2",NA,NA,NA,NA
"1500:130:237:1",NA,NA,NA,NA
"1500:130:237:2",NA,NA,NA,NA
"1500:130:238:1",NA,NA,NA,NA
"1500:130:238:2",NA,NA,NA,NA
"1500:130:239:1",NA,NA,NA,NA
"1500:130:239:2",NA,NA,0.040844661078738,NA
"1500:131:130:1",NA,NA,NA,NA
"1500:131:130:2",NA,NA,NA,NA
"1500:131:131:1",NA,NA,0.001701860878281,NA
"1500:131:131:2",NA,NA,NA,NA
"1500:131:132:1",NA,NA,NA,NA
"1500:131:132:2",NA,NA,NA,NA
"1500:131:133:1",NA,NA,NA,NA
"1500:131:133:2",NA,NA,NA,NA
"1500:131:134:1",NA,NA,NA,NA
"1500:131:134:2",NA,NA,NA,NA
"1500:131:235:1",0.073080929007497,NA,NA,NA
"1500:131:235:2",0.317146143703671,NA,NA,NA
"1500:131:236:1",0.110887535100817,NA,NA,NA
"1500:131:236:2",0.080296248136848,NA,NA,NA
"1500:131:237:1",0.244098384183568,NA,NA,NA
"1500:131:237:2",0.615732970637954,NA,NA,NA
"1500:131:238:1",0.380981194185718,NA,NA,NA
"1500:131:238:2",0.096306864520818,NA,NA,NA
"1500:131:239:1",0.549920961103927,NA,NA,NA
"1500:131:239:2",0.450247545490361,NA,NA,NA
"1500:132:130:1",0.371660579786822,NA,NA,NA
"1500:132:130:2",0.349815099011104,NA,NA,NA
"1500:132:131:1",0.409906786490464,NA,NA,NA
"1500:132:131:2",1.07176228547119,NA,NA,NA
"1500:132:132:1",0.837147847994839,NA,NA,NA
"1500:132:132:2",0.761792717102603,NA,NA,NA
"1500:132:133:1",0.406198240953803,NA,NA,NA
"1500:132:133:2",1.35627900822539,NA,NA,NA
"1500:132:134:1",0.731929741798764,0.04720325683826,NA,NA
"1500:132:134:2",0.734298428487102,NA,NA,NA
"1500:132:235:1",0.333078004784694,NA,NA,NA
"1500:132:235:2",0.053587755024015,NA,NA,NA
"1500:132:236:1",0.369930072944129,NA,NA,NA
"1500:132:236:2",0.931058033550919,NA,NA,NA
"1500:132:237:1",0.913331403199118,NA,NA,NA
"1500:132:237:2",0.978420081128551,NA,NA,NA
"1500:132:238:1",1.43461607981287,NA,NA,NA
"1500:132:238:2",1.59551604817663,NA,NA,NA
"1500:132:239:1",1.37130317394634,NA,NA,NA
"1500:132:239:2",1.47818193197101,NA,NA,NA
"1500:133:130:1",1.27971065569934,NA,NA,NA
"1500:133:130:2",0.350694714434867,0.257583350695189,NA,NA
"1500:133:131:1",1.99735281411877,0.010014760556945,NA,NA
"1500:133:131:2",1.23547177144125,NA,NA,NA
"1500:133:132:1",0.566969665297288,NA,NA,NA
"1500:133:132:2",1.03795140743684,0.04720325683826,NA,NA
"1500:133:133:1",1.68367621125164,0.077680869284241,NA,NA
"1500:133:133:2",1.25597611782267,NA,NA,0.27754188212291
"1500:133:134:1",3.47789459404004,0.03965039298113,NA,NA
"1500:133:134:2",0.549769968393239,NA,NA,NA
"1500:133:235:1",0.315350729884752,0.278430805598404,NA,NA
"1500:133:235:2",1.12076917424687,0.163467452808678,NA,NA
"1500:133:236:1",0.58360165233478,0.116582554941694,NA,NA
"1500:133:236:2",1.84074830638245,0.12573644444082,NA,NA
"1500:133:237:1",0.954061538212278,0.216821962829525,NA,NA
"1500:133:237:2",0.832790694422876,0.06217736263557,NA,NA
"1500:133:238:1",0.65270713488623,0.077721703294463,NA,NA
"1500:133:238:2",0.664902300023641,NA,NA,NA
"1500:133:239:1",0.223013728857915,0.093266043953355,NA,0.040821204511557
"1500:133:239:2",0.486609311865584,0.080312426737612,NA,0.058536661604603
"1500:134:130:1",0.395585256891488,0.225625589605174,NA,0.085141369409818
"1500:134:130:2",0.301751020420658,0.226249572779863,NA,0.080633699722442
"1500:134:131:1",0.361758130791496,0.219057841531213,NA,0.040632071517681
"1500:134:131:2",0.33158170123421,0.171779204667982,NA,0.291201766237654
"1500:134:132:1",0.460263447941936,0.08793804776281,NA,0.10399162446612
"1500:134:132:2",0.128054248260903,0.042387076476515,NA,NA
"1500:134:133:1",0.026864922172149,0.014020664779722,NA,NA
"1500:134:133:2",0.103297130347498,NA,NA,NA
"1500:134:134:1",0.035647506602932,NA,NA,NA
"1500:134:134:2",0.147413096721157,NA,NA,NA
"1500:134:235:1",0.280933829369519,0.09803676184381,NA,NA
"1500:134:235:2",0.094268533691914,NA,NA,NA
"1500:134:236:1",0.037636884799475,NA,NA,NA
"1500:134:236:2",0.018831712751147,0.012493852394716,NA,NA
"1500:134:237:1",0.11237493502032,NA,NA,NA
"1500:134:237:2",0.101676523879308,NA,NA,NA
"1500:134:238:1",0.406148646449442,0.053055684241489,NA,NA
"1500:134:238:2",0.975151343047761,0.025306408915919,NA,NA
"1500:134:239:1",3.0458971448016,0.119802072045463,NA,NA
"1500:134:239:2",5.89200160775412,0.452671844750336,NA,NA
"1500:235:130:1",2.69259102821371,0.090324470348084,NA,NA
"1500:235:130:2",1.5879474720338,0.011994098298927,NA,NA
"1500:235:131:1",8.22755686608734,0.077832327767301,NA,NA
"1500:235:132:2",8.91102373533856,NA,NA,NA
"1500:237:130:1",0.238035799945445,NA,NA,NA
"1500:237:130:2",0.170999620839419,NA,NA,NA
"1500:130:123:3",0.023843359247636,0.024198858869166,NA,NA
"1500:130:123:4",NA,NA,NA,NA
"1500:130:124:3",NA,NA,NA,NA
"1500:130:124:4",NA,NA,NA,NA
"1500:130:225:3",NA,NA,NA,NA
"1500:130:225:4",NA,NA,NA,NA
"1500:130:226:3",NA,NA,NA,NA
"1500:130:226:4",NA,NA,NA,NA
"1500:130:227:3",NA,NA,NA,NA
"1500:130:227:4",NA,NA,NA,NA
"1500:130:228:3",NA,NA,NA,NA
"1500:130:228:4",NA,NA,NA,NA
"1500:130:229:3",NA,NA,NA,NA
"1500:130:229:4",NA,NA,NA,NA
"1500:131:120:3",NA,NA,NA,NA
"1500:131:120:4",NA,NA,NA,NA
"1500:131:121:3",NA,NA,NA,NA
"1500:131:121:4",NA,NA,NA,NA
"1500:131:122:3",NA,NA,NA,NA
"1500:131:122:4",NA,NA,0.020398434686175,NA
"1500:131:123:3",NA,NA,NA,NA
"1500:131:123:4",NA,NA,NA,NA
"1500:131:124:3",NA,NA,NA,NA
"1500:131:124:4",NA,NA,NA,NA
"1500:131:225:3",NA,NA,NA,NA
"1500:131:225:4",NA,NA,NA,NA
"1500:131:226:3",0.060866719700896,NA,NA,NA
"1500:131:226:4",0.106856059626787,NA,NA,NA
"1500:131:227:3",0.107161788837267,NA,NA,NA
"1500:131:227:4",0.020551838026726,NA,NA,NA
"1500:131:228:3",0.182966472351199,NA,NA,NA
"1500:131:228:4",0.378187861932308,NA,NA,NA
"1500:131:229:3",0.619657011328274,NA,NA,NA
"1500:131:229:4",0.7069080297098,NA,NA,NA
"1500:132:120:3",0.468709541044347,NA,NA,NA
"1500:132:120:4",0.79051320787719,NA,NA,NA
"1500:132:121:3",1.35650030373756,NA,NA,NA
"1500:132:121:4",0.694304400394336,NA,NA,0.282080593160764
"1500:132:122:3",0.917456186937344,NA,NA,NA
"1500:132:122:4",0.963191141440472,NA,NA,0.282080593160764
"1500:132:123:3",0.687232861318849,NA,NA,NA
"1500:132:123:4",0.518616857743839,NA,NA,NA
"1500:132:124:3",1.67064723755367,NA,NA,NA
"1500:132:124:4",0.467753467448686,NA,NA,NA
"1500:132:225:3",0.739465796205881,NA,NA,NA
"1500:132:225:4",1.01452078609123,NA,NA,NA
"1500:132:226:3",1.00450323942171,NA,NA,NA
"1500:132:226:4",1.24299464312105,NA,NA,NA
"1500:132:227:3",0.765247872571994,NA,NA,NA
"1500:132:227:4",1.3211195742079,NA,NA,NA
"1500:132:228:3",1.5584129600979,NA,NA,NA
"1500:132:228:4",1.66041934582777,NA,NA,NA
"1500:132:229:3",1.0100509330909,NA,NA,NA
"1500:132:229:4",1.25128940806185,NA,NA,0.07887615485189
"1500:133:120:3",3.31782768448679,NA,NA,NA
"1500:133:120:4",0.418488786525082,0.281335568638081,NA,NA
"1500:133:121:3",2.03992285226341,NA,NA,NA
"1500:133:121:4",0.69841362615143,NA,NA,NA
"1500:133:122:3",0.416665142131854,NA,NA,NA
"1500:133:122:4",1.47280088657735,NA,NA,NA
"1500:133:123:3",1.3908694232131,NA,NA,NA
"1500:133:123:4",0.742968053305544,0.149218466789113,NA,NA
"1500:133:124:3",3.77649407560797,0.168154187861177,NA,1.1574677140491
"1500:133:124:4",0.531968013792049,NA,NA,NA
"1500:133:225:3",0.430455597721156,0.015526152466234,NA,NA
"1500:133:225:4",0.734278351546047,0.113146836097682,NA,NA
"1500:133:226:3",0.419539780128728,NA,NA,NA
"1500:133:226:4",1.3934241883755,0.038612121973415,NA,NA
"1500:133:227:3",0.955343789915203,NA,NA,NA
"1500:133:227:4",0.632853163675738,0.160414352550658,NA,NA
"1500:133:228:3",0.600792406994351,0.04001216976186,NA,NA
"1500:133:228:4",0.513907359378615,0.045013690982093,NA,NA
"1500:133:229:3",0.582362078478375,0.056577140956253,NA,NA
"1500:133:229:4",0.469740172887206,0.112454152800446,NA,NA
"1500:134:120:3",0.651346221318597,NA,NA,NA
"1500:134:120:4",0.438409449556553,0.329058387473103,NA,0.836514862476748
"1500:134:121:3",0.313813920014803,0.047839974681842,NA,0.306529932244087
"1500:134:121:4",0.425595808381642,NA,NA,0.701446348133661
"1500:134:122:3",0.181348995787359,0.039011865517814,NA,0.3807554670972
"1500:134:122:4",0.207154614593838,NA,NA,0.282080593160764
"1500:134:123:3",0.051806296253449,NA,NA,0.297796982024733
"1500:134:123:4",0.20237388403443,0.077356861539597,NA,NA
"1500:134:124:3",0.037592846462513,NA,NA,NA
"1500:134:124:4",0.201569262460904,NA,NA,NA
"1500:134:225:3",0.309891032053624,0.276516694921034,NA,NA
"1500:134:225:4",0.195445974150018,NA,NA,NA
"1500:134:226:3",0.142786266099315,NA,NA,NA
"1500:134:226:4",0.078297207051295,NA,NA,NA
"1500:134:227:3",0.055814863262796,NA,NA,NA
"1500:134:227:4",0.433846872863901,0.118084407071143,NA,NA
"1500:134:228:3",0.978822617629545,NA,NA,NA
"1500:134:228:4",3.01041206130546,0.329801688063274,0.007803318828171,NA
"1500:134:229:3",15.5822886258404,4.77580210682278,0.06192202570113,NA
"1500:235:120:4",0.412081244493865,NA,NA,NA
"1500:235:121:4",26.6320145855861,0.125660387580081,NA,NA
"1500:130:123:2",0.01403824012351,NA,NA,NA
"1500:130:124:1",NA,NA,NA,NA
"1500:130:124:2",NA,NA,NA,NA
"1500:130:225:1",NA,NA,NA,NA
"1500:130:225:2",NA,NA,NA,NA
"1500:130:226:1",NA,NA,NA,NA
"1500:130:226:2",NA,NA,NA,NA
"1500:130:227:1",0.010528680092632,NA,NA,NA
"1500:130:227:2",NA,NA,NA,NA
"1500:130:228:1",NA,NA,NA,NA
"1500:130:228:2",NA,NA,NA,NA
"1500:130:229:1",NA,NA,NA,NA
"1500:130:229:2",NA,NA,NA,NA
"1500:131:120:1",NA,NA,NA,NA
"1500:131:120:2",NA,NA,NA,NA
"1500:131:121:1",NA,NA,NA,NA
"1500:131:121:2",NA,0.138655750873063,0.017148630239867,NA
"1500:131:122:1",NA,NA,0.01018730509299,NA
"1500:131:122:2",NA,NA,NA,NA
"1500:131:123:1",NA,NA,NA,NA
"1500:131:123:2",NA,NA,NA,NA
"1500:131:124:1",NA,NA,NA,NA
"1500:131:124:2",NA,NA,NA,NA
"1500:131:225:1",NA,NA,NA,NA
"1500:131:225:2",NA,NA,NA,NA
"1500:131:226:1",0.061866348142387,NA,NA,NA
"1500:131:226:2",0.036083823630781,NA,NA,NA
"1500:131:227:1",0.061165765440657,NA,NA,NA
"1500:131:227:2",0.225625423583452,NA,NA,NA
"1500:131:228:1",0.116499553542077,NA,NA,NA
"1500:131:228:2",0.153618236570009,NA,NA,NA
"1500:131:229:1",0.249776877829949,NA,NA,NA
"1500:131:229:2",0.536929142120992,NA,NA,NA
"1500:132:120:1",0.683249010891538,NA,NA,NA
"1500:132:120:2",0.20010892811535,NA,NA,NA
"1500:132:121:1",0.511880869284546,NA,NA,NA
"1500:132:121:2",1.03797680331732,NA,NA,0.28175113507979
"1500:132:122:1",0.653926045451462,NA,NA,0.27689335688876
"1500:132:122:2",0.547147015195483,NA,NA,0.27689335688876
"1500:132:123:1",0.636061037384588,NA,NA,NA
"1500:132:123:2",0.661327929296578,NA,NA,NA
"1500:132:124:1",0.523225956534104,NA,NA,NA
"1500:132:124:2",0.752346786652785,NA,NA,NA
"1500:132:225:1",1.03664038420428,NA,NA,NA
"1500:132:225:2",1.18727250367343,NA,NA,NA
"1500:132:226:1",1.48701111198897,NA,NA,NA
"1500:132:226:2",1.38883004289325,NA,NA,NA
"1500:132:227:1",1.20431647753277,NA,NA,NA
"1500:132:227:2",1.98982920158028,NA,NA,NA
"1500:132:228:1",1.31505595808571,NA,NA,NA
"1500:132:228:2",1.9117730206287,NA,NA,NA
"1500:132:229:1",2.16216871631163,NA,NA,NA
"1500:132:229:2",1.16043964166814,NA,NA,NA
"1500:133:120:1",4.45836719653428,NA,NA,NA
"1500:133:120:2",0.280583107147745,0.120728925047461,NA,NA
"1500:133:121:1",0.785534459564475,0.071040539441165,NA,NA
"1500:133:121:2",0.740712013523847,0.080887979584567,NA,NA
"1500:133:122:1",0.552149375768495,NA,NA,NA
"1500:133:122:2",1.21803625182531,NA,NA,NA
"1500:133:123:1",1.22445180661084,0.119081842735137,NA,NA
"1500:133:123:2",0.274841443936736,0.094797305285229,NA,NA
"1500:133:124:1",1.94566506668142,NA,NA,0.28175113507979
"1500:133:124:2",1.03122304839849,0.036185376694846,NA,NA
"1500:133:225:1",0.838585894689299,0.07495542315361,NA,NA
"1500:133:225:2",0.466336771034415,0.155080185835055,NA,NA
"1500:133:226:1",0.631656394305641,0.029996574739169,NA,NA
"1500:133:226:2",0.887602785883247,NA,NA,NA
"1500:133:227:1",0.599305961868572,0.042852249627384,NA,NA
"1500:133:227:2",0.624667980462976,NA,NA,0.147720057886858
"1500:133:228:1",0.783782940034899,0.141785887354473,NA,NA
"1500:133:228:2",0.313665525431601,0.131315466689974,NA,NA
"1500:133:229:1",0.314058973845905,0.10768164273241,NA,NA
"1500:133:229:2",0.584032209607603,0.106403989069501,NA,0.293326182599829
"1500:134:120:1",0.652957307975002,0.102911000937009,NA,0.595804233476995
"1500:134:120:2",0.138567273234512,0.257828472093429,NA,0.147720057886858
"1500:134:121:1",0.20616306371651,0.174254519484055,NA,0.433786453390982
"1500:134:121:2",0.224066639774468,0.039528072849254,NA,1.41342250327379
"1500:134:122:1",0.401011157415641,NA,NA,1.75102757553419
"1500:134:122:2",0.034186967065306,0.028933916389316,NA,3.84446624891573
"1500:134:123:1",0.252654377555222,NA,NA,2.95603247228006
"1500:134:123:2",0.177954895331092,NA,NA,0.308342472726953
"1500:134:124:1",0.250716175604256,NA,NA,NA
"1500:134:124:2",0.312658382158521,NA,NA,NA
"1500:134:225:1",0.117194762465572,NA,NA,NA
"1500:134:225:2",0.232748398703749,0.019569354797969,NA,NA
"1500:134:226:1",0.19436789447872,NA,NA,NA
"1500:134:226:2",0.080267498489062,NA,NA,NA
"1500:134:227:1",0.397997082329199,NA,NA,NA
"1500:134:227:2",3.95266040054903,0.034901043294927,NA,NA
"1500:134:228:1",4.74776361350143,0.039886906622774,NA,NA
"1500:235:121:2",15.2491780010736,NA,NA,NA
"1500:235:122:1",10.5159096559468,NA,NA,NA
"1500:235:122:2",10.4079304618775,0.026978488671734,NA,NA
"1500:130:113:4",0.044792340280466,NA,NA,NA
"1500:130:114:3",NA,NA,NA,NA
"1500:130:114:4",NA,NA,NA,NA
"1500:130:215:3",NA,NA,NA,NA
"1500:130:215:4",NA,NA,NA,NA
"1500:130:216:3",NA,NA,NA,NA
"1500:130:216:4",NA,NA,NA,NA
"1500:130:217:3",NA,NA,NA,NA
"1500:130:217:4",0.017679616099953,NA,NA,NA
"1500:130:218:3",NA,NA,NA,NA
"1500:130:218:4",NA,NA,0.01625242032345,NA
"1500:130:219:3",NA,NA,NA,NA
"1500:130:219:4",NA,NA,NA,NA
"1500:131:110:3",NA,NA,NA,NA
"1500:131:110:4",NA,NA,NA,NA
"1500:131:111:3",NA,NA,NA,NA
"1500:131:111:4",NA,0.138494101149337,0.016959047294035,NA
"1500:131:112:3",NA,NA,NA,NA
"1500:131:112:4",NA,NA,NA,NA
"1500:131:113:3",NA,NA,NA,NA
"1500:131:113:4",NA,NA,NA,NA
"1500:131:114:3",NA,NA,NA,NA
"1500:131:114:4",NA,NA,NA,NA
"1500:131:215:3",NA,NA,NA,NA
"1500:131:215:4",NA,NA,NA,NA
"1500:131:216:3",0.11598874157644,NA,NA,NA
"1500:131:216:4",0.113760511302642,NA,NA,NA
"1500:131:217:3",0.529333266486815,NA,NA,NA
"1500:131:217:4",0.370456239855703,NA,NA,NA
"1500:131:218:3",0.262605177000282,NA,NA,NA
"1500:131:218:4",0.030792884743991,NA,NA,NA
"1500:131:219:3",NA,NA,NA,NA
"1500:131:219:4",NA,NA,NA,NA
"1500:132:110:3",0.094301387205644,NA,NA,NA
"1500:132:110:4",0.199903602261436,NA,NA,NA
"1500:132:111:3",0.288603618876949,NA,NA,NA
"1500:132:111:4",0.198025486473994,NA,NA,NA
"1500:132:112:3",0.425324329145518,NA,NA,NA
"1500:132:112:4",0.316540168116087,NA,NA,0.562845319505051
"1500:132:113:3",0.845188636592591,NA,NA,NA
"1500:132:113:4",0.66301373005101,NA,NA,NA
"1500:132:114:3",0.662673378756633,NA,NA,NA
"1500:132:114:4",1.09851061048081,NA,NA,NA
"1500:132:215:3",1.65542297589349,NA,NA,NA
"1500:132:215:4",1.47824241616187,NA,NA,NA
"1500:132:216:3",1.36612961178226,NA,NA,NA
"1500:132:216:4",1.49912448833678,NA,NA,NA
"1500:132:217:3",1.77666361639351,NA,NA,NA
"1500:132:217:4",1.8181230434498,NA,NA,0.281422659752525
"1500:132:218:3",1.91999599219467,NA,NA,NA
"1500:132:218:4",0.893087991656779,NA,NA,NA
"1500:132:219:3",2.7148584134284,NA,NA,NA
"1500:132:219:4",0.975876801031164,NA,NA,NA
"1500:133:110:3",3.00486902267105,NA,NA,NA
"1500:133:110:4",1.02929713856187,NA,NA,NA
"1500:133:111:3",0.433742500133678,0.069857977267018,NA,NA
"1500:133:111:4",1.09874324887119,0.039610994139607,NA,NA
"1500:133:112:3",1.08716279027581,0.224831163466311,NA,NA
"1500:133:112:4",1.08873602838304,0.032183932738431,NA,NA
"1500:133:113:3",0.677582272121334,0.028222589350604,NA,NA
"1500:133:113:4",0.384743969479862,0.050800660831088,NA,NA
"1500:133:114:3",1.32191178618488,NA,NA,NA
"1500:133:114:4",0.852438164231639,NA,NA,NA
"1500:133:215:3",0.834782932943796,NA,NA,NA
"1500:133:215:4",0.746808768654709,0.033867107220725,NA,NA
"1500:133:216:3",1.22368640975274,0.026537420405151,NA,NA
"1500:133:216:4",0.872024889505995,0.073847139261715,NA,NA
"1500:133:217:3",0.720899545713751,0.183212680364254,NA,NA
"1500:133:217:4",1.0232980486068,0.147043229342586,NA,NA
"1500:133:218:3",1.29563463752169,0.214828141381824,NA,NA
"1500:133:218:4",1.27225513079515,0.176774888483982,NA,NA
"1500:133:219:3",0.53338045421623,0.079845049080179,NA,0.298124286583957
"1500:133:219:4",0.396789142746627,0.527123307139507,NA,0.519446047599456
"1500:134:110:3",0.887991128517317,0.255952882629194,NA,1.36301259461474
"1500:134:110:4",0.460409032714078,0.263411350548116,NA,2.01409104205637
"1500:134:111:3",0.339558960077375,0.156634701942995,NA,2.53253174229616
"1500:134:111:4",0.516562730529812,0.206535086308615,NA,2.17325279327641
"1500:134:112:3",0.912087410130883,0.116756527871251,NA,3.51559147562561
"1500:134:112:4",0.186086034855939,0.04180445961826,NA,10.3121849941803
"1500:134:113:3",0.072343845871835,NA,NA,10.7902286060015
"1500:134:113:4",0.042773746284699,0.123691526097979,NA,1.75907759873312
"1500:134:114:3",0.224282739828533,NA,NA,NA
"1500:134:114:4",0.304287294206989,NA,NA,NA
"1500:134:215:3",0.339137474938092,NA,NA,NA
"1500:134:215:4",0.313085912001385,0.021663220257913,NA,NA
"1500:134:216:3",0.022432028682307,NA,NA,NA
"1500:134:216:4",0.336215611775618,NA,NA,NA
"1500:134:217:3",1.76707754489235,NA,NA,NA
"1500:134:217:4",9.74747703053485,0.477210112158557,0.014513205131839,NA
"1500:134:218:3",4.12939234835932,0.484281466724606,0.000973139766066,NA
"1500:134:218:4",2.637297049877,NA,NA,NA
"1500:134:219:4",2.14536321427771,NA,NA,NA
"1500:235:111:4",1.84657717459526,NA,NA,NA
"1500:235:112:3",0.293159072878103,NA,NA,NA
"1500:235:113:3",8.05367192332226,NA,NA,NA
"1500:235:113:4",5.81191374901552,0.617240444523483,NA,NA
"1500:130:113:2",0.125576255572085,0.320745156462821,NA,NA
"1500:130:114:1",NA,NA,NA,NA
"1500:130:114:2",NA,NA,NA,NA
"1500:130:215:1",NA,NA,NA,NA
"1500:130:215:2",NA,NA,NA,NA
"1500:130:216:1",NA,NA,NA,NA
"1500:130:216:2",0.066000788278976,NA,NA,NA
"1500:130:217:1",NA,NA,NA,NA
"1500:130:217:2",NA,NA,NA,NA
"1500:130:218:1",NA,NA,NA,NA
"1500:130:218:2",NA,NA,NA,NA
"1500:130:219:1",NA,NA,NA,NA
"1500:130:219:2",NA,NA,NA,NA
"1500:131:110:1",NA,NA,NA,NA
"1500:131:110:2",NA,NA,NA,NA
"1500:131:111:1",NA,NA,NA,NA
"1500:131:111:2",NA,NA,NA,NA
"1500:131:112:1",NA,NA,NA,NA
"1500:131:112:2",NA,NA,NA,NA
"1500:131:113:1",NA,NA,NA,NA
"1500:131:113:2",NA,NA,NA,NA
"1500:131:114:1",NA,NA,NA,NA
"1500:131:114:2",0.055945479324666,NA,NA,NA
"1500:131:215:1",0.072648317831421,NA,NA,NA
"1500:131:215:2",0.473114889197144,NA,NA,NA
"1500:131:216:1",0.466893379890973,NA,NA,NA
"1500:131:216:2",0.808684321854041,NA,NA,NA
"1500:131:217:1",0.716632451555652,NA,NA,NA
"1500:131:217:2",0.369721386840182,NA,NA,NA
"1500:131:218:1",0.278916114113537,NA,NA,NA
"1500:131:218:2",0.155114546909501,NA,NA,NA
"1500:131:219:1",0.028709405400143,NA,NA,NA
"1500:131:219:2",0.04655931564773,NA,NA,NA
"1500:132:110:1",0.052861901262116,NA,NA,NA
"1500:132:110:2",0.025420316014565,NA,NA,NA
"1500:132:111:1",0.081248897264187,NA,NA,NA
"1500:132:111:2",0.492951010033108,NA,NA,NA
"1500:132:112:1",0.336365232752452,NA,NA,NA
"1500:132:112:2",0.396628983756692,NA,NA,NA
"1500:132:113:1",0.598475339726859,NA,NA,NA
"1500:132:113:2",0.811187835463927,NA,NA,NA
"1500:132:114:1",1.03695336456304,NA,NA,NA
"1500:132:114:2",1.41116909984972,NA,NA,NA
"1500:132:215:1",1.38644922582039,NA,NA,NA
"1500:132:215:2",1.70472284008496,NA,NA,NA
"1500:132:216:1",1.57286569013571,NA,NA,NA
"1500:132:216:2",1.60318630979017,NA,NA,NA
"1500:132:217:1",2.28914440083576,NA,NA,NA
"1500:132:217:2",2.86147712768937,NA,NA,0.557343858160886
"1500:132:218:1",1.42422089907443,NA,NA,NA
"1500:132:218:2",1.59807932036342,NA,NA,NA
"1500:132:219:1",3.0805122752529,NA,NA,0.28109516324636
"1500:132:219:2",1.26222137887925,NA,NA,0.07368806832794
"1500:133:110:1",1.31257635161824,NA,NA,NA
"1500:133:110:2",1.48476174482247,NA,NA,NA
"1500:133:111:1",1.00751443240927,0.050837297110395,NA,0.07368806832794
"1500:133:111:2",0.922647440081795,0.051104660082018,NA,NA
"1500:133:112:1",0.651350453613524,NA,NA,NA
"1500:133:112:2",1.24718560975122,NA,NA,NA
"1500:133:113:1",1.80367827759993,NA,NA,NA
"1500:133:113:2",0.645757002697167,NA,NA,NA
"1500:133:114:1",0.952944808418008,NA,NA,NA
"1500:133:114:2",0.80172036893955,NA,NA,NA
"1500:133:215:1",1.147704653355,0.095845137169288,NA,NA
"1500:133:215:2",1.03548621448497,0.080631658656451,NA,NA
"1500:133:216:1",1.05627088974836,0.064953483827951,NA,NA
"1500:133:216:2",0.820971673908725,0.123634249946764,NA,NA
"1500:133:217:1",0.65284465880093,0.068835625345464,NA,NA
"1500:133:217:2",1.43006098648581,0.115692859988191,NA,NA
"1500:133:218:1",1.56182951392062,0.075030330799299,NA,NA
"1500:133:218:2",0.732490135036076,0.035528064694433,NA,NA
"1500:133:219:1",0.637263689571359,0.122569521448855,NA,0.28109516324636
"1500:133:219:2",0.689861856202879,0.210677727423483,NA,0.518679699403743
"1500:134:110:1",0.764584210659315,0.153877361565442,NA,0.297615494419924
"1500:134:110:2",0.385220076618853,0.116576462278609,NA,2.314348801284
"1500:134:111:1",0.387346292347806,NA,NA,4.19703568351226
"1500:134:111:2",0.817053307811363,0.039969072781237,NA,2.95665469707015
"1500:134:112:1",0.969857881734653,0.032476741913975,NA,1.71529508879296
"1500:134:112:2",0.165236504580164,NA,NA,2.808029959817
"1500:134:113:1",0.081772501244186,0.057994181989242,NA,5.92250323060931
"1500:134:113:2",0.131078353262752,NA,NA,1.75976190903757
"1500:134:114:1",0.068666571885393,NA,NA,NA
"1500:134:114:2",0.110530306034321,NA,NA,NA
"1500:134:215:1",0.506423434250819,0.077449296111542,NA,NA
"1500:134:215:2",0.232185809785581,0.121417453330164,NA,NA
"1500:134:216:1",0.186782151947027,0.138125772962247,NA,NA
"1500:134:216:2",1.91206772488164,0.14639144790422,NA,NA
"1500:134:217:1",6.02481844343192,0.353520845038174,NA,NA
"1500:134:217:2",6.06531172004246,0.456933017297376,NA,NA
"1500:235:111:1",0.325911837288818,NA,NA,NA
"1500:235:112:2",3.38521818207493,NA,NA,NA
"1500:235:113:1",2.46258875132973,NA,NA,NA
"1500:235:113:2",4.30956641200142,NA,NA,NA
"1500:130:103:3",0.229354830419096,0.603830059183179,NA,NA
"1500:130:103:4",0.043860347362976,0.152505028021727,NA,NA
"1500:130:104:3",NA,NA,NA,NA
"1500:130:104:4",NA,NA,NA,NA
"1500:130:205:3",0.04873674351709,NA,NA,NA
"1500:130:205:4",0.160723855223247,NA,NA,NA
"1500:130:206:3",0.053467682695074,NA,NA,NA
"1500:130:206:4",1.32434903053667,NA,NA,NA
"1500:130:207:3",0.184353823340684,0.012043155216826,NA,NA
"1500:130:207:4",0.006994643711941,NA,NA,NA
"1500:130:208:3",0.027978574847762,NA,NA,NA
"1500:130:208:4",NA,NA,NA,NA
"1500:130:209:3",NA,NA,NA,NA
"1500:130:209:4",NA,NA,NA,NA
"1500:131:100:3",NA,NA,NA,NA
"1500:131:100:4",NA,NA,0.00972879010188,NA
"1500:131:101:3",NA,NA,NA,NA
"1500:131:101:4",NA,NA,NA,NA
"1500:131:102:3",NA,NA,NA,NA
"1500:131:102:4",NA,NA,NA,NA
"1500:131:103:3",NA,NA,NA,NA
"1500:131:103:4",NA,NA,NA,NA
"1500:131:104:3",NA,NA,NA,NA
"1500:131:104:4",NA,NA,NA,NA
"1500:131:205:3",0.348559692808243,NA,NA,NA
"1500:131:205:4",0.246304961529459,NA,NA,NA
"1500:131:206:3",0.021781253169137,NA,NA,NA
"1500:131:206:4",NA,NA,NA,NA
"1500:131:207:3",NA,NA,NA,NA
"1500:131:207:4",NA,NA,NA,NA
"1500:131:208:3",NA,NA,NA,NA
"1500:131:208:4",0.05060405687863,NA,NA,NA
"1500:131:209:3",0.025836240058743,NA,NA,NA
"1500:131:209:4",0.063258029163837,NA,NA,NA
"1500:132:100:3",0.088701663088186,NA,NA,NA
"1500:132:100:4",0.158016819945485,NA,NA,NA
"1500:132:101:3",0.092030468898902,NA,NA,NA
"1500:132:101:4",0.404233222116273,NA,NA,NA
"1500:132:102:3",1.2852687128752,NA,NA,NA
"1500:132:102:4",0.908870955922626,NA,NA,NA
"1500:132:103:3",0.15168416979487,NA,NA,NA
"1500:132:103:4",0.456845913244461,NA,NA,NA
"1500:132:104:3",1.35148282015578,NA,NA,NA
"1500:132:104:4",1.45432474253285,NA,NA,NA
"1500:132:205:3",1.6892170143763,NA,NA,NA
"1500:132:205:4",1.59521949938558,NA,NA,NA
"1500:132:206:3",1.59479969934583,NA,NA,NA
"1500:132:206:4",2.00163422285387,NA,NA,NA
"1500:132:207:3",2.04139146101574,NA,NA,NA
"1500:132:207:4",2.89510912801663,NA,NA,0.280768641650115
"1500:132:208:3",1.82175382198747,NA,NA,3.14564669860672
"1500:132:208:4",1.68316448255151,NA,NA,0.56153728330023
"1500:132:209:3",2.80925765440587,NA,NA,0.275927803000976
"1500:132:209:4",1.87177280459823,NA,NA,0.349530274887423
"1500:133:100:3",2.2312718028097,NA,NA,0.275927803000976
"1500:133:100:4",1.04965962627538,NA,NA,NA
"1500:133:101:3",1.11372413180194,0.115606242339723,NA,0.297025010975963
"1500:133:101:4",0.68254854213589,NA,NA,NA
"1500:133:102:3",1.10655902374862,NA,NA,NA
"1500:133:102:4",1.48056366021462,NA,NA,NA
"1500:133:103:3",1.84900452805069,NA,NA,NA
"1500:133:103:4",0.78373605555159,0.009956518479019,NA,NA
"1500:133:104:3",0.860171295304525,NA,NA,NA
"1500:133:104:4",1.05837245753951,NA,NA,NA
"1500:133:205:3",1.20649663505552,0.119874115990742,NA,NA
"1500:133:205:4",1.14531902079168,0.043388502147748,NA,NA
"1500:133:206:3",1.50548006903098,0.079557977051657,NA,NA
"1500:133:206:4",1.2936690649291,0.095638870849095,NA,NA
"1500:133:207:3",1.17679233269775,NA,NA,NA
"1500:133:207:4",1.14066897159856,0.045051201393868,NA,NA
"1500:133:208:3",1.52934366298369,0.287704252165739,NA,NA
"1500:133:208:4",0.781951201423246,0.036604101132518,NA,NA
"1500:133:209:3",0.638118760338345,0.186998381836399,NA,NA
"1500:133:209:4",1.03186129919275,0.067953934550673,NA,NA
"1500:134:100:3",1.10519499355496,0.140549806516719,NA,0.429893627041342
"1500:134:100:4",0.552632189967661,0.035486795110633,NA,2.52218931076276
"1500:134:101:3",0.872294627199719,0.094028158979455,NA,2.36100011797004
"1500:134:101:4",0.643118976264002,NA,NA,0.956615373452453
"1500:134:102:3",0.788388883899444,NA,NA,1.90114978691134
"1500:134:102:4",0.498372752023576,NA,NA,3.69489777120029
"1500:134:103:3",0.077434859461318,NA,NA,8.53509863051761
"1500:134:103:4",0.116962108033052,NA,NA,1.42407472113982
"1500:134:104:3",0.087414940986283,NA,NA,0.307267252733755
"1500:134:104:4",0.228213598707824,NA,NA,NA
"1500:134:205:3",0.531518575594278,NA,NA,NA
"1500:134:205:4",0.333164033821217,0.072871823209077,NA,NA
"1500:134:206:3",0.689767252644109,0.091449325685442,NA,NA
"1500:134:206:4",7.89480582103905,0.399353574215517,NA,NA
"1500:134:207:3",6.31343308144102,0.313393089989167,NA,NA
"1500:134:209:3",3.4160798680732,NA,NA,NA
"1500:134:209:4",3.77834038677297,NA,NA,NA
"1500:235:100:3",3.43152833341725,NA,NA,NA
"1500:235:100:4",1.33323459341758,NA,NA,NA
"1500:235:102:4",6.69601187246775,NA,NA,NA
"1500:130:102:1",0.025838993059766,0.026213876813823,NA,NA
"1500:130:102:2",0.587236874261787,2.00940592685126,NA,NA
"1500:130:103:1",0.263511722011184,1.01024658184329,NA,NA
"1500:130:103:2",NA,NA,NA,NA
"1500:130:104:1",0.023280005847008,NA,NA,NA
"1500:130:104:2",0.259524313774414,NA,NA,NA
"1500:130:205:1",0.760105702466464,0.109466038880313,NA,NA
"1500:130:205:2",1.7674730340383,0.303550117003622,NA,NA
"1500:130:206:1",0.78012043745202,0.213689989509782,NA,NA
"1500:130:206:2",0.378112448089026,NA,NA,NA
"1500:130:207:1",0.481049792994605,NA,NA,NA
"1500:130:207:2",0.460699539297708,0.048116764827293,NA,NA
"1500:130:208:1",0.017466333597732,NA,NA,NA
"1500:130:208:2",NA,NA,NA,NA
"1500:130:209:1",NA,NA,NA,NA
"1500:130:209:2",NA,NA,NA,NA
"1500:131:100:1",NA,NA,NA,NA
"1500:131:100:2",NA,NA,NA,NA
"1500:131:101:1",NA,NA,NA,NA
"1500:131:101:2",NA,NA,NA,NA
"1500:131:102:1",NA,NA,NA,NA
"1500:131:102:2",NA,NA,NA,NA
"1500:131:103:1",NA,NA,0.049686049048184,NA
"1500:131:103:2",NA,0.138012034482138,NA,NA
"1500:131:104:1",NA,NA,NA,NA
"1500:131:104:2",NA,0.150355320097558,NA,NA
"1500:131:205:1",NA,NA,NA,NA
"1500:131:205:2",NA,NA,NA,NA
"1500:131:206:1",NA,NA,NA,NA
"1500:131:206:2",NA,NA,NA,NA
"1500:131:207:1",NA,NA,NA,NA
"1500:131:207:2",NA,NA,NA,NA
"1500:131:208:1",NA,NA,NA,NA
"1500:131:208:2",NA,NA,NA,NA
"1500:131:209:1",NA,NA,NA,NA
"1500:131:209:2",0.022808484237213,NA,NA,NA
"1500:132:100:1",0.079844985136541,NA,NA,NA
"1500:132:100:2",0.287252862043184,NA,NA,NA
"1500:132:101:1",0.795333488180318,NA,NA,NA
"1500:132:101:2",0.425361671557352,NA,NA,NA
"1500:132:102:1",1.14148391071141,NA,NA,NA
"1500:132:102:2",0.815292647195001,NA,NA,NA
"1500:132:103:1",0.35661431732646,NA,NA,NA
"1500:132:103:2",0.913297228616973,NA,NA,NA
"1500:132:104:1",1.2079992817115,NA,NA,NA
"1500:132:104:2",1.91869334267438,NA,NA,NA
"1500:132:205:1",2.62746850819899,NA,NA,NA
"1500:132:205:2",2.00361239516415,NA,NA,NA
"1500:132:206:1",2.11979029437452,NA,NA,NA
"1500:132:206:2",1.91838876052629,NA,NA,NA
"1500:132:207:1",2.68272391332392,NA,NA,0.280443091073893
"1500:132:207:2",2.098511071028,NA,NA,0.594011682428016
"1500:132:208:1",2.82652476985441,NA,NA,12.395968239816
"1500:132:208:2",0.594443707554632,NA,NA,4.23338403506106
"1500:132:209:1",1.84406997004699,NA,NA,0.560886182147788
"1500:132:209:2",2.82586465504201,NA,NA,2.41938926023964
"1500:133:100:1",1.85186523107579,NA,NA,1.61799753593565
"1500:133:100:2",1.04398331402088,0.30868320392146,NA,NA
"1500:133:101:1",1.10392537729352,0.064642330475978,NA,NA
"1500:133:101:2",1.05469614213186,0.014917460879072,NA,NA
"1500:133:102:1",1.75180979092736,NA,NA,0.0735171299943
"1500:133:102:2",1.11327498072884,NA,NA,NA
"1500:133:103:1",1.01123384305814,NA,NA,0.0735171299943
"1500:133:103:2",1.32983981671202,NA,NA,0.275607865365723
"1500:133:104:1",0.904275765846831,NA,NA,NA
"1500:133:104:2",1.38951116661883,NA,NA,0.280443091073893
"1500:133:205:1",1.78528791979269,0.1085510723574,NA,NA
"1500:133:205:2",1.02006350632178,0.210129252361591,NA,0.0735171299943
"1500:133:206:1",1.12039941197474,0.091838690028911,NA,NA
"1500:133:206:2",1.37367287519118,NA,NA,NA
"1500:133:207:1",1.44967387667179,0.129674523890203,NA,NA
"1500:133:207:2",1.15526251145189,0.166651223740546,NA,NA
"1500:133:208:1",1.48475945603842,0.133283801115335,NA,NA
"1500:133:208:2",0.96543780139322,0.220912332741043,NA,NA
"1500:133:209:1",0.832487187043345,0.094160837179137,NA,NA
"1500:133:209:2",1.29334913601551,NA,NA,0.592136489899508
"1500:134:100:1",1.54771210069404,0.024862434798453,NA,1.18427297979902
"1500:134:100:2",0.850386430361978,NA,NA,1.16895910506023
"1500:134:101:1",0.636486461123637,NA,NA,0.451528182562485
"1500:134:101:2",1.09679465271168,0.019889947838762,NA,1.86223172153069
"1500:134:102:1",1.21329299053676,0.014917460879072,NA,4.8814885280334
"1500:134:102:2",0.153418408376646,0.177020535764986,NA,5.2934439902015
"1500:134:103:1",0.255177848537469,0.024862434798453,NA,4.25592619605285
"1500:134:103:2",0.029057768118303,NA,NA,0.536054952434061
"1500:134:104:1",0.179379155480345,NA,NA,NA
"1500:134:104:2",0.218818097658809,NA,NA,NA
"1500:134:205:1",0.181244543758459,0.024862434798453,NA,NA
"1500:134:205:2",0.706501825959525,0.129350508948018,NA,NA
"1500:134:206:1",4.13798442388786,0.17565062690652,NA,NA
"1500:134:206:2",9.40645752956846,0.204463907572255,0.001939504972928,NA
"1500:134:208:1",5.95959406721888,NA,NA,NA
"1500:134:208:2",10.6230578460062,NA,NA,NA
"1500:134:209:1",6.21111023500937,NA,NA,NA
"1500:134:209:2",4.03746626082619,NA,NA,NA
"1500:235:100:2",7.73252045221949,NA,NA,NA
"1500:235:101:1",8.59733542785876,NA,NA,NA
"1500:235:101:2",6.98678183240038,NA,NA,NA
"1500:120:391:3",0.289047755476352,0.41638210065645,NA,NA
"1500:120:391:4",0.453673524134276,0.936502920147728,NA,NA
"1500:120:392:3",1.02351757281151,1.73283779999732,NA,NA
"1500:120:392:4",0.740020894975805,0.513080244431088,NA,NA
"1500:120:393:3",0.63985017998867,0.114952113678161,NA,NA
"1500:120:393:4",0.318642402309836,0.036650059252544,NA,NA
"1500:120:394:3",0.37277591162017,NA,NA,NA
"1500:120:394:4",1.17264299524563,0.0724944475604,NA,NA
"1500:120:495:3",2.17893753894364,0.474414655880154,NA,NA
"1500:120:496:3",0.960732455888318,0.814006597532864,NA,NA
"1500:121:390:3",NA,NA,NA,NA
"1500:121:390:4",NA,NA,NA,NA
"1500:121:391:3",NA,NA,NA,NA
"1500:121:391:4",NA,NA,NA,NA
"1500:121:392:3",NA,NA,NA,NA
"1500:121:392:4",NA,NA,NA,NA
"1500:121:393:3",NA,NA,NA,NA
"1500:121:393:4",NA,NA,NA,NA
"1500:121:394:3",NA,NA,NA,NA
"1500:121:394:4",NA,NA,NA,NA
"1500:121:495:3",NA,NA,NA,NA
"1500:121:495:4",NA,NA,NA,NA
"1500:121:496:3",NA,NA,NA,NA
"1500:121:496:4",NA,NA,NA,NA
"1500:121:497:3",NA,NA,NA,NA
"1500:121:497:4",NA,NA,NA,NA
"1500:121:498:3",NA,NA,NA,NA
"1500:121:498:4",NA,NA,NA,NA
"1500:121:499:3",NA,NA,NA,NA
"1500:121:499:4",0.039109043352925,NA,NA,NA
"1500:122:390:3",0.025776414937155,NA,NA,NA
"1500:122:390:4",0.033495547721869,NA,NA,NA
"1500:122:391:3",0.4377982969876,NA,NA,NA
"1500:122:391:4",0.862497339777038,NA,NA,NA
"1500:122:392:3",1.7320168164629,NA,NA,NA
"1500:122:392:4",1.91979162631815,NA,NA,NA
"1500:122:393:3",0.449318248775467,NA,NA,NA
"1500:122:393:4",1.32034725549844,NA,NA,NA
"1500:122:394:3",1.50076336101489,NA,NA,NA
"1500:122:394:4",1.99719251922775,NA,NA,NA
"1500:122:495:3",2.60839734858268,NA,NA,NA
"1500:122:495:4",1.90638106420083,NA,NA,NA
"1500:122:496:3",2.10279848965169,NA,NA,0.280118507648938
"1500:122:496:4",2.49160785713005,NA,NA,NA
"1500:122:497:3",2.66722707278993,NA,NA,NA
"1500:122:497:4",1.92750120909472,NA,NA,2.75344877667994
"1500:122:498:3",2.91101074394554,NA,NA,4.60612489732679
"1500:122:498:4",1.07300127475422,NA,NA,8.61031673019373
"1500:122:499:3",1.48732639370961,NA,NA,0.725672066915599
"1500:122:499:4",2.13410801183065,NA,NA,8.44546650393482
"1500:123:390:3",1.33196524309461,NA,NA,11.0554938744856
"1500:123:390:4",2.4864834039429,NA,NA,1.92898809067687
"1500:123:391:3",1.852482725399,NA,NA,0.379987801494674
"1500:123:391:4",1.29459287687091,0.064567513767381,NA,NA
"1500:123:392:3",2.11662539626148,NA,NA,NA
"1500:123:392:4",1.17830100248347,NA,NA,NA
"1500:123:393:3",1.5159414205627,NA,NA,NA
"1500:123:393:4",1.40153404098118,NA,NA,0.280118507648938
"1500:123:394:3",1.13814554780068,NA,NA,0.280118507648938
"1500:123:394:4",1.19952577467458,0.029570573424955,NA,0.560237015297878
"1500:123:495:3",1.61048105585216,0.182461698481242,NA,NA
"1500:123:495:4",1.02673336527876,0.081737616968432,NA,NA
"1500:123:496:3",0.995081026533897,0.036519342483586,NA,NA
"1500:123:496:4",0.764557495531166,NA,NA,NA
"1500:123:497:3",1.39141637972998,NA,NA,NA
"1500:123:497:4",1.06547656680865,0.134840649170164,NA,NA
"1500:123:498:3",1.66982171401459,0.067420324585082,NA,NA
"1500:123:498:4",0.615112884407641,0.106749394110759,NA,NA
"1500:123:499:3",1.0100346183726,0.08851155910087,NA,NA
"1500:123:499:4",1.23630318847109,NA,NA,NA
"1500:124:390:3",0.842947636928046,NA,NA,NA
"1500:124:390:4",1.2030784735248,NA,NA,0.148983814261949
"1500:124:391:3",0.923245580403727,NA,NA,0.985291111704057
"1500:124:391:4",1.49025922577837,0.02119138913391,NA,3.38370355599238
"1500:124:392:3",2.07650740024348,0.077260272884045,NA,12.6942799320172
"1500:124:392:4",1.68087273476735,0.069644617414047,NA,7.85933572140967
"1500:124:393:3",0.32219736878876,0.11726304002249,NA,0.382037142947911
"1500:124:393:4",0.207761874418379,0.01986692731304,NA,0.073432041637318
"1500:124:394:3",0.175150946433523,0.02119138913391,NA,0.293728166549272
"1500:124:394:4",0.117368671495948,0.03973385462608,NA,NA
"1500:124:495:3",1.16830557947641,0.075604695607959,NA,NA
"1500:124:495:4",3.44854144412752,0.412982594703062,NA,0.295725577050187
"1500:124:496:3",2.30661288060835,0.176088228605929,NA,NA
"1500:124:497:3",5.65499123272627,0.067780681962145,NA,NA
"1500:124:497:4",1.13050649464345,NA,NA,NA
"1500:124:498:3",8.38028823845558,0.100417851608901,NA,NA
"1500:124:498:4",11.0850975794677,0.055112886188898,NA,NA
"1500:124:499:4",5.95788453609931,0.011337867401331,NA,NA
"1500:225:390:3",0.214876054124739,NA,NA,NA
"1500:225:390:4",3.69074795564181,0,NA,NA
"1500:120:391:1",0.954904361741435,0.489794723455586,NA,NA
"1500:120:391:2",0.295226151355865,NA,NA,NA
"1500:120:392:1",0.336131325753072,NA,NA,NA
"1500:120:392:2",2.64950844854752,NA,NA,NA
"1500:120:393:1",4.14864167165263,NA,NA,NA
"1500:120:393:2",2.72700280729449,0.146430870170035,NA,NA
"1500:120:394:1",2.49644624885773,0.169744005405602,NA,NA
"1500:120:394:2",0.614948225013454,NA,NA,NA
"1500:121:393:2",NA,NA,NA,NA
"1500:121:394:1",NA,NA,NA,NA
"1500:121:394:2",NA,0.137693039673405,NA,NA
"1500:121:495:1",NA,NA,NA,NA
"1500:121:495:2",NA,NA,NA,NA
"1500:121:496:1",NA,0.125006496311378,0.016860954744656,NA
"1500:121:496:2",NA,NA,NA,NA
"1500:121:497:1",NA,NA,NA,NA
"1500:121:497:2",NA,NA,NA,NA
"1500:121:498:1",NA,NA,NA,NA
"1500:121:498:2",NA,NA,NA,NA
"1500:121:499:1",NA,NA,NA,NA
"1500:121:499:2",NA,NA,NA,NA
"1500:122:390:1",NA,NA,NA,NA
"1500:122:390:2",0.051049363526503,NA,NA,NA
"1500:122:391:1",0.020597308414172,NA,NA,NA
"1500:122:391:2",0.450696486495295,NA,NA,NA
"1500:122:392:1",1.84906109972319,NA,NA,NA
"1500:122:392:2",2.95993809650851,NA,NA,NA
"1500:122:393:1",1.44342130340397,NA,NA,NA
"1500:122:393:2",1.12360071442704,NA,NA,NA
"1500:122:394:1",2.21349960214728,NA,NA,NA
"1500:122:394:2",2.44957679380884,NA,NA,NA
"1500:122:495:1",1.75499622104788,NA,NA,NA
"1500:122:495:2",2.03951134700214,NA,NA,NA
"1500:122:496:1",1.97454554209598,NA,NA,NA
"1500:122:496:2",2.86859784278633,NA,NA,1.14724332485561
"1500:122:497:1",1.86682657225808,NA,NA,1.41541834990276
"1500:122:497:2",2.51489820048782,NA,NA,1.71915833911607
"1500:122:498:1",1.98327562765108,NA,NA,3.16365289882798
"1500:122:498:2",1.4261945716165,NA,NA,3.9298416898093
"1500:122:499:1",1.74043036322956,NA,NA,1.62899249140148
"1500:122:499:2",2.90363258528534,NA,NA,9.8094212784225
"1500:123:390:1",0.998370215137945,NA,NA,10.9428609878214
"1500:123:390:2",2.35878430860081,0.02480496888497,NA,4.53462744897922
"1500:123:391:1",1.80822901608305,NA,NA,9.90015603162579
"1500:123:391:2",0.90489016364411,0.095581813436751,NA,0.928708787489744
"1500:123:392:1",1.6747267640818,NA,NA,0.364238722817206
"1500:123:392:2",1.4482839568795,NA,NA,NA
"1500:123:393:1",1.34775876276081,0.046765983489456,NA,NA
"1500:123:393:2",1.82704573786717,NA,NA,0.58425026017564
"1500:123:394:1",1.29043459781487,NA,NA,0.554765725270024
"1500:123:394:2",1.54274990396116,NA,NA,0.559589775054982
"1500:123:495:1",1.36844477921005,NA,NA,NA
"1500:123:495:2",1.05012574329623,NA,NA,NA
"1500:123:496:1",0.946299463258747,0.140296737654866,NA,NA
"1500:123:496:2",1.15483967683283,NA,NA,NA
"1500:123:497:1",1.16070096996072,NA,NA,NA
"1500:123:497:2",1.28863528076604,NA,NA,NA
"1500:123:498:1",1.20804126099004,NA,NA,NA
"1500:123:498:2",0.787541212009107,NA,NA,NA
"1500:123:499:1",0.879954200677336,NA,NA,NA
"1500:123:499:2",0.743291241471421,NA,NA,NA
"1500:124:390:1",0.965446746733357,NA,NA,0.149873518988173
"1500:124:390:2",1.30341321447672,NA,NA,0.425698257413583
"1500:124:391:1",1.14325901555521,NA,NA,0.664451449877539
"1500:124:391:2",1.45587209908608,NA,NA,2.64537699488919
"1500:124:392:1",2.26337839011412,NA,NA,10.578529811298
"1500:124:392:2",1.61453795060663,NA,NA,1.59711549807382
"1500:124:393:1",1.03001488748673,NA,NA,0.030980314823144
"1500:124:393:2",0.434730185139525,NA,NA,0.290291099812991
"1500:124:394:1",0.707713283778114,NA,NA,NA
"1500:124:394:2",0.350426538189615,0.079346655913523,NA,NA
"1500:124:495:1",1.31096850479589,0.120219378230249,NA,NA
"1500:124:495:2",8.14611224744636,1.61418801533575,NA,NA
"1500:124:496:1",4.87191219295724,0.711645780226186,NA,0.306201596853032
"1500:124:496:2",11.5663639162397,0.893152825484763,0.054767797590901,NA
"1500:120:381:4",NA,NA,NA,NA
"1500:120:382:3",2.39715836086063,NA,NA,NA
"1500:120:382:4",1.80903147437674,NA,NA,NA
"1500:120:383:3",1.83234724957856,NA,NA,NA
"1500:120:383:4",1.66202849050862,0.011987547424665,NA,NA
"1500:120:384:3",1.43761531694632,0.023975094849331,NA,NA
"1500:121:384:4",NA,NA,NA,NA
"1500:121:485:3",NA,NA,NA,NA
"1500:121:485:4",NA,NA,0.016841510620502,NA
"1500:121:486:3",NA,NA,NA,NA
"1500:121:486:4",NA,NA,NA,NA
"1500:121:487:3",NA,NA,NA,NA
"1500:121:487:4",NA,NA,NA,NA
"1500:121:488:3",NA,NA,NA,NA
"1500:121:488:4",NA,NA,NA,NA
"1500:121:489:3",NA,NA,NA,NA
"1500:121:489:4",NA,NA,NA,NA
"1500:122:380:3",NA,NA,NA,NA
"1500:122:380:4",NA,NA,NA,NA
"1500:122:381:3",0.252969129290273,NA,NA,NA
"1500:122:381:4",0.283886256049471,NA,NA,NA
"1500:122:382:3",1.16713374754487,NA,NA,NA
"1500:122:382:4",3.35179045213444,NA,NA,NA
"1500:122:383:3",4.54151136492012,NA,NA,NA
"1500:122:383:4",2.04818163318053,NA,NA,NA
"1500:122:384:3",1.62497933644476,NA,NA,NA
"1500:122:384:4",2.12626687699042,NA,NA,NA
"1500:122:485:3",2.61874150838653,NA,NA,0.554125967094902
"1500:122:485:4",1.9671105073841,NA,NA,NA
"1500:122:486:3",2.4561343388157,NA,NA,0.850372424794552
"1500:122:486:4",2.46629747606217,NA,NA,4.30572044461047
"1500:122:487:3",2.08629600299609,NA,NA,3.14202470624384
"1500:122:487:4",2.10977320897493,NA,NA,1.43719582044562
"1500:122:488:3",1.79632691001977,NA,NA,1.41589833940695
"1500:122:488:4",1.93131625896895,NA,NA,0.911679302147552
"1500:122:489:3",1.73433627008569,NA,NA,0.632272763361155
"1500:122:489:4",1.1795470255159,NA,NA,1.54205290939413
"1500:123:380:3",1.54654600513569,0.019821090952153,NA,2.7490713862629
"1500:123:380:4",2.6762968641626,NA,NA,3.63077540635308
"1500:123:381:3",0.868787719192597,NA,NA,10.1288515144351
"1500:123:381:4",1.37572973258422,0.051865187991467,NA,0.712235792916264
"1500:123:382:3",1.76804805358142,NA,NA,0.219787864498837
"1500:123:382:4",1.89980067344617,NA,NA,0.368916155916534
"1500:123:383:3",1.98325779099022,0.10440553546703,NA,0.439575728997675
"1500:123:383:4",2.24144560311156,0.069720949437278,NA,7.8172708945086
"1500:123:384:3",0.887249646256552,NA,NA,NA
"1500:123:384:4",1.35034904052182,NA,NA,0.274653740212256
"1500:123:485:3",1.02997789402264,NA,NA,NA
"1500:123:485:4",1.55685362680577,0.053251279808717,NA,0.279472226882646
"1500:123:486:3",0.782157053539707,NA,NA,NA
"1500:123:486:4",1.71759254189326,NA,NA,NA
"1500:123:487:3",1.37642413748586,NA,NA,NA
"1500:123:487:4",1.08041278618556,NA,NA,NA
"1500:123:488:3",0.992149820248625,NA,NA,NA
"1500:123:488:4",1.33839087671036,NA,NA,NA
"1500:123:489:3",1.28557429824211,NA,NA,NA
"1500:123:489:4",1.72611494099135,NA,NA,NA
"1500:124:380:3",1.26059215426434,NA,NA,0.669983230304505
"1500:124:380:4",1.91244701118458,NA,NA,1.01403524553337
"1500:124:381:3",1.36655474837419,0.034686909166268,NA,0.947345583914338
"1500:124:381:4",1.65456407894336,NA,NA,2.53064453509277
"1500:124:382:3",1.27331755841238,NA,NA,1.7354189328002
"1500:124:382:4",1.48671285427764,0.015856872761722,NA,NA
"1500:124:383:3",2.53053221210913,NA,NA,0.279472226882646
"1500:124:383:4",1.51416948371085,NA,NA,NA
"1500:124:384:3",0.788772233318065,NA,NA,0.289956334891852
"1500:124:384:4",0.695248968607237,NA,NA,NA
"1500:124:485:3",1.07277501258449,0.014865818214115,NA,NA
"1500:124:485:4",5.81478996617556,1.5722487043695,NA,NA
"1500:124:486:3",7.1948475689259,0.407095071230727,0.503585015607661,0.289956334891852
"1500:124:486:4",7.91438726310796,1.02471104606527,0.108692276537624,NA
"1500:121:485:2",NA,NA,NA,NA
"1500:121:486:1",NA,NA,NA,NA
"1500:121:486:2",NA,NA,NA,NA
"1500:121:487:1",NA,NA,NA,NA
"1500:121:487:2",NA,0.139961992577105,NA,NA
"1500:121:488:1",NA,NA,NA,NA
"1500:121:488:2",NA,NA,NA,NA
"1500:121:489:1",NA,NA,NA,NA
"1500:121:489:2",NA,NA,NA,NA
"1500:122:380:1",NA,NA,NA,NA
"1500:122:380:2",0.04065686072812,NA,NA,NA
"1500:122:381:1",0.120663592963439,NA,NA,NA
"1500:122:381:2",1.28892201456029,NA,NA,NA
"1500:122:382:1",0.739519819755957,0.00833100018095,NA,NA
"1500:122:382:2",3.52271862375914,0.021970473038177,NA,0.073178287717902
"1500:122:383:1",3.95670329672873,NA,NA,NA
"1500:122:383:2",3.3063547125696,NA,NA,NA
"1500:122:384:1",1.12574214120983,NA,NA,0.073178287717902
"1500:122:384:2",1.95152740921608,NA,NA,NA
"1500:122:485:1",2.33376846324046,NA,NA,1.1898459878324
"1500:122:485:2",2.16702866900265,NA,NA,1.10216326753417
"1500:122:486:1",2.49327039157718,NA,NA,1.55921880889861
"1500:122:486:2",2.82377600589125,NA,NA,5.41204643367639
"1500:122:487:1",1.65674790283388,NA,NA,6.93583663969429
"1500:122:487:2",1.48174311003989,NA,NA,1.22761327382134
"1500:122:488:1",1.16344416292691,NA,NA,2.45506143781293
"1500:122:488:2",2.11075415708889,NA,NA,0.659262252467546
"1500:122:489:1",2.39791297055447,NA,NA,0.110369906861605
"1500:122:489:2",2.0827328334655,NA,NA,0.073288328322111
"1500:123:380:1",1.71286848638972,0.039596549151249,NA,2.13363419056086
"1500:123:380:2",2.3629199761641,NA,NA,2.22754576465108
"1500:123:381:1",1.88998879024642,NA,NA,2.60551484055207
"1500:123:381:2",2.57273757517261,0.034646980507343,NA,0.631544944015965
"1500:123:382:1",1.16949869702745,0.029697411863436,NA,1.05557499788549
"1500:123:382:2",2.03943009320344,0.04420258272463,NA,NA
"1500:123:383:1",2.03715053787043,0.057978375600163,NA,3.92524602484069
"1500:123:383:2",3.02199154851261,NA,NA,18.3451095617608
"1500:123:384:1",0.734143192516904,0.050390508698734,NA,2.43480546970023
"1500:123:384:2",0.934301601334991,0.030794199760338,NA,0.279150521908218
"1500:123:485:1",1.04479563237065,NA,NA,0.073178287717902
"1500:123:485:2",0.870367957857394,0.009899137287812,NA,0.073178287717902
"1500:123:486:1",1.04510694153371,NA,NA,0.073178287717902
"1500:123:486:2",1.28666446141656,NA,NA,NA
"1500:123:487:1",1.09914324299579,NA,NA,0.073178287717902
"1500:123:487:2",1.03587860615134,NA,NA,0.073178287717902
"1500:123:488:1",1.20913470256655,NA,NA,0.073178287717902
"1500:123:488:2",1.00345777186991,NA,NA,NA
"1500:123:489:1",1.23673389712305,NA,NA,0.073178287717902
"1500:123:489:2",1.11984030710525,NA,NA,1.55600039996086
"1500:124:380:1",1.19575584733794,NA,NA,4.19679964001058
"1500:124:380:2",2.0154414034912,NA,NA,0.073178287717902
"1500:124:381:1",1.56229101364719,NA,NA,2.87224491119604
"1500:124:381:2",0.7671568041784,NA,NA,5.64664571343458
"1500:124:382:1",1.00913286851805,NA,NA,0.099363605822351
"1500:124:382:2",1.56213521148319,0.022051423989524,NA,1.53688722508094
"1500:124:383:1",2.02159900760372,NA,NA,0.127873389242687
"1500:124:383:2",0.349373640187377,0.024747843219531,NA,NA
"1500:124:384:1",0.569896355626404,NA,NA,NA
"1500:124:384:2",0.296127365515173,NA,NA,0.357060182924151
"1500:124:485:1",0.644705745553964,0.044546117795155,NA,NA
"1500:124:485:2",1.71065927809005,0.136764705081349,NA,NA
"1500:124:486:1",4.69773192387169,0.034646980507343,NA,NA
"1500:124:486:2",6.0782284580527,3.03011888007772,0.003861131492762,NA
"1500:121:476:4",NA,0.251566487599019,NA,NA
"1500:121:477:3",NA,NA,0.040326707797058,NA
"1500:121:477:4",NA,NA,NA,NA
"1500:121:478:3",NA,NA,NA,NA
"1500:121:478:4",NA,NA,NA,NA
"1500:121:479:3",NA,NA,NA,NA
"1500:121:479:4",NA,NA,NA,NA
"1500:122:370:3",NA,NA,NA,NA
"1500:122:370:4",NA,NA,NA,NA
"1500:122:371:3",0.053251726235346,NA,NA,NA
"1500:122:371:4",1.1065511510644,NA,NA,NA
"1500:122:372:3",2.07102023399797,NA,NA,NA
"1500:122:372:4",2.21960945241673,0.129870084841256,NA,NA
"1500:122:373:3",2.92685368379412,NA,NA,0.146188406938621
"1500:122:373:4",1.79869112276244,NA,NA,NA
"1500:122:374:3",1.28822734467316,NA,NA,1.94219356211575
"1500:122:374:4",1.65723740774151,NA,NA,0.826874486841359
"1500:122:475:3",1.71045652257021,NA,NA,1.37491920486412
"1500:122:475:4",1.90942187339802,NA,NA,2.77868286857155
"1500:122:476:3",2.37212798834526,NA,NA,1.11051166546717
"1500:122:476:4",2.68307453532367,NA,NA,1.38934143428577
"1500:122:477:3",2.83954831322935,NA,NA,3.60310316408798
"1500:122:477:4",1.40638044670257,NA,NA,4.91365992804787
"1500:122:478:3",1.21262218556586,0.056913277987093,NA,5.54104828851624
"1500:122:478:4",1.04568391768989,NA,NA,0.839151611148046
"1500:122:479:3",1.99312150713454,NA,NA,0.07309420346931
"1500:122:479:4",1.62221623060581,NA,NA,0.897037908482226
"1500:123:370:3",1.84215482260984,0.024719407137377,NA,1.77572402879675
"1500:123:370:4",1.46976734440007,NA,NA,0.927406075778756
"1500:123:371:3",1.70168011438402,NA,NA,0.493304969419312
"1500:123:371:4",2.18996431324864,NA,NA,2.02544451135242
"1500:123:372:3",1.20796108514369,0.129859285495021,NA,1.61081466358056
"1500:123:372:4",1.43019475292096,NA,NA,1.18303843895581
"1500:123:373:3",1.94415787753268,0.11582351309654,NA,12.3640012122656
"1500:123:373:4",2.16324487855209,NA,NA,15.317903578824
"1500:123:374:3",1.01993368208772,0.047536352334667,NA,1.25388273490714
"1500:123:374:4",1.10416911377031,NA,NA,0.089009151223479
"1500:123:475:3",0.995304835399276,NA,NA,NA
"1500:123:475:4",0.968137469058198,NA,NA,0.274022359011381
"1500:123:476:3",1.0723653269264,NA,NA,NA
"1500:123:476:4",0.788009746880455,NA,NA,NA
"1500:123:477:3",0.623589107733201,NA,NA,NA
"1500:123:477:4",0.949014487146094,NA,NA,NA
"1500:123:478:3",0.971345733142843,NA,NA,NA
"1500:123:478:4",0.941714181470185,NA,NA,NA
"1500:123:479:3",1.01313822200644,NA,NA,NA
"1500:123:479:4",1.17930568079795,NA,NA,0.295216959792404
"1500:124:370:3",1.2348627488976,NA,NA,0.278829768818598
"1500:124:370:4",1.31575452038148,NA,NA,0.511659424285172
"1500:124:371:3",0.875415098940304,NA,NA,0.514499570200335
"1500:124:371:4",0.903439714954407,NA,NA,NA
"1500:124:372:3",1.21398831311015,NA,NA,NA
"1500:124:372:4",1.36762490886582,NA,NA,0.109457591290374
"1500:124:373:3",0.951393324212984,NA,NA,0.530135193711616
"1500:124:373:4",0.199321818567256,NA,NA,NA
"1500:124:374:3",0.309997358630255,NA,NA,NA
"1500:124:374:4",0.430136721713155,0.024719407137377,NA,0.07309420346931
"1500:124:475:3",0.476263583247126,NA,NA,0.278666814137695
"1500:124:475:4",0.75356997440722,0.055262669054073,NA,NA
"1500:124:476:3",2.58739282966398,0.38451056425338,NA,NA
"1500:121:477:1",NA,NA,0.016783522879509,NA
"1500:121:477:2",NA,NA,NA,NA
"1500:121:478:1",NA,NA,NA,NA
"1500:121:478:2",NA,NA,NA,NA
"1500:121:479:1",NA,NA,NA,NA
"1500:121:479:2",NA,NA,NA,NA
"1500:122:370:1",NA,NA,NA,NA
"1500:122:370:2",NA,NA,NA,NA
"1500:122:371:1",0.10688809130694,0.024629309769526,NA,NA
"1500:122:371:2",0.277442463421313,NA,NA,NA
"1500:122:372:1",1.37091608999511,NA,NA,NA
"1500:122:372:2",2.95562129202768,0.022414209672142,NA,NA
"1500:122:373:1",1.88441850699689,NA,NA,0.150888093384743
"1500:122:373:2",1.85577481341853,NA,NA,0.830727995617418
"1500:122:374:1",0.853173979039015,NA,NA,1.93996595508344
"1500:122:374:2",0.799479901553024,NA,NA,5.58077655299856
"1500:122:475:1",1.75046895770249,NA,NA,2.00535710597644
"1500:122:475:2",2.40600759146202,NA,NA,1.10923795946603
"1500:122:476:1",1.63367834152432,NA,NA,1.66145599123484
"1500:122:476:2",2.30090337715383,NA,NA,1.10923795946603
"1500:122:477:1",2.83859534406596,NA,NA,NA
"1500:122:477:2",2.1254154611916,NA,NA,0.406567142841719
"1500:122:478:1",2.06258988883042,NA,NA,6.8239277288326
"1500:122:478:2",1.14485881468134,NA,NA,1.55878938329165
"1500:122:479:1",1.99996746919626,NA,NA,3.30211469230113
"1500:122:479:2",1.86746400445859,NA,NA,3.14948997317593
"1500:123:370:1",1.51077159466917,0.040822544448424,NA,12.8508954840852
"1500:123:370:2",0.936169548888034,NA,NA,0.24398005286761
"1500:123:371:1",1.34432297945356,NA,NA,0.475467407257228
"1500:123:371:2",1.7861642937903,NA,NA,2.18889911668494
"1500:123:372:1",0.80097585237577,0.113578853505695,NA,1.7470185672767
"1500:123:372:2",1.6305482938311,NA,NA,1.86764316934253
"1500:123:373:1",1.63968903321143,NA,NA,9.18353232362048
"1500:123:373:2",1.56553364632752,NA,NA,16.7355675998736
"1500:123:374:1",0.776666334844136,NA,NA,1.22687888011986
"1500:123:374:2",1.05858809877667,NA,NA,0.276752155013941
"1500:123:475:1",0.663352177752703,NA,NA,NA
"1500:123:475:2",1.15484327550508,NA,NA,NA
"1500:123:476:1",0.906024354032137,NA,NA,NA
"1500:123:476:2",0.649980937683676,NA,NA,NA
"1500:123:477:1",0.81977929823098,NA,NA,NA
"1500:123:477:2",1.21596915414571,NA,NA,NA
"1500:123:478:1",0.583578870726944,NA,NA,NA
"1500:123:478:2",0.491155593953714,NA,NA,NA
"1500:123:479:1",0.471216932007453,NA,NA,NA
"1500:123:479:2",0.8066556982233,NA,NA,0.557019927697228
"1500:124:370:1",0.999294340894488,NA,NA,0.810978662759924
"1500:124:370:2",1.060873800427,NA,NA,0.301776186769486
"1500:124:371:1",0.947830416231819,0.039073355062557,NA,NA
"1500:124:371:2",1.05056814292915,0.022000823269648,NA,0.278509963848613
"1500:124:372:1",1.33124756220602,0.039601481885367,NA,NA
"1500:124:372:2",1.23437970504501,NA,NA,NA
"1500:124:373:1",0.520151454322293,NA,NA,0.661960667752422
"1500:124:373:2",0.287931234019735,NA,NA,0.146020735533623
"1500:124:374:1",0.676143450006978,NA,NA,NA
"1500:124:374:2",0.162654873721138,NA,NA,NA
"1500:124:475:1",0.554685868228872,NA,NA,NA
"1500:124:475:2",1.49311159846738,0.017742627419329,NA,NA
"1500:124:476:1",3.41038580601228,0.18158957006087,NA,NA
"1500:121:467:3",NA,NA,NA,NA
"1500:121:467:4",NA,NA,NA,NA
"1500:121:468:3",NA,NA,NA,NA
"1500:121:468:4",NA,NA,NA,NA
"1500:121:469:3",NA,NA,NA,NA
"1500:121:469:4",NA,NA,NA,NA
"1500:122:360:3",NA,NA,NA,NA
"1500:122:360:4",NA,NA,NA,NA
"1500:122:361:3",0.157119579199445,NA,NA,NA
"1500:122:361:4",1.43473632140046,NA,NA,NA
"1500:122:362:3",1.16724853613283,NA,NA,NA
"1500:122:362:4",2.05983936391103,NA,NA,NA
"1500:122:363:3",5.00022371350916,NA,NA,NA
"1500:122:363:4",2.68654652577546,NA,NA,0.273394704921444
"1500:122:364:3",1.09221889662845,NA,NA,3.34768802734838
"1500:122:364:4",0.280629281308904,NA,NA,6.14416026716135
"1500:122:465:3",0.923347015993241,NA,NA,1.71339918847277
"1500:122:465:4",1.11358461537551,NA,NA,0.57248933759905
"1500:122:466:3",1.46950150738072,NA,NA,0.845884042520494
"1500:122:466:4",2.09582136448174,NA,NA,1.99158912478351
"1500:122:467:3",1.83571838367364,NA,NA,0.294540759014844
"1500:122:467:4",1.31940844457668,NA,NA,NA
"1500:122:468:3",1.72848421652073,NA,NA,6.73850402941776
"1500:122:468:4",1.18047525226674,NA,NA,7.1349937358568
"1500:122:469:3",1.7661261081934,NA,NA,5.51101306311864
"1500:122:469:4",1.74980340519833,NA,NA,4.08000425723999
"1500:123:360:3",1.60179191428114,0.019730229444162,NA,7.52929638086994
"1500:123:360:4",1.21343129517046,NA,NA,0.629374373112124
"1500:123:361:3",1.50193616719874,NA,NA,0.218780338886106
"1500:123:361:4",1.66009336855476,0.104734634632759,NA,6.80913282738242
"1500:123:362:3",1.55923829512311,NA,NA,0.299212728296188
"1500:123:362:4",2.57581911945625,NA,NA,3.62602977772072
"1500:123:363:3",1.32780460522019,NA,NA,8.56689926472847
"1500:123:363:4",0.994703462751543,NA,NA,12.6337578720411
"1500:123:364:3",0.708779403049104,NA,NA,NA
"1500:123:364:4",0.939360406675621,NA,NA,NA
"1500:123:465:3",0.926963111124376,NA,NA,NA
"1500:123:465:4",0.796689216590376,NA,NA,NA
"1500:123:466:3",1.28568372225494,NA,NA,NA
"1500:123:466:4",0.855469183799526,NA,NA,NA
"1500:123:467:3",0.690850750316559,NA,NA,NA
"1500:123:467:4",0.83628799385365,NA,NA,NA
"1500:123:468:3",0.829058284358492,NA,NA,0.278191103253398
"1500:123:468:4",0.800704610265013,NA,NA,NA
"1500:123:469:3",0.669408312845892,NA,NA,NA
"1500:123:469:4",1.15221185874179,NA,NA,NA
"1500:124:360:3",0.618648306863059,NA,NA,NA
"1500:124:360:4",0.889356646526598,0.039028620744689,NA,1.21765039545032
"1500:124:361:3",1.09067645114653,0.102594232583897,NA,0.442422463080792
"1500:124:361:4",1.53680866595066,0.048211825625792,NA,0.072926779628702
"1500:124:362:3",1.78618552528583,NA,NA,0.925088432695384
"1500:124:362:4",2.05853073788064,0.019730229444162,NA,2.03423936806016
"1500:124:363:3",0.692049319536672,0.014797672083121,NA,1.87884581952135
"1500:124:363:4",0.840711477551729,NA,NA,0.501833227448084
"1500:124:364:3",0.246684479980649,NA,NA,NA
"1500:124:364:4",0.092975117506698,NA,NA,NA
"1500:124:465:3",0.967229298657558,NA,NA,NA
"1500:124:465:4",0.698153139878509,NA,NA,NA
"1500:124:466:3",3.03751311057726,0.228656599426265,NA,NA
"1500:121:467:2",NA,0.136747327985681,NA,NA
"1500:121:468:1",NA,NA,NA,NA
"1500:121:468:2",NA,NA,0.026457335913704,NA
"1500:121:469:1",NA,NA,NA,NA
"1500:121:469:2",NA,NA,NA,NA
"1500:122:360:1",NA,NA,NA,NA
"1500:122:360:2",NA,NA,NA,NA
"1500:122:361:1",0.381223381661018,NA,NA,NA
"1500:122:361:2",1.80186206812763,NA,NA,NA
"1500:122:362:1",2.79941142285147,NA,NA,NA
"1500:122:362:2",1.90538111096396,NA,NA,NA
"1500:122:363:1",2.12880824229496,NA,NA,NA
"1500:122:363:2",2.46054343130056,NA,NA,0.587923813977147
"1500:122:364:1",1.01342379066332,NA,NA,2.27271116167128
"1500:122:364:2",0.082247984221876,NA,NA,9.76595373068003
"1500:122:465:1",0.50835347644185,NA,NA,5.98926199150475
"1500:122:465:2",0.464517709580065,NA,NA,0.588728317808051
"1500:122:466:1",0.592375240128606,NA,NA,0.288893598247391
"1500:122:466:2",1.16157928217512,NA,NA,0.839849047910305
"1500:122:467:1",1.18801786822797,NA,NA,0.273082266354662
"1500:122:467:2",1.25040400660694,NA,NA,0.277873183308252
"1500:122:468:1",1.52468039612803,NA,NA,3.7650833458033
"1500:122:468:2",1.38478872033905,NA,NA,5.01035323782174
"1500:122:469:1",1.20286443246393,NA,NA,6.6438772004036
"1500:122:469:2",1.18961379524729,NA,NA,0.529548501345444
"1500:123:360:1",1.54630401215908,0.04434228340735,NA,4.84739782796692
"1500:123:360:2",1.65206660380534,NA,NA,0.218530314235697
"1500:123:361:1",1.04836202532042,NA,NA,1.4594874569166
"1500:123:361:2",1.24868870645808,0.099852253006182,NA,11.4083052246533
"1500:123:362:1",1.25588938589895,NA,NA,0.317682784312049
"1500:123:362:2",1.67609441751616,NA,NA,3.06622175502329
"1500:123:363:1",1.25807287231473,NA,NA,5.42548735897271
"1500:123:363:2",1.46205017822716,NA,NA,6.79703393468172
"1500:123:364:1",0.929021257175603,0.009853840757189,NA,NA
"1500:123:364:2",0.881184847084974,NA,NA,NA
"1500:123:465:1",0.757975499242611,NA,NA,NA
"1500:123:465:2",0.939185512770197,NA,NA,NA
"1500:123:466:1",0.859738910294316,NA,NA,NA
"1500:123:466:2",0.839139552701914,NA,NA,NA
"1500:123:467:1",0.369188485638745,NA,NA,NA
"1500:123:467:2",0.716574210248942,NA,NA,NA
"1500:123:468:1",0.426922353636861,NA,NA,NA
"1500:123:468:2",0.688387736420859,NA,NA,NA
"1500:123:469:1",0.43087365457455,NA,NA,NA
"1500:123:469:2",0.687717677375537,NA,NA,NA
"1500:124:360:1",1.28716350511387,NA,NA,1.7415198681209
"1500:124:360:2",1.4032588671367,0.041705989812482,NA,2.40752037318696
"1500:124:361:1",1.13751590803546,0.160668452349828,NA,0.301086210724739
"1500:124:361:2",1.61204650536657,0.1002475579575,NA,2.09660331069202
"1500:124:362:1",2.01702639269058,NA,NA,0.67410491331319
"1500:124:362:2",2.70547767761023,0.034397663289393,NA,0.350716621386817
"1500:124:363:1",0.875265943311211,0.019707681514378,NA,0.429814442474733
"1500:124:363:2",0.261964375783441,NA,NA,0.072843438078566
"1500:124:364:1",0.042368109082604,NA,NA,NA
"1500:124:364:2",0.578828650196947,NA,NA,NA
"1500:124:465:1",1.62719015278512,0.052553817371675,NA,NA
"1500:124:465:2",2.88519955856441,0.027448001885677,NA,NA
"1500:121:457:4",NA,NA,NA,NA
"1500:121:458:3",NA,NA,NA,NA
"1500:121:458:4",NA,NA,0.016865431061439,NA
"1500:121:459:3",NA,NA,NA,NA
"1500:121:459:4",NA,NA,NA,NA
"1500:122:350:3",NA,NA,NA,NA
"1500:122:350:4",NA,NA,NA,NA
"1500:122:351:3",0.21985601494688,NA,NA,NA
"1500:122:351:4",1.72285860433762,NA,NA,NA
"1500:122:352:3",2.31286926506326,NA,NA,NA
"1500:122:352:4",1.8439042715586,NA,NA,NA
"1500:122:353:3",1.51864871207983,NA,NA,NA
"1500:122:353:4",1.26696373861058,NA,NA,0.293626570825583
"1500:122:354:3",0.778790794532821,NA,NA,1.46813285412792
"1500:122:354:4",0.220412336121838,NA,NA,9.98764800794372
"1500:122:455:3",0.125889893555331,NA,NA,8.82427411721442
"1500:122:455:4",0.125924739513578,NA,NA,1.59080402800165
"1500:122:456:3",0.110469213633823,NA,NA,NA
"1500:122:456:4",0.583086085731447,NA,NA,NA
"1500:122:457:3",0.900000598523004,NA,NA,NA
"1500:122:457:4",0.906002407384324,NA,NA,0.277556200308505
"1500:122:458:3",1.26135209441432,NA,NA,0.555112400617012
"1500:122:458:4",1.61694672135888,NA,NA,0.94391276420987
"1500:122:459:3",1.57140478948779,NA,NA,0.727953270024575
"1500:122:459:4",1.08272030439375,NA,NA,2.06795853539778
"1500:123:350:3",1.21108394626391,NA,NA,2.35849680266973
"1500:123:350:4",1.20622389264657,NA,NA,0.150371373766823
"1500:123:351:3",1.80954934388228,NA,NA,5.65550722659263
"1500:123:351:4",1.13415915613487,0.147639000268864,NA,1.9180380855744
"1500:123:352:3",1.32890371490682,0.020997546704905,NA,0.277556200308505
"1500:123:352:4",1.51554719071392,NA,NA,NA
"1500:123:353:3",1.57375546850822,NA,NA,2.6207685171981
"1500:123:353:4",1.44136587375352,NA,NA,1.1414327872836
"1500:123:354:3",0.804334066961046,NA,NA,NA
"1500:123:354:4",0.586755422157207,NA,NA,NA
"1500:123:455:3",0.538449177290424,NA,NA,NA
"1500:123:455:4",0.714436606783478,NA,NA,0.272770748579049
"1500:123:456:3",0.912293324879995,NA,NA,NA
"1500:123:456:4",0.782776923719628,NA,NA,NA
"1500:123:457:3",0.75461352692472,NA,NA,0.277556200308505
"1500:123:457:4",0.738745425739409,NA,NA,NA
"1500:123:458:3",0.701840601274839,NA,NA,NA
"1500:123:458:4",0.741915055253222,NA,NA,NA
"1500:123:459:3",0.906417011258148,NA,NA,0.272770748579049
"1500:123:459:4",0.695602959563108,NA,NA,0.072760342145237
"1500:124:350:3",1.01619406399556,NA,NA,0.50932239501666
"1500:124:350:4",1.18710699575933,NA,NA,1.13491022377766
"1500:124:351:3",1.57972050997337,0.107918412889283,NA,1.83254291040629
"1500:124:351:4",1.74844010768471,NA,NA,2.07411071872698
"1500:124:352:3",1.22747452568786,0.043520670727116,NA,0.306804824358015
"1500:124:352:4",1.03599849974693,NA,NA,NA
"1500:124:353:3",0.691457051782725,NA,NA,NA
"1500:124:353:4",0.696759533706076,NA,NA,NA
"1500:124:354:3",0.309348217504136,NA,NA,NA
"1500:124:354:4",0.555875354758002,NA,NA,0.145520684290474
"1500:124:455:3",1.78166292675549,NA,NA,NA
"1500:124:455:4",3.61559029383218,NA,NA,NA
"1500:121:457:2",NA,NA,NA,NA
"1500:121:458:1",NA,NA,NA,NA
"1500:121:458:2",NA,NA,NA,NA
"1500:121:459:1",NA,NA,NA,NA
"1500:121:459:2",NA,NA,NA,NA
"1500:122:350:1",NA,NA,NA,NA
"1500:122:350:2",NA,NA,NA,NA
"1500:122:351:1",0.049036412090408,NA,NA,NA
"1500:122:351:2",0.273072604735532,NA,NA,NA
"1500:122:352:1",0.660249150497547,NA,NA,NA
"1500:122:352:2",0.463949937063663,NA,NA,NA
"1500:122:353:1",0.507100377252198,NA,NA,NA
"1500:122:353:2",0.480960310637962,NA,NA,NA
"1500:122:354:1",0.571261993807766,NA,NA,0.288235459511006
"1500:122:354:2",0.317620610639538,NA,NA,1.84140505746423
"1500:122:455:1",0.396842533845527,NA,NA,2.05971246032646
"1500:122:455:2",0.554201397067302,NA,NA,1.16750710119175
"1500:122:456:1",0.156836766751871,NA,NA,0.298348984406129
"1500:122:456:2",0.371816507848293,NA,NA,0.288235459511006
"1500:122:457:1",1.02425435774432,NA,NA,0.554480301138781
"1500:122:457:2",0.690629924303579,NA,NA,0.549700298542758
"1500:122:458:1",1.05330801403655,NA,NA,NA
"1500:122:458:2",1.27565200256181,NA,NA,0.072677490862768
"1500:122:459:1",1.4246236976214,NA,NA,0.272460147973367
"1500:122:459:2",1.22667185600637,NA,NA,0.30340574685369
"1500:123:350:1",1.24210895773913,NA,NA,NA
"1500:123:350:2",1.26284040365293,NA,NA,NA
"1500:123:351:1",1.73979373964088,NA,NA,0.570532372527958
"1500:123:351:2",1.06956496916308,0.165331248416353,NA,NA
"1500:123:352:1",0.983645978017223,NA,NA,NA
"1500:123:352:2",1.36896238164653,NA,NA,NA
"1500:123:353:1",0.836297233329028,NA,NA,0.29353391759519
"1500:123:353:2",0.980581983148768,NA,NA,NA
"1500:123:354:1",0.78806401792763,NA,NA,NA
"1500:123:354:2",0.59755221319172,NA,NA,NA
"1500:123:455:1",0.671123421937481,NA,NA,NA
"1500:123:455:2",0.719116447560121,NA,NA,NA
"1500:123:456:1",0.518569105117161,NA,0.009021780861218,NA
"1500:123:456:2",1.03092551982734,NA,NA,NA
"1500:123:457:1",1.08637852756032,NA,NA,NA
"1500:123:457:2",1.05753710700428,NA,NA,NA
"1500:123:458:1",1.23350216370995,NA,NA,NA
"1500:123:458:2",0.851517790728925,NA,NA,0.29353391759519
"1500:123:459:1",0.638813816690198,NA,NA,NA
"1500:123:459:2",1.47764096576981,NA,NA,0.587067835190379
"1500:124:350:1",1.0323517095793,NA,NA,1.4506857982552
"1500:124:350:2",1.68586193884367,NA,NA,2.11164275644119
"1500:124:351:1",1.26054558621941,NA,NA,1.82251819290561
"1500:124:351:2",2.23519412070271,NA,NA,2.71769520969489
"1500:124:352:1",1.99134514903254,NA,NA,NA
"1500:124:352:2",0.676810660396604,NA,NA,0.072677490862768
"1500:124:353:1",0.447794276753555,NA,NA,0.277240150569391
"1500:124:353:2",0.681398507264508,NA,NA,NA
"1500:124:354:1",0.686037865114389,NA,NA,0.277240150569391
"1500:124:354:2",0.780541910490468,NA,NA,NA
"1500:124:455:1",1.58100012516071,0.052434092659299,NA,0.072677490862768
"1500:124:455:2",3.98262334146468,NA,NA,NA
"1500:121:247:4",NA,NA,NA,NA
"1500:121:248:3",NA,NA,NA,NA
"1500:121:248:4",0.009960942121938,NA,0.010847207718868,NA
"1500:121:249:3",0.006077011748342,NA,NA,NA
"1500:121:249:4",0.01405376901046,0.153714162565933,NA,NA
"1500:122:140:3",0.034222671686215,NA,NA,NA
"1500:122:140:4",0.011085661752259,NA,NA,NA
"1500:122:141:3",0.025447341555016,0.027116857769419,NA,NA
"1500:122:141:4",0.222027784252834,NA,NA,NA
"1500:122:142:3",0.073942193098135,NA,NA,NA
"1500:122:142:4",0.019026258987993,NA,NA,NA
"1500:122:143:3",0.077448655263904,NA,NA,NA
"1500:122:143:4",0.102400545538822,NA,NA,NA
"1500:122:144:3",0.461840758087772,NA,NA,0.288301809389938
"1500:122:144:4",0.231706264346708,NA,NA,0.590968727788059
"1500:122:245:3",0.553083903186984,NA,NA,1.75823598089697
"1500:122:245:4",0.340524533637131,NA,NA,3.22840540015682
"1500:122:246:3",0.262151492743486,NA,NA,0.293359735870462
"1500:122:246:4",0.384490652308698,NA,NA,NA
"1500:122:247:3",0.881721637178358,NA,NA,0.967705380552673
"1500:122:247:4",1.38292679625637,NA,NA,1.37030144365922
"1500:122:248:3",1.09538463633603,NA,NA,0.072594883270391
"1500:122:248:4",2.68888369288812,NA,NA,0.072594883270391
"1500:122:249:3",1.59411634726998,NA,NA,NA
"1500:122:249:4",1.02230062820682,NA,NA,0.287907841742901
"1500:123:140:3",1.01692033629447,NA,NA,NA
"1500:123:140:4",0.909075351110413,NA,NA,0.272150460935804
"1500:123:141:3",1.58751401538693,NA,NA,NA
"1500:123:141:4",1.31153784409925,0.157123483108882,NA,NA
"1500:123:142:3",0.89356134733853,NA,NA,NA
"1500:123:142:4",0.693730206633758,NA,NA,NA
"1500:123:143:3",0.921932291355995,NA,NA,NA
"1500:123:143:4",0.903969789925075,NA,NA,NA
"1500:123:144:3",0.851589698835016,NA,NA,NA
"1500:123:144:4",0.681324482685254,NA,NA,NA
"1500:123:245:3",0.66058287639016,NA,NA,NA
"1500:123:245:4",0.649713997206168,NA,NA,NA
"1500:123:246:3",1.04462465759479,NA,NA,NA
"1500:123:246:4",0.841570324814307,NA,NA,NA
"1500:123:247:3",0.914376863436074,NA,NA,NA
"1500:123:247:4",0.795848563726559,NA,NA,NA
"1500:123:248:3",0.933642677116313,NA,NA,NA
"1500:123:248:4",1.37904028691906,NA,NA,NA
"1500:123:249:3",1.46445150657658,NA,NA,NA
"1500:123:249:4",1.20825131457421,NA,NA,NA
"1500:124:140:3",0.921268809535829,NA,NA,1.50667102543156
"1500:124:140:4",0.905077345606746,NA,NA,0.902527764273537
"1500:124:141:3",0.84337037034207,NA,NA,0.787958303717412
"1500:124:141:4",3.35552610016025,NA,NA,NA
"1500:124:142:3",1.08783672732386,NA,NA,0.306107142357915
"1500:124:142:4",0.762888497705094,NA,NA,NA
"1500:124:143:3",0.526420101005848,NA,NA,NA
"1500:124:143:4",0.95100087055075,NA,NA,NA
"1500:124:144:3",1.57271063613585,NA,NA,0.306107142357915
"1500:124:144:4",2.45328940594816,NA,NA,0.378702025628306
"1500:124:245:3",4.592982188832,0.024550544235763,NA,0.349519913696296
"1500:121:247:2",NA,0.116319011353154,NA,NA
"1500:121:248:1",NA,NA,0.013335262363984,NA
"1500:121:248:2",0.029497758058363,NA,0.038338879296454,NA
"1500:121:249:1",0.017851418739935,0.092013219595801,NA,NA
"1500:121:249:2",NA,0.092013219595801,NA,NA
"1500:122:140:1",0.079203974299163,0.242152394316446,NA,NA
"1500:122:140:2",0.010973704824516,NA,NA,NA
"1500:122:141:1",0.130507959043735,0.027086091466942,NA,NA
"1500:122:141:2",0.151627030249732,NA,NA,NA
"1500:122:142:1",NA,NA,NA,NA
"1500:122:142:2",0.054835459919615,NA,NA,0.271841683883844
"1500:122:143:1",0.121921085924634,NA,NA,NA
"1500:122:143:2",0.014630025877969,NA,NA,0.276610836232683
"1500:122:144:1",0.130524141432423,NA,NA,0.302717038576976
"1500:122:144:2",0.349649145809731,NA,NA,0.29262647062441
"1500:122:245:1",0.620527278493129,NA,NA,0.292867617630075
"1500:122:245:2",0.423777974908714,NA,NA,1.75615234440484
"1500:122:246:1",0.38282498885268,NA,NA,0.287581186648127
"1500:122:246:2",0.228766988887114,NA,NA,NA
"1500:122:247:1",0.564826806101007,NA,NA,0.271841683883844
"1500:122:247:2",1.15746213834776,NA,NA,1.98028482651475
"1500:122:248:1",1.1144014453293,NA,NA,NA
"1500:122:248:2",2.73427839845718,NA,NA,NA
"1500:122:249:1",1.29423842998685,NA,NA,NA
"1500:122:249:2",0.725810767957794,NA,NA,NA
"1500:123:140:1",1.24144440089396,0.090730646567675,NA,0.271841683883844
"1500:123:140:2",0.74721232715562,NA,NA,NA
"1500:123:141:1",0.619464740834772,NA,NA,NA
"1500:123:141:2",2.63442785687306,0.175092003935228,NA,0.305759838661731
"1500:123:142:1",1.70078422058321,0.034331765477496,NA,NA
"1500:123:142:2",1.53684567474313,NA,NA,NA
"1500:123:143:1",0.962564397433027,NA,NA,NA
"1500:123:143:2",1.08769192181469,NA,NA,NA
"1500:123:144:1",1.1169275045357,NA,NA,NA
"1500:123:144:2",1.09037945092167,NA,NA,NA
"1500:123:245:1",1.07392710104424,NA,NA,NA
"1500:123:245:2",0.703195289660289,NA,NA,NA
"1500:123:246:1",0.879384529700374,NA,NA,NA
"1500:123:246:2",0.78248811969543,NA,NA,NA
"1500:123:247:1",0.834712144262375,NA,NA,NA
"1500:123:247:2",0.958229437320347,NA,NA,NA
"1500:123:248:1",0.761007290080449,NA,NA,NA
"1500:123:248:2",1.10039230062697,NA,NA,NA
"1500:123:249:1",0.789292527204072,NA,NA,NA
"1500:123:249:2",1.07030439028697,NA,NA,NA
"1500:124:140:1",1.21906405119915,NA,NA,NA
"1500:124:140:2",1.38434505610764,NA,NA,NA
"1500:124:141:1",1.73581941515886,NA,NA,0.181630223146186
"1500:124:141:2",1.6002858456307,NA,NA,NA
"1500:124:142:1",0.465688008485355,NA,NA,NA
"1500:124:142:2",0.524226716351912,NA,NA,NA
"1500:124:143:1",0.453411057428986,NA,NA,NA
"1500:124:143:2",0.995876515021322,NA,NA,NA
"1500:124:144:1",2.77883032868917,NA,NA,NA
"1500:124:144:2",2.59968827270829,0.173437553612712,NA,0.276610836232683
"1500:124:245:1",7.44836561448161,0.749936004939853,NA,NA
"1500:121:237:3",NA,0.268205000540233,NA,NA
"1500:121:237:4",0.017026555426106,0.353795488554123,NA,NA
"1500:121:238:3",0.038069811948098,NA,NA,NA
"1500:121:238:4",0.054118195293014,NA,NA,NA
"1500:121:239:3",0.009990730758379,NA,NA,NA
"1500:121:239:4",0.008044031626506,NA,NA,NA
"1500:122:130:3",0.015484760881023,0.081166246438996,NA,NA
"1500:122:130:4",0.084459880656114,NA,NA,NA
"1500:122:131:3",0.051848356526413,NA,NA,NA
"1500:122:131:4",NA,NA,NA,NA
"1500:122:132:3",NA,NA,NA,NA
"1500:122:132:4",0.221283595802879,NA,NA,NA
"1500:122:133:3",0.120353786698388,NA,NA,NA
"1500:122:133:4",0.137155738990918,NA,NA,NA
"1500:122:134:3",0.1095954877168,NA,NA,NA
"1500:122:134:4",0.309932919543398,NA,NA,NA
"1500:122:235:3",0.496024073070895,NA,NA,NA
"1500:122:235:4",0.434034791721902,NA,NA,NA
"1500:122:236:3",0.665274019649515,NA,NA,0.579550550922063
"1500:122:236:4",0.632056509162084,NA,NA,NA
"1500:122:237:3",0.730447692564806,NA,NA,0.871845611387105
"1500:122:237:4",0.728886282631652,NA,NA,0.292535934362919
"1500:122:238:3",1.40008864536317,NA,NA,0.276297564363861
"1500:122:238:4",1.97671365003558,NA,NA,NA
"1500:122:239:3",1.12094833305723,NA,NA,NA
"1500:122:239:4",0.677687690820968,NA,NA,0.276297564363861
"1500:123:130:3",0.943897399971205,NA,NA,1.14337942464125
"1500:123:130:4",0.921262443807903,NA,NA,NA
"1500:123:131:3",1.31351193386237,NA,NA,NA
"1500:123:131:4",2.51683938026179,0.225353234428059,NA,0.305413554483668
"1500:123:132:3",1.54171900905043,0.009797966714263,NA,NA
"1500:123:132:4",1.54678917461969,NA,NA,NA
"1500:123:133:3",1.20455392490291,0.02939390014279,NA,NA
"1500:123:133:4",0.668736925323991,NA,NA,NA
"1500:123:134:3",1.03098200117672,NA,NA,NA
"1500:123:134:4",0.909358219490513,NA,NA,NA
"1500:123:235:3",1.21175056278741,NA,NA,NA
"1500:123:235:4",1.10244231526317,NA,NA,NA
"1500:123:236:3",1.10169876978707,NA,NA,NA
"1500:123:236:4",1.24493431244379,NA,NA,NA
"1500:123:237:3",1.06644732511128,NA,NA,NA
"1500:123:237:4",1.0583169053704,NA,NA,NA
"1500:123:238:3",0.909738239598222,NA,NA,NA
"1500:123:238:4",1.32685099252231,NA,NA,NA
"1500:123:239:3",1.46022764703316,NA,NA,NA
"1500:123:239:4",1.1057641749251,NA,NA,NA
"1500:124:130:3",1.54465843985498,NA,NA,NA
"1500:124:130:4",1.89182357530809,NA,NA,NA
"1500:124:131:3",2.10664234489384,NA,NA,0.27153381325414
"1500:124:131:4",0.480074241939507,NA,NA,NA
"1500:124:132:3",0.516957539320275,NA,NA,NA
"1500:124:132:4",0.63660150744715,NA,NA,NA
"1500:124:133:3",0.547063752915445,NA,NA,NA
"1500:124:133:4",1.19908193221863,0.030767253858243,NA,NA
"1500:124:134:3",2.53915762262395,0.124602053169628,NA,0.27153381325414
"1500:124:134:4",3.16536106910833,0.287627964036467,NA,NA
"1500:121:237:1",NA,1.03290089727303,NA,NA
"1500:121:237:2",0.009610135985282,NA,NA,NA
"1500:121:238:1",0.020021116636004,NA,0.016631376640142,NA
"1500:121:238:2",0.010010558318002,NA,NA,NA
"1500:121:239:1",NA,NA,NA,NA
"1500:121:239:2",NA,NA,NA,NA
"1500:122:130:1",0.145373505471062,0.027024829454437,NA,NA
"1500:122:130:2",0.060600278164684,NA,NA,NA
"1500:122:131:1",NA,NA,NA,NA
"1500:122:131:2",NA,NA,NA,NA
"1500:122:132:1",0.252743385154988,NA,NA,NA
"1500:122:132:2",0.403725019272057,NA,NA,NA
"1500:122:133:1",0.025938608555973,NA,NA,NA
"1500:122:133:2",0.058726555760223,NA,NA,2.38471170887845
"1500:122:134:1",0.024940969765358,NA,NA,0.598601568470451
"1500:122:134:2",0.058446854340571,NA,NA,NA
"1500:122:235:1",0.234413425440569,NA,NA,NA
"1500:122:235:2",0.125307125164881,NA,NA,1.74675386050463
"1500:122:236:1",0.409881863274662,NA,NA,0.302032367810599
"1500:122:236:2",1.63607412108124,NA,NA,4.37336244451538
"1500:122:237:1",0.639825091373983,NA,NA,4.93356181351563
"1500:122:237:2",0.5974695068725,NA,NA,0.584169846024847
"1500:122:238:1",1.32120550566789,NA,NA,NA
"1500:122:238:2",1.43766177804367,NA,NA,NA
"1500:122:239:1",0.990684200047496,NA,NA,NA
"1500:122:239:2",0.709920463638759,NA,NA,NA
"1500:123:130:1",0.847682134090696,NA,NA,3.43632368781512
"1500:123:130:2",0.656416763583047,NA,NA,1.16858029364072
"1500:123:131:1",1.35648988220652,NA,NA,NA
"1500:123:131:2",1.18095446166267,0.319705078464098,NA,NA
"1500:123:132:1",2.13653005774398,0.024467225392661,NA,NA
"1500:123:132:2",1.08082787961934,NA,NA,NA
"1500:123:133:1",1.44644231231945,NA,NA,NA
"1500:123:133:2",0.72802437664653,NA,NA,0.291964622216912
"1500:123:134:1",0.726403754668137,NA,NA,NA
"1500:123:134:2",0.646271602672171,NA,NA,NA
"1500:123:235:1",1.10280042284922,NA,NA,NA
"1500:123:235:2",0.97346765235578,NA,NA,NA
"1500:123:236:1",0.88481298398421,NA,NA,NA
"1500:123:236:2",0.674836837506226,NA,NA,NA
"1500:123:237:1",1.09485753480201,NA,NA,NA
"1500:123:237:2",1.13401601510453,0.019573780314128,NA,NA
"1500:123:238:1",1.00867952057628,NA,NA,NA
"1500:123:238:2",0.835939488044431,NA,NA,NA
"1500:123:239:1",1.08580125566638,NA,NA,NA
"1500:123:239:2",0.990821353479236,NA,NA,NA
"1500:124:130:1",1.71665298674484,NA,NA,NA
"1500:124:130:2",1.19349640685908,NA,NA,NA
"1500:124:131:1",1.60669090403604,NA,NA,NA
"1500:124:131:2",0.590184247240666,NA,NA,NA
"1500:124:132:1",1.58134244163332,0.079000529978786,NA,NA
"1500:124:132:2",0.990847549758041,0.046134863273652,NA,0.271226845502387
"1500:124:133:1",1.05155359248054,0.006074182625371,NA,0.275985211212955
"1500:124:133:2",2.34632308997928,0.11324011894442,NA,0.275985211212955
"1500:124:134:1",2.12648719748581,0.341710232464118,NA,NA
"1500:124:134:2",3.95610449519769,0.645947541650974,NA,NA
"1500:121:226:4",NA,0.489627987664016,NA,NA
"1500:121:227:3",NA,1.0335136546343,NA,NA
"1500:121:227:4",0.017998671262455,NA,NA,NA
"1500:121:228:3",0.027946263111633,NA,0.02228858348943,NA
"1500:121:228:4",0.030098301753224,NA,NA,NA
"1500:121:229:3",NA,NA,NA,NA
"1500:121:229:4",0.005417462780769,NA,NA,NA
"1500:122:120:3",0.040237963707769,NA,NA,NA
"1500:122:120:4",0.032332735701665,NA,NA,NA
"1500:122:121:3",0.038195378668973,NA,NA,0.301691536639745
"1500:122:121:4",0.180043788946514,NA,NA,NA
"1500:122:122:3",0.122836774590483,NA,NA,0.301691536639745
"1500:122:122:4",0.133406480944352,NA,NA,NA
"1500:122:123:3",0.174140426795951,NA,NA,5.24847579191818
"1500:122:123:4",0.176261571759567,NA,NA,10.4991569396405
"1500:122:124:3",0.066510548897052,NA,NA,0.035019297834103
"1500:122:124:4",0.255099210074828,NA,NA,0.275673773192726
"1500:122:225:3",0.160662733457029,NA,NA,NA
"1500:122:225:4",0.120847793974175,NA,NA,NA
"1500:122:226:3",0.131976488214274,NA,NA,0.854431411355341
"1500:122:226:4",2.18203558633866,NA,NA,4.68958733441003
"1500:122:227:3",0.521282603087743,NA,NA,0.275673773192726
"1500:122:227:4",0.608081638377579,NA,NA,0.201127691093163
"1500:122:228:3",1.25089603869347,NA,NA,NA
"1500:122:228:4",1.45622626727706,0.108507938550115,NA,NA
"1500:122:229:3",1.21370283901237,NA,NA,NA
"1500:122:229:4",0.722694328194213,NA,NA,NA
"1500:123:120:3",0.742428169980463,NA,NA,0.546594550295922
"1500:123:120:4",0.915571239271105,NA,NA,0.291635152085087
"1500:123:121:3",1.1846248142472,NA,NA,NA
"1500:123:121:4",1.24656799940899,0.360402857780272,NA,NA
"1500:123:122:3",0.982819550757429,NA,NA,NA
"1500:123:122:4",0.706217985183352,NA,NA,NA
"1500:123:123:3",0.819371185280368,NA,NA,NA
"1500:123:123:4",0.916679752837063,NA,NA,NA
"1500:123:124:3",1.0368165205322,0.012219807564883,NA,NA
"1500:123:124:4",0.724661346967608,NA,NA,NA
"1500:123:225:3",0.726298634484615,NA,NA,NA
"1500:123:225:4",0.633175529775507,NA,NA,NA
"1500:123:226:3",0.705513199961121,NA,NA,NA
"1500:123:226:4",0.749826535225235,NA,NA,NA
"1500:123:227:3",0.642568145452408,0.019551692103812,NA,NA
"1500:123:227:4",0.933913151420532,NA,NA,0.151564244282635
"1500:123:228:3",0.82703303062342,NA,NA,NA
"1500:123:228:4",1.2978635957262,0.009775846051906,NA,NA
"1500:123:229:3",1.52034354523166,NA,NA,NA
"1500:123:229:4",1.3133279146021,NA,NA,NA
"1500:124:120:3",1.6421376789949,NA,NA,0.291875482167058
"1500:124:120:4",1.23786137517264,NA,NA,NA
"1500:124:121:3",0.346594403103424,NA,NA,NA
"1500:124:121:4",0.804380777380186,0.01107929219216,NA,NA
"1500:124:122:3",2.37226898771565,0.037704110700957,NA,NA
"1500:124:122:4",1.64828615462594,NA,NA,NA
"1500:124:123:3",3.00625656737002,0.052695393509853,NA,NA
"1500:124:123:4",3.1423026304313,0.469808077430334,NA,NA
"1500:124:124:3",5.078595828369,0.691441677500171,NA,NA
"1500:121:226:2",NA,1.22234092299613,NA,NA
"1500:121:227:1",NA,0.135950848391414,NA,NA
"1500:121:227:2",NA,NA,NA,NA
"1500:121:228:1",0.020042075566372,NA,NA,NA
"1500:121:228:2",0.014972825317808,NA,NA,NA
"1500:121:229:1",0.006806985027354,NA,NA,NA
"1500:121:229:2",0.146167755269756,NA,NA,NA
"1500:122:120:1",0.565839060844837,NA,NA,NA
"1500:122:120:2",0.334904139563566,NA,NA,NA
"1500:122:121:1",0.114462481124584,NA,NA,NA
"1500:122:121:2",0.304364451750682,NA,NA,NA
"1500:122:122:1",0.04371759264262,NA,NA,0.612356437916642
"1500:122:122:2",0.106326677190205,NA,NA,0.070656512067305
"1500:122:123:1",0.28911588076099,NA,NA,2.60369613392332
"1500:122:123:2",0.089130498165543,NA,NA,6.91181257330636
"1500:122:124:1",0.284193846100306,NA,NA,0.314556248464781
"1500:122:124:2",0.48352544597384,NA,NA,NA
"1500:122:225:1",0.270256324378472,NA,NA,NA
"1500:122:225:2",0.3345631062496,NA,NA,NA
"1500:122:226:1",0.296499680169887,NA,NA,NA
"1500:122:226:2",1.86870886396681,NA,NA,1.20468904355978
"1500:122:227:1",0.999698387936841,NA,NA,NA
"1500:122:227:2",1.54771989243902,NA,NA,NA
"1500:122:228:1",1.17920116178394,NA,NA,NA
"1500:122:228:2",0.705788999009924,NA,NA,NA
"1500:122:229:1",0.774342806315654,NA,NA,NA
"1500:122:229:2",0.525712851046366,NA,NA,NA
"1500:123:120:1",0.78824343644179,NA,NA,NA
"1500:123:120:2",0.846266341349861,NA,NA,NA
"1500:123:121:1",1.16856358560694,NA,NA,NA
"1500:123:121:2",0.815476287284236,0.34795359456812,NA,NA
"1500:123:122:1",0.672461874355541,NA,NA,NA
"1500:123:122:2",0.781959557484183,NA,NA,NA
"1500:123:123:1",0.829207423276579,NA,NA,NA
"1500:123:123:2",0.952251770208731,NA,NA,NA
"1500:123:124:1",0.869518059254904,NA,NA,NA
"1500:123:124:2",0.922883156226426,NA,NA,NA
"1500:123:225:1",0.676629929351193,NA,NA,NA
"1500:123:225:2",0.831953376610052,NA,NA,NA
"1500:123:226:1",0.815871459396212,NA,NA,NA
"1500:123:226:2",1.0865786345707,NA,NA,NA
"1500:123:227:1",0.860039331558406,NA,NA,NA
"1500:123:227:2",1.19518769308095,NA,NA,NA
"1500:123:228:1",1.41695038782191,NA,NA,NA
"1500:123:228:2",1.93935860918868,NA,NA,NA
"1500:123:229:1",2.07652849097353,NA,NA,NA
"1500:123:229:2",1.87902014880852,NA,NA,NA
"1500:124:120:1",0.805888123898833,0.022724640381386,NA,NA
"1500:124:120:2",0.386768344027845,NA,NA,NA
"1500:124:121:1",0.34751832932777,0.028643513865289,NA,NA
"1500:124:121:2",1.47682373038368,0.053797017083635,NA,NA
"1500:124:122:1",2.54686697913875,0.116496157731894,NA,NA
"1500:124:122:2",4.97279743804443,0.194456160315272,NA,NA
"1500:124:123:1",3.94579252165086,0.30298618297609,NA,NA
"1500:124:123:2",4.73379090004262,0.496355041957649,NA,NA
"1500:121:216:3",NA,0.585114076736827,NA,NA
"1500:121:216:4",0.016949899135114,2.2768799243698,NA,NA
"1500:121:217:3",NA,0.057711857974659,NA,NA
"1500:121:217:4",0.008397807146309,NA,0.002624412642031,NA
"1500:121:218:3",0.024413439351034,NA,NA,NA
"1500:121:218:4",0.032858112087752,NA,NA,NA
"1500:121:219:3",0.005987862490128,NA,NA,NA
"1500:121:219:4",0.441174843351601,NA,NA,NA
"1500:122:110:3",1.51858096943042,NA,NA,NA
"1500:122:110:4",0.23177605017768,NA,NA,NA
"1500:122:111:3",0.078442617103407,NA,0.015249218720012,NA
"1500:122:111:4",0.06537051527563,NA,NA,0.116479999758039
"1500:122:112:3",NA,NA,NA,1.42542704215402
"1500:122:112:4",0.159373302121531,NA,NA,0.058744618939818
"1500:122:113:3",0.076581049378699,NA,NA,NA
"1500:122:113:4",1.73806488352598,NA,NA,0.86408432205862
"1500:122:114:3",0.501339998161846,0.019507709384523,NA,0.301012863198208
"1500:122:114:4",0.468996995668605,NA,NA,0.009643322733
"1500:122:215:3",0.401876871713939,NA,NA,NA
"1500:122:215:4",0.875414446810455,NA,NA,NA
"1500:122:216:3",0.669876231157345,NA,NA,NA
"1500:122:216:4",1.14550224629983,NA,NA,NA
"1500:122:217:3",1.23075837806657,NA,NA,NA
"1500:122:217:4",2.01504961852382,NA,NA,NA
"1500:122:218:3",1.95447567128935,NA,NA,NA
"1500:122:218:4",1.67881786744939,NA,NA,NA
"1500:122:219:3",1.07502113127282,NA,NA,0.275053628290823
"1500:122:219:4",0.960062271102178,NA,NA,NA
"1500:123:110:3",1.1047153188172,NA,NA,NA
"1500:123:110:4",0.761497023223883,NA,NA,NA
"1500:123:111:3",0.800847162001908,NA,NA,NA
"1500:123:111:4",0.870310244852581,0.429216569463579,NA,NA
"1500:123:112:3",0.731428359443128,NA,NA,NA
"1500:123:112:4",0.801581611227942,NA,NA,NA
"1500:123:113:3",0.721494310426012,NA,NA,NA
"1500:123:113:4",0.878673147241661,NA,NA,NA
"1500:123:114:3",1.1628000496034,NA,NA,NA
"1500:123:114:4",0.980157417259811,0.034138491422915,NA,NA
"1500:123:215:3",0.805213934351692,NA,NA,NA
"1500:123:215:4",0.794060461777693,NA,NA,NA
"1500:123:216:3",0.812000522829321,NA,NA,NA
"1500:123:216:4",1.27262920369383,NA,NA,NA
"1500:123:217:3",1.64160705140143,NA,NA,NA
"1500:123:217:4",1.93358457127719,NA,NA,NA
"1500:123:218:3",2.10446165326812,NA,NA,NA
"1500:123:218:4",1.28269317749357,NA,NA,NA
"1500:123:219:3",1.00872809620703,NA,NA,NA
"1500:123:219:4",0.3563093975236,0.152438485025698,NA,NA
"1500:124:110:3",0.230106315250908,0.134700766326975,NA,NA
"1500:124:110:4",0.528816981738071,0.095034506993884,NA,NA
"1500:124:111:3",0.90684906757936,0.095178779812628,NA,NA
"1500:124:111:4",2.07089133864065,0.070715446518896,NA,NA
"1500:124:112:3",4.07079567096038,0.266611452766772,NA,NA
"1500:124:112:4",5.65608647421822,0.865711500366585,NA,NA
"1500:124:113:3",6.66800955068085,2.50061411330336,NA,NA
"1500:121:216:1",NA,0.019215694497577,NA,NA
"1500:121:216:2",NA,0.367660288053639,NA,NA
"1500:121:217:1",NA,0.096558864850324,NA,NA
"1500:121:217:2",0.020186220559495,0.191544440016408,0.01986796088138,NA
"1500:121:218:1",0.025495499452678,0.066477188005694,NA,NA
"1500:121:218:2",0.0300571112985,NA,NA,NA
"1500:121:219:1",0.110011483040841,NA,NA,NA
"1500:121:219:2",0.125968609780006,NA,NA,NA
"1500:122:110:1",0.129870308729148,NA,NA,NA
"1500:122:110:2",0.183416658676007,0.014539725299249,NA,NA
"1500:122:111:1",0.392485255573251,0.013792136184672,NA,NA
"1500:122:111:2",0.115229227642152,NA,NA,NA
"1500:122:112:1",0.175031390900433,NA,NA,0.289500054066849
"1500:122:112:2",0.492068268299083,NA,NA,NA
"1500:122:113:1",0.219314691390548,NA,NA,0.565397427070441
"1500:122:113:2",0.547489017668926,NA,NA,NA
"1500:122:114:1",0.410097656516568,0.03410017515355,NA,NA
"1500:122:114:2",0.19108980204298,NA,NA,0.158936238219565
"1500:122:215:1",0.350589998660094,NA,NA,NA
"1500:122:215:2",0.651823840155805,NA,NA,NA
"1500:122:216:1",1.19065043637544,NA,NA,NA
"1500:122:216:2",0.966843538466391,NA,NA,NA
"1500:122:217:1",1.35476652004073,NA,NA,0.270007933048224
"1500:122:217:2",1.6953022913737,NA,NA,NA
"1500:122:218:1",1.55791403251044,NA,NA,NA
"1500:122:218:2",1.85543175066335,NA,NA,NA
"1500:122:219:1",2.34098803538389,NA,NA,NA
"1500:122:219:2",0.966827344541077,NA,NA,NA
"1500:123:110:1",1.00872394668569,NA,NA,NA
"1500:123:110:2",0.775836105637763,NA,NA,NA
"1500:123:111:1",0.997870412679439,0.539293110183489,NA,NA
"1500:123:111:2",1.25215974946228,NA,NA,NA
"1500:123:112:1",1.05560459548155,NA,NA,NA
"1500:123:112:2",1.06673509727082,NA,NA,NA
"1500:123:113:1",1.03128449292745,NA,NA,NA
"1500:123:113:2",1.0702936701617,NA,NA,NA
"1500:123:114:1",0.827621917908797,NA,NA,NA
"1500:123:114:2",1.09378598573157,NA,NA,NA
"1500:123:215:1",1.02107364034016,NA,NA,NA
"1500:123:215:2",1.39043493060966,NA,NA,NA
"1500:123:216:1",1.37039391844996,NA,NA,NA
"1500:123:216:2",1.41509318928289,NA,NA,NA
"1500:123:217:1",1.94471492783814,NA,NA,NA
"1500:123:217:2",1.50553602152145,NA,NA,NA
"1500:123:218:1",0.135308487725535,NA,NA,NA
"1500:123:218:2",0.09338932786728,NA,NA,NA
"1500:123:219:1",0.107318612027085,NA,NA,NA
"1500:123:219:2",0.179403814182119,0.273660220004538,NA,NA
"1500:124:110:1",0.305629230909508,0.405932313480061,NA,NA
"1500:124:110:2",0.961944112187723,0.667519141206121,NA,NA
"1500:124:111:1",1.66558546141296,0.391276927750635,NA,NA
"1500:124:111:2",2.94421866049339,0.711486494479323,NA,NA
"1500:124:112:1",3.05189660438031,1.1053659755666,NA,NA
"1500:124:112:2",2.68549928395877,2.41244199671757,NA,NA
"1500:121:205:4",NA,0.004158735970496,NA,NA
"1500:121:206:3",NA,0.11516499610605,NA,NA
"1500:121:206:4",NA,0.124587071275556,NA,NA
"1500:121:207:3",NA,0.067528179332805,NA,NA
"1500:121:207:4",0.03393897444735,0.54894782449293,0.035584445559492,NA
"1500:121:208:3",0.019919467807335,NA,NA,NA
"1500:121:208:4",0.009969374196788,0.008748895314905,NA,NA
"1500:121:209:3",0.185966070676668,0.008783339784648,NA,NA
"1500:121:209:4",0.020004045123165,NA,NA,NA
"1500:122:100:3",0.071323767700107,NA,NA,NA
"1500:122:100:4",0.089648670133823,0.260754744074126,NA,NA
"1500:122:101:3",0.354325510674155,0.341457396074744,NA,NA
"1500:122:101:4",0.309440982934883,NA,NA,NA
"1500:122:102:3",0.204191943130564,NA,NA,NA
"1500:122:102:4",0.673672058957217,NA,NA,NA
"1500:122:103:3",0.559171746754389,NA,NA,NA
"1500:122:103:4",1.66718062366442,NA,NA,NA
"1500:122:104:3",0.505747130129917,NA,NA,NA
"1500:122:104:4",0.624702025548636,0.035197369732605,NA,0.096106902047023
"1500:122:205:3",1.02511051849088,NA,NA,NA
"1500:122:205:4",1.08796798205694,NA,NA,NA
"1500:122:206:3",0.938249640160333,NA,NA,NA
"1500:122:206:4",1.01009499098072,NA,NA,NA
"1500:122:207:3",0.760071457342192,NA,NA,NA
"1500:122:207:4",1.06534458621058,NA,NA,NA
"1500:122:208:3",0.733027446167457,NA,NA,0.269705427179352
"1500:122:208:4",0.748430524351032,NA,NA,NA
"1500:122:209:3",1.81065080674586,NA,NA,NA
"1500:122:209:4",0.975412235795477,NA,NA,NA
"1500:123:100:3",0.897118435702519,NA,NA,NA
"1500:123:100:4",1.1922539909463,NA,NA,NA
"1500:123:101:3",1.01448339736876,0.657971106915925,NA,NA
"1500:123:101:4",1.23113273040071,NA,NA,NA
"1500:123:102:3",1.15845634756226,NA,NA,NA
"1500:123:102:4",1.19941871845903,NA,NA,NA
"1500:123:103:3",1.0948141483405,NA,NA,NA
"1500:123:103:4",0.976096993890636,NA,NA,NA
"1500:123:104:3",1.254423140681,NA,NA,NA
"1500:123:104:4",1.04671793903588,NA,NA,NA
"1500:123:205:3",1.17688206218896,NA,NA,NA
"1500:123:205:4",1.0916045699679,NA,NA,NA
"1500:123:206:3",1.59319559717573,NA,NA,NA
"1500:123:206:4",2.19500346669027,NA,NA,NA
"1500:123:207:3",0.488259538459974,NA,NA,NA
"1500:123:207:4",0.200154799434499,NA,NA,NA
"1500:123:208:3",0.139176738745823,NA,NA,NA
"1500:123:208:4",0.042780685687887,0.037954767361427,NA,NA
"1500:123:209:3",0.142880555042357,0.014597987446703,NA,NA
"1500:123:209:4",0.175621015264376,0.015571186609816,NA,NA
"1500:124:100:3",0.51544931295674,0.385602364964175,NA,NA
"1500:124:100:4",1.64755103315041,1.11558002878795,NA,NA
"1500:124:101:3",2.06004524140144,0.847130236044334,NA,NA
"1500:124:101:4",4.28638522861078,1.4032280739414,NA,NA
"1500:121:104:2",NA,0.101082736621495,NA,NA
"1500:121:205:1",NA,0.124143234491415,NA,NA
"1500:121:205:2",NA,0.282477784531301,NA,NA
"1500:121:206:1",NA,0.021409515343436,NA,NA
"1500:121:206:2",0.101390046220759,0.173512937783367,0.02556874420034,NA
"1500:121:207:1",0.132516290406622,0.007599003630916,0.007661411142496,NA
"1500:121:207:2",0.081750728543393,0.303762345546794,NA,NA
"1500:121:208:1",0.003990465659138,0.137404385068285,NA,NA
"1500:121:208:2",NA,0.052608622289026,NA,NA
"1500:121:209:1",NA,0.282695014082545,NA,NA
"1500:121:209:2",NA,0.000894554672032,NA,NA
"1500:122:100:1",NA,0.010971432067037,NA,NA
"1500:122:100:2",0.15872586879959,0.043712397581711,NA,NA
"1500:122:101:1",0.945963866904399,0.248450660088621,NA,NA
"1500:122:101:2",0.366282115893921,0.005964452243269,NA,NA
"1500:122:102:1",0.239807473322702,NA,NA,NA
"1500:122:102:2",1.67062187317734,NA,NA,0.269403803315493
"1500:122:103:1",1.21223302381406,NA,NA,0.290002191756181
"1500:122:103:2",1.47362819506452,NA,NA,NA
"1500:122:104:1",1.57197119917434,NA,NA,NA
"1500:122:104:2",0.735167447190832,0.029163323704853,NA,NA
"1500:122:205:1",1.18593852879547,NA,NA,NA
"1500:122:205:2",2.1437131644006,NA,NA,NA
"1500:122:206:1",2.0476918763613,NA,NA,NA
"1500:122:206:2",1.71801812916207,NA,NA,NA
"1500:122:207:1",1.51142262364922,NA,NA,NA
"1500:122:207:2",1.9167289972081,NA,NA,NA
"1500:122:208:1",1.71402398231705,NA,NA,NA
"1500:122:208:2",2.1003705013481,NA,NA,NA
"1500:122:209:1",2.55154099261913,NA,NA,NA
"1500:122:209:2",1.00568929055006,NA,NA,NA
"1500:123:100:1",0.611821429053829,NA,NA,NA
"1500:123:100:2",0.951028901014812,NA,NA,NA
"1500:123:101:1",1.06789554219034,0.777005840026793,NA,NA
"1500:123:101:2",1.51099366263981,NA,NA,NA
"1500:123:102:1",0.982472650083618,NA,NA,NA
"1500:123:102:2",1.30668317553423,NA,NA,NA
"1500:123:103:1",1.26951530740785,NA,NA,NA
"1500:123:103:2",1.27185306081398,NA,NA,NA
"1500:123:104:1",1.42118636550483,NA,NA,NA
"1500:123:104:2",1.43058431434979,NA,NA,NA
"1500:123:205:1",1.40715879508896,NA,NA,NA
"1500:123:205:2",1.56484333699273,NA,NA,NA
"1500:123:206:1",2.61769277125099,NA,NA,NA
"1500:123:206:2",0.792149426150157,NA,NA,NA
"1500:123:207:1",0.079261280114673,NA,NA,NA
"1500:123:207:2",0.080830010518581,NA,NA,NA
"1500:123:208:1",0.121089506585658,NA,NA,NA
"1500:123:208:2",0.132257014424764,NA,NA,NA
"1500:123:209:1",0.112190872916112,NA,NA,NA
"1500:123:209:2",0.467871563709348,0.03845889725552,NA,NA
"1500:124:100:1",0.907364117121307,0.088377701662577,NA,NA
"1500:124:100:2",2.68965970028912,0.699672941103701,NA,NA
"1500:124:101:1",4.02566218471795,2.86096081855321,NA,NA
"1500:111:392:4",NA,0.677955918197237,NA,NA
"1500:111:394:3",NA,0.095756485621079,NA,NA
"1500:111:394:4",NA,0.159913330987201,NA,NA
"1500:111:495:3",NA,NA,NA,NA
"1500:111:495:4",0.051782304181282,0.054189694194971,NA,NA
"1500:111:496:3",0.21571241508097,0.292106391626466,0.06140690411826,NA
"1500:111:496:4",0.978470928263139,0.334149991995185,0.171664624260941,NA
"1500:111:497:3",0.23365110049492,0.034513797948112,0.04093793607884,NA
"1500:111:497:4",0.040582051415157,0.463127435036872,NA,NA
"1500:111:498:3",0.013933119219494,0.149719999455963,NA,NA
"1500:111:498:4",NA,0.553705711258529,NA,NA
"1500:111:499:3",NA,0.097924578192743,NA,NA
"1500:111:499:4",NA,0.020666347573667,NA,NA
"1500:112:390:3",0.00680493936756,NA,NA,NA
"1500:112:390:4",0.100957816134555,NA,NA,NA
"1500:112:391:3",0.494089944245911,0.045974629337085,NA,NA
"1500:112:391:4",1.07561032750966,0.043868619044063,0.019966389053702,NA
"1500:112:392:3",1.26192202478442,NA,NA,NA
"1500:112:392:4",0.769668951901457,NA,NA,NA
"1500:112:393:3",0.66387335417348,NA,NA,NA
"1500:112:393:4",0.534797041395922,NA,NA,NA
"1500:112:394:3",0.274822834563124,NA,NA,NA
"1500:112:394:4",0.413364599151341,0.043696151437358,NA,NA
"1500:112:495:3",0.580381225491447,NA,NA,NA
"1500:112:495:4",1.60522074955324,NA,NA,NA
"1500:112:496:3",2.21368271285692,NA,NA,NA
"1500:112:496:4",5.04939060599673,NA,NA,0.273824164323603
"1500:112:497:3",2.83138742075592,NA,NA,NA
"1500:112:497:4",2.80855794322358,NA,NA,NA
"1500:112:498:3",2.45663496978378,NA,NA,NA
"1500:112:498:4",2.15174156413691,NA,NA,NA
"1500:112:499:3",2.18256959188566,NA,NA,NA
"1500:112:499:4",2.07476032368286,NA,NA,NA
"1500:113:390:3",1.22594258855801,NA,NA,NA
"1500:113:390:4",1.07973341456375,0.049522304962339,NA,NA
"1500:113:391:3",1.47609110336234,0.611014738670892,NA,NA
"1500:113:391:4",1.36989693328454,NA,NA,NA
"1500:113:392:3",1.4013305350404,NA,NA,NA
"1500:113:392:4",1.51044663939231,NA,NA,NA
"1500:113:393:3",1.29462965299269,NA,NA,NA
"1500:113:393:4",1.46234504120483,NA,NA,NA
"1500:113:394:3",1.67327379910222,NA,NA,NA
"1500:113:394:4",1.66635097796488,NA,NA,NA
"1500:113:495:3",2.26187246963926,NA,NA,NA
"1500:113:495:4",2.03138664772442,NA,NA,NA
"1500:113:496:3",1.85016999003201,NA,NA,NA
"1500:113:496:4",0.277438595810992,NA,NA,NA
"1500:113:497:3",0.107361665232686,NA,NA,NA
"1500:113:497:4",0.03427901551572,NA,NA,NA
"1500:113:498:3",0.036568660319116,NA,NA,NA
"1500:113:498:4",0.147943274331197,NA,NA,NA
"1500:113:499:3",0.706855838583689,0.04401982663319,NA,NA
"1500:111:393:1",NA,NA,NA,NA
"1500:111:393:2",NA,NA,NA,NA
"1500:111:394:1",NA,0.159923611641989,NA,NA
"1500:111:394:2",NA,0.269142952579568,NA,NA
"1500:111:495:1",NA,0.08390042879296,NA,NA
"1500:111:495:2",0.033825439195088,NA,NA,NA
"1500:111:496:1",1.11309867298487,0.116171311184586,0.109916160565535,NA
"1500:111:496:2",1.2678854901211,0.037910311142492,0.118808829708672,NA
"1500:111:497:1",0.930193923224904,1.0196903412276,0.102230794093122,NA
"1500:111:497:2",0.225442939945601,1.0915479404382,NA,NA
"1500:111:498:1",0.083844509934582,0.396142835548802,NA,NA
"1500:111:498:2",0.01602170830212,0.33454936862002,NA,NA
"1500:111:499:1",NA,NA,NA,NA
"1500:111:499:2",NA,NA,NA,NA
"1500:112:390:1",0.008960314673482,NA,NA,NA
"1500:112:390:2",0.468811206890794,NA,NA,NA
"1500:112:391:1",0.680757691158323,0.029340282547378,NA,NA
"1500:112:391:2",1.29211162738165,NA,NA,NA
"1500:112:392:1",0.388949419485573,0.006750947292677,NA,NA
"1500:112:392:2",1.1780626866417,NA,NA,0.273519033365794
"1500:112:393:1",0.893100372812665,NA,NA,NA
"1500:112:393:2",0.673232032829604,NA,NA,NA
"1500:112:394:1",1.03164446341257,NA,NA,0.273519033365794
"1500:112:394:2",0.750821620903911,0.029098306285896,NA,NA
"1500:112:495:1",1.27499885261528,NA,NA,NA
"1500:112:495:2",1.18523827324919,NA,NA,NA
"1500:112:496:1",1.29800800845796,NA,NA,0.268803187962936
"1500:112:496:2",1.07592270263146,NA,NA,0.273519033365794
"1500:112:497:1",2.08786613460997,NA,NA,0.290733850173122
"1500:112:497:2",0.952829151105954,NA,NA,NA
"1500:112:498:1",0.928910540435866,NA,NA,NA
"1500:112:498:2",0.70790770054892,NA,NA,NA
"1500:112:499:1",1.05266259189707,NA,NA,NA
"1500:112:499:2",0.809847381549051,NA,NA,NA
"1500:113:390:1",1.03581549257084,NA,NA,NA
"1500:113:390:2",0.700642783677207,0.857864014002346,NA,NA
"1500:113:391:1",1.49490095103775,0.032654765943061,NA,NA
"1500:113:391:2",1.45112115229448,NA,NA,NA
"1500:113:392:1",1.27340463280078,NA,NA,NA
"1500:113:392:2",1.02873882219042,NA,NA,NA
"1500:113:393:1",1.35124854434678,NA,NA,NA
"1500:113:393:2",1.6121395686418,NA,NA,NA
"1500:113:394:1",2.47871698639033,NA,NA,NA
"1500:113:394:2",1.65084795190623,NA,NA,NA
"1500:113:495:1",1.5304707722243,NA,NA,NA
"1500:113:495:2",0.279637378904143,NA,NA,NA
"1500:113:496:1",0.145084913242478,NA,NA,NA
"1500:113:496:2",0.449613212254454,NA,NA,NA
"1500:113:497:1",0.340562893996349,0.014549153142948,NA,NA
"1500:113:497:2",0.24957038777264,0.029098306285896,NA,NA
"1500:113:498:1",0.258604132972199,0.052053636800325,NA,NA
"1500:113:498:2",0.794245651999349,NA,NA,NA
"1500:113:499:1",2.88842923784001,0.273753967332778,NA,NA
"1500:113:499:2",3.65977024573624,0.24219126466372,NA,NA
"1500:111:383:3",NA,0.535042966424578,NA,NA
"1500:111:383:4",NA,0.216883488175677,NA,NA
"1500:111:384:3",NA,NA,NA,NA
"1500:111:384:4",NA,NA,NA,NA
"1500:111:485:3",NA,NA,NA,NA
"1500:111:485:4",NA,NA,NA,NA
"1500:111:486:3",0.595261481034739,NA,NA,NA
"1500:111:486:4",1.03883799137251,1.2310657866798,0.035695071065807,NA
"1500:111:487:3",0.375045455289378,3.59559280009031,0.066545029583639,NA
"1500:111:487:4",0.247067761753345,1.96832242248675,NA,NA
"1500:111:488:3",0.023862842361027,0.411217829690959,NA,NA
"1500:111:488:4",NA,NA,NA,NA
"1500:111:489:3",NA,NA,NA,NA
"1500:111:489:4",NA,NA,NA,NA
"1500:112:380:3",0.223357864796904,NA,NA,NA
"1500:112:380:4",1.19968739385442,0.044976404366631,NA,0.081063494641035
"1500:112:381:3",0.990033885333105,0.039071020585041,NA,NA
"1500:112:381:4",0.601314191499222,0.069272083515966,NA,0.119968012574651
"1500:112:382:3",1.00279183876069,0.567945220870097,NA,0.744159423939262
"1500:112:382:4",1.47369545726403,0.471748282639038,NA,0.381691227123553
"1500:112:383:3",1.43291958328229,0.06272977537931,NA,NA
"1500:112:383:4",1.25527586286836,0.032096430259676,NA,NA
"1500:112:384:3",2.21065475188529,0.05039642486286,NA,NA
"1500:112:384:4",2.0696591535174,0.062921316164257,NA,NA
"1500:112:485:3",1.37241681005641,NA,NA,NA
"1500:112:485:4",1.56587454230675,NA,NA,NA
"1500:112:486:3",1.80414935804928,NA,NA,NA
"1500:112:486:4",2.34739840523269,NA,NA,NA
"1500:112:487:3",2.02190609853896,NA,NA,NA
"1500:112:487:4",1.64669469806968,NA,NA,NA
"1500:112:488:3",1.51106136092304,NA,NA,NA
"1500:112:488:4",1.56203544492049,NA,NA,NA
"1500:112:489:3",1.5105913818938,NA,NA,NA
"1500:112:489:4",1.03066967470144,NA,NA,NA
"1500:113:380:3",1.13275111509194,NA,NA,NA
"1500:113:380:4",1.17373771655031,0.742167900456693,NA,NA
"1500:113:381:3",1.41686381130321,NA,NA,NA
"1500:113:381:4",1.13844672536709,NA,NA,NA
"1500:113:382:3",1.19809927825514,NA,NA,NA
"1500:113:382:4",1.40013539740038,NA,NA,NA
"1500:113:383:3",1.52819085047571,NA,NA,NA
"1500:113:383:4",1.81481845557044,NA,NA,NA
"1500:113:384:3",1.08943420000275,NA,NA,NA
"1500:113:384:4",0.185933497914716,NA,NA,NA
"1500:113:485:3",0.308264962546914,NA,NA,NA
"1500:113:485:4",0.341417318581344,NA,NA,NA
"1500:113:486:3",0.500251901834208,0.097661556122253,NA,NA
"1500:113:486:4",0.514951697195773,0.102861129712095,NA,NA
"1500:113:487:3",1.24476635256974,0.033910262542449,NA,NA
"1500:113:487:4",2.10526102541176,0.092345696931124,NA,NA
"1500:113:488:3",3.28831309336495,0.212246818046181,NA,NA
"1500:113:488:4",7.32074965726958,0.835906809025677,0.001889515056048,NA
"1500:113:489:3",9.40168117334674,1.9105661620683,NA,NA
"1500:113:489:4",4.84290251327723,0.361861116784298,NA,NA
"1500:114:380:3",2.19588129812506,0.030602934448105,NA,NA
"1500:111:382:2",NA,0.677118663617375,NA,NA
"1500:111:383:1",NA,2.39214191590892,NA,NA
"1500:111:383:2",NA,2.46400623028225,NA,NA
"1500:111:384:1",NA,2.38728557973453,NA,NA
"1500:111:384:2",0.032837682905566,1.11634966187276,NA,NA
"1500:111:485:1",0.025804849408934,NA,NA,NA
"1500:111:485:2",0.09880212847045,NA,NA,NA
"1500:111:486:1",0.106839885552252,NA,0.010200369530957,NA
"1500:111:486:2",0.620506488785791,5.46387900516805,0.089996267306932,NA
"1500:111:487:1",0.428237133300034,5.32163980487025,0.088519084491432,NA
"1500:111:487:2",0.216103375664482,1.69406773066033,0.020400739061915,NA
"1500:111:488:1",0.007945448864455,0.90000554290652,NA,NA
"1500:111:488:2",NA,0.203172482435447,NA,NA
"1500:111:489:1",NA,0.012557407432404,NA,NA
"1500:111:489:2",NA,0.002089951649591,NA,NA
"1500:112:380:1",1.27791749372951,0.015803794775037,NA,0.193991065945983
"1500:112:380:2",1.20884510278978,0.082003166448315,NA,0.860321717344993
"1500:112:381:1",1.07794874127266,0.192136378669874,NA,0.22088743525207
"1500:112:381:2",1.85583818575462,3.47673156659533,NA,2.66363012064185
"1500:112:382:1",1.05668511768184,2.4016048700608,NA,2.2406157687772
"1500:112:382:2",0.747006263822099,0.796211591874063,NA,0.322941850622416
"1500:112:383:1",1.86096842182944,0.449342053655393,NA,NA
"1500:112:383:2",1.35095002100708,0.152288764112708,NA,NA
"1500:112:384:1",1.71486817998931,NA,NA,0.2682060598907
"1500:112:384:2",1.38599574422991,0.02903366636972,NA,NA
"1500:112:485:1",1.50551409196767,NA,NA,0.272911429362466
"1500:112:485:2",2.21944190403415,NA,NA,NA
"1500:112:486:1",1.61379571008905,NA,NA,NA
"1500:112:486:2",2.22910315841348,NA,NA,0.283149415921268
"1500:112:487:1",2.41253406776091,NA,NA,NA
"1500:112:487:2",1.27486702325735,NA,NA,NA
"1500:112:488:1",1.05028905631533,NA,NA,NA
"1500:112:488:2",2.63670529054746,NA,NA,NA
"1500:112:489:1",2.20206545177373,NA,NA,NA
"1500:112:489:2",1.50882258611506,NA,NA,NA
"1500:113:380:1",0.835750965137117,0.054411241418808,NA,NA
"1500:113:380:2",0.968711281624114,0.777385634086185,NA,NA
"1500:113:381:1",1.37251744747821,NA,NA,NA
"1500:113:381:2",1.90091996513808,NA,NA,NA
"1500:113:382:1",1.57553456699317,NA,NA,NA
"1500:113:382:2",1.60598192917123,NA,NA,NA
"1500:113:383:1",0.952139962159312,NA,NA,NA
"1500:113:383:2",0.273303375378657,NA,NA,NA
"1500:113:384:1",0.17717537060826,NA,NA,NA
"1500:113:384:2",0.097838271726121,NA,NA,NA
"1500:113:485:1",0.33416463982991,NA,NA,NA
"1500:113:485:2",0.135968948626574,NA,NA,NA
"1500:113:486:1",0.512264881770654,NA,NA,NA
"1500:113:486:2",1.01569555103164,NA,NA,NA
"1500:113:487:1",3.30687012913225,0.074009048741688,NA,NA
"1500:113:487:2",5.49516855668606,0.174940229706802,NA,0.29866848607811
"1500:113:488:1",5.91928527868102,0.675438552360134,NA,NA
"1500:113:488:2",4.75522837778873,0.941175737620159,0.001854875386431,NA
"1500:111:370:3",NA,NA,NA,NA
"1500:111:371:4",NA,1.16971942200717,NA,NA
"1500:111:372:3",NA,2.18987291318791,NA,NA
"1500:111:372:4",NA,2.57872676333962,NA,NA
"1500:111:373:3",NA,1.03686916998198,NA,NA
"1500:111:373:4",0.057522819028807,3.64000300090721,NA,NA
"1500:111:374:3",0.083887972997933,2.86369037593981,NA,NA
"1500:111:374:4",0.089749505970495,0.131080845799132,NA,NA
"1500:111:475:3",0.021498707621862,0.03813260968702,NA,NA
"1500:111:475:4",0.051481139070164,NA,NA,NA
"1500:111:476:3",0.011904963855514,0.425245025289312,NA,NA
"1500:111:476:4",0.253134834603613,6.08499204496428,NA,NA
"1500:111:477:3",0.199167239851164,6.420885374114,0.050280692300245,NA
"1500:111:477:4",0.167973454771359,1.33654132322064,0.040909268604964,NA
"1500:111:478:3",0.029744570032608,0.840048862702397,0.013032814071418,NA
"1500:111:478:4",0.035679212354187,0.278256847854409,NA,NA
"1500:111:479:3",0.048052012965657,0.03278470072719,NA,NA
"1500:111:479:4",NA,NA,NA,NA
"1500:112:370:3",1.37766423259145,0.005497761508495,NA,0.982573609200737
"1500:112:370:4",1.98948880147203,0.011310708448794,NA,0.011934232063168
"1500:112:371:3",1.69661624994679,3.37472005441232,NA,0.536034883311671
"1500:112:371:4",1.88160841835537,2.41326512124407,NA,3.28624623005
"1500:112:372:3",1.29821977031901,1.8229813108834,NA,0.641893669728218
"1500:112:372:4",2.18514974334721,1.38705951914991,NA,NA
"1500:112:373:3",1.76545723127709,NA,NA,NA
"1500:112:373:4",2.59295941390041,NA,NA,NA
"1500:112:374:3",2.33542413644297,NA,NA,NA
"1500:112:374:4",1.65090472209227,0.019334324711253,NA,0.298337458520652
"1500:112:475:3",2.02850354952003,0.009667162355626,NA,NA
"1500:112:475:4",1.91209254609775,NA,NA,0.26790879519409
"1500:112:476:3",2.11587451076387,NA,NA,NA
"1500:112:476:4",2.28772299140616,NA,NA,0.26790879519409
"1500:112:477:3",2.17755899778547,NA,NA,NA
"1500:112:477:4",1.22879587640701,NA,NA,NA
"1500:112:478:3",1.24869610800249,NA,NA,NA
"1500:112:478:4",1.73077070729453,NA,NA,NA
"1500:112:479:3",1.76422782743989,NA,NA,NA
"1500:112:479:4",1.3763716083134,0.106607318199547,NA,NA
"1500:113:370:3",1.19921485045274,0.074544563053386,NA,NA
"1500:113:370:4",1.55178836803989,0.532308197167465,NA,NA
"1500:113:371:3",1.84624407226106,NA,NA,NA
"1500:113:371:4",1.87201850978854,NA,NA,NA
"1500:113:372:3",1.69671711272816,NA,NA,NA
"1500:113:372:4",0.637711505176056,NA,NA,NA
"1500:113:373:3",0.008853730473076,NA,NA,NA
"1500:113:373:4",0.096345032788662,NA,NA,NA
"1500:113:374:3",0.38543816484045,NA,NA,NA
"1500:113:374:4",0.259076934089834,NA,NA,NA
"1500:113:475:3",0.390069469856307,NA,NA,NA
"1500:113:475:4",1.36683881100075,NA,NA,NA
"1500:113:476:3",1.81896337077806,NA,NA,NA
"1500:113:476:4",5.48462343324446,0.096624403019702,0.002827987727494,NA
"1500:113:477:3",4.98645292852165,0.38905877813004,NA,NA
"1500:113:477:4",3.35505191896757,0.105658879344489,NA,NA
"1500:113:478:3",1.24477647359723,0.015467459769002,NA,NA
"1500:111:370:1",NA,0.273214859150582,NA,NA
"1500:111:370:2",NA,0.645959919919963,NA,NA
"1500:111:371:1",NA,1.192394663932,NA,NA
"1500:111:371:2",NA,1.02733599913219,NA,NA
"1500:111:372:1",NA,0.454849889562574,NA,NA
"1500:111:372:2",NA,0.763117815454722,NA,NA
"1500:111:373:1",0.027106133029584,1.19363212855172,NA,NA
"1500:111:373:2",0.269071688813686,0.997722836241953,NA,NA
"1500:111:374:1",0.061794554401982,0.316593334467847,NA,NA
"1500:111:374:2",0.171654344984917,0.164391910305224,NA,NA
"1500:111:475:2",NA,0.115854941973748,NA,NA
"1500:111:476:1",0.009562273808889,0.030284658258606,NA,NA
"1500:111:476:2",0.016027564138895,0.798082795425109,NA,NA
"1500:111:477:1",0.039602532136248,3.37098493332198,NA,NA
"1500:111:477:2",0.035539407515788,1.89506845838416,0.047679800091996,NA
"1500:111:478:1",0.081425236237398,0.614856081242212,NA,NA
"1500:111:478:2",0.273854425382164,0.144344387371145,NA,NA
"1500:111:479:1",0.678077611898424,0.008957561653569,NA,NA
"1500:111:479:2",1.47104112462254,0.000664392503421,NA,NA
"1500:112:370:1",2.03469593212879,NA,NA,NA
"1500:112:370:2",2.60153890726263,1.75718179920264,NA,0.095161505248146
"1500:112:371:1",2.6340114029113,2.51940769957635,NA,0.302518289791332
"1500:112:371:2",2.6482129180015,0.455643021714478,NA,3.35307218973305
"1500:112:372:1",1.58731845865699,3.54770938709892,NA,5.20746942396751
"1500:112:372:2",1.97513231011691,0.052181097486461,NA,NA
"1500:112:373:1",0.463195269659743,0.001981642333048,NA,0.267612392284152
"1500:112:373:2",2.85957148669647,0.020636263823988,0.016272993899472,0.267612392284152
"1500:112:374:1",1.87784587830545,NA,NA,NA
"1500:112:374:2",2.32303941870331,NA,NA,0.283107021098741
"1500:112:475:1",3.01203952825351,NA,NA,NA
"1500:112:475:2",2.40344684457445,NA,NA,NA
"1500:112:476:1",1.32888005292766,NA,NA,NA
"1500:112:476:2",2.36339227187929,NA,NA,NA
"1500:112:477:1",2.10321406731066,NA,NA,NA
"1500:112:477:2",1.69913875638933,NA,NA,NA
"1500:112:478:1",1.34451589714791,NA,NA,NA
"1500:112:478:2",2.99287478979409,NA,NA,NA
"1500:112:479:1",1.71528086107169,0.129074775805502,NA,NA
"1500:112:479:2",1.77900200472156,0.09162914259177,NA,NA
"1500:113:370:1",1.10950633493022,0.152089355531421,NA,NA
"1500:113:370:2",1.95564295858777,0.179886185589998,NA,NA
"1500:113:371:1",1.97741131090889,NA,NA,NA
"1500:113:371:2",1.69626489333579,NA,NA,NA
"1500:113:372:1",0.837729782349054,NA,NA,NA
"1500:113:372:2",0.148494519532307,NA,NA,NA
"1500:113:373:1",0.454072031282062,NA,NA,NA
"1500:113:373:2",0.457313806032082,NA,NA,NA
"1500:113:374:1",0.42058073228529,0.036050810200041,NA,NA
"1500:113:374:2",0.573896518176081,NA,NA,NA
"1500:113:475:1",1.21030999853895,NA,NA,NA
"1500:113:475:2",1.95644881998319,0.015450347228589,NA,NA
"1500:113:476:1",2.57082257507828,0.015450347228589,0.232590620057552,NA
"1500:113:476:2",3.41833158199805,0.141113171354444,0.023308565326919,NA
"1500:111:360:4",NA,0.053830002318475,NA,NA
"1500:111:361:3",NA,0.12998948708017,NA,NA
"1500:111:361:4",NA,0.06609128062435,NA,NA
"1500:111:362:3",NA,0.038048355279112,NA,NA
"1500:111:362:4",NA,0.146720096587763,NA,NA
"1500:111:363:3",NA,0.053830002318475,NA,NA
"1500:111:363:4",NA,0.036621541956145,NA,NA
"1500:111:364:3",0.044507066105056,0.190468254700794,NA,NA
"1500:111:364:4",0.053382767941412,0.049938466303835,NA,NA
"1500:111:465:3",NA,0.035886668212317,NA,NA
"1500:111:465:4",NA,NA,NA,NA
"1500:111:466:3",0.027681272279945,NA,NA,NA
"1500:111:466:4",0.013840636139973,0.293307687922137,0.019669943086928,NA
"1500:111:467:3",0.035662795220671,0.879502516200769,0.016391619239106,NA
"1500:111:467:4",0.015838212947828,1.84287660442467,NA,NA
"1500:111:468:3",0.082043938548206,2.1402824974483,0.058434817295722,NA
"1500:111:468:4",1.11423919086385,NA,0.010166551162426,NA
"1500:111:469:3",1.28700190689496,NA,NA,NA
"1500:111:469:4",1.95794939235227,NA,NA,NA
"1500:112:360:3",1.55660168613924,0.00607261560263,NA,NA
"1500:112:360:4",2.6833103742383,1.45631681725639,NA,0.566910209225906
"1500:112:361:3",1.37754888208669,0.288040251368047,NA,4.46992841658497
"1500:112:361:4",1.96474364816142,4.16978168703435,NA,16.3902224349741
"1500:112:362:3",1.42449358861639,1.31227833541796,NA,4.21855855866918
"1500:112:362:4",0.612659175310212,0.004860408785955,NA,0.054067205681847
"1500:112:363:3",1.54075235843967,0.012837419121032,NA,0.621673976704051
"1500:112:363:4",1.6177989350709,0.344665386832897,NA,0.572677048165017
"1500:112:364:3",2.60291047800125,0.885708744518869,NA,0.539323464966607
"1500:112:364:4",2.84931416181955,0.020406759526222,NA,NA
"1500:112:465:3",2.04682564788715,NA,NA,NA
"1500:112:465:4",1.96669399808219,NA,NA,NA
"1500:112:466:3",1.73474116519669,NA,NA,NA
"1500:112:466:4",2.13389733165812,NA,NA,NA
"1500:112:467:3",1.61727730890458,NA,NA,NA
"1500:112:467:4",1.29115601698582,NA,NA,NA
"1500:112:468:3",0.817459698242599,NA,NA,NA
"1500:112:468:4",1.58401870729602,0.243181402548304,NA,NA
"1500:112:469:3",1.64454712829523,0.052408861104505,NA,NA
"1500:112:469:4",1.97938243154938,NA,NA,NA
"1500:113:360:3",1.58342634683316,0.074754970593849,NA,NA
"1500:113:360:4",1.87384462576521,NA,NA,NA
"1500:113:361:3",2.11332302547293,NA,NA,NA
"1500:113:361:4",2.0575578817435,NA,NA,NA
"1500:113:362:3",1.18729001974499,NA,NA,NA
"1500:113:362:4",0.518003249253545,NA,NA,NA
"1500:113:363:3",1.36067957243678,0.042441531691992,NA,NA
"1500:113:363:4",1.03703990068643,0.06269771727226,NA,NA
"1500:113:364:3",0.96124382426763,0.122983983880202,NA,NA
"1500:113:364:4",0.713663203913784,0.040994661293401,NA,NA
"1500:113:465:3",1.9867002195378,0.424415316919914,NA,NA
"1500:113:465:4",4.96268549110765,0.752256857635234,NA,NA
"1500:113:466:3",3.79997828619991,0.157519529912734,NA,NA
"1500:113:466:4",2.52874431265986,0.133835511869632,NA,NA
"1500:110:469:1",NA,NA,NA,NA
"1500:111:360:2",NA,NA,NA,NA
"1500:111:361:1",NA,NA,0.04311701281484,NA
"1500:111:361:2",NA,0.004779614248456,0.036221496168271,NA
"1500:111:362:1",NA,0.027184056038094,0.079678541684132,NA
"1500:111:362:2",NA,NA,NA,NA
"1500:111:363:1",NA,0.050358494433581,NA,NA
"1500:111:363:2",NA,0.319366965821593,NA,NA
"1500:111:364:1",NA,NA,NA,NA
"1500:111:364:2",NA,NA,NA,NA
"1500:111:465:1",NA,NA,NA,NA
"1500:111:465:2",NA,NA,NA,NA
"1500:111:466:1",NA,0.053211755522422,NA,NA
"1500:111:466:2",0.007910376476125,0.241612787994611,NA,NA
"1500:111:467:1",0.038608672718008,2.72867350515011,NA,0.810435674378234
"1500:111:467:2",0.104490944293235,4.19951542469725,0.03695691250707,NA
"1500:111:468:1",1.18879710396668,1.68624256716373,0.01015534358876,NA
"1500:111:468:2",2.36505763004739,NA,NA,0.80575107510437
"1500:111:469:1",2.05441424900152,NA,NA,0.543413515768064
"1500:111:469:2",1.5133664876774,NA,NA,0.271706757884031
"1500:112:360:1",2.2960872001108,0.0428186710428,NA,0.365120090900669
"1500:112:360:2",4.09639703648421,0.268250043487253,NA,1.79338856755785
"1500:112:361:1",1.93571159948326,3.57112508623556,NA,17.8870271857861
"1500:112:361:2",1.3874322213943,1.35359332315774,NA,4.85089025279121
"1500:112:362:1",1.10334627322784,0.060247312144105,NA,0.481679947142191
"1500:112:362:2",1.52726605186559,0.201509573548578,NA,9.99658278761481
"1500:112:363:1",1.97760471195363,1.13215375004746,NA,4.11669445873951
"1500:112:363:2",2.30538857277067,0.802942606744505,NA,1.14855590432425
"1500:112:364:1",1.30950716267315,0.06458094445603,NA,NA
"1500:112:364:2",1.80623879694083,0.091078705622784,NA,0.271706757884031
"1500:112:465:1",2.84820125236197,0.014880612140939,NA,3.2808666928756
"1500:112:465:2",1.63986034954284,NA,NA,1.20135589169818
"1500:112:466:1",1.79170424121787,NA,NA,0.600677945849091
"1500:112:466:2",1.97723492093855,NA,NA,NA
"1500:112:467:1",1.84563273372975,NA,NA,NA
"1500:112:467:2",1.34264624819782,NA,NA,NA
"1500:112:468:1",1.14080709713604,0.252762604168813,NA,NA
"1500:112:468:2",0.88181105278967,NA,NA,NA
"1500:112:469:1",0.867620490285161,NA,NA,NA
"1500:112:469:2",3.10550763867828,NA,NA,NA
"1500:113:360:1",3.33744454923253,0.097315208466519,NA,NA
"1500:113:360:2",3.40270084758723,NA,NA,NA
"1500:113:361:1",2.47898347324001,NA,NA,NA
"1500:113:361:2",0.227769232206989,NA,NA,NA
"1500:113:362:1",0.310125147511753,NA,NA,NA
"1500:113:362:2",0.742946211019456,0.034686608958363,NA,NA
"1500:113:363:1",1.794145125497,0.153520361871274,NA,NA
"1500:113:363:2",2.5023691987558,0.541996107880267,NA,NA
"1500:113:364:1",4.50025009196354,0.486094283874839,0.000923343845846,NA
"1500:113:364:2",7.40327328461878,0.724106700828386,NA,NA
"1500:113:465:1",5.9571948770979,1.38923080601296,NA,NA
"1500:113:465:2",2.55370688472835,0.601834076914611,NA,NA
"1500:113:466:1",2.42690362771974,0.247816550669194,NA,NA
"1500:113:466:2",2.40909296186764,0.074078392187467,0.003256001982721,NA
"1500:113:468:1",NA,NA,NA,NA
"1500:113:468:2",NA,NA,NA,NA
"1500:111:350:4",NA,NA,0.016944330468149,NA
"1500:111:351:3",NA,NA,0.003543698456981,NA
"1500:111:351:4",NA,NA,NA,NA
"1500:111:352:3",NA,NA,NA,NA
"1500:111:352:4",NA,NA,NA,NA
"1500:111:353:3",NA,0.037964587764153,NA,NA
"1500:111:353:4",0.018107997682097,0.012654862588051,NA,NA
"1500:111:354:3",0.604746159535326,0.062411707852506,NA,NA
"1500:111:354:4",0.190511813535728,0.006266340479376,NA,NA
"1500:111:455:3",0.067514748142848,NA,NA,NA
"1500:111:455:4",0.291423019536251,0.027452539242979,NA,NA
"1500:111:456:3",0.049383639233122,0.311055316766802,NA,NA
"1500:111:456:4",0.013810164502332,2.73583594305047,NA,NA
"1500:111:457:3",0.721288419673728,2.12001052160775,0.019626637607895,0.572112073015994
"1500:111:457:4",2.25535259361072,0.933352678838761,0.007585324733886,NA
"1500:111:458:3",1.73895687145824,NA,NA,NA
"1500:111:458:4",4.91691597084981,NA,NA,0.84847129472711
"1500:111:459:3",2.40023204995143,NA,NA,0.29249253761485
"1500:111:459:4",2.04598060513217,0.004710291417968,NA,0.099036616832006
"1500:112:350:3",2.42921170475496,0.095219659650564,NA,1.31896253402339
"1500:112:350:4",2.70094483184394,2.34042617706196,NA,2.51481186219826
"1500:112:351:3",2.76069268837501,0.791134102443465,NA,1.56855609999799
"1500:112:351:4",1.40221326049626,0.030382324805053,0.019790192921294,2.689149744454
"1500:112:352:3",2.65206206405044,0.798343746702861,NA,31.9075968725123
"1500:112:352:4",2.61258004327251,1.10209982018436,NA,13.4687695092955
"1500:112:353:3",1.45978474966419,0.037179064912551,NA,1.39238791821648
"1500:112:353:4",1.15517733767263,0.275651865145676,NA,0.604475286896211
"1500:112:354:3",3.74867117747962,0.584366577581856,NA,0.059099173913967
"1500:112:354:4",1.62383133855466,0.118326156855827,NA,3.96375024975103
"1500:112:455:3",3.29972435466762,0.012717672544244,NA,2.39211826044502
"1500:112:455:4",2.01338905106004,0.013091124141327,NA,0.300008473007612
"1500:112:456:3",2.43267987422966,0.034173744388239,NA,NA
"1500:112:456:4",1.56462105380426,NA,NA,NA
"1500:112:457:3",2.22340867269309,NA,NA,6.8680039412e-05
"1500:112:457:4",1.0053714720523,0.218156838246928,NA,0.386030222371056
"1500:112:458:3",1.66094997406432,NA,NA,0.009134445241787
"1500:112:458:4",2.15481296950035,NA,NA,NA
"1500:112:459:3",2.23896957980951,NA,NA,NA
"1500:112:459:4",2.77243753420657,NA,NA,NA
"1500:113:350:3",1.66453295890029,0.043310548769611,NA,NA
"1500:113:350:4",1.86393125388576,0.024061415983117,NA,0.300008473007612
"1500:113:351:3",1.20607864043528,0.077958987785299,NA,NA
"1500:113:351:4",2.20489646329319,0.034648439015689,NA,NA
"1500:113:352:3",2.28953233221146,0.261371141352607,NA,NA
"1500:113:352:4",3.01423591964471,0.63085606004528,NA,NA
"1500:113:353:3",4.85524373257948,0.228922603226803,NA,NA
"1500:113:353:4",4.88874145056309,0.026948785901091,NA,NA
"1500:113:354:3",4.31771106952476,0.089283894241353,NA,NA
"1500:113:354:4",1.20311026643128,0.810077697021603,NA,NA
"1500:110:456:2",NA,NA,NA,NA
"1500:110:457:1",NA,NA,0.008441075533446,NA
"1500:110:458:1",NA,NA,1.04751640390017,NA
"1500:110:458:2",NA,NA,0.797669898839728,NA
"1500:110:459:1",NA,NA,1.29121293323483,NA
"1500:110:459:2",NA,0.016016079924053,0.020581442694682,NA
"1500:111:350:1",NA,0.032032159848106,NA,NA
"1500:111:350:2",NA,NA,NA,NA
"1500:111:351:1",NA,NA,NA,NA
"1500:111:351:2",NA,NA,NA,NA
"1500:111:352:1",NA,NA,NA,NA
"1500:111:352:2",NA,NA,NA,NA
"1500:111:353:1",NA,NA,NA,NA
"1500:111:353:2",NA,NA,NA,NA
"1500:111:354:1",0.194675590451122,0.088760717477016,NA,NA
"1500:111:354:2",0.374657400450464,0.18891606847493,NA,NA
"1500:111:455:1",0.298813944660385,0.185305309947664,NA,NA
"1500:111:455:2",0.445066059250432,0.079403532668092,NA,NA
"1500:111:456:1",0.16370707274474,0.362785587348464,0.016337565548604,NA
"1500:111:456:2",0.284790533894919,NA,NA,NA
"1500:111:457:1",4.23449366703384,0.132498346429455,NA,0.28719921521826
"1500:111:457:2",3.80593162497649,NA,NA,0.022060068834109
"1500:111:458:1",2.47877096599812,NA,NA,0.282247504611049
"1500:111:458:2",2.97230184632629,NA,NA,0.082325517095369
"1500:111:459:1",2.01979711076862,NA,NA,0.073921453891883
"1500:111:459:2",1.96575449501168,0.087040161830231,NA,0.731907187650979
"1500:112:350:1",2.17312820395897,1.14559976144157,NA,0.537497396492221
"1500:112:350:2",1.68505240311661,0.170134589529965,NA,0.565596292693052
"1500:112:351:1",1.68369455720262,0.255519424004744,NA,8.76164205081339
"1500:112:351:2",2.52318437079047,1.03005885224025,NA,33.2726397446595
"1500:112:352:1",3.17638960586431,0.34380493010326,NA,9.68074875621688
"1500:112:352:2",1.73228321424688,0.619166115760688,NA,1.20371035934693
"1500:112:353:1",1.94219869430851,1.64637716346944,NA,3.26821925778985
"1500:112:353:2",1.64359743452373,0.624108695134915,NA,0.89903678291472
"1500:112:354:1",1.69994941676771,0.044114231142676,NA,2.39743142110592
"1500:112:354:2",2.37030524575404,0.03178153499904,NA,2.09775249346768
"1500:112:455:1",2.43206219932351,NA,NA,0.29967892763824
"1500:112:455:2",1.69659102756221,0.07689727558696,NA,0.5868781428565
"1500:112:456:1",1.78004219047897,0.039556379743783,NA,0.865793187889964
"1500:112:456:2",0.91421803402033,0.116649796951152,NA,NA
"1500:112:457:1",1.42991794614112,0.181277202771159,NA,NA
"1500:112:457:2",1.36092684132152,0.019227988508432,NA,0.565500155077038
"1500:112:458:1",1.43698821526223,0.025637318011242,NA,0.743607360740335
"1500:112:458:2",1.49111778743408,0.02403498563554,NA,1.59604810906876
"1500:112:459:1",1.86563716600805,0.038455977016863,NA,4.63162009416511
"1500:112:459:2",1.73451241078041,0.052876968398187,NA,4.47291758871449
"1500:113:350:1",1.29887372874384,0.063666006394585,NA,0.229962611086397
"1500:113:350:2",2.29182694355657,0.063772828552965,NA,0.223719592706665
"1500:113:351:1",2.73752438096903,0.055120233724171,NA,NA
"1500:113:351:2",2.50962370756066,0.528835420694721,NA,NA
"1500:113:352:1",3.95574540622018,0.643346876721976,NA,NA
"1500:113:352:2",5.11888884407362,0.825064441124133,NA,NA
"1500:113:353:1",7.21266259062477,0.536368173012079,NA,NA
"1500:113:353:2",1.90788380717689,0.011445763335946,NA,NA
"1500:113:354:1",4.09233698033296,0.040859475580417,NA,NA
"1500:110:247:3",0.548363829483618,NA,0.001631965159765,NA
"1500:110:247:4",0.204318671012064,NA,0.001631965159765,NA
"1500:110:248:3",0.02498644666489,NA,NA,NA
"1500:110:248:4",0.011125690537242,NA,NA,NA
"1500:110:249:3",0.032681715953149,0.03199703695671,0.008486218830778,NA
"1500:110:249:4",NA,0.007732617264538,0,NA
"1500:111:140:3",NA,NA,NA,NA
"1500:111:140:4",NA,NA,NA,NA
"1500:111:141:3",NA,NA,NA,NA
"1500:111:141:4",NA,NA,NA,NA
"1500:111:142:3",NA,NA,NA,NA
"1500:111:142:4",NA,0.047707313241478,NA,NA
"1500:111:143:3",NA,0.115459056063201,NA,NA
"1500:111:143:4",NA,0.140839834567877,NA,NA
"1500:111:144:3",NA,0.13862244146076,NA,NA
"1500:111:144:4",NA,0.053593660914377,NA,NA
"1500:111:245:3",0.058083977538849,0.170465865411152,NA,NA
"1500:111:245:4",0.204898498718035,NA,0.035903233514832,NA
"1500:111:246:3",0.239771415748815,NA,NA,NA
"1500:111:246:4",0.252530117842658,NA,NA,NA
"1500:111:247:3",1.48317317816121,0.008611930791254,0.009873389216579,0.370595412661071
"1500:111:247:4",2.16490596169857,NA,NA,0.445766792131087
"1500:111:248:3",1.52091075538565,NA,NA,1.07177150878396
"1500:111:248:4",3.7656193291092,0.012484488407468,NA,1.22590070480605
"1500:111:249:3",2.59116618017528,0.148053636887848,NA,1.44365043715235
"1500:111:249:4",3.92103782254821,0.976098430684629,NA,1.04077629005651
"1500:112:140:3",3.12366108815638,0.497522070282275,NA,2.54260322006604
"1500:112:140:4",2.84342966311174,1.15590133702946,NA,26.8096526728451
"1500:112:141:3",2.90734066903453,0.606126688728512,NA,22.0651514937438
"1500:112:141:4",2.77170413319371,0.118162279747862,NA,1.63470492919588
"1500:112:142:3",3.30886733544572,1.49906295921158,NA,3.3637977127618
"1500:112:142:4",2.47402020112336,1.76031813937755,NA,2.42514046770222
"1500:112:143:3",1.17680549968848,0.026200928777555,NA,0.2993503331732
"1500:112:143:4",0.988695042358844,0.000392491230161,NA,NA
"1500:112:144:3",2.55481225931557,0.002176429564379,NA,2.3948026653856
"1500:112:144:4",1.64884546639841,0.332757877921163,NA,0.5987006663464
"1500:112:245:3",1.67251557207188,1.10568037631733,NA,1.19241216047325
"1500:112:245:4",3.16704643722421,1.28865703560503,NA,7.86899520216726
"1500:112:246:3",1.80477154325557,0.148853515627508,NA,0.5987006663464
"1500:112:246:4",1.42925061864443,0.072025894658472,NA,0.893061827300046
"1500:112:247:3",3.01350224404076,NA,NA,NA
"1500:112:247:4",2.66301696109506,0.038413810484518,NA,3.87361160185253
"1500:112:248:3",3.68950915127447,0.070425319221617,NA,22.8735175357535
"1500:112:248:4",3.96188682620377,0.058901176076261,NA,20.3146104029362
"1500:112:249:3",2.09060061391391,0.203156674994259,NA,7.00948842314254
"1500:112:249:4",1.5325646731844,0.282128097002962,NA,0.270812368125228
"1500:113:140:3",1.91821599129724,0.063462816071298,NA,NA
"1500:113:140:4",2.77324842587181,0.182193501977196,NA,NA
"1500:113:141:3",3.35573556712791,0.550312590543067,NA,NA
"1500:113:141:4",5.36755719509282,0.407333644076084,NA,NA
"1500:113:142:3",3.58471787103072,0.777130593007046,NA,NA
"1500:113:142:4",4.15767233767586,0.415914841742205,NA,NA
"1500:113:143:3",4.22484974696698,0.24388519866939,NA,NA
"1500:113:143:4",4.02154857124553,0.258310605739954,NA,NA
"1500:113:144:3",7.70722703482907,0.440953155308055,NA,NA
"1500:113:144:4",5.57409661149084,0.057469165800064,NA,NA
"1500:114:141:3",NA,NA,NA,NA
"1500:110:249:1",NA,0.01598100765922,NA,NA
"1500:110:249:2",NA,NA,0.001630178928947,NA
"1500:111:140:1",NA,NA,0.00380375083421,NA
"1500:111:140:2",NA,NA,NA,NA
"1500:111:141:1",NA,NA,NA,NA
"1500:111:141:2",NA,NA,NA,NA
"1500:111:142:1",NA,NA,NA,NA
"1500:111:142:2",NA,0.047655096273095,NA,NA
"1500:111:143:1",NA,NA,NA,NA
"1500:111:143:2",NA,NA,NA,NA
"1500:111:144:1",NA,NA,NA,NA
"1500:111:144:2",NA,NA,NA,NA
"1500:111:245:1",NA,NA,NA,NA
"1500:111:245:2",NA,NA,NA,NA
"1500:111:246:1",NA,NA,NA,NA
"1500:111:246:2",0.353526710026435,0.18020682380394,NA,NA
"1500:111:247:1",0.471196418287884,0.040227170233518,NA,0.238983152853082
"1500:111:247:2",0.505408062329407,NA,0.010110836057923,0.436727570608861
"1500:111:248:1",1.57191106962833,0.086166323115375,NA,2.31531683323922
"1500:111:248:2",2.2416431873598,0.201898071869838,NA,5.7352882694274
"1500:111:249:1",2.74870892657095,0.412002131171772,NA,1.19492332596024
"1500:111:249:2",2.24086163813984,0.712099333730609,NA,3.27829402332105
"1500:112:140:1",2.27563172650589,0.981844179559009,NA,16.256961453081
"1500:112:140:2",2.35367614410282,0.065405175966707,NA,7.6585510822166
"1500:112:141:1",4.12115550246582,0.185820897766929,NA,0.299022685988294
"1500:112:141:2",3.78941896451671,1.46369452533013,NA,0.270515956529111
"1500:112:142:1",2.3657960982044,0.48811449156449,NA,0.598045371976587
"1500:112:142:2",2.04085114285744,0.054588807914573,NA,0.598045371976587
"1500:112:143:1",1.88750085786522,0.074584668450306,NA,1.19110703252004
"1500:112:143:2",1.4944506666175,0.004979649500462,NA,0.593061660543449
"1500:112:144:1",2.17312801241062,0.177928640530578,NA,1.79413611592976
"1500:112:144:2",2.10268471187907,1.98566488963253,NA,0.28657030183972
"1500:112:245:1",4.90597380191629,8.68572864731667,NA,1.62595471069439
"1500:112:245:2",2.11965456329593,0.106571170517467,NA,0.635656509353231
"1500:112:246:1",4.2038205636976,NA,NA,NA
"1500:112:246:2",2.39494742227509,NA,NA,NA
"1500:112:247:1",2.10461471253333,0.012790588503627,NA,0.894116495845739
"1500:112:247:2",2.0003602229331,0.151568473767977,NA,1.78723551895062
"1500:112:248:1",1.24164024922812,0.294995246007684,NA,11.8896802377985
"1500:112:248:2",1.72702984175285,0.347637536704822,NA,7.81476259296614
"1500:112:249:1",2.15489704882632,0.059236413007421,NA,0.295288532174849
"1500:112:249:2",2.26738930008753,0.021744000456166,NA,1.19013923470166
"1500:113:140:1",3.47330358687313,0.083938237055051,NA,NA
"1500:113:140:2",6.65471388560504,0.112237414119325,NA,NA
"1500:113:141:1",6.69561762503525,0.335246654091934,NA,NA
"1500:113:141:2",6.49411958697426,0.610201515236456,NA,NA
"1500:113:142:1",7.94666553476491,0.476834071590202,NA,NA
"1500:113:142:2",7.83705515839198,0.729347620227894,NA,NA
"1500:113:143:1",6.37935530956211,0.737402993142435,NA,NA
"1500:113:143:2",6.02605591464137,0.591210668038942,NA,NA
"1500:113:144:1",7.18969259020204,0.537621811747865,NA,NA
"1500:113:144:2",9.07599668649109,0.51150804569603,NA,NA
"1500:113:245:1",0.167856481274755,0.01918588275544,NA,NA
"1500:113:245:2",2.68548048616313,NA,NA,NA
"1500:113:246:1",4.41754274106278,NA,NA,NA
"1500:113:246:2",2.47339463277049,NA,NA,NA
"1500:113:249:1",0.288403550067022,NA,NA,NA
"1500:113:249:2",0.78529922673782,NA,NA,NA
"1500:114:140:1",0.168394689903983,NA,NA,NA
"1500:111:130:3",NA,NA,0.005835092269861,NA
"1500:111:134:4",NA,NA,NA,NA
"1500:111:235:3",NA,NA,NA,NA
"1500:111:235:4",NA,NA,NA,NA
"1500:111:236:3",NA,0.007105601199333,NA,NA
"1500:111:236:4",1.56371164389289,5.97391030940899,0.010268119072693,NA
"1500:111:237:3",0.345478076963212,0.215717052645961,NA,1.44261263416927
"1500:111:237:4",0.064086239440797,0.817989777015767,NA,5.39989075043425
"1500:111:238:3",1.25900000045022,0.266273456311594,NA,7.12320723996075
"1500:111:238:4",2.12103977560027,0.289638403050924,NA,9.19288661796716
"1500:111:239:3",2.36150523841006,1.84411905097955,NA,0.096353680567008
"1500:111:239:4",2.64025251582598,1.05578409240552,NA,1.30641683513832
"1500:112:130:3",2.6555766337537,NA,NA,0.699966616064201
"1500:112:130:4",3.81601851155138,0.102017913994414,NA,0.337757663669119
"1500:112:131:3",2.99407241071346,0.595429755609713,NA,NA
"1500:112:131:4",2.41294202535267,0.077821170647688,NA,NA
"1500:112:132:3",1.6366122336604,NA,NA,0.29869598247823
"1500:112:132:4",2.31442041963211,0.209014590556075,NA,0.597391964956461
"1500:112:133:3",0.608060847603906,0.004079926474967,NA,NA
"1500:112:133:4",0.881029714155867,0.20257092508321,NA,NA
"1500:112:134:3",3.17984840045118,0.725677780737119,NA,NA
"1500:112:134:4",5.77422913316429,2.18868586490345,NA,NA
"1500:112:235:3",2.66210471743157,0.263970206471725,NA,0.445093045555277
"1500:112:235:4",4.8529822767832,0.074104360491055,NA,0.293717716103594
"1500:112:236:3",2.51147580160639,0.023956151020815,NA,0.212511865757003
"1500:112:236:4",1.88007284738706,0.019164920816652,NA,0.141674577171336
"1500:112:237:3",1.04635265750046,0.04429226144293,NA,0.070837288585668
"1500:112:237:4",1.22120310953666,0.014373690612489,NA,NA
"1500:112:238:3",1.56407137837988,NA,NA,NA
"1500:112:238:4",2.09018759787095,0.088637758777017,NA,0.386292226022432
"1500:112:239:3",2.4748582953693,0.953212483639186,NA,0.29869598247823
"1500:112:239:4",9.60214209058934,4.72070418952244,NA,NA
"1500:113:130:3",11.3352023097046,5.48538483444651,NA,NA
"1500:113:130:4",8.50106159311173,7.54929577611864,NA,NA
"1500:113:131:3",8.6910367659524,12.6678425114575,NA,0.281321734418367
"1500:113:131:4",5.89975764852006,1.77323452238474,NA,NA
"1500:113:132:3",1.28151009051338,1.68680869305016,NA,NA
"1500:113:132:4",1.64691337810958,2.72171304899277,NA,NA
"1500:113:133:3",2.81520622085461,3.68924379505948,NA,NA
"1500:113:237:3",5.69847784865967,NA,NA,NA
"1500:113:238:3",0.169724824387004,NA,NA,NA
"1500:113:238:4",0.144778488676917,NA,NA,NA
"1500:113:239:3",0.126030338485963,NA,NA,NA
"1500:114:130:4",NA,NA,NA,NA
"1500:114:131:3",NA,NA,NA,NA
"1500:111:134:2",NA,NA,0.001897725528564,NA
"1500:111:235:1",NA,NA,NA,NA
"1500:111:235:2",NA,NA,NA,NA
"1500:111:236:1",NA,NA,NA,NA
"1500:111:236:2",0.085991708218443,0.271659969611395,0.038225614218221,0.578950726890378
"1500:111:237:1",NA,0.83848980494536,NA,9.90416200504211
"1500:111:237:2",NA,1.44438689607844,NA,7.45535892359433
"1500:111:238:1",0.041286909757802,0.208589506511047,NA,4.40267225824023
"1500:111:238:2",1.46620979910305,1.25368272980116,NA,0.124092560259505
"1500:111:239:1",2.13495380543121,1.81972949307163,NA,0.397234199457709
"1500:111:239:2",1.43565936853401,0.146427246397436,NA,0.141520064229287
"1500:112:130:1",2.0398074803296,0.1112989569013,NA,0.641557624506102
"1500:112:130:2",4.42822115665835,0.210602381988475,NA,0.430621315725496
"1500:112:131:1",1.88879949199836,0.022232652666301,NA,NA
"1500:112:131:2",1.05981056414257,NA,NA,NA
"1500:112:132:1",1.76104451575909,0.179997364480095,NA,0.298370219056506
"1500:112:132:2",2.21619858381371,0.120445079295217,NA,NA
"1500:112:133:1",2.25613165308851,0.27571870702416,NA,NA
"1500:112:133:2",2.25302027503164,0.256846607016993,NA,0.285945005986448
"1500:112:134:1",3.62692581703104,0.176713286266801,NA,NA
"1500:112:134:2",2.52645143282191,0.011508519026646,NA,NA
"1500:112:235:1",2.10856653062606,0.171338971802217,NA,6.8798925086678
"1500:112:235:2",1.71927357805427,0.052646052788391,NA,0.593795316296797
"1500:112:236:1",1.06068408904706,0.016751016796306,NA,1.44371929027268
"1500:112:236:2",2.14079080660874,0.030515566598071,NA,1.15777956321693
"1500:112:237:1",2.41058581898808,NA,NA,0.298370219056506
"1500:112:237:2",2.0171460158461,0.391506881820594,NA,0.298370219056506
"1500:112:238:1",2.61059765177751,0.827225758701122,NA,0.877712607115185
"1500:112:238:2",4.71863313272089,4.45300834675508,NA,0.33078094101142
"1500:112:239:1",12.0694407741378,8.33817610476003,NA,NA
"1500:112:239:2",5.74435973313025,7.09171737492385,NA,NA
"1500:113:130:1",5.46352414778084,6.0559869515546,NA,NA
"1500:113:130:2",4.0737191602249,5.58755464088588,NA,NA
"1500:113:131:1",0.760150366258227,1.42255901067192,NA,NA
"1500:111:124:3",NA,NA,0.019498212313444,NA
"1500:111:124:4",0.026524944390918,NA,0.01638391451338,NA
"1500:111:225:3",NA,NA,NA,NA
"1500:111:225:4",NA,NA,NA,NA
"1500:111:226:3",NA,NA,NA,NA
"1500:111:226:4",NA,NA,NA,2.4291544877176
"1500:111:227:3",NA,0.894548235641038,NA,7.8089054576889
"1500:111:227:4",0.041253769467116,0.133100394569136,NA,6.49372492482396
"1500:111:228:3",0.088316143483748,0.213359448909404,NA,4.01547623407947
"1500:111:228:4",1.2231994785068,1.44895746321535,NA,0.319990132046844
"1500:111:229:3",2.46324485533225,1.03530894104211,NA,1.09496087376386
"1500:111:229:4",1.24704119432297,0.033737428004225,NA,1.1234923583594
"1500:112:120:3",1.85711165537389,0.078318255325168,NA,0.513703937792399
"1500:112:120:4",1.6652034511157,0.468543460609187,NA,0.560227263015651
"1500:112:121:3",1.8068082355542,0.394837563625332,NA,0.29804539215528
"1500:112:121:4",1.49669318439987,0.112411688843867,NA,NA
"1500:112:122:3",2.50449969236106,0.247232192969085,NA,NA
"1500:112:122:4",0.417918824692271,0.04972909555098,NA,0.268910090891247
"1500:112:123:3",0.158567393571244,0.018475337839436,NA,NA
"1500:112:123:4",1.0739756089385,0.057710597229584,NA,0.29804539215528
"1500:112:124:3",1.4006490596263,0.085059965605136,NA,0.29804539215528
"1500:112:124:4",0.924961792615154,0.099121804224542,NA,8.60782166985748
"1500:112:225:3",1.12858180802963,0.095615888319494,NA,5.40201303858043
"1500:112:225:4",1.04772028039525,NA,NA,7.14731011465445
"1500:112:226:3",1.79990665608238,0.091829499142042,NA,7.78891347933056
"1500:112:226:4",2.13486073249627,0.057254793925713,NA,NA
"1500:112:227:3",1.96292157175731,0.209965988869204,NA,NA
"1500:112:227:4",1.83533681257029,0.087488537812337,NA,NA
"1500:112:228:3",2.92047639526151,0.593058828499016,NA,0.59609078431056
"1500:112:228:4",4.46772773184286,1.97435598574976,NA,0.563028398530251
"1500:112:229:3",5.29493791022497,0.651272688844744,NA,NA
"1500:112:229:4",8.00115941517098,1.00168485597488,NA,NA
"1500:111:124:1",NA,NA,NA,NA
"1500:111:124:2",0.004312790352134,NA,NA,NA
"1500:111:225:1",NA,NA,NA,NA
"1500:111:225:2",NA,NA,NA,NA
"1500:111:226:1",NA,NA,NA,0.537235718150752
"1500:111:226:2",NA,0.304777337186839,0.015554567045137,4.31107898429914
"1500:111:227:1",NA,0.23736295599182,NA,0.66159350042015
"1500:111:227:2",0.028366924080574,0.46814822056128,NA,10.777604566929
"1500:111:228:1",0.065045651353654,1.02216970940465,NA,3.59209953844356
"1500:111:228:2",0.25111595546073,2.81300086869606,NA,1.48564160520572
"1500:111:229:1",0.650636044628013,4.25381978601078,NA,6.92690851413449
"1500:111:229:2",0.864266133728521,6.04773393359034,NA,17.2747996295042
"1500:112:120:1",1.51544751600964,5.65227970639432,NA,11.0680968515897
"1500:112:120:2",1.25196617607746,2.59786259636179,NA,3.06456593734142
"1500:112:121:1",1.49826173524861,1.04580341646728,NA,0.339296956599516
"1500:112:121:2",0.775076497550371,1.04572856539171,NA,NA
"1500:112:122:1",0.289173740034389,0.152246024401442,NA,NA
"1500:112:122:2",0.036078031849815,0.027974568253462,NA,NA
"1500:112:123:1",0.119894181474735,0.041948594290973,NA,NA
"1500:112:123:2",0.570042850395081,0.000856811310057,NA,0.285323300232564
"1500:112:124:1",0.64877569079948,NA,NA,1.41677776667204
"1500:112:124:2",0.945350457668358,0.023877994991605,NA,6.80144510996086
"1500:112:225:1",0.894042473172485,NA,NA,0.565727233219739
"1500:112:225:2",1.49613058310799,NA,NA,3.4398434941854
"1500:112:226:1",0.889120065176622,NA,NA,0.071155374660207
"1500:112:226:2",2.05333206377514,0.016714596494123,NA,0.570646600465129
"1500:112:227:1",2.05111858352107,0.019102395993284,NA,0.578125431212432
"1500:112:227:2",2.18532545104294,0.177571687201911,NA,NA
"1500:112:228:1",6.82399972578903,0.837123556732528,NA,NA
"1500:112:228:2",4.22685766590138,1.00521138044796,NA,0.280403932987175
"1500:111:114:3",NA,NA,0.008241733152894,NA
"1500:111:114:4",NA,NA,NA,NA
"1500:111:215:3",NA,NA,NA,NA
"1500:111:215:4",0.027380044519851,0.01003646751618,0.019455894656012,0.904168075467352
"1500:111:216:3",NA,0.264724475825269,0.016213245546677,0.943590287295537
"1500:111:216:4",NA,1.79093218224676,NA,3.27291258996906
"1500:111:217:3",0.009773556903485,1.82136443861773,NA,1.35620005688979
"1500:111:217:4",NA,4.95414948577322,NA,4.48693738137586
"1500:111:218:3",0.027380044519851,5.8679422662464,NA,12.731197642728
"1500:111:218:4",0.011004054760229,5.74714164540154,NA,27.5864691470791
"1500:111:219:3",0.298561358465861,3.23849890125307,NA,18.5767513410305
"1500:111:219:4",0.339670722243682,1.85499455073177,NA,13.7602740490982
"1500:112:110:3",0.403356074807739,1.43023735314238,NA,3.18906111374709
"1500:112:110:4",0.434336419643274,1.10146440613579,NA,1.69228559862213
"1500:112:111:3",0.191914601822377,1.517364029794,NA,0.166092493883021
"1500:112:111:4",0.227585945440332,0.545112121626571,NA,0.222388926256074
"1500:112:112:3",0.322015674835477,1.37457482883082,NA,0.378246066969685
"1500:112:112:4",0.060140605624003,0.41254626453565,NA,NA
"1500:112:113:3",0.058537262015293,0.025509414621727,NA,NA
"1500:112:113:4",0.041468116723551,0.01752142437861,NA,0.280099754371711
"1500:112:114:3",0.072205270893548,NA,NA,0.582412318885728
"1500:112:114:4",0.908955986365725,NA,NA,NA
"1500:112:215:3",1.68729229545877,NA,NA,NA
"1500:112:215:4",1.14753786696746,NA,NA,NA
"1500:112:216:3",2.13196875773653,0.122047132898728,NA,NA
"1500:112:216:4",2.47767619634019,0.594187636665705,NA,NA
"1500:112:217:3",3.83770338698961,0.444549042631563,NA,NA
"1500:112:217:4",4.11435016129528,0.215255248336419,NA,NA
"1500:111:113:2",0.007433226368662,NA,0.016033732113193,NA
"1500:111:114:1",NA,NA,NA,0.031896141516297
"1500:111:114:2",0.011682616957618,NA,NA,0.123061978835265
"1500:111:215:1",NA,0.028113470542156,0.015655832703118,0.233570599917979
"1500:111:215:2",0.001823359732474,0.511518595191851,NA,0.07535378422187
"1500:111:216:1",0.011358413354915,2.20457622841826,NA,0.702777614370811
"1500:111:216:2",NA,2.43282056735518,NA,2.59638510846718
"1500:111:217:1",NA,10.2157344992465,NA,6.32162951796505
"1500:111:217:2",0.001151214032935,2.10749371094107,NA,1.20262473562244
"1500:111:218:1",0.033800577487982,0.484050773569862,NA,3.20914738925965
"1500:111:218:2",0.029498015677731,1.86936254975677,NA,10.3289292767756
"1500:111:219:1",0.074533932796786,1.4883090722066,NA,7.62573780237377
"1500:111:219:2",NA,0.426375150911356,NA,1.21542771122646
"1500:112:110:1",0.043079902624678,1.23883241922548,NA,3.10330836586864
"1500:112:110:2",0.026164547747274,1.51206748642522,NA,5.77118349815534
"1500:112:111:1",0.167913131083797,1.4565634003888,NA,3.80926985035697
"1500:112:111:2",0.268541770076831,1.5601326100388,NA,2.50004548063559
"1500:112:112:1",0.124004977345527,0.43820512709762,NA,0.154664137218673
"1500:112:112:2",0.048340292469553,0.017819956056215,NA,NA
"1500:112:113:1",0.039738988900288,NA,NA,NA
"1500:112:113:2",0.047250877853719,NA,NA,NA
"1500:112:114:1",0.012726772332528,NA,NA,NA
"1500:112:114:2",0.019045245588675,NA,NA,NA
"1500:112:215:1",0.794581348609051,NA,NA,NA
"1500:112:215:2",1.26586507700733,0.278745789268762,NA,NA
"1500:112:216:1",1.15899597644081,0.398422530536121,NA,NA
"1500:111:102:3",NA,NA,NA,NA
"1500:111:102:4",NA,NA,0.019413819297578,NA
"1500:111:103:3",NA,NA,0.019413819297578,0.034511141733742
"1500:111:103:4",0.040635085787102,NA,NA,0.102955974995051
"1500:111:104:3",0.000976998900069,NA,0.033327056460842,0.089402878979536
"1500:111:104:4",0.078089638358394,0.551229562080742,NA,0.301375967031369
"1500:111:205:3",NA,2.90169955533506,NA,0.293152022573971
"1500:111:205:4",NA,10.1972686423079,NA,1.21547699099763
"1500:111:206:3",0.023547885810194,4.95186380138848,NA,0.419979876485178
"1500:111:206:4",0.054641664756728,17.3938759856034,NA,1.97439110128886
"1500:111:207:3",0.053340067524278,16.1581508217575,NA,6.61252130515494
"1500:111:207:4",0.030659799283565,2.61382270806433,NA,2.43395833682786
"1500:111:208:3",0.030177325998947,2.69971254092035,NA,3.08886786969051
"1500:111:208:4",0.069439124632935,2.01874184122449,NA,6.83124646129434
"1500:111:209:3",0.112991219195717,2.31154737908824,NA,9.04529099683263
"1500:111:209:4",0.015254131411253,1.72486008124708,NA,8.79366052980395
"1500:112:100:3",0.077716867853252,0.263196473176301,NA,5.38262560611013
"1500:112:100:4",0.133394542304457,0.00628905200873,NA,0.248438512835207
"1500:112:101:3",0.114131358585736,NA,NA,0.02013682527735
"1500:112:101:4",0.228822775632031,NA,NA,NA
"1500:112:102:3",0.439193211647835,NA,NA,NA
"1500:112:102:4",0.897793077890036,NA,NA,NA
"1500:112:103:3",0.38134666757121,NA,NA,NA
"1500:112:103:4",0.002435571067383,NA,NA,NA
"1500:112:104:3",0.007671077794976,NA,NA,NA
"1500:112:104:4",0.013660416189182,NA,NA,NA
"1500:111:100:1",NA,NA,NA,NA
"1500:111:100:2",NA,0.505223747124869,NA,NA
"1500:111:101:1",0.035335150645019,0.260266778821902,NA,NA
"1500:111:101:2",0.01746862706977,NA,0.009696435954857,NA
"1500:111:102:1",NA,NA,NA,0.067217327438291
"1500:111:102:2",0.013303332306907,NA,NA,0.085709726960688
"1500:111:103:1",0.013645676686773,0.007966848095434,NA,0.046519412376525
"1500:111:103:2",0.010606436820029,0.285672751481088,NA,0.005543437989854
"1500:111:104:1",NA,2.82904448266204,0.019392871909714,0.036287045436284
"1500:111:104:2",0.057553856425138,3.63412402033896,NA,0.170303125638122
"1500:111:205:1",0.076420182473992,12.1928912821674,NA,0.67258189793867
"1500:111:205:2",NA,5.09478341980012,NA,0.351605287925039
"1500:111:206:1",0.049620794502835,3.15173577474694,NA,0.06788677168931
"1500:111:206:2",NA,3.23889108829879,NA,2.00053563014812
"1500:111:207:1",0.132015679265722,7.32051293388217,NA,7.94269115011456
"1500:111:207:2",0.073812699093684,1.27809477636311,NA,3.7096480213814
"1500:111:208:1",0.119768970231113,0.463342259412699,NA,1.73987682724988
"1500:111:208:2",0.047000610707234,0.192067221864885,NA,0.46848012380076
"1500:111:209:1",0.184927069851553,0.038381384892826,NA,0.608106174877868
"1500:111:209:2",0.254387495460832,0.00740487711096,NA,0.326860099554337
"1500:112:100:1",0.386917436570751,NA,NA,0.032537367971226
"1500:112:100:2",0.81810224779327,NA,NA,NA
"1500:112:101:1",0.49674441398817,NA,NA,NA
"1500:101:390:3",0.007658528653536,1.07934310587709,NA,NA
"1500:101:390:4",0.07880329526981,0.905492033886596,NA,NA
"1500:101:391:3",0.030577564297082,NA,0.009685992207016,NA
"1500:101:391:4",0.053404299286645,0.04060332297482,0.008555959782864,0.700768005993062
"1500:101:392:3",0.011548868985788,0.004249020384738,0.019371984414033,0.902067217001179
"1500:101:392:4",0.011644841289402,0.177058336425349,NA,NA
"1500:101:393:3",0.02538012348698,2.03116566178433,NA,0.293665361217443
"1500:101:393:4",0.049688537057672,9.77887061418819,NA,3.13094194529696
"1500:101:394:3",0.095781997466899,2.05755915018513,NA,0.608035652824056
"1500:101:394:4",0.013648509880714,1.0983397041643,NA,0.406688902173359
"1500:101:495:3",0.043055234373384,0.235481623180491,NA,0.028194002222848
"1500:101:495:4",0.044583404646774,0.28956655433684,NA,0.148670380423863
"1500:101:496:3",0.025248789061635,0.888614637197893,NA,0.535594279924299
"1500:101:496:4",0.064079111763976,1.55458465157561,NA,1.39340803487738
"1500:101:497:3",0.073395280533584,0.465595041865184,NA,0.448650461427787
"1500:101:497:4",0.023007488084633,0.043105604896472,NA,0.470937573013719
"1500:101:498:3",NA,NA,NA,0.005113060919796
"1500:101:390:1",0.03298342190915,0.504136978103113,0.041981259147891,NA
"1500:101:390:2",0.049484488314248,NA,0.037949768192588,NA
"1500:101:391:1",NA,NA,0.016125963821213,0.027086416400147
"1500:101:391:2",0.294503997878541,0.062371277048294,NA,0.235008520291774
"1500:101:392:1",0.056395474910217,NA,NA,0.127610879265192
"1500:101:392:2",0.115046703644099,0.467703579740717,NA,0.452783308148955
"1500:101:393:1",0.046873229600042,9.19939164071027,0.017604031908004,8.47829573882146
"1500:101:393:2",0.003895381616418,3.70320477597138,NA,3.93736024898462
"1500:101:394:1",NA,1.02887333990353,NA,0.576263593834215
"1500:101:394:2",0.044234130807597,0.1580697040935,NA,0.040978676016593
"1500:101:495:1",0.121951236493336,0.097511574098424,NA,0.324170449764335
"1500:101:495:2",0.092707512593315,0.24603703938881,NA,0.657246581516115
"1500:101:496:1",0.185892372507347,0.363854320148484,NA,0.489573811664896
"1500:101:496:2",NA,0.03200408256316,NA,NA
"7500:101:383:4",NA,NA,NA,NA
"1500:100:487:3",NA,0.397789908077221,NA,NA
"1500:100:487:4",NA,1.34088772083319,NA,NA
"1500:100:488:3",NA,3.73328424168578,NA,NA
"1500:100:488:4",0.025015497065138,3.01287480565665,NA,NA
"1500:100:489:3",0.135076959166781,1.16265800338746,NA,NA
"1500:100:489:4",0.139187632504183,0.045781447221164,NA,NA
"1500:101:380:3",0.021160609459051,NA,0.214252806673015,NA
"1500:101:380:4",NA,NA,0.241442650382756,NA
"1500:101:381:3",0.467910737378996,NA,0.08946926990339,NA
"1500:101:381:4",0.204194970157267,0.063937167210837,NA,0.113505567495509
"1500:101:382:3",0.374633971219045,0.312416812819081,NA,0.455005127176115
"1500:101:382:4",0.092947553696442,9.54517652890143,0.02294497264323,7.58993350815057
"1500:101:383:3",NA,5.1937685448485,0.065770872969625,4.07977609601084
"1500:101:383:4",NA,1.08985693194387,0.001619728972082,1.18091018310042
"1500:101:384:3",NA,0.176615276022206,NA,0.052478048153864
"1500:101:384:4",0.024438491461989,0.764136125452927,NA,0.095129529521945
"1500:101:485:3",0.011673602841292,0.098924296740464,NA,0.048134493878462
"1500:101:485:4",0.081610262420937,0.100828509617741,NA,0.425466371962416
"1500:100:384:1",NA,NA,NA,NA
"1500:100:384:2",NA,NA,NA,NA
"1500:100:485:1",NA,NA,NA,NA
"1500:100:485:2",0.007730528423511,NA,NA,NA
"1500:100:486:1",0.023191585270534,NA,NA,NA
"1500:100:486:2",0.060555805984172,0.213417868183265,0.038619358070186,NA
"1500:100:487:1",0.023191585270534,1.17760930836837,NA,NA
"1500:100:487:2",0.11658559253199,2.35171155865627,NA,0.261871430565985
"1500:100:488:1",1.09981955555098,1.99609555161539,NA,0.020440196479713
"1500:100:488:2",1.4963866291183,1.92446983128777,0.033309196335535,0.618110357174049
"1500:100:489:1",1.14497128685654,0.048086988173124,0.002011424899489,0.023995032850576
"1500:100:489:2",0.430032751236261,0.011287301473291,NA,0.021163422561933
"1500:101:380:1",0.42156775815094,NA,0.038686405566836,0.024633372742235
"1500:101:380:2",0.818796813534157,0.102867666530043,0.140193220994527,0.025991890973202
"1500:101:381:1",0.793281248975608,0.266364055700654,0.042427655879885,0.05475690949882
"1500:101:381:2",0.457362967144057,0.653145003436499,0.005227975141267,0.278143776226052
"1500:101:382:1",0.028892760205724,5.6621797390078,0.272028651969483,1.01697652391932
"1500:101:382:2",0.069536552110066,7.78556112556671,0.153705619713043,3.48593832085197
"1500:101:383:1",NA,1.93952704290829,0.204909966470986,3.63330764400898
"1500:101:383:2",0.005813074127518,0.793552887666245,0.008877200501249,0.573524217412806
"1500:101:384:1",0.005813074127518,0.063517497024698,NA,0.010034278271859
"1500:101:384:2",0.071757078988397,1.90582995405062,NA,0.049587408360185
"1500:101:485:1",0.013498343850236,1.03177526174199,NA,0.535806277199951
"1500:101:485:2",NA,0.053864471123297,0.00362450472829,0.237220761724032
"7500:101:373:4",NA,NA,NA,NA
"7500:101:373:3",NA,NA,NA,NA
"7500:101:372:4",NA,NA,NA,NA
"7500:101:372:3",NA,NA,NA,NA
"7500:101:371:4",NA,NA,0.042623395736739,NA
"7500:101:371:3",NA,NA,0.023642455523364,NA
"7500:101:370:4",NA,NA,NA,NA
"7500:101:370:3",NA,NA,NA,NA
"7500:100:479:4",NA,NA,NA,NA
"7500:100:476:4",NA,NA,NA,NA
"7500:100:476:3",NA,1.01168989591009,NA,NA
"7500:100:475:4",NA,3.30178396721706,NA,NA
"7500:100:475:3",NA,1.66006881710708,NA,NA
"7500:100:374:4",NA,1.08549426410755,NA,NA
"7500:100:374:3",0.009697490826669,1.07926384880277,NA,NA
"7500:100:373:4",NA,1.26090415893718,NA,NA
"7500:100:373:3",NA,0.52584602119239,NA,NA
"7500:100:372:4",0.053017163037482,0.475825646162853,0.044230814809149,NA
"7500:100:372:3",0.55146648233261,0.509446111554349,0.225156172722955,NA
"7500:100:371:4",0.93424269107262,0.117654348759276,0.164742594710113,NA
"7500:100:371:3",0.754741703846787,0.381032275107711,0.028692430442519,NA
"7500:100:370:4",1.39244275511545,0.801397243186382,0.01928902886892,NA
"7500:100:370:3",0.733530614538413,0.169265879912999,NA,NA
"1500:100:370:3",1.51817217302556,0.352033236393366,NA,NA
"1500:100:370:4",0.394823357967762,0.105880000449357,NA,NA
"1500:100:373:3",0.318761690425276,NA,NA,NA
"1500:100:373:4",0.127908570351394,NA,NA,NA
"1500:100:374:3",0.141525088800162,NA,NA,NA
"1500:100:374:4",0.014736648529401,NA,NA,NA
"1500:100:475:3",0.071784853425968,NA,NA,NA
"1500:100:475:4",0.11191118479316,NA,NA,NA
"1500:100:476:3",0.322411043676376,0.12182264842559,NA,NA
"1500:100:476:4",1.10604119485537,0.559995268099374,NA,NA
"1500:100:477:3",1.48572994721795,0.625924046937385,NA,0.04765403684104
"1500:100:477:4",1.70737074755285,0.227338615719482,0.028933543303381,0.192787038514441
"1500:100:478:3",2.1495968433156,0.089473047679396,0.01928902886892,0.354678062851304
"1500:100:478:4",2.14792275746798,0.05550624092119,NA,0.301813243994556
"1500:100:479:3",1.15869227590266,0.022232617780482,NA,0.222239358195307
"1500:100:479:4",0.874923191902161,0.079406717514851,NA,0.140647293042216
"1500:101:370:3",0.748655330716564,0.237222751053871,0.008358579176532,0.198755175559198
"1500:101:370:4",0.218295443105832,0.179675553260501,0.001446677165169,0.281306585596593
"1500:101:371:3",0.104254235258129,0.4219339617587,0.028895344822817,0.111185224669416
"1500:101:371:4",0.195133781360047,0.902945321235242,0.598599118244871,0.016709414657432
"1500:101:372:3",0.236994460262653,0.4367232534785,1.09717868919215,0.678202668419741
"1500:101:372:4",0.068719526024218,0.255067220164553,0.034789938722929,0.186138978064012
"1500:101:373:3",NA,0.29599421890259,0.108530076425086,0.166267206838454
"1500:101:373:4",0.019414376634991,0.224836947153897,0.008237485671257,0.149215745024707
"1500:101:374:3",NA,0.62812752782733,0.002773381145644,NA
"1500:101:374:4",NA,6.75467376478889,7.140733097e-05,0.213019196728561
"1500:101:475:3",NA,0.920902182685942,NA,0.214070276243701
"1500:101:475:4",NA,0.037499171941499,0.018809885100424,0.835115754288532
"7500:101:477:1",NA,NA,NA,NA
"7500:101:476:2",NA,NA,NA,NA
"7500:101:476:1",NA,NA,NA,NA
"7500:101:475:1",NA,NA,0.019268437481064,NA
"7500:101:374:2",NA,NA,NA,NA
"7500:101:370:2",NA,NA,0.041732239324021,NA
"7500:101:370:1",NA,NA,0.08847424210055,NA
"7500:100:479:2",NA,NA,0.015990376440627,NA
"7500:100:479:1",NA,NA,0.019268437481064,NA
"7500:100:478:2",NA,NA,NA,NA
"7500:100:478:1",NA,NA,NA,NA
"7500:100:477:2",NA,NA,NA,NA
"7500:100:477:1",NA,0.14691093826243,NA,NA
"7500:100:476:2",NA,0.28065198815864,NA,NA
"7500:100:476:1",NA,NA,NA,NA
"7500:100:475:2",NA,0.07701884082524,NA,NA
"7500:100:475:1",0.017436849443067,1.2993174513114,NA,NA
"7500:100:374:2",0.007749710863585,0.424926011107883,NA,NA
"7500:100:374:1",NA,0.495151116921288,NA,NA
"7500:100:373:2",0.168814826945724,0.251281547985048,NA,NA
"7500:100:373:1",0.337367238678132,0.183670514945481,0.018947296856379,NA
"7500:100:372:2",0.628988099452685,0.164637925295061,0.038242496056166,NA
"7500:100:372:1",0.905163939142764,0.216887540262243,NA,NA
"7500:100:371:2",1.39882900832658,0.213934873147122,0.066931058527972,NA
"7500:100:371:1",0.746384541523549,0.131371610645341,0.060552848898824,NA
"7500:100:370:2",0.503466464343322,0.135866569854049,0.079763302655986,NA
"7500:100:370:1",0.571584342697159,0.187399198056212,0.153063265847462,NA
"1500:100:370:1",0.751407818272565,0.510893068892476,0.065044357357951,NA
"1500:100:370:2",1.59828841244345,2.05132600741423,0.012845624987376,NA
"1500:100:371:1",2.88147363199942,4.59085384949063,0.086707968664786,0.53591130998703
"1500:100:371:2",0.937385564494942,2.87977221012941,0.080285156171098,NA
"1500:100:372:1",0.221790549389179,1.21697956320967,0.009634218740532,NA
"1500:100:372:2",0.512770404739016,0.191378207414489,0.003853687496213,NA
"1500:100:373:1",0.813923424026093,NA,0.035646609339968,NA
"1500:100:373:2",0.06862384789946,NA,0.012845624987376,NA
"1500:100:374:1",0.03857008792153,NA,0.050581771289471,0.004015050504363
"1500:100:374:2",0.096456957355523,NA,0.078798454519251,NA
"1500:100:475:1",0.642680220238157,0.033332988734936,0.012845624987376,NA
"1500:100:475:2",1.29918012452679,0.042216648546394,NA,0.440980680570034
"1500:100:476:1",2.6671963735344,0.065755566888571,0.019268437481064,0.216465599729597
"1500:100:476:2",2.11134212370255,0.315944177445048,NA,0.67364821508908
"1500:100:477:1",2.17935065406985,0.039731050981357,0.024620781225803,0.84780247327161
"1500:100:477:2",1.66619826840164,0.052579193164242,NA,0.346081714051653
"1500:100:478:1",1.41031426828337,0.105158789385434,0.019268437481064,0.458760798400977
"1500:100:478:2",1.71082809508627,0.079963694789519,0.019268437481064,0.297819973461912
"1500:100:479:1",1.24568419083258,0.174786613504857,NA,0.663065328295458
"1500:100:479:2",0.729236114456665,0.440947267320081,NA,0.55606123569753
"1500:101:370:1",0.570861176431594,0.276627993286761,NA,0.035327690732864
"1500:101:370:2",0.348495950104559,0.49975798295608,0.021550304887876,0.018700977530831
"1500:101:371:1",0.35670169441085,0.925274556344443,0.025952840923035,NA
"1500:101:371:2",0.025085796302241,0.814565230144934,0.091147666461027,0.097161701398658
"1500:101:372:1",0.196325779925412,0.843400170704601,0.016649117053146,0.834840389712032
"1500:101:372:2",0.109817398203249,1.62575956048922,0.000841472056115,0.638277576848461
"1500:101:373:1",NA,0.317865451404875,0.000538161971816,0.352888806076977
"1500:101:373:2",NA,0.865985737648988,NA,0.052037435140288
"1500:101:374:1",NA,1.41973091388875,0.000804849749574,0.478824395217975
"1500:101:374:2",NA,7.01704756348911,0.001264003970894,3.20106713051125
"1500:101:475:1",NA,0.633365340814414,0.00123341367705,1.27166647387839
"7500:101:469:3",NA,NA,NA,NA
"7500:101:468:4",NA,NA,NA,NA
"7500:101:468:3",NA,NA,NA,NA
"7500:101:467:4",NA,NA,NA,NA
"7500:101:467:3",NA,NA,NA,NA
"7500:101:466:4",NA,NA,NA,NA
"7500:101:466:3",NA,NA,0.028871856978255,NA
"7500:101:465:4",NA,NA,NA,NA
"7500:101:360:4",NA,NA,NA,NA
"7500:101:360:3",NA,NA,0.009623952326085,NA
"7500:100:469:4",NA,NA,0.01924790465217,NA
"7500:100:469:3",NA,NA,0.002726786492391,NA
"7500:100:468:4",NA,NA,0.09319193835759,NA
"7500:100:468:3",NA,NA,0.066913201867197,NA
"7500:100:467:4",NA,NA,0.041703793413035,NA
"7500:100:467:3",NA,NA,0.01924790465217,NA
"7500:100:466:4",NA,NA,0.028871856978255,NA
"7500:100:466:3",NA,NA,0.101051499423893,NA
"7500:100:465:4",0.017418268390691,NA,0.03849580930434,NA
"7500:100:465:3",0.007741452618085,NA,0.009543752723368,NA
"7500:100:364:4",0.040723027190878,0.894743922136426,0.02566387286956,NA
"7500:100:364:3",0.441495136383005,1.98160486455948,0.05774371395651,NA
"7500:100:363:4",0.524211524042865,0.767023347815082,NA,NA
"7500:100:363:3",0.406826918682987,0.251192654976957,NA,NA
"7500:100:362:4",0.925431204225733,0.278546333061092,NA,NA
"7500:100:362:3",0.735892083650286,0.224598279649863,NA,NA
"7500:100:361:4",3.14062080640394,0.185292437706833,0.221753269949148,NA
"7500:100:361:3",3.19975207570166,0.299658069560577,0.378884426028913,0.134473715720887
"7500:100:360:4",1.0291919790429,0.522519137249012,0.672007263540054,NA
"7500:100:360:3",0.765826407039864,0.484650811607365,0.134668499562926,NA
"1500:100:360:3",0.572737145930993,0.267569523649741,0.179813450003668,NA
"1500:100:360:4",0.218899967681846,0.767446702580917,0.0276955961384,NA
"1500:100:361:3",0.098675333959589,1.0370245603187,0.035287825195645,NA
"1500:100:361:4",0.230186660405342,1.05662365124139,0.056941717929336,0.028757946361772
"1500:100:362:3",0.207380094840861,0.920399024968997,0.606226852707846,0.280943014457306
"1500:100:362:4",0.200220619512494,0.484359840185759,0.193179456385432,NA
"1500:100:363:3",0.249007614255517,0.35159128726392,0.328224073909749,NA
"1500:100:363:4",0.073405049622859,0.38673467457316,0.896426169441834,0.545059443654492
"1500:100:364:3",0.068888896668602,0.212269639383524,0.554110632846909,0.312325203481333
"1500:100:364:4",0.550281160229076,0.085725350771566,0.709189857694424,2.05315732975696
"1500:100:465:3",1.39487951977303,0.39934135930066,0.238878547929461,1.19029990509431
"1500:100:465:4",1.41015089548886,1.5324661134386,0.021680144029827,1.18821427966485
"1500:100:466:3",1.81711555469401,2.13409604552724,0.01108096286071,1.4113491701332
"1500:100:466:4",2.13984540931141,2.35161576493993,NA,1.55060020327372
"1500:100:467:3",1.8454992900655,1.43455025777316,NA,1.14629842903912
"1500:100:467:4",2.15688320938246,0.702466555362792,NA,1.00014317922675
"1500:100:468:3",3.75003919003647,0.630471441097074,NA,1.91193194568408
"1500:100:468:4",2.99587474416754,0.70914862171999,0.020103367081155,2.79596163299184
"1500:100:469:3",2.11333238214327,0.706011849504276,0.016039920543475,2.6259632534666
"1500:100:469:4",1.58543632450108,0.954973600442469,NA,5.87167847038125
"1500:101:360:3",1.54997244584663,0.806106909585997,0.01463949187955,6.70414903416868
"1500:101:360:4",2.07767255744614,0.886563858955145,0.227528574346669,2.529161556412
"1500:101:361:3",0.678955676021969,1.20223411625952,0.525376350646858,1.3680926789589
"1500:101:361:4",1.26678619029843,0.452122046383084,0.043698700821947,0.804336633153619
"1500:101:362:3",0.564802920127618,0.213718187964479,0.004581602079253,0.632167348335889
"1500:101:362:4",0.124668756999918,1.10299818042056,0.135615305210501,0.130621175002255
"1500:101:363:3",0.133740726865838,6.72541572983915,0.500081184988378,0.664420481313191
"1500:101:363:4",0.011133370082698,3.72039480993439,0.031165326515731,1.30091670710351
"1500:101:364:3",0.00092394409812,1.30305442308295,0.002997422472677,2.14234408002765
"1500:101:364:4",0.001797010217269,5.50876908487052,0.000763143538648,3.7635022710215
"1500:101:465:3",0.012513347276269,4.6797358087778,0.004350028568504,NA
"7500:101:469:1",NA,NA,NA,NA
"7500:101:468:2",NA,NA,NA,NA
"7500:101:468:1",NA,NA,NA,NA
"7500:101:467:2",NA,NA,0.083318864044047,NA
"7500:101:467:1",NA,NA,NA,NA
"7500:101:466:2",NA,NA,0.016022858470009,NA
"7500:101:466:1",NA,NA,NA,NA
"7500:101:465:2",NA,NA,NA,NA
"7500:101:465:1",NA,NA,NA,NA
"7500:101:364:2",NA,NA,NA,NA
"7500:101:364:1",NA,NA,NA,NA
"7500:101:361:1",0.009666522296327,NA,NA,NA
"7500:101:360:2",NA,NA,NA,NA
"7500:101:360:1",NA,NA,NA,NA
"7500:100:469:2",NA,NA,NA,NA
"7500:100:469:1",NA,NA,0.067296005574038,NA
"7500:100:468:2",NA,NA,0.080576460006683,NA
"7500:100:468:1",NA,NA,0.015494980679151,NA
"7500:100:467:2",NA,NA,0.045985603808926,NA
"7500:100:467:1",0.009908185353735,NA,0.431992853674607,NA
"7500:100:466:2",0.011599826755592,0.048071554330689,0.294243413887594,NA
"7500:100:466:1",NA,0.211239243723021,0.175840189802702,NA
"7500:100:465:2",0.007705298121163,0.870668034311181,0.211370115466687,NA
"7500:100:465:1",0.046303948047918,3.00277372104882,0.421360230456259,NA
"7500:100:364:2",0.087822013010567,3.60360982362162,0.646651094377569,NA
"7500:100:364:1",0.4469853187312,3.46742909594579,0.8294706949264,NA
"7500:100:363:2",0.894675588320928,1.68890288136776,0.113682180844714,0.01353308567101
"7500:100:363:1",0.517791651657686,1.08700553711561,0.059444804923734,0.034396592747149
"7500:100:362:2",1.01158624652326,1.39646879390481,0.028841145246016,0.032057557621167
"7500:100:362:1",2.38608799719141,0.906678005381925,0.012818286776007,0.047179047065114
"7500:100:361:2",2.42778129814678,0.516263747230867,0.009613715082005,0.513517446506796
"7500:100:361:1",1.85519165142746,0.591281749199593,0.047810429356899,0.915748675899812
"7500:100:360:2",0.755785322377161,0.865436265203129,0.171787932596311,0.050825321798526
"7500:100:360:1",0.520760552096823,1.09004026648949,0.071523369733709,0.541037384983665
"1500:100:360:1",0.496191691728401,2.31045906571993,0.045665146639526,NA
"1500:100:360:2",0.60379332531737,3.18212620757386,0.09768296487384,0.281513854600063
"1500:100:361:1",0.596170754985885,5.76292229781031,0.311952378223892,0.912977947512151
"1500:100:361:2",0.353548474171897,6.53665494035617,0.190173138728562,2.21419757640463
"1500:100:362:1",0.361130269954462,5.58852279708328,0.331448864188704,2.88292640258136
"1500:100:362:2",0.386081398607293,6.24064090963179,0.532828850843548,1.81434552515222
"1500:100:363:1",0.458889935017814,5.35500676767888,0.640568737938467,1.45328712456845
"1500:100:363:2",0.521419448324824,4.84997782760081,0.792991454936633,2.27313328060681
"1500:100:364:1",0.447723127281254,4.13970872391067,1.22060357642275,3.38228488521603
"1500:100:364:2",0.309195035851878,4.02906547216411,0.941810136425538,3.43596048080763
"1500:100:465:1",0.861395511301599,4.98631272937825,0.193537551102319,2.1046238039493
"1500:100:465:2",1.08375239279795,5.43813312553616,0.102626611408608,2.07719028476476
"1500:100:466:1",2.2295598677349,5.55861281582834,0.029936169496293,4.11192358628721
"1500:100:466:2",1.58874050725398,6.70037712254596,0.026702163847054,13.6451163818542
"1500:100:467:1",1.18407030047421,7.27951845699225,0.209848728400295,9.54137342917627
"1500:100:467:2",1.05520660275777,4.10928259814365,0.148122875481391,4.60906050402309
"1500:100:468:1",1.97179715515149,1.21881928854569,0.051051227972711,1.43429346855665
"1500:100:468:2",2.31864902781903,0.887981679013315,0.012102726837241,1.11407542018099
"1500:100:469:1",2.88929470271931,0.422909581761561,0.002264798856501,2.77378566023223
"1500:100:469:2",2.06013280163287,0.376769556020503,9.8963239926e-05,1.64265590712128
"1500:101:360:1",1.89574406892278,0.935305012832759,0.001347759040983,4.58580427318584
"1500:101:360:2",1.35113152783993,0.462486188480438,0.010503197799567,0.612771118129264
"1500:101:361:1",0.540422137118965,0.102676582115145,0.023321234376368,0.328640946583153
"1500:101:361:2",0.977326562565974,1.22741537095798,0.099681761240694,0.169085415465987
"1500:101:362:1",0.739438619104334,2.90530277769188,0.824947680874397,0.641166395376482
"1500:101:362:2",1.72222787457288,9.92554512328153,0.700447226659723,1.5240136436396
"1500:101:363:1",0.68544071406371,5.36641261578004,0.109078628019225,1.12038976511616
"1500:101:363:2",0.420305460535062,0.271662897463173,0.000293108567546,1.59207757366253
"1500:101:364:1",0.076010589951109,4.11118266026962,0.000543167966844,5.40122136154946
"1500:101:364:2",0.025655156495054,3.60902726667425,0.000698057765343,1.35696581009852
"1500:101:465:1",0.004336287032494,20.1701160129751,0.015810237712589,NA
"7500:101:459:4",NA,NA,NA,NA
"7500:101:459:3",NA,NA,NA,NA
"7500:101:458:4",NA,NA,NA,NA
"7500:101:458:3",NA,NA,0.012804675866316,NA
"7500:101:457:4",NA,NA,0.012804675866316,NA
"7500:101:457:3",NA,NA,NA,NA
"7500:101:456:4",NA,NA,NA,NA
"7500:101:456:3",NA,NA,NA,NA
"7500:101:455:4",NA,NA,NA,NA
"7500:101:455:3",NA,NA,NA,NA
"7500:101:354:4",NA,NA,NA,NA
"7500:101:354:3",NA,NA,NA,NA
"7500:101:353:4",NA,NA,NA,NA
"7500:101:353:3",NA,NA,NA,NA
"7500:101:352:4",NA,NA,NA,NA
"7500:101:352:3",NA,NA,NA,NA
"7500:101:351:4",NA,NA,NA,NA
"7500:101:351:3",NA,NA,0.02881052069921,NA
"7500:101:350:4",NA,NA,NA,NA
"7500:101:350:3",NA,NA,0.019046955351144,NA
"7500:100:459:4",0.007725006433194,NA,NA,NA
"7500:100:459:3",NA,0.04491094345679,0.083551962149039,NA
"7500:100:458:4",NA,0.210096720512206,0.010286551074367,NA
"7500:100:458:3",0.007725006433194,0.242290340915161,NA,NA
"7500:100:457:4",NA,0.060372564695213,0.006402337933158,NA
"7500:100:457:3",0.005753520416389,0.229044972592645,0.031279719355299,NA
"7500:100:456:4",NA,1.11636747621668,0.029970944449595,NA
"7500:100:456:3",0.005782167315246,2.31071794499679,0.046914909632417,NA
"7500:100:455:4",0.274100820892659,6.12609356609515,0.190754101864029,0.080104320154714
"7500:100:455:3",0.649303008341767,7.01789857537197,0.279236620476907,0.291365819312847
"7500:100:354:4",0.556122924538957,7.75870075069782,0.117429548257336,1.09511932187998
"7500:100:354:3",0.695854542031276,5.92341780532226,0.035212858632368,1.05424724480852
"7500:100:353:4",1.04820798654613,6.52834966944562,0.053939697086854,1.19301504473237
"7500:100:353:3",0.743285157136065,7.76394649368309,0.02272829966271,2.3647644929676
"7500:100:352:4",1.09791367128094,7.44615388419124,0.029593047119205,2.27019145653931
"7500:100:352:3",0.965575839543831,7.91818759245006,0.077925554863225,3.08087134617963
"7500:100:351:4",1.46892201645822,7.699583120958,0.273614149064911,3.18577403044853
"7500:100:351:3",1.61581499119288,6.89872118193634,0.38690493510106,3.09734577062845
"7500:100:350:4",1.49054967220675,6.17000264721517,0.889282311386857,3.17922126948327
"7500:100:350:3",0.649332416896892,4.00055723642348,0.765395491955141,3.9258442392619
"1500:100:350:3",0.64296691896594,2.66050202322407,1.23525762709807,4.20944758435997
"1500:100:350:4",0.475899208966674,3.5122067609147,1.04456208961601,3.61747318735544
"1500:100:351:3",0.304446745164096,3.43011719537984,0.780658225916583,3.31318022259621
"1500:100:351:4",0.297499233362245,3.06803657029799,0.991026893923599,3.18946738526933
"1500:100:352:3",0.496254852458448,3.71901641507967,1.00064593091696,1.47818023082145
"1500:100:352:4",0.179110630820314,4.96145918529207,0.498819743911464,1.6984533680071
"1500:100:353:3",0.251519259135981,5.1356434148473,0.437546803409076,1.25027241563273
"1500:100:353:4",0.327475009822438,4.08756998170723,0.462638127690984,2.70621523149767
"1500:100:354:3",0.318171156822205,3.27800845317623,0.400444054778005,6.43641148311962
"1500:100:354:4",1.04065058262768,3.41906341865463,0.15625151216965,4.15701017183939
"1500:100:455:3",1.33315625947844,4.40459516878531,0.042188407163099,9.90937606882166
"1500:100:455:4",1.32157046255225,3.48457660425113,0.178132163342102,15.0052541675944
"1500:100:456:3",0.438887226096488,2.4565155678219,0.326739374789948,23.5664730938155
"1500:100:456:4",0.4962942693967,5.69892634220867,0.172461366634313,31.0454804160777
"1500:100:457:3",0.137519824322101,6.69490629536216,0.21344347721007,33.7197225512111
"1500:100:457:4",0.325240010805106,8.41302529765538,0.02760798461912,17.9532303323415
"1500:100:458:3",0.912381397560871,4.29176986621114,0.202856766180428,5.79495803836866
"1500:100:458:4",1.32988195966317,3.25920238464302,0.176979310224995,5.95920706201471
"1500:100:459:3",1.30030053302679,1.80881787154539,0.112676629099371,4.70161563430738
"1500:100:459:4",2.82247434912295,1.89965949207956,0.660202510494119,6.24812620457202
"1500:101:350:3",3.45427147954679,4.07773123304106,0.58184655579855,11.7647425353582
"1500:101:350:4",2.09424006352247,2.99530720765049,0.105670915413969,1.97749388137922
"1500:101:351:3",2.11332360813726,4.02811820361823,0.066874990399984,1.12426114144954
"1500:101:351:4",1.18739953628401,6.91096352142269,0.041297602715793,7.21392307688303
"1500:101:352:3",1.99885736968992,6.83844193918305,0.088534930815071,5.12829292941402
"1500:101:352:4",0.054908176247003,2.40290890418024,0.039187050231684,1.27889996080229
"1500:101:353:3",0.44312704240623,0.566680248880359,0.002891932500967,0.975484459865067
"1500:101:353:4",1.42260763824438,1.48164779161161,0.007309445672688,1.57451138510402
"1500:101:354:3",0.125026912211703,2.88063192409278,0.016118537554506,3.93369596472039
"1500:101:354:4",0.005485654877032,2.58126685424826,0.004818905600885,0.094405560726412
"1500:101:455:3",0.001339040408833,2.50649524350446,0.011591611802978,NA
"7500:101:459:2",NA,NA,0.012791103561703,NA
"7500:101:459:1",NA,NA,NA,NA
"7500:101:458:2",0.023123828439505,NA,0.019186655342554,NA
"7500:101:458:1",NA,NA,NA,NA
"7500:101:457:2",0.007716818319607,NA,NA,NA
"7500:101:457:1",0.011837315984097,NA,NA,NA
"7500:101:456:2",NA,NA,NA,NA
"7500:101:456:1",NA,NA,NA,NA
"7500:101:455:2",NA,NA,NA,NA
"7500:101:455:1",0.009646022899508,NA,0.019186655342554,NA
"7500:101:354:2",NA,NA,NA,NA
"7500:101:354:1",NA,NA,NA,NA
"7500:101:353:2",0.013500573650152,NA,0.019186655342554,NA
"7500:101:353:1",NA,NA,0.018520452032049,NA
"7500:101:352:2",0.027358321717477,NA,0.015828990657607,NA
"7500:101:352:1",NA,NA,NA,NA
"7500:101:351:2",0.035503265440018,NA,0.035175534794683,NA
"7500:101:351:1",NA,0.018073249107919,NA,NA
"7500:101:350:2",NA,0.046858688223852,NA,NA
"7500:101:350:1",NA,0.199573518594535,0.001332406621011,NA
"7500:100:459:2",NA,0.209048762620823,0.046660879867795,NA
"7500:100:459:1",0.01138230702142,0.69277756925558,0.04476886246596,NA
"7500:100:458:2",0.014923744372633,0.822363133872121,0.019186655342554,NA
"7500:100:458:1",0.001800076486687,0.734128799637347,0.019346544137076,NA
"7500:100:457:2",0.001575066925851,0.945075303519401,0.001598887945213,NA
"7500:100:457:1",0.001351793649137,2.32522805130418,NA,NA
"7500:100:456:2",0.029300682978863,4.90510296383672,0.008340865447527,0.220038580104174
"7500:100:456:1",0.154574427570194,6.82370898726012,NA,0.418695214739275
"7500:100:455:2",0.680245314883159,5.90942783971482,0.007674662137022,0.227264611536936
"7500:100:455:1",0.158185514059297,4.72388526068012,0.043419211129689,0.234769056600153
"7500:100:354:2",0.057319687820161,2.57852519384548,0.153927812284518,0.490068925477813
"7500:100:354:1",0.140362366885207,3.22406849771684,0.023625101380473,0.205483185695356
"7500:100:353:2",0.476303518680477,3.4324837002963,0.066846840176108,2.38398538071648
"7500:100:353:1",0.477937765199139,3.88468380481046,0.108786559250122,6.7945805279124
"7500:100:352:2",0.401126533985533,5.36921293643213,0.110617063466183,6.95495302302742
"7500:100:352:1",0.429461242171709,3.99763679433823,0.151420855787703,6.2029816174981
"7500:100:351:2",0.746210310004977,2.83316585477724,0.377449561967135,4.98381640624294
"7500:100:351:1",1.10448377292659,2.32509572575728,0.321002407140244,5.81024846310413
"7500:100:350:2",0.919551771994364,2.19116220391715,0.365944286545742,2.62733661366875
"7500:100:350:1",0.920232202163702,2.31813000539939,0.34416789364739,4.78411805951118
"1500:100:350:1",0.750140642711139,2.05435807955337,0.427271543211936,6.81664421877415
"1500:100:350:2",0.643840438027263,1.34373799921915,0.558368428380699,5.99687393996599
"1500:100:351:1",0.728411408179983,1.19374238903124,0.796817397856431,4.1410644219977
"1500:100:351:2",1.35293927482577,1.5374462314765,0.639323485829353,1.92999078758481
"1500:100:352:1",1.13516095587842,2.43363576635622,0.198670408072131,0.650113892559646
"1500:100:352:2",0.818488880527914,1.60262438084279,0.326231663957996,0.392456428471132
"1500:100:353:1",1.20887465638683,0.972944449853748,0.320724427747529,0.893888104332358
"1500:100:353:2",0.885936072934217,1.60294962509532,0.242797914380766,0.305309359194853
"1500:100:354:1",0.664243467961636,2.14130933219216,0.34179407992382,1.28084040132222
"1500:100:354:2",0.501727657736609,2.35155783412893,0.336733954804379,6.59396972804514
"1500:100:455:1",0.772339613194183,0.883402578179953,0.401962198038161,33.0711454731836
"1500:100:455:2",0.486394475695945,1.07805453084085,0.438424730526936,47.2827555155942
"1500:100:456:1",0.174672018685408,1.79580029432516,0.434274652228953,53.8337963351513
"1500:100:456:2",0.198463456573306,4.15800270310664,0.274207008989652,34.7858387497148
"1500:100:457:1",0.397151468333637,4.46735823949878,0.501182662646277,30.2742475906146
"1500:100:457:2",0.274354474322619,6.64866717428852,0.640851456086738,25.5242646905949
"1500:100:458:1",0.177457384192923,4.64928704611564,0.908900875368419,23.4430025228694
"1500:100:458:2",0.055786027998152,6.76404310610368,1.41350389099829,24.9027463254301
"1500:100:459:1",0.753691257619911,8.54706234315399,1.29654872902511,11.7123469510599
"1500:100:459:2",1.20866587960274,12.2252660986639,1.21366053025866,12.1949032485293
"1500:101:350:1",1.4430735501495,9.90284182302035,0.422493451026393,2.83973985116053
"1500:101:350:2",0.858841169419349,6.76141136178285,0.10981349925412,2.39244547480402
"1500:101:351:1",1.27946072443864,3.58642311262044,0.063941881583243,13.1149124050079
"1500:101:351:2",0.807828024231317,0.347567672364401,0.028734624605729,9.39498495815865
"1500:101:352:1",0.279277459417173,0.824824488802385,0.00536291179256,0.552496276305952
"1500:101:352:2",0.06014423891482,1.23063189710257,0.001460635192968,0.959044340000153
"1500:101:353:1",0.215702427319874,1.53395151510378,0.143587777942857,0.632916993179453
"1500:101:353:2",0.836895398526965,6.67880136958767,0.548078356192917,2.05910072626405
"1500:101:354:1",0.032602842061186,1.98453042859509,0.156918423657689,0.386264154435985
"1500:101:354:2",NA,1.09851782080534,0.012521917552768,0.095294549168822
"1500:101:455:1",0.006473562028559,2.46093573915728,0.034672265366266,NA
"7500:101:249:4",0.009635816762333,NA,NA,NA
"7500:101:249:3",0.011536381768122,NA,NA,NA
"7500:101:248:4",NA,NA,0.031943924297255,NA
"7500:101:248:3",NA,NA,NA,NA
"7500:101:247:4",0.011562980114799,NA,NA,NA
"7500:101:247:3",0.011562980114799,NA,NA,NA
"7500:101:246:4",0.013486289140561,0.116568276815327,NA,NA
"7500:101:246:3",NA,NA,NA,NA
"7500:101:245:4",NA,NA,0.015971962148627,NA
"7500:101:245:3",0.024602274446398,NA,NA,NA
"7500:101:144:4",NA,0.011149353898367,NA,NA
"7500:101:144:3",0.026760073145059,0.015097746280372,NA,NA
"7500:101:143:4",NA,0.013680911322769,0.015971962148627,NA
"7500:101:143:3",NA,0.04477963633054,NA,NA
"7500:101:142:4",NA,0.088499601446018,NA,NA
"7500:101:142:3",0.007690921178748,0.270737671060954,NA,NA
"7500:101:141:4",NA,0.432367549802869,NA,NA
"7500:101:141:3",0.056445591918525,0.362094936386613,0.019166354578353,NA
"7500:101:140:4",0.001350363361073,0.43737947157436,NA,NA
"7500:101:140:3",0.030774885281709,0.768819242262929,NA,NA
"7500:100:249:4",0.007690921178748,0.750845774858379,NA,NA
"7500:100:249:3",NA,0.5132281840993,0.03513831672698,NA
"7500:100:248:4",0.02689817648827,0.787716373436384,0.038332709156706,NA
"7500:100:248:3",NA,1.23173544750138,0.019166354578353,NA
"7500:100:247:4",NA,3.13364959444044,NA,0.490524815936284
"7500:100:247:3",0.027329374783881,6.05816334540277,0.055901867520196,0.756599250200257
"7500:100:246:4",NA,5.87680925907622,NA,0.632496264683538
"7500:100:246:3",0.050948306239986,2.49368063520582,0.015971962148627,0.469461329479096
"7500:100:245:4",0.01407652284701,2.84812006833161,NA,0.127268425194976
"7500:100:245:3",0.030894149683356,3.82783521689614,0.002098860371038,NA
"7500:100:144:4",0.054003179401401,4.27331970877128,0.051989330780371,NA
"7500:100:144:3",0.419724448661433,3.19587874845213,0.072224859167851,NA
"7500:100:143:4",1.11155826898486,2.82116137001432,0.071804719656523,0.136586747957578
"7500:100:143:3",1.09638246043837,2.17297102597977,0.162733148373256,0.205534048178737
"7500:100:142:4",0.756096886307272,2.09831142107127,0.267167661235578,0.75432253366356
"7500:100:142:3",0.607977088731285,1.78888024797834,0.262009744622321,0.690599945629723
"7500:100:141:4",1.47436720726334,1.28407501858417,0.534979132696507,2.05882793476994
"7500:100:141:3",1.88130942358201,1.1270558348414,0.574716092148949,2.50829579146077
"7500:100:140:4",1.39133718028926,0.913536894705306,0.568468699787701,1.63884947427212
"7500:100:140:3",1.07969129195658,0.495718110591421,0.832372211521842,6.92974438391628
"1500:100:140:3",0.913223167492091,0.698863472862643,1.10254329321738,6.21750064950115
"1500:100:140:4",1.52392159255667,0.417641849385107,0.844129011904738,6.89386952503107
"1500:100:141:3",1.71366950738623,0.371822005794716,0.524726978288535,5.12896009867266
"1500:100:141:4",1.93992493340692,0.226327787763073,0.86963855064416,2.91281802566516
"1500:100:142:3",1.68927592515265,1.1452710736229,0.755839965869083,1.62321619734
"1500:100:142:4",1.34682317138236,1.74171643559839,0.742758880488851,1.57685539805843
"1500:100:143:3",0.709975114964417,1.60877736506429,0.539628409880848,1.17423333636608
"1500:100:143:4",0.70029488267811,1.025693432145,0.515475066843772,1.98124419022762
"1500:100:144:3",0.636853226693228,0.177280788767859,0.4379592370347,2.59936359422282
"1500:100:144:4",0.39475466240338,0.004409550406001,0.260438814974563,2.78320650194114
"1500:100:245:3",0.388462433962442,0.013932971195143,0.22281202192018,3.60587053912864
"1500:100:245:4",0.677115857747126,0.021430453655505,0.348800837720072,9.75009393714803
"1500:100:246:3",0.495997026351449,0.802367569409021,0.420853310343361,10.8713130388928
"1500:100:246:4",0.3078350645249,3.7293554977554,0.723176752696069,14.1908420512184
"1500:100:247:3",0.37871806180576,3.85438365512396,0.775066319288667,9.13990227936522
"1500:100:247:4",0.086257048318842,5.21966551482481,1.09776645664387,9.60125462731019
"1500:100:248:3",0.120208289246071,6.56004403254628,1.78059113593095,11.2799560902286
"1500:100:248:4",0.05245161612553,7.72704539090098,1.82741874777378,10.1447186757905
"1500:100:249:3",0.195357261787486,10.9639199603777,2.16293755376791,4.04311173586536
"1500:100:249:4",0.330692954933248,3.66714543428013,1.18900217432013,0.533046502319368
"1500:101:140:3",0.608655074155215,1.59845286887762,0.100713128715405,0.501623750445814
"1500:101:140:4",0.693376935420741,0.331981153875439,0.08545349503576,0.232759567542726
"1500:101:141:3",0.357488494285668,0.236230535426752,0.19939326077417,1.70952699553746
"1500:101:141:4",0.716784976375253,3.28688921510913,0.260189610115416,1.28161006964924
"1500:101:142:3",0.48111041644649,1.54496217551706,0.10678548158418,0.84139523563875
"1500:101:142:4",0.308225260798358,1.5025197442893,0.328801200536525,1.74892919376102
"1500:101:143:3",0.751354555987059,3.2202979999333,0.763516373908677,2.1767221352701
"1500:101:143:4",0.087370346978735,2.28252644298859,0.232187157459833,0.843508612149252
"1500:101:144:3",0.013087155827788,6.09685183991271,0.054334386706134,0.193053615286462
"1500:101:144:4",0.009401107167617,1.29987681589034,0.153212256835784,0.125436923641065
"1500:101:245:3",0.02954226270713,3.61078904484521,0.063460153331998,NA
"7500:101:249:2",NA,NA,0.006382037097688,NA
"7500:101:249:1",NA,NA,NA,NA
"7500:101:248:2",NA,NA,NA,NA
"7500:101:248:1",NA,0.162073396719358,0.012764074195375,NA
"7500:101:247:2",NA,0.00167121007089,NA,NA
"7500:101:247:1",0.011436844459203,0.042285096481164,NA,NA
"7500:101:246:2",NA,NA,NA,NA
"7500:101:246:1",NA,NA,0.012764074195375,NA
"7500:101:245:2",NA,NA,NA,NA
"7500:101:245:1",NA,0.013764365360344,0.015423256319412,NA
"7500:101:144:2",NA,0.052255798260622,0.012870441480337,NA
"7500:101:144:1",NA,0.161453701761805,NA,NA
"7500:101:143:2",NA,0.1432277595802,NA,NA
"7500:101:143:1",0.063619369846187,0.130141968767271,0.00949328018281,NA
"7500:101:142:2",NA,0.250326204373832,0.015955092744219,NA
"7500:101:142:1",NA,0.523435112918412,NA,NA
"7500:101:141:2",0.144119061345056,0.348758379651268,NA,NA
"7500:101:141:1",NA,0.363266629901441,NA,NA
"7500:101:140:2",NA,0.467277121833225,NA,NA
"7500:101:140:1",NA,0.720941299825321,NA,NA
"7500:100:249:2",NA,0.708368539066192,0.009253953791647,NA
"7500:100:249:1",NA,1.70904115152341,NA,NA
"7500:100:248:2",NA,3.06810892800472,0.019013152186861,NA
"7500:100:248:1",NA,3.75065227250728,0.02013887261937,NA
"7500:100:247:2",NA,3.36603867137142,0.012764074195375,NA
"7500:100:247:1",0.054692869254279,2.36796172316188,NA,NA
"7500:100:246:2",NA,4.1911682980576,0.028320289620989,NA
"7500:100:246:1",NA,5.36217031310042,0.012829221446844,NA
"7500:100:245:2",NA,4.87646163627636,0.017174742790627,NA
"7500:100:245:1",0.063089208430802,3.90114305344138,0.208922350414773,NA
"7500:100:144:2",NA,2.23569222822467,0.689038938994333,NA
"7500:100:144:1",NA,1.6243840377891,0.346064750247155,NA
"7500:100:143:2",0.291332900804508,1.13950645766136,0.217742530438111,NA
"7500:100:143:1",0.559358851128074,1.1025633615976,0.145505392899334,NA
"7500:100:142:2",0.778160828314361,1.13564053441161,0.187762290120387,0.791636036921966
"7500:100:142:1",1.65148953122391,1.09331880297672,0.353418855916873,1.39898924166765
"7500:100:141:2",1.85900197300616,0.776440846913715,0.481868137643764,3.72728143284367
"7500:100:141:1",1.54249672523443,0.616237974232932,0.308615262917288,3.49768425547999
"7500:100:140:2",1.28359651270731,0.497611633517729,0.5879055191229,2.23504258345013
"7500:100:140:1",1.4704264965274,0.741891392048927,1.23040320049894,4.75318671957677
"1500:100:140:1",1.65864709307112,1.21476245333573,1.57977361926239,6.05247710537511
"1500:100:140:2",1.35584073457184,1.29303428867308,0.819301257477495,8.07637857211873
"1500:100:141:1",1.4792511473528,1.07333438593434,0.642620348055059,5.43569323585125
"1500:100:141:2",0.571524463148874,1.8210782573004,1.01443633030789,3.66931620377874
"1500:100:142:1",0.623000111237683,1.20657094580658,0.685700926610843,2.97749241586321
"1500:100:142:2",0.394375148696313,0.815434065877627,0.394284131286004,3.22609224721543
"1500:100:143:1",0.552924759245449,2.06927931471831,0.367667171649368,0.190839641654285
"1500:100:143:2",0.446440519357977,2.2890910832575,0.305876919002637,0.288660566434914
"1500:100:144:1",0.541604899496596,1.74940468087983,0.135890932857133,0.280323243654296
"1500:100:144:2",0.585023740863596,1.62992938555055,0.186612199730511,0.42024652265611
"1500:100:245:1",0.675360262358997,0.339653495036646,0.148896820324801,0.417682492149135
"1500:100:245:2",0.848005756535071,0.325109316675893,0.082869727101987,2.00841121383801
"1500:100:246:1",0.752100777846069,4.76690464130913,0.25726017223957,4.90392637375479
"1500:100:246:2",0.347509083269891,8.21938943823221,0.282924723933479,10.6847537895812
"1500:100:247:1",0.622998320447443,2.99038569629783,0.664600459552869,7.32091208377343
"1500:100:247:2",0.495584476597785,4.88229877490307,1.00448811072175,6.21493074051308
"1500:100:248:1",0.525557677595793,4.74530639754685,0.902052812474073,4.83364594702958
"1500:100:248:2",0.398920476096463,4.31163773292893,2.06138602480979,7.65947874824925
"1500:100:249:1",0.121118953153246,5.7145516394943,2.50892663704453,6.85309552059069
"1500:100:249:2",0.211470581615305,5.64613969967862,1.98325285270193,14.6262606414119
"1500:101:140:1",1.07768812005189,9.82479663204203,1.69817440654802,21.7730442506745
"1500:101:140:2",0.137403995677544,7.87187316927582,2.47444246852502,15.2571184936841
"1500:101:141:1",0.437414267266687,6.32334497082971,2.6444125833931,7.21928348957695
"1500:101:141:2",0.36627454226366,7.36406302813348,0.872348308004533,1.83572576359512
"1500:101:142:1",0.159330462269923,0.938719787533618,0.139774606101247,0.560652324124802
"1500:101:142:2",0.291512954654024,0.378891270610384,0.208093997415776,0.879685240509154
"1500:101:143:1",0.060645713184638,0.805374287728619,0.101198828742719,1.13564153070791
"1500:101:143:2",0.084082482184189,3.8486456568881,0.242528765113042,0.505189037364071
"1500:101:144:1",0.073297971310094,10.7764535173583,0.255851905817766,0.222336562461228
"1500:101:144:2",0.025628895041448,2.50833976458774,0.460457863762,NA
"1500:101:245:1",0.017912784161301,2.41321624340833,0.029323420706871,NA
"7500:101:239:4",NA,0.309884950391877,NA,NA
"7500:101:239:3",0.015278839301098,0.073996314873515,NA,NA
"7500:101:238:4",NA,0.103366107652777,NA,NA
"7500:101:238:3",NA,0.015903232067574,NA,NA
"7500:101:237:4",NA,0.024511323782664,0.018329011720886,NA
"7500:101:237:3",NA,0.000156510758456,NA,NA
"7500:101:236:4",NA,NA,NA,NA
"7500:101:236:3",NA,NA,NA,NA
"7500:101:235:4",0.012472737385884,NA,NA,NA
"7500:101:235:3",0.026795962005585,NA,NA,NA
"7500:101:134:4",NA,0.024415476606229,NA,NA
"7500:101:134:3",NA,0.027176295918014,NA,NA
"7500:101:133:4",NA,0.051766727314233,NA,NA
"7500:101:133:3",NA,0.100570955964578,NA,NA
"7500:101:132:4",NA,0.179746578363615,NA,NA
"7500:101:132:3",NA,0.348776836705364,NA,NA
"7500:101:131:4",0.024959551648332,0.35219854196125,NA,NA
"7500:101:131:3",NA,0.342264442500978,0.03041553394263,NA
"7500:101:130:4",NA,0.20192690911216,0.001115678974315,NA
"7500:101:130:3",0.031776147517119,0.184953789837484,NA,NA
"7500:100:239:4",NA,0.328889201676701,NA,NA
"7500:100:239:3",NA,0.78776584339529,NA,NA
"7500:100:238:4",NA,2.48751325093734,NA,NA
"7500:100:238:3",NA,3.49167298944275,0.069889318605291,NA
"7500:100:237:4",0.022671096027269,4.24644011566569,0.068603301263752,NA
"7500:100:237:3",NA,5.18194190485389,0.019125925273968,NA
"7500:100:236:4",NA,4.50916844188265,0.015274176434072,0.049831693051623
"7500:100:236:3",NA,3.07208666058088,0.003193706464404,0.166764949080933
"7500:100:235:4",NA,2.47107790154236,0.01762015164582,0.101198485652229
"7500:100:235:3",0.063552295034238,2.5042412186189,0.02384103289871,0.20415768918841
"7500:100:134:4",NA,2.21776548746796,0.033650773490392,NA
"7500:100:134:3",0.023334821366063,1.99978038693763,0.076091651667114,0.044163633178452
"7500:100:133:4",NA,2.12521087919696,0.146258266960166,0.126291459049077
"7500:100:133:3",0.544636691007703,2.53684866435786,0.127596404934747,0.215760848980607
"7500:100:132:4",1.02001348642473,2.11537319208059,0.096241582869399,0.324382595760056
"7500:100:132:3",1.87700902845609,1.42529632566817,0.109594871377962,1.69700552719183
"7500:100:131:4",1.81125319771889,1.60681595384264,0.601006457793973,0.950215118562312
"7500:100:131:3",1.22983311876837,1.68721837608955,0.549277307716904,3.3944659372852
"7500:100:130:4",1.20634206634996,1.29270621073804,0.784191878881989,4.59577683466832
"7500:100:130:3",1.0593159353157,1.17217904440085,1.10178784087188,9.39220029753566
"1500:100:130:3",1.03380273665423,0.478957759368858,1.28078667544641,9.90389652021922
"1500:100:130:4",0.884289768313705,0.732569309926864,1.06215104870474,8.30393193626531
"1500:100:131:3",0.828905566483604,0.810211043556233,0.675381216953188,4.44423095374643
"1500:100:131:4",0.844501734101364,0.991998518868358,0.76536687985624,1.8750235011845
"1500:100:132:3",0.029325669280613,1.19729964965363,0.402852923912042,3.8516732525717
"1500:100:132:4",0.117096192519528,1.1406408043698,0.274682543329335,5.06865667884245
"1500:100:133:3",0.457100611352789,1.22001412394831,0.266523220939623,8.20074853950332
"1500:100:133:4",0.243602601947786,2.22679686251972,0.084084567565701,11.9501611307361
"1500:100:134:3",0.207375888799557,2.447386494896,0.072335973288181,8.49526698638206
"1500:100:134:4",0.498203983794685,2.71431420122672,0.057115666703176,7.28355710797467
"1500:100:235:3",0.128143834491343,2.7795627606369,0.084308739848727,7.22514832137569
"1500:100:235:4",0.238829612044677,2.99033418256142,0.158895943660416,8.57559995167733
"1500:100:236:3",0.297527674213172,4.70935366630404,0.387863679994447,15.5482432368797
"1500:100:236:4",0.269832698380752,5.75217815026635,0.968616732544505,15.3978582781922
"1500:100:237:3",0.27724558848742,6.6984243546862,1.45520796218127,31.3529533490712
"1500:100:237:4",0.189863160380289,6.28715395014164,1.85518264052332,26.7731259731364
"1500:100:238:3",0.170085643877515,1.29750489783609,1.44995020556085,9.15550003676777
"1500:100:238:4",0.151804158196511,1.06907972637919,1.2907619131457,5.9827198933459
"1500:100:239:3",0.246060321012111,1.61684420407762,1.64746302210974,10.6053487378331
"1500:100:239:4",0.009403046104441,3.52476409711981,2.15580083412586,11.2577749555091
"1500:101:130:3",0.249046312416234,8.1689791996413,2.12212859652077,15.5160906258431
"1500:101:130:4",0.118206419376476,8.81838696423667,2.16996120457427,13.2305323778206
"1500:101:131:3",0.147954157881058,2.61052174429963,1.57743910002756,4.59748525169244
"1500:101:131:4",0.208542498066788,1.86366995884357,0.536252042755278,1.34274890587966
"1500:101:132:3",0.249712640682315,1.95620705612093,0.689626056622636,11.483059891376
"1500:101:132:4",0.543572976292157,1.26125465466345,0.597592590601466,8.30039012063269
"1500:101:133:3",0.175144245673978,6.34706230847121,0.332508604335083,2.04612772092594
"1500:101:133:4",0.126147340848196,13.0231926170624,0.245276436188234,0.378888606983553
"1500:101:134:3",0.038794711845139,0.688411787861041,0.284975417108507,NA
"1500:101:134:4",0.003404513997305,0.797997930939041,0.081040821642039,NA
"1500:101:235:3",NA,3.68206310357504,0.005339721395751,NA
"7500:101:239:2",0.031742704902589,0.444340368236928,NA,NA
"7500:101:239:1",NA,0.109823958592265,NA,NA
"7500:101:238:2",NA,NA,NA,NA
"7500:101:238:1",NA,NA,NA,NA
"7500:101:237:2",0.012123519810933,NA,NA,NA
"7500:101:237:1",NA,NA,NA,NA
"7500:101:236:2",0.017508517533669,NA,NA,NA
"7500:101:236:1",NA,NA,NA,NA
"7500:101:235:2",NA,NA,NA,NA
"7500:101:235:1",0.021048069717217,NA,NA,NA
"7500:101:134:2",NA,NA,NA,NA
"7500:101:134:1",0.014032046478144,0.002285283588694,NA,NA
"7500:101:133:2",NA,NA,0.015921496924527,NA
"7500:101:133:1",NA,NA,NA,NA
"7500:101:132:2",NA,0.028695984799001,NA,NA
"7500:101:132:1",NA,0.031864149012283,NA,NA
"7500:101:131:2",NA,0.004092828958051,0.015921496924527,NA
"7500:101:131:1",0.028596330616267,0.010521755255063,NA,NA
"7500:101:130:2",0.056998379406495,NA,NA,0.268683354024238
"7500:101:130:1",NA,0.011587063940835,NA,NA
"7500:100:239:2",NA,0.293584654004659,NA,NA
"7500:100:239:1",NA,1.36228916086333,NA,NA
"7500:100:238:2",NA,1.6107585189355,NA,NA
"7500:100:238:1",NA,1.87294820131526,0.019742656186413,NA
"7500:100:237:2",NA,1.63153834664984,NA,NA
"7500:100:237:1",NA,2.17217050249642,0.038211592618864,0.172398983254417
"7500:100:236:2",NA,2.06339550536324,0.022290095694337,0.085609690110772
"7500:100:236:1",NA,2.58444031751261,NA,NA
"7500:100:235:2",NA,2.53906929707693,NA,NA
"7500:100:235:1",NA,2.24148899366399,0.000130916685476,0.036774124549822
"7500:100:134:2",NA,2.53394387843962,6.8097792042e-05,0.011707560101266
"7500:100:134:1",NA,1.9078157549823,0.02036336189111,1.1189130869892
"7500:100:133:2",NA,1.98307078434203,0.003021245828254,0.886675986982156
"7500:100:133:1",0.0797060318017,1.32791651513687,0.005033817363703,1.93812806028214
"7500:100:132:2",0.05133911924844,0.818025911182289,0.149126482984868,1.49349897065486
"7500:100:132:1",0.88970623082757,0.887452478093382,0.53778379898478,2.66755419163374
"7500:100:131:2",1.29656320622046,0.596431390960824,0.567217559223082,4.31521311367446
"7500:100:131:1",1.32275906632819,0.642179253109116,0.523166632612171,3.38669936209504
"7500:100:130:2",0.781990218030417,0.77163149530636,0.438598108282128,4.33502390870806
"7500:100:130:1",1.49093094036721,0.749278449123607,0.672332917844828,4.93128028984649
"1500:100:130:1",1.17429550184244,1.18088594269754,0.73538606269527,4.10388978136753
"1500:100:130:2",0.604110048835814,1.00057642534731,0.805729848853682,2.05917612277155
"1500:100:131:1",0.1258051264172,1.16737207886347,1.52120525258428,3.81722069371509
"1500:100:131:2",NA,1.51013143657826,1.44952749591479,5.99236051865726
"1500:100:132:1",0.040283323900513,1.59997177928049,0.63965127018097,6.62741996535548
"1500:100:132:2",NA,1.57016873434749,0.219222286096163,13.2209739158295
"1500:100:133:1",NA,3.08701879405278,0.141799016205814,17.4688805193733
"1500:100:133:2",NA,2.95256558686095,0.078587648578074,24.3161182281147
"1500:100:134:1",0.01816201635181,1.45085023247208,0.106895179908541,20.352328212207
"1500:100:134:2",0.030525518357917,0.433919291197659,0.167911411742741,20.2676413969769
"1500:100:235:1",0.228358942240263,2.05073031909262,0.266687322515983,38.3168667114719
"1500:100:235:2",0.311012430167621,3.01759258011052,0.388834674874889,22.530741640741
"1500:100:236:1",0.218572048285612,3.26292367669043,0.585996349427825,19.0040843038691
"1500:100:236:2",0.438469104685469,4.72694318543846,1.11578532660466,8.04637377662185
"1500:100:237:1",0.5293380279831,6.05661560870874,1.00051737741496,6.79328558369136
"1500:100:237:2",0.565769972021507,9.32344477881088,1.04451442541731,5.14821519348765
"1500:100:238:1",0.623451318172168,9.72717889025748,1.49314032880468,8.70867628833418
"1500:100:238:2",0.631431143336593,7.56669952586622,1.47850540623355,2.80610416716949
"1500:100:239:1",0.700868597839477,6.12900858247355,2.38221864843695,2.34445649442136
"1500:100:239:2",0.377207856786819,5.80597657278738,2.01679838514763,0.881440918147663
"1500:101:130:1",0.416321543195082,4.8510833650566,1.45770900868011,4.26280692711754
"1500:101:130:2",0.136366216038555,8.98928937630366,1.30908064374057,12.4199406567234
"1500:101:131:1",0.518475274580628,6.14986736184798,0.883237292992314,10.7670734033254
"1500:101:131:2",1.13368276051067,5.31825442224459,0.660808518236109,7.96215850391909
"1500:101:132:1",0.982039879589879,5.80318713858164,0.495152160373749,10.7729182646842
"1500:101:132:2",0.430759615321529,12.3464803593512,0.293905446671809,6.41951183671051
"1500:101:133:1",0.315291046729667,9.71465989008562,0.418032497456278,3.64480223108023
"1500:101:133:2",0.048624004070099,0.502603132414458,0.26676023745077,0.071824496250143
"1500:101:134:1",0.002284605393111,0.303353014057861,0.092616849055124,NA
"1500:101:134:2",NA,0.672425570022795,0.000316525588163,NA
"1500:101:235:1",NA,3.56711688062229,0.013040422043499,NA
"7500:101:229:4",NA,0.196036860314619,NA,NA
"7500:101:229:3",NA,0.113409031041915,NA,NA
"7500:101:228:4",0.057630137374454,0.025635261333633,NA,NA
"7500:101:228:3",NA,NA,NA,NA
"7500:101:227:4",NA,NA,NA,NA
"7500:101:227:3",0.011422716894309,NA,NA,NA
"7500:101:226:4",NA,NA,NA,NA
"7500:101:226:3",NA,NA,NA,NA
"7500:101:225:4",0.0312090518129,NA,NA,0.134065491057016
"7500:101:225:3",NA,NA,NA,NA
"7500:101:124:4",0.0312090518129,NA,NA,NA
"7500:101:124:3",NA,NA,NA,NA
"7500:101:123:4",NA,NA,NA,NA
"7500:101:123:3",NA,NA,NA,NA
"7500:101:122:4",NA,NA,NA,NA
"7500:101:122:3",NA,NA,NA,NA
"7500:101:121:4",NA,NA,NA,NA
"7500:101:121:3",NA,NA,NA,NA
"7500:101:120:4",NA,0.013874876045402,NA,NA
"7500:101:120:3",NA,0.067401252935638,NA,NA
"7500:100:229:4",NA,0.194076900414758,NA,NA
"7500:100:229:3",NA,0.27485700969034,NA,NA
"7500:100:228:4",NA,0.458476697201614,0.015904770157412,NA
"7500:100:228:3",NA,0.442440340568649,NA,NA
"7500:100:227:4",NA,0.301236775116825,0.034990494346306,NA
"7500:100:227:3",NA,0.427953296243194,0.031809540314824,NA
"7500:100:226:4",NA,0.504520636372221,NA,0.273828694234019
"7500:100:226:3",NA,0.81796946360356,NA,0.273828694234019
"7500:100:225:4",NA,0.898810608058152,0.003817144837779,0.278632706413562
"7500:100:225:3",NA,1.46694663866171,0.001898123281295,0.805075207280386
"7500:100:124:4",NA,1.32089128501874,0.003488884709162,0.661132835275864
"7500:100:124:3",NA,1.27403639537488,0.003796002919131,1.10747642001623
"7500:100:123:4",NA,1.27874381023553,0.006488236941546,0.400736936735126
"7500:100:123:3",NA,1.38841154830196,0.020032802440515,1.36814405172858
"7500:100:122:4",0.504907046899229,1.28508773576764,0.0976287234501,3.03731919075756
"7500:100:122:3",0.981800225572218,0.985014779577819,0.256495878718738,2.54042155844554
"7500:100:121:4",0.925711294711158,1.28988440815422,0.604046145340033,3.78393248897945
"7500:100:121:3",1.05410540051467,1.06226983300706,0.436119238601323,2.92889632887893
"7500:100:120:4",1.42819581821325,0.987208730143114,0.2663098799281,1.60687472852998
"7500:100:120:3",1.20953353936297,1.31554241312559,0.580081325667035,0.591534550392825
"1500:100:120:3",0.985535215710404,1.42127825952224,0.655605639285206,3.34904083800108
"1500:100:120:4",0.43267513064443,2.02779637601775,0.883242256621961,3.91571779482692
"1500:100:121:3",0.05763296928519,4.64025828996647,0.961672441925665,3.94783075949865
"1500:100:121:4",0.0312090518129,5.38518227290139,0.637879492641728,8.82203991928706
"1500:100:122:3",NA,4.62859496466156,0.284471914978645,11.9310558452239
"1500:100:122:4",NA,4.88652586005038,0.124381294186468,13.6806187888037
"1500:100:123:3",NA,4.9756791994423,0.169617641285809,17.3196375196844
"1500:100:123:4",0.081643210853856,5.67971008043936,0.149642149421814,19.3101416790153
"1500:100:124:3",0.189396481055188,5.41842295804296,0.192684944900763,15.9571458382495
"1500:100:124:4",0.305684234210359,5.60443686520474,0.170795308249027,5.51798338782608
"1500:100:225:3",0.250423009864386,4.92436688933658,0.295951652414059,6.48310244610251
"1500:100:225:4",0.271979628719939,5.18720458385349,0.609083176560583,4.49134561078129
"1500:100:226:3",0.191491715295666,4.59473541425762,0.7663295422583,4.3329207315441
"1500:100:226:4",0.239649215952584,2.28443469778086,0.528127453435673,2.45305538868074
"1500:100:227:3",0.264480969910559,2.20414289397284,1.49967144545018,4.00417259205151
"1500:100:227:4",0.007008652362618,1.97402061578168,1.54920662067502,3.66257219114355
"1500:100:228:3",NA,2.44521409597575,1.19573568345053,7.37446075473439
"1500:100:228:4",0.02639280441989,3.6542396350695,2.00643611253492,3.15296768221174
"1500:100:229:3",0.774826569171332,3.17715026777759,3.96096185888393,0.567220337372134
"1500:100:229:4",0.462481676828456,6.44120724720541,2.48690388266325,0.57905819447952
"1500:101:120:3",0.720445802089122,8.15556536078466,2.2319124878161,2.03839956849753
"1500:101:120:4",0.390821285313487,8.68252963799459,1.98967837540246,1.8785972232292
"1500:101:121:3",0.505408670297705,7.63676664567668,0.475935466972704,2.03876927627201
"1500:101:121:4",0.492921672635044,12.2511307698646,0.444720283506015,0.737203348055919
"1500:101:122:3",0.84479758205556,12.4858838506546,0.246052319449512,1.26164085804389
"1500:101:122:4",0.419375080151993,2.11376260839828,0.208810374704738,0.437721456460565
"1500:101:123:3",0.127383665354381,0.293948243232959,0.097279793936807,NA
"1500:101:123:4",0.008718540814002,0.254847392185809,0.053423696525813,NA
"1500:101:124:3",NA,0.521719891274344,0.034695587234163,NA
"1500:101:124:4",NA,1.35606161152467,0.00214539623883,NA
"7500:101:229:2",NA,0.126831341779057,NA,NA
"7500:101:229:1",NA,0.078132563081522,NA,NA
"7500:101:228:2",0.026756929465489,0.056799149221202,NA,NA
"7500:101:228:1",NA,0.086659598721485,0.004130903552287,NA
"7500:101:227:2",NA,0.076426626607067,NA,NA
"7500:101:227:1",NA,0.039610753540561,NA,NA
"7500:101:226:2",NA,0.053559779997635,NA,NA
"7500:101:226:1",NA,0.136385838693189,NA,NA
"7500:101:225:2",NA,0.016407211492948,NA,NA
"7500:101:225:1",0.029915313291794,0.000805261913764,NA,NA
"7500:101:124:2",NA,NA,NA,NA
"7500:101:124:1",NA,NA,NA,NA
"7500:101:123:2",NA,NA,NA,NA
"7500:101:123:1",NA,NA,NA,NA
"7500:101:122:2",NA,NA,NA,0.138389057712019
"7500:101:122:1",NA,NA,NA,0.133924894560019
"7500:101:121:2",NA,0.018059676045152,NA,NA
"7500:101:121:1",NA,0.028653903098115,NA,0.133924894560019
"7500:101:120:2",NA,0.029450776866944,NA,NA
"7500:101:120:1",NA,0.023570687267477,NA,NA
"7500:100:229:2",NA,0.050002081180897,NA,NA
"7500:100:229:1",NA,0.295310929432788,NA,NA
"7500:100:228:2",NA,0.790405634960608,NA,0.278340500103336
"7500:100:228:1",NA,1.13710899679507,NA,0.55188202606696
"7500:100:227:2",NA,1.65003406580811,0.019065708702863,NA
"7500:100:227:1",0.022846102496469,1.84093640654711,NA,NA
"7500:100:226:2",NA,1.66558244673331,0.067766931432125,0.569774737033097
"7500:100:226:1",NA,1.62816524590937,0.015440858981027,NA
"7500:100:225:2",NA,1.81525316399773,0.019003295707659,0.266583172217816
"7500:100:225:1",NA,1.15389131784732,0.006535000134496,1.25027887346519
"7500:100:124:2",NA,1.06725468138567,0.017953542361862,0.564705109919757
"7500:100:124:1",NA,1.47016314087642,0.000114665407501,2.57987399751744
"7500:100:123:2",NA,1.30495561595332,0.017899196065814,2.9121225789883
"7500:100:123:1",NA,0.69436736749995,0.079669789260572,1.14452838221123
"7500:100:122:2",0.539181692930085,0.878212157230307,0.103651275005433,4.78642120563164
"7500:100:122:1",0.883296552169585,1.63019068115838,0.310286105189944,6.17936549634455
"7500:100:121:2",1.51315842065186,1.79067477186497,0.266995742872977,7.72985208006758
"7500:100:121:1",1.80686933308036,1.64058120300453,0.144984881424295,6.29005692554258
"7500:100:120:2",1.97639539713303,2.45780342940115,0.339690402731925,2.32017853011333
"7500:100:120:1",0.688655128427769,2.5945100299426,0.407325734277227,1.70958204495461
"1500:100:120:1",0.538743933287637,3.42112229832119,0.570646208802143,2.11853477829956
"1500:100:120:2",0.263605526727915,5.03249159447954,0.668046320471899,4.10806262771385
"1500:100:121:1",NA,5.26362174406276,0.628351515909956,8.04521891260669
"1500:100:121:2",NA,5.48390144399874,0.519652841464218,7.61509478687839
"1500:100:122:1",NA,4.77120308110089,0.320199674638673,7.93504987284498
"1500:100:122:2",NA,4.75268673374883,0.302971751938934,5.3407484910542
"1500:100:123:1",NA,5.45143553828405,0.343986381690846,4.68623218798565
"1500:100:123:2",NA,5.24387779526924,0.241569758205549,3.89565223741821
"1500:100:124:1",NA,4.68082475826968,0.399101544274698,4.33610609253938
"1500:100:124:2",NA,4.3715759022027,0.572137212059432,4.50989102639318
"1500:100:225:1",NA,4.68866487610915,0.592985806123274,4.51787865067237
"1500:100:225:2",NA,5.59375425190716,1.25461288276364,11.129205301694
"1500:100:226:1",NA,3.57639358404121,1.23229271264348,13.2858408497134
"1500:100:226:2",NA,2.85843345636322,0.741347647230339,10.707963216719
"1500:100:227:1",NA,2.31404630871903,1.48339738314691,10.016892596804
"1500:100:227:2",NA,1.19213669453624,1.69091762956401,9.0809972420489
"1500:100:228:1",0.064825421410079,2.15429085105781,1.7950277961974,12.2429019087614
"1500:100:228:2",0.269634658535638,3.4190705096489,3.16510120216577,14.3071113345006
"1500:100:229:1",0.807307155512318,3.22007787512765,3.55654311998202,14.6777969709111
"1500:100:229:2",1.04106712569018,5.85882554853336,2.89846485460495,16.4271154255606
"1500:101:120:1",1.01417889298456,12.796946071599,2.64402612887725,18.0157506838609
"1500:101:120:2",0.256224640820934,12.5428392084685,1.20987578259104,11.2983390329056
"1500:101:121:1",0.369236072788688,11.1770800746883,0.279103239543798,3.04056031134665
"1500:101:121:2",0.570631726062235,9.60352082625989,0.224978958542114,0.58003720858325
"1500:101:122:1",0.407658210495453,3.89465329759299,0.13947319079337,NA
"1500:101:122:2",0.224105786024587,0.34485586680496,0.081205178514159,NA
"1500:101:123:1",0.09538028022576,0.323352406231542,0.123817830334065,NA
"1500:101:123:2",0.007134594736112,0.291902737359676,0.038108404766499,NA
"1500:101:124:1",NA,0.845122578612191,0.015210025735057,NA
"1500:101:124:2",0.005901032346244,14.5465731979487,0.017955945632319,NA
"7500:101:219:4",NA,0.343115299331174,NA,NA
"7500:101:219:3",NA,0.153783613589704,NA,NA
"7500:101:218:4",NA,0.154862977947321,NA,NA
"7500:101:218:3",NA,0.126826055430181,0.015739195885456,0.144802394980577
"7500:101:217:4",0.004219058975765,0.200618689833775,0.015871458035754,0.082783103224909
"7500:101:217:3",0.004219058975765,0.280012303766417,NA,NA
"7500:101:216:4",NA,0.191543462020449,NA,0.144802394980577
"7500:101:216:3",NA,0.042122770929817,NA,NA
"7500:101:215:4",NA,0.066265571614837,NA,NA
"7500:101:215:3",NA,0.041554118303092,NA,NA
"7500:101:114:4",NA,0.048370072550376,NA,NA
"7500:101:114:3",NA,0.083816723696014,NA,NA
"7500:101:113:4",NA,0.252307475429216,NA,NA
"7500:101:113:3",NA,0.412807822357451,NA,NA
"7500:101:112:4",NA,0.435911533515444,NA,NA
"7500:101:112:3",NA,0.476052799832579,NA,NA
"7500:101:111:4",NA,0.795608878006078,NA,NA
"7500:101:111:3",0.036009192941083,2.1020459926486,NA,NA
"7500:101:110:4",0.004225403828561,1.98935183690726,NA,NA
"7500:101:110:3",NA,1.15533644229921,NA,NA
"7500:100:219:4",0.014769918078056,1.17575447726542,NA,0.273255167255296
"7500:100:219:3",NA,1.07029479651153,NA,0.551304284813315
"7500:100:218:4",NA,1.1535164118277,NA,NA
"7500:100:218:3",NA,0.69530287984721,0.019204464223263,0.27804911755802
"7500:100:217:4",NA,0.539812733919677,0.019045749642905,0.950427314145014
"7500:100:217:3",NA,0.635784885354797,NA,0.60419762696996
"7500:100:216:4",0.027982832396031,0.727953169548103,0.060119245970656,1.396494413941
"7500:100:216:3",0.031429012532654,1.26477736453293,0.069481943378482,3.94160290178924
"7500:100:215:4",NA,1.02812050351812,0.009766311177808,6.72275221903001
"7500:100:215:3",NA,1.1160540010514,0.006536469848314,5.07968210177697
"7500:100:114:4",NA,1.30299518213749,0.011385230901593,7.76422992509689
"7500:100:114:3",NA,1.3511310001191,0.01594442967108,7.37666539565279
"7500:100:113:4",0.135595788624722,1.45902466881806,0.015567257661009,11.8716147200385
"7500:100:113:3",0.199421033821905,1.62565105882791,0.059089829112484,11.473525235177
"7500:100:112:4",0.341854606641206,1.63860785406737,0.104262632753119,10.8203688571908
"7500:100:112:3",1.42587028256924,1.96610604230496,0.170566901713034,8.06672280290432
"7500:100:111:4",2.33724153912354,1.70499161387042,0.111824284123919,4.7925692851834
"7500:100:111:3",1.78089269682828,2.27155066935758,0.229347820468353,1.60249936843775
"7500:100:110:4",0.528991463124563,2.9204514240044,0.386241488357373,2.39264773183934
"7500:100:110:3",0.167384631164861,3.28031092486083,0.636103719750091,0.544590961600154
"1500:100:110:3",0.038650807531994,3.80752777309711,0.639904857393368,2.05404054746884
"1500:100:110:4",0.058800346085503,3.77209774749191,0.707141887709747,8.39380069741132
"1500:100:111:3",0.010446735182089,3.23352572273664,0.403242852911884,5.69985619424253
"1500:100:111:4",NA,5.56785837437138,1.59393329931936,4.72381168758549
"1500:100:112:3",NA,5.6724106252021,1.77358637206231,2.66843080115095
"1500:100:112:4",NA,2.9456491775416,0.779640809817486,2.82729137105716
"1500:100:113:3",NA,2.29398065284999,0.403866415927416,0.902792349683187
"1500:100:113:4",NA,2.14638222283717,0.600193818724445,3.73856733484955
"1500:100:114:3",NA,3.05115029656252,0.810708527868452,1.91460796791767
"1500:100:114:4",NA,3.55874753476238,0.675125910347894,5.88726935892489
"1500:100:215:3",NA,4.2354041238816,0.593781169841205,5.71821598022528
"1500:100:215:4",NA,2.05620033454381,0.458611221174378,15.061868378009
"1500:100:216:3",NA,1.09300006639876,0.378839767707041,22.0468812179649
"1500:100:216:4",NA,1.27002476107486,0.429915949751379,19.1414439062909
"1500:100:217:3",NA,2.81012539298423,0.278656103093224,14.5355017114826
"1500:100:217:4",NA,2.10110128842321,1.04937373440223,15.1414642076013
"1500:100:218:3",0.054916871999339,2.75759064429606,2.78979252528891,15.2711015291832
"1500:100:218:4",0.207925470200648,4.17091643715365,2.77854860804524,17.3529283165646
"1500:100:219:3",0.475723207234042,5.82556504746584,2.64128273168565,13.4408952928401
"1500:100:219:4",0.508225389098576,9.5711473887988,2.07310803636167,10.2831158417403
"1500:101:110:3",0.638596691533314,10.5577419753861,1.00285253215753,3.29763178338825
"1500:101:110:4",0.473146871718641,11.9930162572245,0.421079143780148,0.368660846315723
"1500:101:111:3",0.493487569738299,13.3739201331827,0.094398242448666,NA
"1500:101:111:4",1.11337826140651,4.99664212844018,0.096216534996635,NA
"1500:101:112:3",0.763557037507904,0.59888139265595,0.449729746709085,NA
"1500:101:112:4",0.256382687247764,0.409215602448513,0.134661064686762,NA
"1500:101:113:3",0.108454557361869,0.579866519672741,0.096423575267118,NA
"1500:101:113:4",0.03394785511636,1.54576995266801,0.125724252289428,NA
"1500:101:114:3",NA,1.22146495978552,0.004641597346312,NA
"1500:101:114:4",0.001582153950848,2.29233274234835,0.000378709743942,NA
"7500:101:219:2",0.031609875388883,0.216946658196337,NA,NA
"7500:101:219:1",0.031609875388883,0.188206490385203,NA,NA
"7500:101:218:2",NA,0.170522105872416,NA,NA
"7500:101:218:1",NA,0.142596263509871,0.015854872334705,NA
"7500:101:217:2",0.027129024233443,0.076287381724497,NA,NA
"7500:101:217:1",NA,0.077108362030049,NA,NA
"7500:101:216:2",NA,0.105979566232197,NA,NA
"7500:101:216:1",NA,0.157292121622742,NA,NA
"7500:101:215:2",NA,0.253238715188059,NA,0.133644889184893
"7500:101:215:1",NA,0.230303332376185,NA,NA
"7500:101:114:2",NA,0.252117797651825,NA,NA
"7500:101:114:1",0.019352621538006,0.211715724300885,NA,NA
"7500:101:113:2",NA,0.285420284157318,NA,NA
"7500:101:113:1",NA,0.55374935426239,NA,NA
"7500:101:112:2",NA,0.907601401154511,NA,NA
"7500:101:112:1",0.014262667371892,1.1495708880776,NA,NA
"7500:101:111:2",NA,1.6162574525365,0.00572119533501,NA
"7500:101:111:1",NA,1.58618307891234,0.003333252203395,NA
"7500:101:110:2",0.031609875388883,1.44863827469074,0.003558810623174,NA
"7500:101:110:1",0.02554489995583,1.52706113858012,0.001462996972731,NA
"7500:100:219:2",NA,1.65770837427528,0.027058982117897,0.266025809664839
"7500:100:219:1",NA,1.81558577696482,0.035805586689209,0.144651076227821
"7500:100:218:2",NA,1.52010495052895,0.016134149720694,0.58342600745221
"7500:100:218:1",NA,1.52894468622925,0.001857045325992,2.27506892220604
"7500:100:217:2",NA,1.43397350521526,0.006411155498847,1.26671399365709
"7500:100:217:1",NA,1.38197858483128,0.046071113316957,1.44959600543393
"7500:100:216:2",0.054176742699952,1.28844320127935,0.057178438108067,2.56020912615256
"7500:100:216:1",0.020299674165804,1.44208374287795,0.084910829611072,2.42596548666181
"7500:100:215:2",NA,1.56403834098283,0.010454846876009,4.13471899773553
"7500:100:215:1",0.036172032311257,2.12527267222978,0.015348606414043,7.00085107295191
"7500:100:114:2",0.084695119308424,2.41767529175791,0.025635358960292,12.8635689551108
"7500:100:114:1",0.276717109509549,2.53190759075301,0.096169147058225,15.8872452205739
"7500:100:113:2",0.175758082959298,3.03709276202169,0.214317127086123,12.758777364841
"7500:100:113:1",0.306580730274728,3.19970503704257,0.201988553982238,10.2395955507504
"7500:100:112:2",0.952485683635428,3.85862369801913,0.222422024952588,12.2490678750913
"7500:100:112:1",2.22813297820991,4.11079238502129,0.133076234330359,8.20794969241443
"7500:100:111:2",2.87222603979638,3.77989904640132,0.091533472146772,2.96496443296809
"7500:100:111:1",1.22480327823148,2.87299097775801,0.027174102551223,2.33322037604429
"7500:100:110:2",0.206324958974834,2.90932331369488,0.052117124007287,5.22841243591166
"7500:100:110:1",NA,4.43459200185735,0.307692227824066,5.17810527640332
"1500:100:110:1",0.013523859233255,5.30936579882946,0.496791035994827,7.31607016873209
"1500:100:110:2",NA,4.70268313880253,0.624807159342767,8.46205702011567
"1500:100:111:1",0.001467403246328,5.65398946509364,0.624506189754122,6.8663890686312
"1500:100:111:2",0.005277760342626,5.8208854646063,0.631133363693989,5.57909822657098
"1500:100:112:1",0.002554504484649,4.98984389799244,1.00991197208074,5.25566959129606
"1500:100:112:2",NA,4.27625018619056,0.916567389695472,5.72694548990639
"1500:100:113:1",0.001045524813009,4.32005022385134,0.795007910946578,7.8446462846856
"1500:100:113:2",0.000353399615157,4.01215122344636,0.655551509083782,9.76827521755244
"1500:100:114:1",NA,3.86322560034952,0.687618265495994,8.96474180379054
"1500:100:114:2",NA,2.91241564751277,0.622307888498332,14.7068307605712
"1500:100:215:1",NA,2.66917864545744,0.540900095094715,27.8808398615161
"1500:100:215:2",NA,1.95159649767342,0.253050489708328,37.3432569859543
"1500:100:216:1",NA,1.83562827023776,0.221144361909832,26.1208523221274
"1500:100:216:2",NA,0.981382555991247,0.571475996597881,21.9286941869615
"1500:100:217:1",NA,1.46979936459302,0.536477762270649,31.4727033345769
"1500:100:217:2",NA,1.86835697947199,0.560201265479925,14.4359867095666
"1500:100:218:1",NA,3.68321503091237,0.921441849454162,12.3532381896072
"1500:100:218:2",NA,4.1429311652596,2.06197548723826,11.3723112130224
"1500:100:219:1",0.108797700595186,5.67165245194718,1.53023153492324,21.8276905146579
"1500:100:219:2",0.174636894727155,5.24655923483433,0.584275720233741,14.1309573369142
"1500:101:110:1",0.027047699594181,6.6439018499854,0.338840368831607,3.48639342976704
"1500:101:110:2",0.789700695019393,17.2119469667193,0.29618162839815,1.0345098078406
"1500:101:111:1",1.28711984386847,11.0176728029526,0.090872147664891,0.287930742968538
"1500:101:111:2",0.377340010955969,14.6851324465564,0.063888472650854,0.056155083941817
"1500:101:112:1",0.99753683259214,2.56932082423413,0.118263607422588,NA
"1500:101:112:2",0.590708542898819,1.08464455739466,0.180958399999393,NA
"1500:101:113:1",0.322002597348151,2.4263419485818,0.408979442194864,NA
"1500:101:113:2",0.05272076559138,5.02019786091187,0.137009463956983,NA
"1500:101:114:1",NA,2.03823950739643,NA,NA
"7500:101:209:4",0.022543326663508,0.063491629263913,NA,NA
"7500:101:209:3",NA,0.01279398179141,NA,NA
"7500:101:208:4",NA,NA,NA,NA
"7500:101:208:3",NA,NA,NA,NA
"7500:101:207:4",NA,NA,NA,NA
"7500:101:207:3",NA,NA,NA,NA
"7500:101:206:4",0.0225444392607,0.031513473436592,0.012670666648504,NA
"7500:101:206:3",NA,0.148114127033168,NA,NA
"7500:101:205:4",NA,0.333088634937414,NA,0.227172167628848
"7500:101:205:3",NA,0.266355890465293,NA,0.191779293744454
"7500:101:104:4",NA,0.528633464561352,NA,0.133505477400741
"7500:101:104:3",0.031576901519462,0.560174250866333,NA,NA
"7500:101:103:4",NA,0.543302801794237,NA,NA
"7500:101:103:3",NA,0.943447892057478,NA,NA
"7500:101:102:4",0.054571230084495,1.34020413331795,NA,NA
"7500:101:102:3",0.144154857580639,2.08825981026496,0.009186233320166,NA
"7500:101:101:4",0.249462184688072,2.86885390197253,NA,NA
"7500:101:101:3",0.568633033677135,3.06634862674112,NA,NA
"7500:101:100:4",0.638995807745529,2.3859803170271,NA,NA
"7500:101:100:3",0.579553513324947,2.12618945427494,NA,NA
"7500:100:209:4",0.411355326425092,2.47001344992447,0.009107041653612,NA
"7500:100:209:3",0.538709943622318,2.7045175935755,0.037853616612407,0.362274968061721
"7500:100:208:4",0.932023275164348,3.60282210879394,0.000632823597438,0.051132715484978
"7500:100:208:3",1.06397528614242,3.96970265470417,0.042008945364231,0.144500183329937
"7500:100:207:4",1.21057195848986,3.18556050385132,0.009832537256247,NA
"7500:100:207:3",1.3181930642767,3.01131908799068,0.008529215683941,0.818132545316325
"7500:100:206:4",0.926660363184362,3.11905467298514,0.010119439787247,3.20141199683508
"7500:100:206:3",0.410617988730074,3.58455304026151,0.066771524582903,6.69149916487184
"7500:100:205:4",0.610811374783105,3.01594543007618,0.018570944871802,11.3776721149361
"7500:100:205:3",0.277708294449584,2.5337630724032,0.017899397213303,11.0448934527475
"7500:100:104:4",0.936355068152422,2.58468666601502,0.033253378600475,12.7810863642221
"7500:100:104:3",1.31069482915254,2.63743244952466,0.021471525413558,9.75246229511032
"7500:100:103:4",1.43191005242538,2.42910476706587,0.0311766094897,6.61178770755954
"7500:100:103:3",1.40558528913654,2.60715582127297,0.066564973895356,12.9193198972448
"7500:100:102:4",2.59026074488186,3.00756497330576,0.04893401040869,13.6147081116299
"7500:100:102:3",2.78425374915377,3.73313335096769,0.064734971305568,6.06792374429255
"7500:100:101:4",2.06768875169261,3.70359573406345,0.025745990574277,9.78839854647645
"7500:100:101:3",0.523365570226787,4.35754153538995,0.038960620791701,18.1149324881771
"7500:100:100:4",0.022543326663508,4.71733861754255,0.032443429912295,24.6529813854982
"7500:100:100:3",NA,3.88038024425478,0.215953249494845,22.9658989208334
"1500:100:100:3",NA,4.39093638676323,0.252995921996923,18.3023956991512
"1500:100:100:4",NA,2.91155633956014,0.856998244500818,7.07883921047972
"1500:100:101:3",NA,1.90898490912147,0.60683836219857,6.86935698821183
"1500:100:101:4",NA,2.2451599850649,0.40299876938182,3.33734413826457
"1500:100:102:3",0.002634905860696,2.86377946869025,0.726184178396581,4.10588148413889
"1500:100:102:4",0.006911588947529,2.34496952615373,0.654791641783399,4.37068656928078
"1500:100:103:3",0.005297907611423,2.64004581411039,0.621874504272091,3.87122675253107
"1500:100:103:4",0.003957855813007,2.33923553176582,0.564223813388372,6.29097106107229
"1500:100:104:3",NA,2.0689190009103,0.439273616356312,7.60926315637032
"1500:100:104:4",NA,1.55951545777245,0.63380184982514,7.7027077536546
"1500:100:205:3",NA,1.47968969816728,0.550082721848155,14.8040809577272
"1500:100:205:4",NA,1.7365660261165,0.497912506435743,14.6255552323808
"1500:100:206:3",NA,2.18118932494391,0.281539910442238,11.9561708574499
"1500:100:206:4",NA,1.93544013511478,0.239759620906771,10.9366283075037
"1500:100:207:3",NA,2.35187513871575,0.242016872026551,6.15009043324888
"1500:100:207:4",NA,3.69737945439163,0.39715214433064,6.90189811630351
"1500:100:208:3",0.025515275940118,6.79478009987279,0.92180951069835,7.32393323963071
"1500:100:208:4",0.037946909708392,3.09554706571714,0.929804758948308,8.04949010963773
"1500:100:209:3",0.041532998294733,3.42749426932512,0.888808802617554,8.40663898604459
"1500:100:209:4",0.096719625741701,6.30313689662654,0.921040267433184,11.3321261219068
"1500:101:100:3",0.072479249659309,12.3258942429268,0.783353240867507,11.7385371441579
"1500:101:100:4",0.490642566437693,13.2459555071335,0.396888161491434,5.90020957133638
"1500:101:101:3",0.13281143486188,20.0860487706338,0.137862630935802,0.371975969784975
"1500:101:101:4",0.656187139778105,12.3490651889078,0.106673934770947,0.023001325854884
"1500:101:102:3",0.655982323322809,14.6961588375421,0.194969010685089,NA
"1500:101:102:4",0.242296946955147,13.5947989426538,0.220837915642793,NA
"1500:101:103:3",0.048482361300606,2.85583767416686,0.96875619904973,NA
"1500:101:103:4",0.005500849135862,0.712929770494735,0.007299518494977,NA
"7500:101:209:2",0.014491937074934,0.02759753659002,NA,NA
"7500:101:209:1",0.041532809899844,0.008504513523601,NA,NA
"7500:101:208:2",NA,0.011790291428561,0.01898620895095,NA
"7500:101:208:1",NA,0.01998598181183,0.021201266661894,0.262398130169198
"7500:101:207:2",NA,0.024623017160258,0.015821840792458,0.265471579861837
"7500:101:207:1",NA,0.012485247630651,NA,NA
"7500:101:206:2",NA,0.004021295405206,NA,NA
"7500:101:206:1",NA,0.028769432967827,NA,NA
"7500:101:205:2",NA,0.023050771373099,NA,NA
"7500:101:205:1",NA,NA,NA,NA
"7500:101:104:2",0.031544020368907,NA,NA,NA
"7500:101:104:1",NA,NA,NA,NA
"7500:101:103:2",NA,0.033982906860662,NA,NA
"7500:101:103:1",0.076550779141147,0.004142653490423,NA,0.137812006214642
"7500:101:102:2",0.00406087567167,0.020793298616193,NA,NA
"7500:101:102:1",0.059500009841321,0.024734077358628,NA,0.533004562796492
"7500:101:101:2",0.192039355231911,0.089295921035817,NA,NA
"7500:101:101:1",0.537524887313941,0.23902388909816,NA,NA
"7500:101:100:2",0.558324953458242,0.183226087661497,NA,0.144349714726158
"7500:101:100:1",0.36392829178056,0.527220053671361,NA,NA
"7500:100:209:2",0.218742871196978,0.998968429475648,NA,0.149161371883696
"7500:100:209:1",0.090701012887888,2.59650951535113,NA,NA
"7500:100:208:2",0.165806101834241,2.71745950052904,NA,NA
"7500:100:208:1",0.072290221406181,2.47698871421986,NA,0.225831236912204
"7500:100:207:2",0.074408819125425,2.66836591336912,0.001423965671321,0.081481522186047
"7500:100:207:1",0.064343290228726,2.92839219726234,0.019612282064524,0.302832915973905
"7500:100:206:2",0.052546321822492,2.76997030703685,0.007302984085404,1.85831947334819
"7500:100:206:1",0.144244551635874,2.82323687294584,0.033385008887056,2.66449817549513
"7500:100:205:2",0.497989535198747,2.41574632521347,0.095148319201107,6.09371008389036
"7500:100:205:1",1.57320113649559,2.33697577215578,0.080041367986612,9.1410517567334
"7500:100:104:2",1.55601820926842,2.20904637314015,0.071837234415663,9.44696627060081
"7500:100:104:1",2.49520516757726,1.78322063679041,0.08319885983955,10.9138419783448
"7500:100:103:2",2.44596203616908,2.18801160567416,0.035033121093882,14.4061995645546
"7500:100:103:1",2.55142701237623,2.56216266585791,0.050238810501238,18.7932164544768
"7500:100:102:2",2.16213757823867,2.07652798101224,0.057993526337803,7.74052272480024
"7500:100:102:1",1.47024447207768,2.53258766749302,0.289845726735389,3.38636391989887
"7500:100:101:2",1.44481317425819,2.85574021545696,0.540608519827236,0.854588791699754
"7500:100:101:1",0.311213299609107,3.43823296384192,0.683201613223829,5.21506463061507
"7500:100:100:2",0.021110536784882,3.2663469675119,0.315578870488409,8.58848221750861
"7500:100:100:1",NA,3.66790739283175,0.078386530555504,13.5056257059613
"1500:100:100:1",0.03141729178135,2.61967180788814,0.042996975208127,13.7437831338419
"1500:100:100:2",6.8336151546e-05,3.06239324202606,0.133440623552962,10.0740002882095
"1500:100:101:1",NA,4.04662031534812,0.477457924393769,5.50775889802511
"1500:100:101:2",NA,4.07521975394412,0.424635978057644,3.51814846665251
"1500:100:102:1",NA,3.99454453679985,0.18675600927508,3.1115581414501
"1500:100:102:2",0.000985993043742,3.43899010030168,0.167832451379565,1.51934987322339
"1500:100:103:1",0.002899405287043,2.90787122956913,0.116664237014082,1.1871050389751
"1500:100:103:2",0.007308307350211,1.79305062516095,0.191304650635189,1.02202013989321
"1500:100:104:1",0.007508434651169,1.66870532275847,0.084436163302004,0.608607910057774
"1500:100:104:2",NA,2.31077646141407,0.172288742425283,1.75446357256397
"1500:100:205:1",NA,2.21783318300176,0.142726312633979,2.82007916051158
"1500:100:205:2",NA,2.08978470922905,0.233310549510631,2.72109687795733
"1500:100:206:1",NA,1.42583579553759,0.243279643901596,1.55894687583499
"1500:100:206:2",NA,1.53016909892944,0.134291354167425,2.07381873931773
"1500:100:207:1",NA,2.26846495790472,0.089240361180273,3.67815737685203
"1500:100:207:2",NA,2.90927076131347,0.247789548186805,2.82104499453993
"1500:100:208:1",0.000857237281452,3.05880726443548,0.408919113451968,1.71371603554732
"1500:100:208:2",0.011352151960202,4.85107916773609,0.540480127758606,1.91023730662262
"1500:100:209:1",0.045566738989813,4.81903895501499,0.886206626278018,0.852326805686275
"1500:100:209:2",0.121481629003884,4.28614361991399,1.17802883801272,2.17450748967759
"1500:101:100:1",0.054923319753342,5.39588172200081,1.48085479595747,1.20640524456141
"1500:101:100:2",0.038976658172218,2.56414507258767,1.06830800778061,0.568056192800268
"1500:101:101:1",0.035339453779909,6.56761472727584,0.714517481018506,NA
"1500:101:101:2",0.039628506021414,9.64562175856293,0.230044124706419,NA
"1500:101:102:1",0.112363455403154,7.13005021048095,0.083638458889035,NA
"1500:101:102:2",0.041377940515631,3.78360417922499,0.254477777555365,NA
